kind,alpha,first,second,metric,equal_draw_mean_difference,data_seed,dataset_mean_difference,seed,difference
head_difference,0.0,s4,mlp,pc1_mse,-0.08187895474312704,137041,-0.09268325234701476,41,-0.14864898074316724
head_difference,0.0,s4,mlp,pc1_mse,-0.08187895474312704,137041,-0.09268325234701476,42,0.023217244739121234
head_difference,0.0,s4,mlp,pc1_mse,-0.08187895474312704,137041,-0.09268325234701476,43,-0.15261802103699829
head_difference,0.0,s4,mlp,pc1_mse,-0.08187895474312704,237041,-0.07107465713923933,41,-0.06171150493459443
head_difference,0.0,s4,mlp,pc1_mse,-0.08187895474312704,237041,-0.07107465713923933,42,-0.06346889915477583
head_difference,0.0,s4,mlp,pc1_mse,-0.08187895474312704,237041,-0.07107465713923933,43,-0.08804356732834773
head_difference,0.0,whitened_mlp,mlp,pc1_mse,1.2235270131340639,137041,1.2787302600659725,41,1.2418626816286311
head_difference,0.0,whitened_mlp,mlp,pc1_mse,1.2235270131340639,137041,1.2787302600659725,42,1.429740516989825
head_difference,0.0,whitened_mlp,mlp,pc1_mse,1.2235270131340639,137041,1.2787302600659725,43,1.164587581579461
head_difference,0.0,whitened_mlp,mlp,pc1_mse,1.2235270131340639,237041,1.168323766202155,41,1.180315476619369
head_difference,0.0,whitened_mlp,mlp,pc1_mse,1.2235270131340639,237041,1.168323766202155,42,1.1761441942122843
head_difference,0.0,whitened_mlp,mlp,pc1_mse,1.2235270131340639,237041,1.168323766202155,43,1.1485116277748117
head_difference,0.0,s4,mlp,pc2_mse,-0.013076802822815575,137041,-0.02999582941237981,41,-0.011095126818459367
head_difference,0.0,s4,mlp,pc2_mse,-0.013076802822815575,137041,-0.02999582941237981,42,-0.0069811731313764724
head_difference,0.0,s4,mlp,pc2_mse,-0.013076802822815575,137041,-0.02999582941237981,43,-0.07191118828730358
head_difference,0.0,s4,mlp,pc2_mse,-0.013076802822815575,237041,0.003842223766748661,41,0.009370690490269507
head_difference,0.0,s4,mlp,pc2_mse,-0.013076802822815575,237041,0.003842223766748661,42,0.00081379785594482
head_difference,0.0,s4,mlp,pc2_mse,-0.013076802822815575,237041,0.003842223766748661,43,0.0013421829540316565
head_difference,0.0,whitened_mlp,mlp,pc2_mse,0.19794892551667478,137041,0.20204441391792174,41,0.2021415906714248
head_difference,0.0,whitened_mlp,mlp,pc2_mse,0.19794892551667478,137041,0.20204441391792174,42,0.22138210770901345
head_difference,0.0,whitened_mlp,mlp,pc2_mse,0.19794892551667478,137041,0.20204441391792174,43,0.18260954337332702
head_difference,0.0,whitened_mlp,mlp,pc2_mse,0.19794892551667478,237041,0.19385343711542782,41,0.1917042863780991
head_difference,0.0,whitened_mlp,mlp,pc2_mse,0.19794892551667478,237041,0.19385343711542782,42,0.18452148260775836
head_difference,0.0,whitened_mlp,mlp,pc2_mse,0.19794892551667478,237041,0.19385343711542782,43,0.20533454236042603
head_difference,0.0,s4,mlp,residual_mse,0.005355849778771531,137041,0.0038965091376409744,41,0.003923229308104584
head_difference,0.0,s4,mlp,residual_mse,0.005355849778771531,137041,0.0038965091376409744,42,0.0006824900332253747
head_difference,0.0,s4,mlp,residual_mse,0.005355849778771531,137041,0.0038965091376409744,43,0.007083808071592965
head_difference,0.0,s4,mlp,residual_mse,0.005355849778771531,237041,0.006815190419902088,41,0.007845315751066353
head_difference,0.0,s4,mlp,residual_mse,0.005355849778771531,237041,0.006815190419902088,42,0.0028702135902550358
head_difference,0.0,s4,mlp,residual_mse,0.005355849778771531,237041,0.006815190419902088,43,0.009730041918384877
head_difference,0.0,whitened_mlp,mlp,residual_mse,-0.02183720070173953,137041,-0.020361166235546194,41,-0.021530813222426864
head_difference,0.0,whitened_mlp,mlp,residual_mse,-0.02183720070173953,137041,-0.020361166235546194,42,-0.020149592261677104
head_difference,0.0,whitened_mlp,mlp,residual_mse,-0.02183720070173953,137041,-0.020361166235546194,43,-0.019403093222534612
head_difference,0.0,whitened_mlp,mlp,residual_mse,-0.02183720070173953,237041,-0.023313235167932867,41,-0.022533591950832307
head_difference,0.0,whitened_mlp,mlp,residual_mse,-0.02183720070173953,237041,-0.023313235167932867,42,-0.024048489540034496
head_difference,0.0,whitened_mlp,mlp,residual_mse,-0.02183720070173953,237041,-0.023313235167932867,43,-0.023357624012931802
head_difference,0.0,s4,mlp,residual_normalized_mse,0.004305047012116386,137041,0.003236234625988733,41,0.0025762133276562016
head_difference,0.0,s4,mlp,residual_normalized_mse,0.004305047012116386,137041,0.003236234625988733,42,0.00016500191162463484
head_difference,0.0,s4,mlp,residual_normalized_mse,0.004305047012116386,137041,0.003236234625988733,43,0.006967488638685362
head_difference,0.0,s4,mlp,residual_normalized_mse,0.004305047012116386,237041,0.005373859398244039,41,0.0053594095677479275
head_difference,0.0,s4,mlp,residual_normalized_mse,0.004305047012116386,237041,0.005373859398244039,42,0.0021114842490034536
head_difference,0.0,s4,mlp,residual_normalized_mse,0.004305047012116386,237041,0.005373859398244039,43,0.008650684377980736
head_difference,0.0,whitened_mlp,mlp,residual_normalized_mse,-0.02177994829372247,137041,-0.020992367591141536,41,-0.021890199811031116
head_difference,0.0,whitened_mlp,mlp,residual_normalized_mse,-0.02177994829372247,137041,-0.020992367591141536,42,-0.021291139324989362
head_difference,0.0,whitened_mlp,mlp,residual_normalized_mse,-0.02177994829372247,137041,-0.020992367591141536,43,-0.01979576363740413
head_difference,0.0,whitened_mlp,mlp,residual_normalized_mse,-0.02177994829372247,237041,-0.022567528996303404,41,-0.021859240071738124
head_difference,0.0,whitened_mlp,mlp,residual_normalized_mse,-0.02177994829372247,237041,-0.022567528996303404,42,-0.023628595792130884
head_difference,0.0,whitened_mlp,mlp,residual_normalized_mse,-0.02177994829372247,237041,-0.022567528996303404,43,-0.022214751125041204
head_difference,0.0,s4,mlp,roughness_ratio,-0.008752172056448182,137041,-0.009784787950468036,41,-0.00375608199076205
head_difference,0.0,s4,mlp,roughness_ratio,-0.008752172056448182,137041,-0.009784787950468036,42,-0.009618638986707673
head_difference,0.0,s4,mlp,roughness_ratio,-0.008752172056448182,137041,-0.009784787950468036,43,-0.015979642873934385
head_difference,0.0,s4,mlp,roughness_ratio,-0.008752172056448182,237041,-0.0077195561624283275,41,-0.020268633392067525
head_difference,0.0,s4,mlp,roughness_ratio,-0.008752172056448182,237041,-0.0077195561624283275,42,0.0034232684209862807
head_difference,0.0,s4,mlp,roughness_ratio,-0.008752172056448182,237041,-0.0077195561624283275,43,-0.006313303516203739
head_difference,0.0,whitened_mlp,mlp,roughness_ratio,0.06716504628006043,137041,0.06477248364043475,41,0.0643192703492812
head_difference,0.0,whitened_mlp,mlp,roughness_ratio,0.06716504628006043,137041,0.06477248364043475,42,0.05416652912798914
head_difference,0.0,whitened_mlp,mlp,roughness_ratio,0.06716504628006043,137041,0.06477248364043475,43,0.07583165144403392
head_difference,0.0,whitened_mlp,mlp,roughness_ratio,0.06716504628006043,237041,0.0695576089196861,41,0.05517601327494703
head_difference,0.0,whitened_mlp,mlp,roughness_ratio,0.06716504628006043,237041,0.0695576089196861,42,0.05384571639245461
head_difference,0.0,whitened_mlp,mlp,roughness_ratio,0.06716504628006043,237041,0.0695576089196861,43,0.09965109709165665
head_difference,0.0,s4,mlp,fair_crps,-0.004280233131086414,137041,0.002033337851050273,41,-0.010219794663720139
head_difference,0.0,s4,mlp,fair_crps,-0.004280233131086414,137041,0.002033337851050273,42,0.012517337212460955
head_difference,0.0,s4,mlp,fair_crps,-0.004280233131086414,137041,0.002033337851050273,43,0.003802471004410002
head_difference,0.0,s4,mlp,fair_crps,-0.004280233131086414,237041,-0.010593804113223101,41,-0.001186058625537112
head_difference,0.0,s4,mlp,fair_crps,-0.004280233131086414,237041,-0.010593804113223101,42,-0.014539536392353392
head_difference,0.0,s4,mlp,fair_crps,-0.004280233131086414,237041,-0.010593804113223101,43,-0.016055817321778798
head_difference,0.0,whitened_mlp,mlp,fair_crps,0.05948205933562869,137041,0.06373682432798337,41,0.043405022339398025
head_difference,0.0,whitened_mlp,mlp,fair_crps,0.05948205933562869,137041,0.06373682432798337,42,0.08812686255791424
head_difference,0.0,whitened_mlp,mlp,fair_crps,0.05948205933562869,137041,0.06373682432798337,43,0.05967858808663784
head_difference,0.0,whitened_mlp,mlp,fair_crps,0.05948205933562869,237041,0.055227294343274,41,0.058062088347016094
head_difference,0.0,whitened_mlp,mlp,fair_crps,0.05948205933562869,237041,0.055227294343274,42,0.058651153272447965
head_difference,0.0,whitened_mlp,mlp,fair_crps,0.05948205933562869,237041,0.055227294343274,43,0.04896864141035795
head_difference,0.0,s4,mlp,target_pca_tail_ratio,47.310287007386066,137041,47.941129992472696,41,49.713653381601844
head_difference,0.0,s4,mlp,target_pca_tail_ratio,47.310287007386066,137041,47.941129992472696,42,-6.802079518518653
head_difference,0.0,s4,mlp,target_pca_tail_ratio,47.310287007386066,137041,47.941129992472696,43,100.9118161143349
head_difference,0.0,s4,mlp,target_pca_tail_ratio,47.310287007386066,237041,46.679444022299435,41,26.13295850662874
head_difference,0.0,s4,mlp,target_pca_tail_ratio,47.310287007386066,237041,46.679444022299435,42,16.435421006954
head_difference,0.0,s4,mlp,target_pca_tail_ratio,47.310287007386066,237041,46.679444022299435,43,97.46995255331558
head_difference,0.0,whitened_mlp,mlp,target_pca_tail_ratio,-70.4390470982623,137041,-74.76362289209307,41,-74.47185852611587
head_difference,0.0,whitened_mlp,mlp,target_pca_tail_ratio,-70.4390470982623,137041,-74.76362289209307,42,-82.22311529075363
head_difference,0.0,whitened_mlp,mlp,target_pca_tail_ratio,-70.4390470982623,137041,-74.76362289209307,43,-67.59589485940971
head_difference,0.0,whitened_mlp,mlp,target_pca_tail_ratio,-70.4390470982623,237041,-66.11447130443152,41,-64.77377505420266
head_difference,0.0,whitened_mlp,mlp,target_pca_tail_ratio,-70.4390470982623,237041,-66.11447130443152,42,-70.76156968073218
head_difference,0.0,whitened_mlp,mlp,target_pca_tail_ratio,-70.4390470982623,237041,-66.11447130443152,43,-62.80806917835971
head_difference,0.0,s4,mlp,fair_energy_score,-0.021200077423710145,137041,0.010284469005829392,41,-0.041701310134292235
head_difference,0.0,s4,mlp,fair_energy_score,-0.021200077423710145,137041,0.010284469005829392,42,0.05116464921985964
head_difference,0.0,s4,mlp,fair_energy_score,-0.021200077423710145,137041,0.010284469005829392,43,0.021390067931920775
head_difference,0.0,s4,mlp,fair_energy_score,-0.021200077423710145,237041,-0.05268462385324968,41,-0.004728265440453683
head_difference,0.0,s4,mlp,fair_energy_score,-0.021200077423710145,237041,-0.05268462385324968,42,-0.07124732229356123
head_difference,0.0,s4,mlp,fair_energy_score,-0.021200077423710145,237041,-0.05268462385324968,43,-0.08207828382573412
head_difference,0.0,whitened_mlp,mlp,fair_energy_score,0.252435268135398,137041,0.26197253578523805,41,0.16694301037443005
head_difference,0.0,whitened_mlp,mlp,fair_energy_score,0.252435268135398,137041,0.26197253578523805,42,0.36922165384676875
head_difference,0.0,whitened_mlp,mlp,fair_energy_score,0.252435268135398,137041,0.26197253578523805,43,0.24975294313451535
head_difference,0.0,whitened_mlp,mlp,fair_energy_score,0.252435268135398,237041,0.24289800048555796,41,0.24995130521829845
head_difference,0.0,whitened_mlp,mlp,fair_energy_score,0.252435268135398,237041,0.24289800048555796,42,0.2650175503079808
head_difference,0.0,whitened_mlp,mlp,fair_energy_score,0.252435268135398,237041,0.24289800048555796,43,0.2137251459303946
head_difference,0.0,s4,mlp,fixed_target_residual_mse,0.005372539943887901,137041,0.003915625923830185,41,0.003937544544042937
head_difference,0.0,s4,mlp,fixed_target_residual_mse,0.005372539943887901,137041,0.003915625923830185,42,0.0006942621057638848
head_difference,0.0,s4,mlp,fixed_target_residual_mse,0.005372539943887901,137041,0.003915625923830185,43,0.007115071121683733
head_difference,0.0,s4,mlp,fixed_target_residual_mse,0.005372539943887901,237041,0.006829453963945617,41,0.007850958592479473
head_difference,0.0,s4,mlp,fixed_target_residual_mse,0.005372539943887901,237041,0.006829453963945617,42,0.0028820561223017876
head_difference,0.0,s4,mlp,fixed_target_residual_mse,0.005372539943887901,237041,0.006829453963945617,43,0.00975534717705559
head_difference,0.0,whitened_mlp,mlp,fixed_target_residual_mse,-0.02186466907890343,137041,-0.020385370822562584,41,-0.021551928781204016
head_difference,0.0,whitened_mlp,mlp,fixed_target_residual_mse,-0.02186466907890343,137041,-0.020385370822562584,42,-0.02017859466301762
head_difference,0.0,whitened_mlp,mlp,fixed_target_residual_mse,-0.02186466907890343,137041,-0.020385370822562584,43,-0.01942558902346611
head_difference,0.0,whitened_mlp,mlp,fixed_target_residual_mse,-0.02186466907890343,237041,-0.02334396733524427,41,-0.022559011936767404
head_difference,0.0,whitened_mlp,mlp,fixed_target_residual_mse,-0.02186466907890343,237041,-0.02334396733524427,42,-0.02408989335802693
head_difference,0.0,whitened_mlp,mlp,fixed_target_residual_mse,-0.02186466907890343,237041,-0.02334396733524427,43,-0.023382996710938478
head_difference,0.0,s4,mlp,fixed_target_pc1_mse,-0.0820018581659426,137041,-0.09282876343369928,41,-0.14878776946193906
head_difference,0.0,s4,mlp,fixed_target_pc1_mse,-0.0820018581659426,137041,-0.09282876343369928,42,0.023144993604375053
head_difference,0.0,s4,mlp,fixed_target_pc1_mse,-0.0820018581659426,137041,-0.09282876343369928,43,-0.15284351444353383
head_difference,0.0,s4,mlp,fixed_target_pc1_mse,-0.0820018581659426,237041,-0.07117495289818591,41,-0.06185055368256531
head_difference,0.0,s4,mlp,fixed_target_pc1_mse,-0.0820018581659426,237041,-0.07117495289818591,42,-0.06350826028339718
head_difference,0.0,s4,mlp,fixed_target_pc1_mse,-0.0820018581659426,237041,-0.07117495289818591,43,-0.08816604472859524
head_difference,0.0,whitened_mlp,mlp,fixed_target_pc1_mse,1.223921144887738,137041,1.279165779284072,41,1.2422630807398551
head_difference,0.0,whitened_mlp,mlp,fixed_target_pc1_mse,1.223921144887738,137041,1.279165779284072,42,1.4302411178490422
head_difference,0.0,whitened_mlp,mlp,fixed_target_pc1_mse,1.223921144887738,137041,1.279165779284072,43,1.164993139263319
head_difference,0.0,whitened_mlp,mlp,fixed_target_pc1_mse,1.223921144887738,237041,1.1686765104914043,41,1.1806138749295325
head_difference,0.0,whitened_mlp,mlp,fixed_target_pc1_mse,1.223921144887738,237041,1.1686765104914043,42,1.1765613032401196
head_difference,0.0,whitened_mlp,mlp,fixed_target_pc1_mse,1.223921144887738,237041,1.1686765104914043,43,1.1488543533045608
head_difference,0.0,s4,mlp,coverage_90,-0.004313151041666667,137041,-0.006510416666666667,41,0.00244140625
head_difference,0.0,s4,mlp,coverage_90,-0.004313151041666667,137041,-0.006510416666666667,42,-0.00927734375
head_difference,0.0,s4,mlp,coverage_90,-0.004313151041666667,137041,-0.006510416666666667,43,-0.0126953125
head_difference,0.0,s4,mlp,coverage_90,-0.004313151041666667,237041,-0.0021158854166666665,41,-0.00390625
head_difference,0.0,s4,mlp,coverage_90,-0.004313151041666667,237041,-0.0021158854166666665,42,0.0087890625
head_difference,0.0,s4,mlp,coverage_90,-0.004313151041666667,237041,-0.0021158854166666665,43,-0.01123046875
head_difference,0.0,whitened_mlp,mlp,coverage_90,0.016927083333333332,137041,0.0035807291666666665,41,-0.00146484375
head_difference,0.0,whitened_mlp,mlp,coverage_90,0.016927083333333332,137041,0.0035807291666666665,42,-0.00537109375
head_difference,0.0,whitened_mlp,mlp,coverage_90,0.016927083333333332,137041,0.0035807291666666665,43,0.017578125
head_difference,0.0,whitened_mlp,mlp,coverage_90,0.016927083333333332,237041,0.0302734375,41,0.01611328125
head_difference,0.0,whitened_mlp,mlp,coverage_90,0.016927083333333332,237041,0.0302734375,42,0.0244140625
head_difference,0.0,whitened_mlp,mlp,coverage_90,0.016927083333333332,237041,0.0302734375,43,0.05029296875
head_difference,0.5,s4,mlp,pc1_mse,0.05662991475745738,137041,0.002599403388392929,41,-0.2398025365709966
head_difference,0.5,s4,mlp,pc1_mse,0.05662991475745738,137041,0.002599403388392929,42,0.18380250414927168
head_difference,0.5,s4,mlp,pc1_mse,0.05662991475745738,137041,0.002599403388392929,43,0.0637982425869037
head_difference,0.5,s4,mlp,pc1_mse,0.05662991475745738,237041,0.11066042612652183,41,-0.10711195707588672
head_difference,0.5,s4,mlp,pc1_mse,0.05662991475745738,237041,0.11066042612652183,42,0.2628559980298313
head_difference,0.5,s4,mlp,pc1_mse,0.05662991475745738,237041,0.11066042612652183,43,0.17623723742562092
head_by_source_interaction_vs_white,0.5,s4,mlp,pc1_mse,0.13850886950058441,137041,0.09528265573540769,41,-0.09115355582782936
head_by_source_interaction_vs_white,0.5,s4,mlp,pc1_mse,0.13850886950058441,137041,0.09528265573540769,42,0.16058525941015045
head_by_source_interaction_vs_white,0.5,s4,mlp,pc1_mse,0.13850886950058441,137041,0.09528265573540769,43,0.21641626362390198
head_by_source_interaction_vs_white,0.5,s4,mlp,pc1_mse,0.13850886950058441,237041,0.18173508326576115,41,-0.04540045214129229
head_by_source_interaction_vs_white,0.5,s4,mlp,pc1_mse,0.13850886950058441,237041,0.18173508326576115,42,0.3263248971846071
head_by_source_interaction_vs_white,0.5,s4,mlp,pc1_mse,0.13850886950058441,237041,0.18173508326576115,43,0.26428080475396865
head_difference,0.5,whitened_mlp,mlp,pc1_mse,1.6944705405608742,137041,1.7598262316836426,41,1.4683225726453522
head_difference,0.5,whitened_mlp,mlp,pc1_mse,1.6944705405608742,137041,1.7598262316836426,42,2.432086788528512
head_difference,0.5,whitened_mlp,mlp,pc1_mse,1.6944705405608742,137041,1.7598262316836426,43,1.379069333877064
head_difference,0.5,whitened_mlp,mlp,pc1_mse,1.6944705405608742,237041,1.6291148494381058,41,1.4943322432639672
head_difference,0.5,whitened_mlp,mlp,pc1_mse,1.6944705405608742,237041,1.6291148494381058,42,1.779895769162982
head_difference,0.5,whitened_mlp,mlp,pc1_mse,1.6944705405608742,237041,1.6291148494381058,43,1.613116535887368
head_by_source_interaction_vs_white,0.5,whitened_mlp,mlp,pc1_mse,0.4709435274268105,137041,0.4810959716176703,41,0.22645989101672104
head_by_source_interaction_vs_white,0.5,whitened_mlp,mlp,pc1_mse,0.4709435274268105,137041,0.4810959716176703,42,1.0023462715386868
head_by_source_interaction_vs_white,0.5,whitened_mlp,mlp,pc1_mse,0.4709435274268105,137041,0.4810959716176703,43,0.21448175229760302
head_by_source_interaction_vs_white,0.5,whitened_mlp,mlp,pc1_mse,0.4709435274268105,237041,0.4607910832359507,41,0.3140167666445981
head_by_source_interaction_vs_white,0.5,whitened_mlp,mlp,pc1_mse,0.4709435274268105,237041,0.4607910832359507,42,0.6037515749506976
head_by_source_interaction_vs_white,0.5,whitened_mlp,mlp,pc1_mse,0.4709435274268105,237041,0.4607910832359507,43,0.4646049081125563
source_difference_vs_white,0.5,mlp,mlp,pc1_mse,5.385478143015267,137041,5.366994117627226,41,5.526974953196534
source_difference_vs_white,0.5,mlp,mlp,pc1_mse,5.385478143015267,137041,5.366994117627226,42,5.394311104398149
source_difference_vs_white,0.5,mlp,mlp,pc1_mse,5.385478143015267,137041,5.366994117627226,43,5.179696295286995
source_difference_vs_white,0.5,mlp,mlp,pc1_mse,5.385478143015267,237041,5.403962168403308,41,5.550869308652764
source_difference_vs_white,0.5,mlp,mlp,pc1_mse,5.385478143015267,237041,5.403962168403308,42,5.422967298674952
source_difference_vs_white,0.5,mlp,mlp,pc1_mse,5.385478143015267,237041,5.403962168403308,43,5.23804989788221
source_difference_vs_white,0.5,s4,s4,pc1_mse,5.523987012515852,137041,5.4622767733626345,41,5.435821397368705
source_difference_vs_white,0.5,s4,s4,pc1_mse,5.523987012515852,137041,5.4622767733626345,42,5.554896363808299
source_difference_vs_white,0.5,s4,s4,pc1_mse,5.523987012515852,137041,5.4622767733626345,43,5.396112558910897
source_difference_vs_white,0.5,s4,s4,pc1_mse,5.523987012515852,237041,5.58569725166907,41,5.505468856511472
source_difference_vs_white,0.5,s4,s4,pc1_mse,5.523987012515852,237041,5.58569725166907,42,5.749292195859559
source_difference_vs_white,0.5,s4,s4,pc1_mse,5.523987012515852,237041,5.58569725166907,43,5.502330702636178
source_difference_vs_white,0.5,whitened_mlp,whitened_mlp,pc1_mse,5.856421670442078,137041,5.848090089244896,41,5.753434844213255
source_difference_vs_white,0.5,whitened_mlp,whitened_mlp,pc1_mse,5.856421670442078,137041,5.848090089244896,42,6.396657375936836
source_difference_vs_white,0.5,whitened_mlp,whitened_mlp,pc1_mse,5.856421670442078,137041,5.848090089244896,43,5.394178047584598
source_difference_vs_white,0.5,whitened_mlp,whitened_mlp,pc1_mse,5.856421670442078,237041,5.86475325163926,41,5.864886075297362
source_difference_vs_white,0.5,whitened_mlp,whitened_mlp,pc1_mse,5.856421670442078,237041,5.86475325163926,42,6.02671887362565
source_difference_vs_white,0.5,whitened_mlp,whitened_mlp,pc1_mse,5.856421670442078,237041,5.86475325163926,43,5.702654805994766
head_difference,0.5,s4,mlp,pc2_mse,0.012854546496290292,137041,-0.009508549487169393,41,-0.05130628024573314
head_difference,0.5,s4,mlp,pc2_mse,0.012854546496290292,137041,-0.009508549487169393,42,0.022345807312544874
head_difference,0.5,s4,mlp,pc2_mse,0.012854546496290292,137041,-0.009508549487169393,43,0.0004348244716800842
head_difference,0.5,s4,mlp,pc2_mse,0.012854546496290292,237041,0.035217642479749976,41,-0.010818435435338891
head_difference,0.5,s4,mlp,pc2_mse,0.012854546496290292,237041,0.035217642479749976,42,-0.016113162397407343
head_difference,0.5,s4,mlp,pc2_mse,0.012854546496290292,237041,0.035217642479749976,43,0.13258452527199616
head_by_source_interaction_vs_white,0.5,s4,mlp,pc2_mse,0.025931349319105866,137041,0.020487279925210416,41,-0.04021115342727377
head_by_source_interaction_vs_white,0.5,s4,mlp,pc2_mse,0.025931349319105866,137041,0.020487279925210416,42,0.029326980443921347
head_by_source_interaction_vs_white,0.5,s4,mlp,pc2_mse,0.025931349319105866,137041,0.020487279925210416,43,0.07234601275898367
head_by_source_interaction_vs_white,0.5,s4,mlp,pc2_mse,0.025931349319105866,237041,0.03137541871300131,41,-0.020189125925608398
head_by_source_interaction_vs_white,0.5,s4,mlp,pc2_mse,0.025931349319105866,237041,0.03137541871300131,42,-0.016926960253352163
head_by_source_interaction_vs_white,0.5,s4,mlp,pc2_mse,0.025931349319105866,237041,0.03137541871300131,43,0.1312423423179645
head_difference,0.5,whitened_mlp,mlp,pc2_mse,0.15523602557146185,137041,0.18430125149016682,41,0.12106091305074518
head_difference,0.5,whitened_mlp,mlp,pc2_mse,0.15523602557146185,137041,0.18430125149016682,42,0.27092145471464235
head_difference,0.5,whitened_mlp,mlp,pc2_mse,0.15523602557146185,137041,0.18430125149016682,43,0.1609213867051129
head_difference,0.5,whitened_mlp,mlp,pc2_mse,0.15523602557146185,237041,0.12617079965275688,41,0.115855415354718
head_difference,0.5,whitened_mlp,mlp,pc2_mse,0.15523602557146185,237041,0.12617079965275688,42,0.08676456773265695
head_difference,0.5,whitened_mlp,mlp,pc2_mse,0.15523602557146185,237041,0.12617079965275688,43,0.17589241587089566
head_by_source_interaction_vs_white,0.5,whitened_mlp,mlp,pc2_mse,-0.04271289994521295,137041,-0.01774316242775494,41,-0.08108067762067961
head_by_source_interaction_vs_white,0.5,whitened_mlp,mlp,pc2_mse,-0.04271289994521295,137041,-0.01774316242775494,42,0.0495393470056289
head_by_source_interaction_vs_white,0.5,whitened_mlp,mlp,pc2_mse,-0.04271289994521295,137041,-0.01774316242775494,43,-0.02168815666821411
head_by_source_interaction_vs_white,0.5,whitened_mlp,mlp,pc2_mse,-0.04271289994521295,237041,-0.06768263746267096,41,-0.07584887102338111
head_by_source_interaction_vs_white,0.5,whitened_mlp,mlp,pc2_mse,-0.04271289994521295,237041,-0.06768263746267096,42,-0.09775691487510141
head_by_source_interaction_vs_white,0.5,whitened_mlp,mlp,pc2_mse,-0.04271289994521295,237041,-0.06768263746267096,43,-0.029442126489530374
source_difference_vs_white,0.5,mlp,mlp,pc2_mse,1.1252824544688629,137041,1.141585252259879,41,1.1884259949144589
source_difference_vs_white,0.5,mlp,mlp,pc2_mse,1.1252824544688629,137041,1.141585252259879,42,1.120981157916379
source_difference_vs_white,0.5,mlp,mlp,pc2_mse,1.1252824544688629,137041,1.141585252259879,43,1.1153486039487994
source_difference_vs_white,0.5,mlp,mlp,pc2_mse,1.1252824544688629,237041,1.108979656677847,41,1.141524833156205
source_difference_vs_white,0.5,mlp,mlp,pc2_mse,1.1252824544688629,237041,1.108979656677847,42,1.1074197898181364
source_difference_vs_white,0.5,mlp,mlp,pc2_mse,1.1252824544688629,237041,1.108979656677847,43,1.0779943470591995
source_difference_vs_white,0.5,s4,s4,pc2_mse,1.151213803787969,137041,1.1620725321850895,41,1.1482148414871851
source_difference_vs_white,0.5,s4,s4,pc2_mse,1.151213803787969,137041,1.1620725321850895,42,1.1503081383603004
source_difference_vs_white,0.5,s4,s4,pc2_mse,1.151213803787969,137041,1.1620725321850895,43,1.187694616707783
source_difference_vs_white,0.5,s4,s4,pc2_mse,1.151213803787969,237041,1.1403550753908482,41,1.1213357072305965
source_difference_vs_white,0.5,s4,s4,pc2_mse,1.151213803787969,237041,1.1403550753908482,42,1.0904928295647842
source_difference_vs_white,0.5,s4,s4,pc2_mse,1.151213803787969,237041,1.1403550753908482,43,1.209236689377164
source_difference_vs_white,0.5,whitened_mlp,whitened_mlp,pc2_mse,1.08256955452365,137041,1.1238420898321242,41,1.1073453172937793
source_difference_vs_white,0.5,whitened_mlp,whitened_mlp,pc2_mse,1.08256955452365,137041,1.1238420898321242,42,1.170520504922008
source_difference_vs_white,0.5,whitened_mlp,whitened_mlp,pc2_mse,1.08256955452365,137041,1.1238420898321242,43,1.0936604472805853
source_difference_vs_white,0.5,whitened_mlp,whitened_mlp,pc2_mse,1.08256955452365,237041,1.041297019215176,41,1.0656759621328238
source_difference_vs_white,0.5,whitened_mlp,whitened_mlp,pc2_mse,1.08256955452365,237041,1.041297019215176,42,1.009662874943035
source_difference_vs_white,0.5,whitened_mlp,whitened_mlp,pc2_mse,1.08256955452365,237041,1.041297019215176,43,1.0485522205696691
head_difference,0.5,s4,mlp,residual_mse,0.011151053877129207,137041,0.009095572204649668,41,0.009045024131449392
head_difference,0.5,s4,mlp,residual_mse,0.011151053877129207,137041,0.009095572204649668,42,0.0059165602703506875
head_difference,0.5,s4,mlp,residual_mse,0.011151053877129207,137041,0.009095572204649668,43,0.012325132212148926
head_difference,0.5,s4,mlp,residual_mse,0.011151053877129207,237041,0.013206535549608748,41,0.004165233741280333
head_difference,0.5,s4,mlp,residual_mse,0.011151053877129207,237041,0.013206535549608748,42,0.014062812053566201
head_difference,0.5,s4,mlp,residual_mse,0.011151053877129207,237041,0.013206535549608748,43,0.02139156085397971
head_by_source_interaction_vs_white,0.5,s4,mlp,residual_mse,0.005795204098357676,137041,0.005199063067008694,41,0.005121794823344808
head_by_source_interaction_vs_white,0.5,s4,mlp,residual_mse,0.005795204098357676,137041,0.005199063067008694,42,0.005234070237125313
head_by_source_interaction_vs_white,0.5,s4,mlp,residual_mse,0.005795204098357676,137041,0.005199063067008694,43,0.005241324140555961
head_by_source_interaction_vs_white,0.5,s4,mlp,residual_mse,0.005795204098357676,237041,0.006391345129706659,41,-0.0036800820097860204
head_by_source_interaction_vs_white,0.5,s4,mlp,residual_mse,0.005795204098357676,237041,0.006391345129706659,42,0.011192598463311165
head_by_source_interaction_vs_white,0.5,s4,mlp,residual_mse,0.005795204098357676,237041,0.006391345129706659,43,0.011661518935594833
head_difference,0.5,whitened_mlp,mlp,residual_mse,-0.026307450781292093,137041,-0.025189407353944388,41,-0.026911093595593627
head_difference,0.5,whitened_mlp,mlp,residual_mse,-0.026307450781292093,137041,-0.025189407353944388,42,-0.02552193121799641
head_difference,0.5,whitened_mlp,mlp,residual_mse,-0.026307450781292093,137041,-0.025189407353944388,43,-0.02313519724824313
head_difference,0.5,whitened_mlp,mlp,residual_mse,-0.026307450781292093,237041,-0.027425494208639798,41,-0.02824357367036641
head_difference,0.5,whitened_mlp,mlp,residual_mse,-0.026307450781292093,237041,-0.027425494208639798,42,-0.029217584131347396
head_difference,0.5,whitened_mlp,mlp,residual_mse,-0.026307450781292093,237041,-0.027425494208639798,43,-0.024815324824205592
head_by_source_interaction_vs_white,0.5,whitened_mlp,mlp,residual_mse,-0.004470250079552563,137041,-0.004828241118398195,41,-0.0053802803731667626
head_by_source_interaction_vs_white,0.5,whitened_mlp,mlp,residual_mse,-0.004470250079552563,137041,-0.004828241118398195,42,-0.005372338956319306
head_by_source_interaction_vs_white,0.5,whitened_mlp,mlp,residual_mse,-0.004470250079552563,137041,-0.004828241118398195,43,-0.0037321040257085186
head_by_source_interaction_vs_white,0.5,whitened_mlp,mlp,residual_mse,-0.004470250079552563,237041,-0.004112259040706931,41,-0.005709981719534102
head_by_source_interaction_vs_white,0.5,whitened_mlp,mlp,residual_mse,-0.004470250079552563,237041,-0.004112259040706931,42,-0.0051690945913129005
head_by_source_interaction_vs_white,0.5,whitened_mlp,mlp,residual_mse,-0.004470250079552563,237041,-0.004112259040706931,43,-0.0014577008112737905
source_difference_vs_white,0.5,mlp,mlp,residual_mse,-0.007311953334939036,137041,-0.007972341859166801,41,-0.007080067027218598
source_difference_vs_white,0.5,mlp,mlp,residual_mse,-0.007311953334939036,137041,-0.007972341859166801,42,-0.0075735744806026545
source_difference_vs_white,0.5,mlp,mlp,residual_mse,-0.007311953334939036,137041,-0.007972341859166801,43,-0.00926338406967915
source_difference_vs_white,0.5,mlp,mlp,residual_mse,-0.007311953334939036,237041,-0.00665156481071127,41,-0.0048554809549856
source_difference_vs_white,0.5,mlp,mlp,residual_mse,-0.007311953334939036,237041,-0.00665156481071127,42,-0.006034374755894023
source_difference_vs_white,0.5,mlp,mlp,residual_mse,-0.007311953334939036,237041,-0.00665156481071127,43,-0.009064838721254187
source_difference_vs_white,0.5,s4,s4,residual_mse,-0.0015167492365813588,137041,-0.002773278792158107,41,-0.00195827220387379
source_difference_vs_white,0.5,s4,s4,residual_mse,-0.0015167492365813588,137041,-0.002773278792158107,42,-0.0023395042434773416
source_difference_vs_white,0.5,s4,s4,residual_mse,-0.0015167492365813588,137041,-0.002773278792158107,43,-0.0040220599291231895
source_difference_vs_white,0.5,s4,s4,residual_mse,-0.0015167492365813588,237041,-0.0002602196810046105,41,-0.00853556296477162
source_difference_vs_white,0.5,s4,s4,residual_mse,-0.0015167492365813588,237041,-0.0002602196810046105,42,0.005158223707417142
source_difference_vs_white,0.5,s4,s4,residual_mse,-0.0015167492365813588,237041,-0.0002602196810046105,43,0.0025966802143406464
source_difference_vs_white,0.5,whitened_mlp,whitened_mlp,residual_mse,-0.011782203414491599,137041,-0.012800582977564997,41,-0.01246034740038536
source_difference_vs_white,0.5,whitened_mlp,whitened_mlp,residual_mse,-0.011782203414491599,137041,-0.012800582977564997,42,-0.01294591343692196
source_difference_vs_white,0.5,whitened_mlp,whitened_mlp,residual_mse,-0.011782203414491599,137041,-0.012800582977564997,43,-0.01299548809538767
source_difference_vs_white,0.5,whitened_mlp,whitened_mlp,residual_mse,-0.011782203414491599,237041,-0.0107638238514182,41,-0.010565462674519702
source_difference_vs_white,0.5,whitened_mlp,whitened_mlp,residual_mse,-0.011782203414491599,237041,-0.0107638238514182,42,-0.011203469347206924
source_difference_vs_white,0.5,whitened_mlp,whitened_mlp,residual_mse,-0.011782203414491599,237041,-0.0107638238514182,43,-0.010522539532527977
head_difference,0.5,s4,mlp,residual_normalized_mse,0.018436418334986104,137041,0.01593327675164033,41,0.01670019876856542
head_difference,0.5,s4,mlp,residual_normalized_mse,0.018436418334986104,137041,0.01593327675164033,42,0.01010513244338862
head_difference,0.5,s4,mlp,residual_normalized_mse,0.018436418334986104,137041,0.01593327675164033,43,0.02099449904296695
head_difference,0.5,s4,mlp,residual_normalized_mse,0.018436418334986104,237041,0.02093955991833188,41,0.006469485006049824
head_difference,0.5,s4,mlp,residual_normalized_mse,0.018436418334986104,237041,0.02093955991833188,42,0.023452812013846802
head_difference,0.5,s4,mlp,residual_normalized_mse,0.018436418334986104,237041,0.02093955991833188,43,0.03289638273509901
head_by_source_interaction_vs_white,0.5,s4,mlp,residual_normalized_mse,0.014131371322869719,137041,0.012697042125651597,41,0.014123985440909217
head_by_source_interaction_vs_white,0.5,s4,mlp,residual_normalized_mse,0.014131371322869719,137041,0.012697042125651597,42,0.009940130531763985
head_by_source_interaction_vs_white,0.5,s4,mlp,residual_normalized_mse,0.014131371322869719,137041,0.012697042125651597,43,0.014027010404281587
head_by_source_interaction_vs_white,0.5,s4,mlp,residual_normalized_mse,0.014131371322869719,237041,0.015565700520087841,41,0.0011100754383018968
head_by_source_interaction_vs_white,0.5,s4,mlp,residual_normalized_mse,0.014131371322869719,237041,0.015565700520087841,42,0.02134132776484335
head_by_source_interaction_vs_white,0.5,s4,mlp,residual_normalized_mse,0.014131371322869719,237041,0.015565700520087841,43,0.024245698357118275
head_difference,0.5,whitened_mlp,mlp,residual_normalized_mse,-0.05023742944530357,137041,-0.04964350896182084,41,-0.051187739972912476
head_difference,0.5,whitened_mlp,mlp,residual_normalized_mse,-0.05023742944530357,137041,-0.04964350896182084,42,-0.051567488524503755
head_difference,0.5,whitened_mlp,mlp,residual_normalized_mse,-0.05023742944530357,137041,-0.04964350896182084,43,-0.04617529838804629
head_difference,0.5,whitened_mlp,mlp,residual_normalized_mse,-0.05023742944530357,237041,-0.050831349928786296,41,-0.05157458609700023
head_difference,0.5,whitened_mlp,mlp,residual_normalized_mse,-0.05023742944530357,237041,-0.050831349928786296,42,-0.054434749468238085
head_difference,0.5,whitened_mlp,mlp,residual_normalized_mse,-0.05023742944530357,237041,-0.050831349928786296,43,-0.04648471422112058
head_by_source_interaction_vs_white,0.5,whitened_mlp,mlp,residual_normalized_mse,-0.0284574811515811,137041,-0.028651141370679308,41,-0.029297540161881366
head_by_source_interaction_vs_white,0.5,whitened_mlp,mlp,residual_normalized_mse,-0.0284574811515811,137041,-0.028651141370679308,42,-0.0302763491995144
head_by_source_interaction_vs_white,0.5,whitened_mlp,mlp,residual_normalized_mse,-0.0284574811515811,137041,-0.028651141370679308,43,-0.026379534750642156
head_by_source_interaction_vs_white,0.5,whitened_mlp,mlp,residual_normalized_mse,-0.0284574811515811,237041,-0.028263820932482895,41,-0.029715346025262115
head_by_source_interaction_vs_white,0.5,whitened_mlp,mlp,residual_normalized_mse,-0.0284574811515811,237041,-0.028263820932482895,42,-0.0308061536761072
head_by_source_interaction_vs_white,0.5,whitened_mlp,mlp,residual_normalized_mse,-0.0284574811515811,237041,-0.028263820932482895,43,-0.024269963096079372
source_difference_vs_white,0.5,mlp,mlp,residual_normalized_mse,0.038961011509768204,137041,0.0391397055699106,41,0.04005882306679795
source_difference_vs_white,0.5,mlp,mlp,residual_normalized_mse,0.038961011509768204,137041,0.0391397055699106,42,0.04077573318049403
source_difference_vs_white,0.5,mlp,mlp,residual_normalized_mse,0.038961011509768204,137041,0.0391397055699106,43,0.036584560462439825
source_difference_vs_white,0.5,mlp,mlp,residual_normalized_mse,0.038961011509768204,237041,0.03878231744962581,41,0.040226289581173
source_difference_vs_white,0.5,mlp,mlp,residual_normalized_mse,0.038961011509768204,237041,0.03878231744962581,42,0.041135508048538855
source_difference_vs_white,0.5,mlp,mlp,residual_normalized_mse,0.038961011509768204,237041,0.03878231744962581,43,0.03498515471916559
source_difference_vs_white,0.5,s4,s4,residual_normalized_mse,0.053092382832637924,137041,0.0518367476955622,41,0.05418280850770717
source_difference_vs_white,0.5,s4,s4,residual_normalized_mse,0.053092382832637924,137041,0.0518367476955622,42,0.050715863712258016
source_difference_vs_white,0.5,s4,s4,residual_normalized_mse,0.053092382832637924,137041,0.0518367476955622,43,0.05061157086672141
source_difference_vs_white,0.5,s4,s4,residual_normalized_mse,0.053092382832637924,237041,0.05434801796971365,41,0.041336365019474894
source_difference_vs_white,0.5,s4,s4,residual_normalized_mse,0.053092382832637924,237041,0.05434801796971365,42,0.0624768358133822
source_difference_vs_white,0.5,s4,s4,residual_normalized_mse,0.053092382832637924,237041,0.05434801796971365,43,0.05923085307628387
source_difference_vs_white,0.5,whitened_mlp,whitened_mlp,residual_normalized_mse,0.010503530358187109,137041,0.010488564199231297,41,0.01076128290491659
source_difference_vs_white,0.5,whitened_mlp,whitened_mlp,residual_normalized_mse,0.010503530358187109,137041,0.010488564199231297,42,0.010499383980979639
source_difference_vs_white,0.5,whitened_mlp,whitened_mlp,residual_normalized_mse,0.010503530358187109,137041,0.010488564199231297,43,0.010205025711797662
source_difference_vs_white,0.5,whitened_mlp,whitened_mlp,residual_normalized_mse,0.010503530358187109,237041,0.010518496517142921,41,0.010510943555910889
source_difference_vs_white,0.5,whitened_mlp,whitened_mlp,residual_normalized_mse,0.010503530358187109,237041,0.010518496517142921,42,0.010329354372431654
source_difference_vs_white,0.5,whitened_mlp,whitened_mlp,residual_normalized_mse,0.010503530358187109,237041,0.010518496517142921,43,0.01071519162308622
head_difference,0.5,s4,mlp,roughness_ratio,0.011743836960673363,137041,0.0026196897808962913,41,0.024395046362004402
head_difference,0.5,s4,mlp,roughness_ratio,0.011743836960673363,137041,0.0026196897808962913,42,-0.020518674289085936
head_difference,0.5,s4,mlp,roughness_ratio,0.011743836960673363,137041,0.0026196897808962913,43,0.003982697269770408
head_difference,0.5,s4,mlp,roughness_ratio,0.011743836960673363,237041,0.020867984140450435,41,0.004990528154143581
head_difference,0.5,s4,mlp,roughness_ratio,0.011743836960673363,237041,0.020867984140450435,42,0.02352721071064967
head_difference,0.5,s4,mlp,roughness_ratio,0.011743836960673363,237041,0.020867984140450435,43,0.034086213556558054
head_by_source_interaction_vs_white,0.5,s4,mlp,roughness_ratio,0.020496009017121543,137041,0.012404477731364327,41,0.028151128352766452
head_by_source_interaction_vs_white,0.5,s4,mlp,roughness_ratio,0.020496009017121543,137041,0.012404477731364327,42,-0.010900035302378264
head_by_source_interaction_vs_white,0.5,s4,mlp,roughness_ratio,0.020496009017121543,137041,0.012404477731364327,43,0.019962340143704793
head_by_source_interaction_vs_white,0.5,s4,mlp,roughness_ratio,0.020496009017121543,237041,0.028587540302878762,41,0.025259161546211106
head_by_source_interaction_vs_white,0.5,s4,mlp,roughness_ratio,0.020496009017121543,237041,0.028587540302878762,42,0.02010394228966339
head_by_source_interaction_vs_white,0.5,s4,mlp,roughness_ratio,0.020496009017121543,237041,0.028587540302878762,43,0.04039951707276179
head_difference,0.5,whitened_mlp,mlp,roughness_ratio,0.047743143734741034,137041,0.05258961272372431,41,0.04941139815376028
head_difference,0.5,whitened_mlp,mlp,roughness_ratio,0.047743143734741034,137041,0.05258961272372431,42,0.06008768451906854
head_difference,0.5,whitened_mlp,mlp,roughness_ratio,0.047743143734741034,137041,0.05258961272372431,43,0.048269755498344113
head_difference,0.5,whitened_mlp,mlp,roughness_ratio,0.047743143734741034,237041,0.04289667474575776,41,0.0386544934053521
head_difference,0.5,whitened_mlp,mlp,roughness_ratio,0.047743143734741034,237041,0.04289667474575776,42,0.03796567898602743
head_difference,0.5,whitened_mlp,mlp,roughness_ratio,0.047743143734741034,237041,0.04289667474575776,43,0.052069851845893744
head_by_source_interaction_vs_white,0.5,whitened_mlp,mlp,roughness_ratio,-0.019421902545319374,137041,-0.012182870916710406,41,-0.014907872195520921
head_by_source_interaction_vs_white,0.5,whitened_mlp,mlp,roughness_ratio,-0.019421902545319374,137041,-0.012182870916710406,42,0.005921155391079402
head_by_source_interaction_vs_white,0.5,whitened_mlp,mlp,roughness_ratio,-0.019421902545319374,137041,-0.012182870916710406,43,-0.027561895945689696
head_by_source_interaction_vs_white,0.5,whitened_mlp,mlp,roughness_ratio,-0.019421902545319374,237041,-0.02666093417392834,41,-0.016521519869594936
head_by_source_interaction_vs_white,0.5,whitened_mlp,mlp,roughness_ratio,-0.019421902545319374,237041,-0.02666093417392834,42,-0.015880037406427183
head_by_source_interaction_vs_white,0.5,whitened_mlp,mlp,roughness_ratio,-0.019421902545319374,237041,-0.02666093417392834,43,-0.047581245245762904
source_difference_vs_white,0.5,mlp,mlp,roughness_ratio,0.0166415642707185,137041,0.015155406377574954,41,0.022833896925132047
source_difference_vs_white,0.5,mlp,mlp,roughness_ratio,0.0166415642707185,137041,0.015155406377574954,42,0.013690051014667137
source_difference_vs_white,0.5,mlp,mlp,roughness_ratio,0.0166415642707185,137041,0.015155406377574954,43,0.008942271192925677
source_difference_vs_white,0.5,mlp,mlp,roughness_ratio,0.0166415642707185,237041,0.018127722163862048,41,0.015313563118392937
source_difference_vs_white,0.5,mlp,mlp,roughness_ratio,0.0166415642707185,237041,0.018127722163862048,42,0.02112043798985863
source_difference_vs_white,0.5,mlp,mlp,roughness_ratio,0.0166415642707185,237041,0.018127722163862048,43,0.017949165383334575
source_difference_vs_white,0.5,s4,s4,roughness_ratio,0.03713757328784005,137041,0.02755988410893928,41,0.0509850252778985
source_difference_vs_white,0.5,s4,s4,roughness_ratio,0.03713757328784005,137041,0.02755988410893928,42,0.0027900157122888736
source_difference_vs_white,0.5,s4,s4,roughness_ratio,0.03713757328784005,137041,0.02755988410893928,43,0.02890461133663047
source_difference_vs_white,0.5,s4,s4,roughness_ratio,0.03713757328784005,237041,0.04671526246674081,41,0.04057272466460404
source_difference_vs_white,0.5,s4,s4,roughness_ratio,0.03713757328784005,237041,0.04671526246674081,42,0.04122438027952202
source_difference_vs_white,0.5,s4,s4,roughness_ratio,0.03713757328784005,237041,0.04671526246674081,43,0.05834868245609637
source_difference_vs_white,0.5,whitened_mlp,whitened_mlp,roughness_ratio,-0.002780338274600891,137041,0.0029725354608645116,41,0.007926024729611125
source_difference_vs_white,0.5,whitened_mlp,whitened_mlp,roughness_ratio,-0.002780338274600891,137041,0.0029725354608645116,42,0.01961120640574654
source_difference_vs_white,0.5,whitened_mlp,whitened_mlp,roughness_ratio,-0.002780338274600891,137041,0.0029725354608645116,43,-0.01861962475276413
source_difference_vs_white,0.5,whitened_mlp,whitened_mlp,roughness_ratio,-0.002780338274600891,237041,-0.008533212010066293,41,-0.0012079567512019995
source_difference_vs_white,0.5,whitened_mlp,whitened_mlp,roughness_ratio,-0.002780338274600891,237041,-0.008533212010066293,42,0.005240400583431448
source_difference_vs_white,0.5,whitened_mlp,whitened_mlp,roughness_ratio,-0.002780338274600891,237041,-0.008533212010066293,43,-0.02963207986242833
head_difference,0.5,s4,mlp,fair_crps,-0.0011996133503056803,137041,0.0027998706014287222,41,-0.007367028440924184
head_difference,0.5,s4,mlp,fair_crps,-0.0011996133503056803,137041,0.0027998706014287222,42,0.014552802109753626
head_difference,0.5,s4,mlp,fair_crps,-0.0011996133503056803,137041,0.0027998706014287222,43,0.001213838135456724
head_difference,0.5,s4,mlp,fair_crps,-0.0011996133503056803,237041,-0.005199097302040083,41,-0.00466434487831674
head_difference,0.5,s4,mlp,fair_crps,-0.0011996133503056803,237041,-0.005199097302040083,42,-0.006292714530079513
head_difference,0.5,s4,mlp,fair_crps,-0.0011996133503056803,237041,-0.005199097302040083,43,-0.004640232497723995
head_by_source_interaction_vs_white,0.5,s4,mlp,fair_crps,0.003080619780780734,137041,0.0007665327503784495,41,0.002852766222795955
head_by_source_interaction_vs_white,0.5,s4,mlp,fair_crps,0.003080619780780734,137041,0.0007665327503784495,42,0.0020354648972926714
head_by_source_interaction_vs_white,0.5,s4,mlp,fair_crps,0.003080619780780734,137041,0.0007665327503784495,43,-0.002588632868953278
head_by_source_interaction_vs_white,0.5,s4,mlp,fair_crps,0.003080619780780734,237041,0.005394706811183018,41,-0.0034782862527796277
head_by_source_interaction_vs_white,0.5,s4,mlp,fair_crps,0.003080619780780734,237041,0.005394706811183018,42,0.008246821862273879
head_by_source_interaction_vs_white,0.5,s4,mlp,fair_crps,0.003080619780780734,237041,0.005394706811183018,43,0.011415584824054803
head_difference,0.5,whitened_mlp,mlp,fair_crps,0.04111649608726438,137041,0.0388960252561375,41,0.023515107703933058
head_difference,0.5,whitened_mlp,mlp,fair_crps,0.04111649608726438,137041,0.0388960252561375,42,0.06798486098996026
head_difference,0.5,whitened_mlp,mlp,fair_crps,0.04111649608726438,137041,0.0388960252561375,43,0.025188107074519184
head_difference,0.5,whitened_mlp,mlp,fair_crps,0.04111649608726438,237041,0.04333696691839125,41,0.03701298694518812
head_difference,0.5,whitened_mlp,mlp,fair_crps,0.04111649608726438,237041,0.04333696691839125,42,0.049151710363082524
head_difference,0.5,whitened_mlp,mlp,fair_crps,0.04111649608726438,237041,0.04333696691839125,43,0.0438462034469031
head_by_source_interaction_vs_white,0.5,whitened_mlp,mlp,fair_crps,-0.01836556324836433,137041,-0.024840799071845887,41,-0.019889914635464967
head_by_source_interaction_vs_white,0.5,whitened_mlp,mlp,fair_crps,-0.01836556324836433,137041,-0.024840799071845887,42,-0.020142001567953982
head_by_source_interaction_vs_white,0.5,whitened_mlp,mlp,fair_crps,-0.01836556324836433,137041,-0.024840799071845887,43,-0.03449048101211871
head_by_source_interaction_vs_white,0.5,whitened_mlp,mlp,fair_crps,-0.01836556324836433,237041,-0.011890327424882774,41,-0.02104910140182803
head_by_source_interaction_vs_white,0.5,whitened_mlp,mlp,fair_crps,-0.01836556324836433,237041,-0.011890327424882774,42,-0.009499442909365441
head_by_source_interaction_vs_white,0.5,whitened_mlp,mlp,fair_crps,-0.01836556324836433,237041,-0.011890327424882774,43,-0.005122437963454851
source_difference_vs_white,0.5,mlp,mlp,fair_crps,-0.012435421084187687,137041,-0.011241498236561343,41,-0.017404232689657517
source_difference_vs_white,0.5,mlp,mlp,fair_crps,-0.012435421084187687,137041,-0.011241498236561343,42,-0.008890664834729
source_difference_vs_white,0.5,mlp,mlp,fair_crps,-0.012435421084187687,137041,-0.011241498236561343,43,-0.0074295971852975096
source_difference_vs_white,0.5,mlp,mlp,fair_crps,-0.012435421084187687,237041,-0.01362934393181403,41,-0.010836116990586897
source_difference_vs_white,0.5,mlp,mlp,fair_crps,-0.012435421084187687,237041,-0.01362934393181403,42,-0.01074383040093807
source_difference_vs_white,0.5,mlp,mlp,fair_crps,-0.012435421084187687,237041,-0.01362934393181403,43,-0.019308084403917125
source_difference_vs_white,0.5,s4,s4,fair_crps,-0.009354801303406953,137041,-0.010474965486182894,41,-0.014551466466861562
source_difference_vs_white,0.5,s4,s4,fair_crps,-0.009354801303406953,137041,-0.010474965486182894,42,-0.006855199937436329
source_difference_vs_white,0.5,s4,s4,fair_crps,-0.009354801303406953,137041,-0.010474965486182894,43,-0.010018230054250787
source_difference_vs_white,0.5,s4,s4,fair_crps,-0.009354801303406953,237041,-0.008234637120631013,41,-0.014314403243366525
source_difference_vs_white,0.5,s4,s4,fair_crps,-0.009354801303406953,237041,-0.008234637120631013,42,-0.0024970085386641916
source_difference_vs_white,0.5,s4,s4,fair_crps,-0.009354801303406953,237041,-0.008234637120631013,43,-0.007892499579862322
source_difference_vs_white,0.5,whitened_mlp,whitened_mlp,fair_crps,-0.030800984332551996,137041,-0.03608229730840721,41,-0.037294147325122484
source_difference_vs_white,0.5,whitened_mlp,whitened_mlp,fair_crps,-0.030800984332551996,137041,-0.03608229730840721,42,-0.029032666402682983
source_difference_vs_white,0.5,whitened_mlp,whitened_mlp,fair_crps,-0.030800984332551996,137041,-0.03608229730840721,43,-0.041920078197416166
source_difference_vs_white,0.5,whitened_mlp,whitened_mlp,fair_crps,-0.030800984332551996,237041,-0.025519671356696787,41,-0.03188521839241487
source_difference_vs_white,0.5,whitened_mlp,whitened_mlp,fair_crps,-0.030800984332551996,237041,-0.025519671356696787,42,-0.02024327331030351
source_difference_vs_white,0.5,whitened_mlp,whitened_mlp,fair_crps,-0.030800984332551996,237041,-0.025519671356696787,43,-0.024430522367371976
head_difference,0.5,s4,mlp,target_pca_tail_ratio,282.0050892797349,137041,234.81556207818002,41,260.0231935886437
head_difference,0.5,s4,mlp,target_pca_tail_ratio,282.0050892797349,137041,234.81556207818002,42,102.31865259749858
head_difference,0.5,s4,mlp,target_pca_tail_ratio,282.0050892797349,137041,234.81556207818002,43,342.10484004839765
head_difference,0.5,s4,mlp,target_pca_tail_ratio,282.0050892797349,237041,329.1946164812897,41,107.52042166455044
head_difference,0.5,s4,mlp,target_pca_tail_ratio,282.0050892797349,237041,329.1946164812897,42,353.34677313526004
head_difference,0.5,s4,mlp,target_pca_tail_ratio,282.0050892797349,237041,329.1946164812897,43,526.7166546440586
head_by_source_interaction_vs_white,0.5,s4,mlp,target_pca_tail_ratio,234.6948022723488,137041,186.8744320857073,41,210.3095402070419
head_by_source_interaction_vs_white,0.5,s4,mlp,target_pca_tail_ratio,234.6948022723488,137041,186.8744320857073,42,109.12073211601724
head_by_source_interaction_vs_white,0.5,s4,mlp,target_pca_tail_ratio,234.6948022723488,137041,186.8744320857073,43,241.19302393406275
head_by_source_interaction_vs_white,0.5,s4,mlp,target_pca_tail_ratio,234.6948022723488,237041,282.51517245899026,41,81.3874631579217
head_by_source_interaction_vs_white,0.5,s4,mlp,target_pca_tail_ratio,234.6948022723488,237041,282.51517245899026,42,336.911352128306
head_by_source_interaction_vs_white,0.5,s4,mlp,target_pca_tail_ratio,234.6948022723488,237041,282.51517245899026,43,429.24670209074304
head_difference,0.5,whitened_mlp,mlp,target_pca_tail_ratio,-222.20523103274115,137041,-221.31427433941494,41,-239.94116169693746
head_difference,0.5,whitened_mlp,mlp,target_pca_tail_ratio,-222.20523103274115,137041,-221.31427433941494,42,-242.6521602992028
head_difference,0.5,whitened_mlp,mlp,target_pca_tail_ratio,-222.20523103274115,137041,-221.31427433941494,43,-181.34950102210456
head_difference,0.5,whitened_mlp,mlp,target_pca_tail_ratio,-222.20523103274115,237041,-223.09618772606737,41,-239.29986115150612
head_difference,0.5,whitened_mlp,mlp,target_pca_tail_ratio,-222.20523103274115,237041,-223.09618772606737,42,-246.88062171000647
head_difference,0.5,whitened_mlp,mlp,target_pca_tail_ratio,-222.20523103274115,237041,-223.09618772606737,43,-183.10808031668952
head_by_source_interaction_vs_white,0.5,whitened_mlp,mlp,target_pca_tail_ratio,-151.76618393447887,137041,-146.55065144732188,41,-165.4693031708216
head_by_source_interaction_vs_white,0.5,whitened_mlp,mlp,target_pca_tail_ratio,-151.76618393447887,137041,-146.55065144732188,42,-160.42904500844915
head_by_source_interaction_vs_white,0.5,whitened_mlp,mlp,target_pca_tail_ratio,-151.76618393447887,137041,-146.55065144732188,43,-113.75360616269487
head_by_source_interaction_vs_white,0.5,whitened_mlp,mlp,target_pca_tail_ratio,-151.76618393447887,237041,-156.98171642163587,41,-174.52608609730348
head_by_source_interaction_vs_white,0.5,whitened_mlp,mlp,target_pca_tail_ratio,-151.76618393447887,237041,-156.98171642163587,42,-176.11905202927426
head_by_source_interaction_vs_white,0.5,whitened_mlp,mlp,target_pca_tail_ratio,-151.76618393447887,237041,-156.98171642163587,43,-120.30001113832981
source_difference_vs_white,0.5,mlp,mlp,target_pca_tail_ratio,151.2576843862791,137041,146.04532695570606,41,165.0466860226361
source_difference_vs_white,0.5,mlp,mlp,target_pca_tail_ratio,151.2576843862791,137041,146.04532695570606,42,159.8603891001914
source_difference_vs_white,0.5,mlp,mlp,target_pca_tail_ratio,151.2576843862791,137041,146.04532695570606,43,113.2289057442907
source_difference_vs_white,0.5,mlp,mlp,target_pca_tail_ratio,151.2576843862791,237041,156.47004181685216,41,173.92411534979922
source_difference_vs_white,0.5,mlp,mlp,target_pca_tail_ratio,151.2576843862791,237041,156.47004181685216,42,175.58363100260698
source_difference_vs_white,0.5,mlp,mlp,target_pca_tail_ratio,151.2576843862791,237041,156.47004181685216,43,119.90237909815025
source_difference_vs_white,0.5,s4,s4,target_pca_tail_ratio,385.9524866586279,137041,332.91975904141333,41,375.35622622967793
source_difference_vs_white,0.5,s4,s4,target_pca_tail_ratio,385.9524866586279,137041,332.91975904141333,42,268.98112121620863
source_difference_vs_white,0.5,s4,s4,target_pca_tail_ratio,385.9524866586279,137041,332.91975904141333,43,354.4219296783534
source_difference_vs_white,0.5,s4,s4,target_pca_tail_ratio,385.9524866586279,237041,438.98521427584245,41,255.31157850772092
source_difference_vs_white,0.5,s4,s4,target_pca_tail_ratio,385.9524866586279,237041,438.98521427584245,42,512.4949831309129
source_difference_vs_white,0.5,s4,s4,target_pca_tail_ratio,385.9524866586279,237041,438.98521427584245,43,549.1490811888933
source_difference_vs_white,0.5,whitened_mlp,whitened_mlp,target_pca_tail_ratio,-0.5084995481997479,137041,-0.5053244916157987,41,-0.422617148185498
source_difference_vs_white,0.5,whitened_mlp,whitened_mlp,target_pca_tail_ratio,-0.5084995481997479,137041,-0.5053244916157987,42,-0.5686559082577456
source_difference_vs_white,0.5,whitened_mlp,whitened_mlp,target_pca_tail_ratio,-0.5084995481997479,137041,-0.5053244916157987,43,-0.5247004184041526
source_difference_vs_white,0.5,whitened_mlp,whitened_mlp,target_pca_tail_ratio,-0.5084995481997479,237041,-0.511674604783697,41,-0.6019707475042383
source_difference_vs_white,0.5,whitened_mlp,whitened_mlp,target_pca_tail_ratio,-0.5084995481997479,237041,-0.511674604783697,42,-0.5354210266672875
source_difference_vs_white,0.5,whitened_mlp,whitened_mlp,target_pca_tail_ratio,-0.5084995481997479,237041,-0.511674604783697,43,-0.3976320401795649
head_difference,0.5,s4,mlp,fair_energy_score,-0.004090443071563662,137041,0.021439124923852138,41,-0.01624967280994305
head_difference,0.5,s4,mlp,fair_energy_score,-0.004090443071563662,137041,0.021439124923852138,42,0.07289137905849197
head_difference,0.5,s4,mlp,fair_energy_score,-0.004090443071563662,137041,0.021439124923852138,43,0.007675668523007495
head_difference,0.5,s4,mlp,fair_energy_score,-0.004090443071563662,237041,-0.029620011066979462,41,-0.019606579019970205
head_difference,0.5,s4,mlp,fair_energy_score,-0.004090443071563662,237041,-0.029620011066979462,42,-0.03935291722742873
head_difference,0.5,s4,mlp,fair_energy_score,-0.004090443071563662,237041,-0.029620011066979462,43,-0.029900536953539447
head_by_source_interaction_vs_white,0.5,s4,mlp,fair_energy_score,0.01710963435214648,137041,0.011154655918022746,41,0.025451637324349186
head_by_source_interaction_vs_white,0.5,s4,mlp,fair_energy_score,0.01710963435214648,137041,0.011154655918022746,42,0.02172672983863233
head_by_source_interaction_vs_white,0.5,s4,mlp,fair_energy_score,0.01710963435214648,137041,0.011154655918022746,43,-0.01371439940891328
head_by_source_interaction_vs_white,0.5,s4,mlp,fair_energy_score,0.01710963435214648,237041,0.023064612786270217,41,-0.014878313579516522
head_by_source_interaction_vs_white,0.5,s4,mlp,fair_energy_score,0.01710963435214648,237041,0.023064612786270217,42,0.0318944050661325
head_by_source_interaction_vs_white,0.5,s4,mlp,fair_energy_score,0.01710963435214648,237041,0.023064612786270217,43,0.052177746872194675
head_difference,0.5,whitened_mlp,mlp,fair_energy_score,0.17861500787690437,137041,0.1611874826213698,41,0.0967931943967919
head_difference,0.5,whitened_mlp,mlp,fair_energy_score,0.17861500787690437,137041,0.1611874826213698,42,0.29341506781742854
head_difference,0.5,whitened_mlp,mlp,fair_energy_score,0.17861500787690437,137041,0.1611874826213698,43,0.09335418564988895
head_difference,0.5,whitened_mlp,mlp,fair_energy_score,0.17861500787690437,237041,0.1960425331324389,41,0.15954268136074345
head_difference,0.5,whitened_mlp,mlp,fair_energy_score,0.17861500787690437,237041,0.1960425331324389,42,0.22629372184116914
head_difference,0.5,whitened_mlp,mlp,fair_energy_score,0.17861500787690437,237041,0.1960425331324389,43,0.20229119619540414
head_by_source_interaction_vs_white,0.5,whitened_mlp,mlp,fair_energy_score,-0.07382026025849364,137041,-0.10078505316386825,41,-0.07014981597763814
head_by_source_interaction_vs_white,0.5,whitened_mlp,mlp,fair_energy_score,-0.07382026025849364,137041,-0.10078505316386825,42,-0.0758065860293402
head_by_source_interaction_vs_white,0.5,whitened_mlp,mlp,fair_energy_score,-0.07382026025849364,137041,-0.10078505316386825,43,-0.1563987574846264
head_by_source_interaction_vs_white,0.5,whitened_mlp,mlp,fair_energy_score,-0.07382026025849364,237041,-0.04685546735311904,41,-0.09040862385755499
head_by_source_interaction_vs_white,0.5,whitened_mlp,mlp,fair_energy_score,-0.07382026025849364,237041,-0.04685546735311904,42,-0.03872382846681166
head_by_source_interaction_vs_white,0.5,whitened_mlp,mlp,fair_energy_score,-0.07382026025849364,237041,-0.04685546735311904,43,-0.011433949734990456
source_difference_vs_white,0.5,mlp,mlp,fair_energy_score,-0.05780984304111499,137041,-0.05465565514891354,41,-0.08850934138739674
source_difference_vs_white,0.5,mlp,mlp,fair_energy_score,-0.05780984304111499,137041,-0.05465565514891354,42,-0.047016360836510174
source_difference_vs_white,0.5,mlp,mlp,fair_energy_score,-0.05780984304111499,137041,-0.05465565514891354,43,-0.02844126322283369
source_difference_vs_white,0.5,mlp,mlp,fair_energy_score,-0.05780984304111499,237041,-0.06096403093331645,41,-0.043372887033655605
source_difference_vs_white,0.5,mlp,mlp,fair_energy_score,-0.05780984304111499,237041,-0.06096403093331645,42,-0.04776249563714341
source_difference_vs_white,0.5,mlp,mlp,fair_energy_score,-0.05780984304111499,237041,-0.06096403093331645,43,-0.09175671012915032
source_difference_vs_white,0.5,s4,s4,fair_energy_score,-0.04070020868896851,137041,-0.04350099923089079,41,-0.06305770406304756
source_difference_vs_white,0.5,s4,s4,fair_energy_score,-0.04070020868896851,137041,-0.04350099923089079,42,-0.025289630997877843
source_difference_vs_white,0.5,s4,s4,fair_energy_score,-0.04070020868896851,137041,-0.04350099923089079,43,-0.04215566263174697
source_difference_vs_white,0.5,s4,s4,fair_energy_score,-0.04070020868896851,237041,-0.03789941814704623,41,-0.05825120061317213
source_difference_vs_white,0.5,s4,s4,fair_energy_score,-0.04070020868896851,237041,-0.03789941814704623,42,-0.015868090571010907
source_difference_vs_white,0.5,s4,s4,fair_energy_score,-0.04070020868896851,237041,-0.03789941814704623,43,-0.039578963256955646
source_difference_vs_white,0.5,whitened_mlp,whitened_mlp,fair_energy_score,-0.13163010329960864,137041,-0.15544070831278178,41,-0.1586591573650349
source_difference_vs_white,0.5,whitened_mlp,whitened_mlp,fair_energy_score,-0.13163010329960864,137041,-0.15544070831278178,42,-0.12282294686585038
source_difference_vs_white,0.5,whitened_mlp,whitened_mlp,fair_energy_score,-0.13163010329960864,137041,-0.15544070831278178,43,-0.18484002070746008
source_difference_vs_white,0.5,whitened_mlp,whitened_mlp,fair_energy_score,-0.13163010329960864,237041,-0.10781949828643549,41,-0.1337815108912106
source_difference_vs_white,0.5,whitened_mlp,whitened_mlp,fair_energy_score,-0.13163010329960864,237041,-0.10781949828643549,42,-0.08648632410395507
source_difference_vs_white,0.5,whitened_mlp,whitened_mlp,fair_energy_score,-0.13163010329960864,237041,-0.10781949828643549,43,-0.10319065986414078
head_difference,0.5,s4,mlp,fixed_target_residual_mse,0.011081721021770331,137041,0.009017574263263098,41,0.00890021744997109
head_difference,0.5,s4,mlp,fixed_target_residual_mse,0.011081721021770331,137041,0.009017574263263098,42,0.005911580596505858
head_difference,0.5,s4,mlp,fixed_target_residual_mse,0.011081721021770331,137041,0.009017574263263098,43,0.012240924743312342
head_difference,0.5,s4,mlp,fixed_target_residual_mse,0.011081721021770331,237041,0.013145867780277565,41,0.004069596527515221
head_difference,0.5,s4,mlp,fixed_target_residual_mse,0.011081721021770331,237041,0.013145867780277565,42,0.013986304248965825
head_difference,0.5,s4,mlp,fixed_target_residual_mse,0.011081721021770331,237041,0.013145867780277565,43,0.02138170256435165
head_by_source_interaction_vs_white,0.5,s4,mlp,fixed_target_residual_mse,0.00570918107788243,137041,0.005101948339432912,41,0.004962672905928153
head_by_source_interaction_vs_white,0.5,s4,mlp,fixed_target_residual_mse,0.00570918107788243,137041,0.005101948339432912,42,0.005217318490741973
head_by_source_interaction_vs_white,0.5,s4,mlp,fixed_target_residual_mse,0.00570918107788243,137041,0.005101948339432912,43,0.005125853621628609
head_by_source_interaction_vs_white,0.5,s4,mlp,fixed_target_residual_mse,0.00570918107788243,237041,0.006316413816331949,41,-0.0037813620649642526
head_by_source_interaction_vs_white,0.5,s4,mlp,fixed_target_residual_mse,0.00570918107788243,237041,0.006316413816331949,42,0.011104248126664037
head_by_source_interaction_vs_white,0.5,s4,mlp,fixed_target_residual_mse,0.00570918107788243,237041,0.006316413816331949,43,0.011626355387296061
head_difference,0.5,whitened_mlp,mlp,fixed_target_residual_mse,-0.02650128246551975,137041,-0.025391135479142794,41,-0.027161831356087143
head_difference,0.5,whitened_mlp,mlp,fixed_target_residual_mse,-0.02650128246551975,137041,-0.025391135479142794,42,-0.025679778485238808
head_difference,0.5,whitened_mlp,mlp,fixed_target_residual_mse,-0.02650128246551975,137041,-0.025391135479142794,43,-0.023331796596102433
head_difference,0.5,whitened_mlp,mlp,fixed_target_residual_mse,-0.02650128246551975,237041,-0.027611429451896707,41,-0.02840268154682997
head_difference,0.5,whitened_mlp,mlp,fixed_target_residual_mse,-0.02650128246551975,237041,-0.027611429451896707,42,-0.029326036730999316
head_difference,0.5,whitened_mlp,mlp,fixed_target_residual_mse,-0.02650128246551975,237041,-0.027611429451896707,43,-0.025105570077860836
head_by_source_interaction_vs_white,0.5,whitened_mlp,mlp,fixed_target_residual_mse,-0.004636613386616325,137041,-0.005005764656580212,41,-0.005609902574883127
head_by_source_interaction_vs_white,0.5,whitened_mlp,mlp,fixed_target_residual_mse,-0.004636613386616325,137041,-0.005005764656580212,42,-0.005501183822221187
head_by_source_interaction_vs_white,0.5,whitened_mlp,mlp,fixed_target_residual_mse,-0.004636613386616325,137041,-0.005005764656580212,43,-0.003906207572636322
head_by_source_interaction_vs_white,0.5,whitened_mlp,mlp,fixed_target_residual_mse,-0.004636613386616325,237041,-0.004267462116652437,41,-0.005843669610062566
head_by_source_interaction_vs_white,0.5,whitened_mlp,mlp,fixed_target_residual_mse,-0.004636613386616325,237041,-0.004267462116652437,42,-0.005236143372972388
head_by_source_interaction_vs_white,0.5,whitened_mlp,mlp,fixed_target_residual_mse,-0.004636613386616325,237041,-0.004267462116652437,43,-0.0017225733669223586
source_difference_vs_white,0.5,mlp,mlp,fixed_target_residual_mse,-0.009735755992767072,137041,-0.010428311454096742,41,-0.009481074865392153
source_difference_vs_white,0.5,mlp,mlp,fixed_target_residual_mse,-0.009735755992767072,137041,-0.010428311454096742,42,-0.010068600659637203
source_difference_vs_white,0.5,mlp,mlp,fixed_target_residual_mse,-0.009735755992767072,137041,-0.010428311454096742,43,-0.01173525883726087
source_difference_vs_white,0.5,mlp,mlp,fixed_target_residual_mse,-0.009735755992767072,237041,-0.0090432005314374,41,-0.007251987124144765
source_difference_vs_white,0.5,mlp,mlp,fixed_target_residual_mse,-0.009735755992767072,237041,-0.0090432005314374,42,-0.008498088622498776
source_difference_vs_white,0.5,mlp,mlp,fixed_target_residual_mse,-0.009735755992767072,237041,-0.0090432005314374,43,-0.011379525847668659
source_difference_vs_white,0.5,s4,s4,fixed_target_residual_mse,-0.004026574914884641,137041,-0.00532636311466383,41,-0.004518401959464
source_difference_vs_white,0.5,s4,s4,fixed_target_residual_mse,-0.004026574914884641,137041,-0.00532636311466383,42,-0.0048512821688952296
source_difference_vs_white,0.5,s4,s4,fixed_target_residual_mse,-0.004026574914884641,137041,-0.00532636311466383,43,-0.006609405215632261
source_difference_vs_white,0.5,s4,s4,fixed_target_residual_mse,-0.004026574914884641,237041,-0.002726786715105451,41,-0.011033349189109018
source_difference_vs_white,0.5,s4,s4,fixed_target_residual_mse,-0.004026574914884641,237041,-0.002726786715105451,42,0.002606159504165262
source_difference_vs_white,0.5,s4,s4,fixed_target_residual_mse,-0.004026574914884641,237041,-0.002726786715105451,43,0.0002468295396274023
source_difference_vs_white,0.5,whitened_mlp,whitened_mlp,fixed_target_residual_mse,-0.014372369379383396,137041,-0.015434076110676953,41,-0.01509097744027528
source_difference_vs_white,0.5,whitened_mlp,whitened_mlp,fixed_target_residual_mse,-0.014372369379383396,137041,-0.015434076110676953,42,-0.01556978448185839
source_difference_vs_white,0.5,whitened_mlp,whitened_mlp,fixed_target_residual_mse,-0.014372369379383396,137041,-0.015434076110676953,43,-0.015641466409897192
source_difference_vs_white,0.5,whitened_mlp,whitened_mlp,fixed_target_residual_mse,-0.014372369379383396,237041,-0.013310662648089838,41,-0.013095656734207331
source_difference_vs_white,0.5,whitened_mlp,whitened_mlp,fixed_target_residual_mse,-0.014372369379383396,237041,-0.013310662648089838,42,-0.013734231995471163
source_difference_vs_white,0.5,whitened_mlp,whitened_mlp,fixed_target_residual_mse,-0.014372369379383396,237041,-0.013310662648089838,43,-0.013102099214591018
head_difference,0.5,s4,mlp,fixed_target_pc1_mse,0.053852818150423275,137041,-0.0006446304130699095,41,-0.24429099229699602
head_difference,0.5,s4,mlp,fixed_target_pc1_mse,0.053852818150423275,137041,-0.0006446304130699095,42,0.18204039174893794
head_difference,0.5,s4,mlp,fixed_target_pc1_mse,0.053852818150423275,137041,-0.0006446304130699095,43,0.06031670930884836
head_difference,0.5,s4,mlp,fixed_target_pc1_mse,0.053852818150423275,237041,0.10835026671391645,41,-0.10968402600394889
head_difference,0.5,s4,mlp,fixed_target_pc1_mse,0.053852818150423275,237041,0.10835026671391645,42,0.2619312251388113
head_difference,0.5,s4,mlp,fixed_target_pc1_mse,0.053852818150423275,237041,0.10835026671391645,43,0.17280360100688696
head_by_source_interaction_vs_white,0.5,s4,mlp,fixed_target_pc1_mse,0.13585467631636586,137041,0.09218413302062937,41,-0.09550322283505697
head_by_source_interaction_vs_white,0.5,s4,mlp,fixed_target_pc1_mse,0.13585467631636586,137041,0.09218413302062937,42,0.15889539814456288
head_by_source_interaction_vs_white,0.5,s4,mlp,fixed_target_pc1_mse,0.13585467631636586,137041,0.09218413302062937,43,0.2131602237523822
head_by_source_interaction_vs_white,0.5,s4,mlp,fixed_target_pc1_mse,0.13585467631636586,237041,0.17952521961210235,41,-0.047833472321383574
head_by_source_interaction_vs_white,0.5,s4,mlp,fixed_target_pc1_mse,0.13585467631636586,237041,0.17952521961210235,42,0.32543948542220846
head_by_source_interaction_vs_white,0.5,s4,mlp,fixed_target_pc1_mse,0.13585467631636586,237041,0.17952521961210235,43,0.2609696457354822
head_difference,0.5,whitened_mlp,mlp,fixed_target_pc1_mse,1.7139750511304208,137041,1.7784731338634057,41,1.4857617532184122
head_difference,0.5,whitened_mlp,mlp,fixed_target_pc1_mse,1.7139750511304208,137041,1.7784731338634057,42,2.4561443545641986
head_difference,0.5,whitened_mlp,mlp,fixed_target_pc1_mse,1.7139750511304208,137041,1.7784731338634057,43,1.3935132938076062
head_difference,0.5,whitened_mlp,mlp,fixed_target_pc1_mse,1.7139750511304208,237041,1.6494769683974362,41,1.5134928088589277
head_difference,0.5,whitened_mlp,mlp,fixed_target_pc1_mse,1.7139750511304208,237041,1.6494769683974362,42,1.8011558052515557
head_difference,0.5,whitened_mlp,mlp,fixed_target_pc1_mse,1.7139750511304208,237041,1.6494769683974362,43,1.6337822910818254
head_by_source_interaction_vs_white,0.5,whitened_mlp,mlp,fixed_target_pc1_mse,0.49005390624268275,137041,0.49930735457933356,41,0.24349867247855705
head_by_source_interaction_vs_white,0.5,whitened_mlp,mlp,fixed_target_pc1_mse,0.49005390624268275,137041,0.49930735457933356,42,1.0259032367151564
head_by_source_interaction_vs_white,0.5,whitened_mlp,mlp,fixed_target_pc1_mse,0.49005390624268275,137041,0.49930735457933356,43,0.2285201545442872
head_by_source_interaction_vs_white,0.5,whitened_mlp,mlp,fixed_target_pc1_mse,0.49005390624268275,237041,0.48080045790603193,41,0.33287893392939516
head_by_source_interaction_vs_white,0.5,whitened_mlp,mlp,fixed_target_pc1_mse,0.49005390624268275,237041,0.48080045790603193,42,0.6245945020114361
head_by_source_interaction_vs_white,0.5,whitened_mlp,mlp,fixed_target_pc1_mse,0.49005390624268275,237041,0.48080045790603193,43,0.4849279377772646
source_difference_vs_white,0.5,mlp,mlp,fixed_target_pc1_mse,5.536261106285777,137041,5.519671207333897,41,5.679345663990919
source_difference_vs_white,0.5,mlp,mlp,fixed_target_pc1_mse,5.536261106285777,137041,5.519671207333897,42,5.546330226443665
source_difference_vs_white,0.5,mlp,mlp,fixed_target_pc1_mse,5.536261106285777,137041,5.519671207333897,43,5.333337731567108
source_difference_vs_white,0.5,mlp,mlp,fixed_target_pc1_mse,5.536261106285777,237041,5.552851005237657,41,5.700590079563164
source_difference_vs_white,0.5,mlp,mlp,fixed_target_pc1_mse,5.536261106285777,237041,5.552851005237657,42,5.570992509254848
source_difference_vs_white,0.5,mlp,mlp,fixed_target_pc1_mse,5.536261106285777,237041,5.552851005237657,43,5.38697042689496
source_difference_vs_white,0.5,s4,s4,fixed_target_pc1_mse,5.672115782602143,137041,5.611855340354527,41,5.583842441155862
source_difference_vs_white,0.5,s4,s4,fixed_target_pc1_mse,5.672115782602143,137041,5.611855340354527,42,5.705225624588228
source_difference_vs_white,0.5,s4,s4,fixed_target_pc1_mse,5.672115782602143,137041,5.611855340354527,43,5.546497955319491
source_difference_vs_white,0.5,s4,s4,fixed_target_pc1_mse,5.672115782602143,237041,5.732376224849759,41,5.6527566072417805
source_difference_vs_white,0.5,s4,s4,fixed_target_pc1_mse,5.672115782602143,237041,5.732376224849759,42,5.896431994677056
source_difference_vs_white,0.5,s4,s4,fixed_target_pc1_mse,5.672115782602143,237041,5.732376224849759,43,5.647940072630442
source_difference_vs_white,0.5,whitened_mlp,whitened_mlp,fixed_target_pc1_mse,6.02631501252846,137041,6.018978561913232,41,5.922844336469476
source_difference_vs_white,0.5,whitened_mlp,whitened_mlp,fixed_target_pc1_mse,6.02631501252846,137041,6.018978561913232,42,6.572233463158821
source_difference_vs_white,0.5,whitened_mlp,whitened_mlp,fixed_target_pc1_mse,6.02631501252846,137041,6.018978561913232,43,5.561857886111396
source_difference_vs_white,0.5,whitened_mlp,whitened_mlp,fixed_target_pc1_mse,6.02631501252846,237041,6.033651463143689,41,6.033469013492559
source_difference_vs_white,0.5,whitened_mlp,whitened_mlp,fixed_target_pc1_mse,6.02631501252846,237041,6.033651463143689,42,6.195587011266284
source_difference_vs_white,0.5,whitened_mlp,whitened_mlp,fixed_target_pc1_mse,6.02631501252846,237041,6.033651463143689,43,5.871898364672225
head_difference,0.5,s4,mlp,coverage_90,-0.010172526041666666,137041,-0.010904947916666666,41,0.0166015625
head_difference,0.5,s4,mlp,coverage_90,-0.010172526041666666,137041,-0.010904947916666666,42,-0.02734375
head_difference,0.5,s4,mlp,coverage_90,-0.010172526041666666,137041,-0.010904947916666666,43,-0.02197265625
head_difference,0.5,s4,mlp,coverage_90,-0.010172526041666666,237041,-0.009440104166666666,41,0.0
head_difference,0.5,s4,mlp,coverage_90,-0.010172526041666666,237041,-0.009440104166666666,42,-0.013671875
head_difference,0.5,s4,mlp,coverage_90,-0.010172526041666666,237041,-0.009440104166666666,43,-0.0146484375
head_by_source_interaction_vs_white,0.5,s4,mlp,coverage_90,-0.005859375,137041,-0.00439453125,41,0.01416015625
head_by_source_interaction_vs_white,0.5,s4,mlp,coverage_90,-0.005859375,137041,-0.00439453125,42,-0.01806640625
head_by_source_interaction_vs_white,0.5,s4,mlp,coverage_90,-0.005859375,137041,-0.00439453125,43,-0.00927734375
head_by_source_interaction_vs_white,0.5,s4,mlp,coverage_90,-0.005859375,237041,-0.00732421875,41,0.00390625
head_by_source_interaction_vs_white,0.5,s4,mlp,coverage_90,-0.005859375,237041,-0.00732421875,42,-0.0224609375
head_by_source_interaction_vs_white,0.5,s4,mlp,coverage_90,-0.005859375,237041,-0.00732421875,43,-0.00341796875
head_difference,0.5,whitened_mlp,mlp,coverage_90,0.025797526041666664,137041,0.015787760416666668,41,0.0361328125
head_difference,0.5,whitened_mlp,mlp,coverage_90,0.025797526041666664,137041,0.015787760416666668,42,0.00537109375
head_difference,0.5,whitened_mlp,mlp,coverage_90,0.025797526041666664,137041,0.015787760416666668,43,0.005859375
head_difference,0.5,whitened_mlp,mlp,coverage_90,0.025797526041666664,237041,0.035807291666666664,41,0.02734375
head_difference,0.5,whitened_mlp,mlp,coverage_90,0.025797526041666664,237041,0.035807291666666664,42,0.0419921875
head_difference,0.5,whitened_mlp,mlp,coverage_90,0.025797526041666664,237041,0.035807291666666664,43,0.0380859375
head_by_source_interaction_vs_white,0.5,whitened_mlp,mlp,coverage_90,0.008870442708333334,137041,0.01220703125,41,0.03759765625
head_by_source_interaction_vs_white,0.5,whitened_mlp,mlp,coverage_90,0.008870442708333334,137041,0.01220703125,42,0.0107421875
head_by_source_interaction_vs_white,0.5,whitened_mlp,mlp,coverage_90,0.008870442708333334,137041,0.01220703125,43,-0.01171875
head_by_source_interaction_vs_white,0.5,whitened_mlp,mlp,coverage_90,0.008870442708333334,237041,0.005533854166666667,41,0.01123046875
head_by_source_interaction_vs_white,0.5,whitened_mlp,mlp,coverage_90,0.008870442708333334,237041,0.005533854166666667,42,0.017578125
head_by_source_interaction_vs_white,0.5,whitened_mlp,mlp,coverage_90,0.008870442708333334,237041,0.005533854166666667,43,-0.01220703125
source_difference_vs_white,0.5,mlp,mlp,coverage_90,-0.006754557291666667,137041,-0.0032552083333333335,41,-0.0146484375
source_difference_vs_white,0.5,mlp,mlp,coverage_90,-0.006754557291666667,137041,-0.0032552083333333335,42,0.00146484375
source_difference_vs_white,0.5,mlp,mlp,coverage_90,-0.006754557291666667,137041,-0.0032552083333333335,43,0.00341796875
source_difference_vs_white,0.5,mlp,mlp,coverage_90,-0.006754557291666667,237041,-0.01025390625,41,-0.021484375
source_difference_vs_white,0.5,mlp,mlp,coverage_90,-0.006754557291666667,237041,-0.01025390625,42,-0.0048828125
source_difference_vs_white,0.5,mlp,mlp,coverage_90,-0.006754557291666667,237041,-0.01025390625,43,-0.00439453125
source_difference_vs_white,0.5,s4,s4,coverage_90,-0.012613932291666666,137041,-0.007649739583333333,41,-0.00048828125
source_difference_vs_white,0.5,s4,s4,coverage_90,-0.012613932291666666,137041,-0.007649739583333333,42,-0.0166015625
source_difference_vs_white,0.5,s4,s4,coverage_90,-0.012613932291666666,137041,-0.007649739583333333,43,-0.005859375
source_difference_vs_white,0.5,s4,s4,coverage_90,-0.012613932291666666,237041,-0.017578125,41,-0.017578125
source_difference_vs_white,0.5,s4,s4,coverage_90,-0.012613932291666666,237041,-0.017578125,42,-0.02734375
source_difference_vs_white,0.5,s4,s4,coverage_90,-0.012613932291666666,237041,-0.017578125,43,-0.0078125
source_difference_vs_white,0.5,whitened_mlp,whitened_mlp,coverage_90,0.0021158854166666665,137041,0.008951822916666666,41,0.02294921875
source_difference_vs_white,0.5,whitened_mlp,whitened_mlp,coverage_90,0.0021158854166666665,137041,0.008951822916666666,42,0.01220703125
source_difference_vs_white,0.5,whitened_mlp,whitened_mlp,coverage_90,0.0021158854166666665,137041,0.008951822916666666,43,-0.00830078125
source_difference_vs_white,0.5,whitened_mlp,whitened_mlp,coverage_90,0.0021158854166666665,237041,-0.004720052083333333,41,-0.01025390625
source_difference_vs_white,0.5,whitened_mlp,whitened_mlp,coverage_90,0.0021158854166666665,237041,-0.004720052083333333,42,0.0126953125
source_difference_vs_white,0.5,whitened_mlp,whitened_mlp,coverage_90,0.0021158854166666665,237041,-0.004720052083333333,43,-0.0166015625
head_difference,0.9,s4,mlp,pc1_mse,0.18319279870136523,137041,0.05238876869590096,41,-0.25700153613732724
head_difference,0.9,s4,mlp,pc1_mse,0.18319279870136523,137041,0.05238876869590096,42,0.03009861345678644
head_difference,0.9,s4,mlp,pc1_mse,0.18319279870136523,137041,0.05238876869590096,43,0.3840692287682437
head_difference,0.9,s4,mlp,pc1_mse,0.18319279870136523,237041,0.3139968287068295,41,0.0689353632517502
head_difference,0.9,s4,mlp,pc1_mse,0.18319279870136523,237041,0.3139968287068295,42,0.3407895142633812
head_difference,0.9,s4,mlp,pc1_mse,0.18319279870136523,237041,0.3139968287068295,43,0.532265608605357
head_by_source_interaction_vs_white,0.9,s4,mlp,pc1_mse,0.2650717534444923,137041,0.14507202104291572,41,-0.10835255539416
head_by_source_interaction_vs_white,0.9,s4,mlp,pc1_mse,0.2650717534444923,137041,0.14507202104291572,42,0.006881368717665204
head_by_source_interaction_vs_white,0.9,s4,mlp,pc1_mse,0.2650717534444923,137041,0.14507202104291572,43,0.536687249805242
head_by_source_interaction_vs_white,0.9,s4,mlp,pc1_mse,0.2650717534444923,237041,0.3850714858460688,41,0.13064686818634463
head_by_source_interaction_vs_white,0.9,s4,mlp,pc1_mse,0.2650717534444923,237041,0.3850714858460688,42,0.40425841341815705
head_by_source_interaction_vs_white,0.9,s4,mlp,pc1_mse,0.2650717534444923,237041,0.3850714858460688,43,0.6203091759337047
head_difference,0.9,whitened_mlp,mlp,pc1_mse,1.3844706718649853,137041,1.3725455780203273,41,1.0752872426214655
head_difference,0.9,whitened_mlp,mlp,pc1_mse,1.3844706718649853,137041,1.3725455780203273,42,1.4422373284218608
head_difference,0.9,whitened_mlp,mlp,pc1_mse,1.3844706718649853,137041,1.3725455780203273,43,1.6001121630176556
head_difference,0.9,whitened_mlp,mlp,pc1_mse,1.3844706718649853,237041,1.3963957657096433,41,1.7153894233573634
head_difference,0.9,whitened_mlp,mlp,pc1_mse,1.3844706718649853,237041,1.3963957657096433,42,1.1213495601084666
head_difference,0.9,whitened_mlp,mlp,pc1_mse,1.3844706718649853,237041,1.3963957657096433,43,1.3524483136630998
head_by_source_interaction_vs_white,0.9,whitened_mlp,mlp,pc1_mse,0.16094365873092156,137041,0.0938153179543549,41,-0.16657543900716565
head_by_source_interaction_vs_white,0.9,whitened_mlp,mlp,pc1_mse,0.16094365873092156,137041,0.0938153179543549,42,0.012496811432035848
head_by_source_interaction_vs_white,0.9,whitened_mlp,mlp,pc1_mse,0.16094365873092156,137041,0.0938153179543549,43,0.4355245814381945
head_by_source_interaction_vs_white,0.9,whitened_mlp,mlp,pc1_mse,0.16094365873092156,237041,0.22807199950748824,41,0.5350739467379944
head_by_source_interaction_vs_white,0.9,whitened_mlp,mlp,pc1_mse,0.16094365873092156,237041,0.22807199950748824,42,-0.054794634103817685
head_by_source_interaction_vs_white,0.9,whitened_mlp,mlp,pc1_mse,0.16094365873092156,237041,0.22807199950748824,43,0.20393668588828806
source_difference_vs_white,0.9,mlp,mlp,pc1_mse,7.391679837789912,137041,7.412870921452158,41,7.647589311552922
source_difference_vs_white,0.9,mlp,mlp,pc1_mse,7.391679837789912,137041,7.412870921452158,42,7.470696908138997
source_difference_vs_white,0.9,mlp,mlp,pc1_mse,7.391679837789912,137041,7.412870921452158,43,7.120326544664557
source_difference_vs_white,0.9,mlp,mlp,pc1_mse,7.391679837789912,237041,7.370488754127666,41,7.559465692459648
source_difference_vs_white,0.9,mlp,mlp,pc1_mse,7.391679837789912,237041,7.370488754127666,42,7.39969672204647
source_difference_vs_white,0.9,mlp,mlp,pc1_mse,7.391679837789912,237041,7.370488754127666,43,7.15230384787688
source_difference_vs_white,0.9,s4,s4,pc1_mse,7.656751591234405,137041,7.557942942495075,41,7.539236756158762
source_difference_vs_white,0.9,s4,s4,pc1_mse,7.656751591234405,137041,7.557942942495075,42,7.477578276856662
source_difference_vs_white,0.9,s4,s4,pc1_mse,7.656751591234405,137041,7.557942942495075,43,7.657013794469799
source_difference_vs_white,0.9,s4,s4,pc1_mse,7.656751591234405,237041,7.755560239973735,41,7.690112560645993
source_difference_vs_white,0.9,s4,s4,pc1_mse,7.656751591234405,237041,7.755560239973735,42,7.803955135464627
source_difference_vs_white,0.9,s4,s4,pc1_mse,7.656751591234405,237041,7.755560239973735,43,7.772613023810584
source_difference_vs_white,0.9,whitened_mlp,whitened_mlp,pc1_mse,7.552623496520834,137041,7.5066862394065135,41,7.4810138725457564
source_difference_vs_white,0.9,whitened_mlp,whitened_mlp,pc1_mse,7.552623496520834,137041,7.5066862394065135,42,7.483193719571033
source_difference_vs_white,0.9,whitened_mlp,whitened_mlp,pc1_mse,7.552623496520834,137041,7.5066862394065135,43,7.555851126102752
source_difference_vs_white,0.9,whitened_mlp,whitened_mlp,pc1_mse,7.552623496520834,237041,7.598560753635154,41,8.094539639197642
source_difference_vs_white,0.9,whitened_mlp,whitened_mlp,pc1_mse,7.552623496520834,237041,7.598560753635154,42,7.3449020879426525
source_difference_vs_white,0.9,whitened_mlp,whitened_mlp,pc1_mse,7.552623496520834,237041,7.598560753635154,43,7.356240533765168
head_difference,0.9,s4,mlp,pc2_mse,0.003223557411772049,137041,-0.03252197114548746,41,-0.04831647695311325
head_difference,0.9,s4,mlp,pc2_mse,0.003223557411772049,137041,-0.03252197114548746,42,-0.08336897908836916
head_difference,0.9,s4,mlp,pc2_mse,0.003223557411772049,137041,-0.03252197114548746,43,0.03411954260502004
head_difference,0.9,s4,mlp,pc2_mse,0.003223557411772049,237041,0.03896908596903156,41,0.01933326062296592
head_difference,0.9,s4,mlp,pc2_mse,0.003223557411772049,237041,0.03896908596903156,42,-0.003807722385039458
head_difference,0.9,s4,mlp,pc2_mse,0.003223557411772049,237041,0.03896908596903156,43,0.1013817196691682
head_by_source_interaction_vs_white,0.9,s4,mlp,pc2_mse,0.016300360234587623,137041,-0.0025261417331076488,41,-0.037221350134653886
head_by_source_interaction_vs_white,0.9,s4,mlp,pc2_mse,0.016300360234587623,137041,-0.0025261417331076488,42,-0.07638780595699268
head_by_source_interaction_vs_white,0.9,s4,mlp,pc2_mse,0.016300360234587623,137041,-0.0025261417331076488,43,0.10603073089232362
head_by_source_interaction_vs_white,0.9,s4,mlp,pc2_mse,0.016300360234587623,237041,0.035126862202282894,41,0.009962570132696413
head_by_source_interaction_vs_white,0.9,s4,mlp,pc2_mse,0.016300360234587623,237041,0.035126862202282894,42,-0.004621520240984278
head_by_source_interaction_vs_white,0.9,s4,mlp,pc2_mse,0.016300360234587623,237041,0.035126862202282894,43,0.10003953671513655
head_difference,0.9,whitened_mlp,mlp,pc2_mse,0.045043764553923005,137041,0.05759182700624388,41,0.04115687574311
head_difference,0.9,whitened_mlp,mlp,pc2_mse,0.045043764553923005,137041,0.05759182700624388,42,0.0732468636535164
head_difference,0.9,whitened_mlp,mlp,pc2_mse,0.045043764553923005,137041,0.05759182700624388,43,0.05837174162210523
head_difference,0.9,whitened_mlp,mlp,pc2_mse,0.045043764553923005,237041,0.03249570210160213,41,0.007213852367700113
head_difference,0.9,whitened_mlp,mlp,pc2_mse,0.045043764553923005,237041,0.03249570210160213,42,0.05494503085787361
head_difference,0.9,whitened_mlp,mlp,pc2_mse,0.045043764553923005,237041,0.03249570210160213,43,0.03532822307923267
head_by_source_interaction_vs_white,0.9,whitened_mlp,mlp,pc2_mse,-0.15290516096275178,137041,-0.14445258691167787,41,-0.1609847149283148
head_by_source_interaction_vs_white,0.9,whitened_mlp,mlp,pc2_mse,-0.15290516096275178,137041,-0.14445258691167787,42,-0.14813524405549705
head_by_source_interaction_vs_white,0.9,whitened_mlp,mlp,pc2_mse,-0.15290516096275178,137041,-0.14445258691167787,43,-0.12423780175122179
head_by_source_interaction_vs_white,0.9,whitened_mlp,mlp,pc2_mse,-0.15290516096275178,237041,-0.1613577350138257,41,-0.184490434010399
head_by_source_interaction_vs_white,0.9,whitened_mlp,mlp,pc2_mse,-0.15290516096275178,237041,-0.1613577350138257,42,-0.12957645174988475
head_by_source_interaction_vs_white,0.9,whitened_mlp,mlp,pc2_mse,-0.15290516096275178,237041,-0.1613577350138257,43,-0.17000631928119336
source_difference_vs_white,0.9,mlp,mlp,pc2_mse,1.5681537456831194,137041,1.607030928225581,41,1.6262062607646426
source_difference_vs_white,0.9,mlp,mlp,pc2_mse,1.5681537456831194,137041,1.607030928225581,42,1.6163005656452807
source_difference_vs_white,0.9,mlp,mlp,pc2_mse,1.5681537456831194,137041,1.607030928225581,43,1.5785859582668205
source_difference_vs_white,0.9,mlp,mlp,pc2_mse,1.5681537456831194,237041,1.5292765631406577,41,1.5682008537562901
source_difference_vs_white,0.9,mlp,mlp,pc2_mse,1.5681537456831194,237041,1.5292765631406577,42,1.5123725400719947
source_difference_vs_white,0.9,mlp,mlp,pc2_mse,1.5681537456831194,237041,1.5292765631406577,43,1.5072562955936886
source_difference_vs_white,0.9,s4,s4,pc2_mse,1.584454105917707,137041,1.6045047864924735,41,1.5889849106299887
source_difference_vs_white,0.9,s4,s4,pc2_mse,1.584454105917707,137041,1.6045047864924735,42,1.539912759688288
source_difference_vs_white,0.9,s4,s4,pc2_mse,1.584454105917707,137041,1.6045047864924735,43,1.684616689159144
source_difference_vs_white,0.9,s4,s4,pc2_mse,1.584454105917707,237041,1.5644034253429406,41,1.5781634238889866
source_difference_vs_white,0.9,s4,s4,pc2_mse,1.584454105917707,237041,1.5644034253429406,42,1.5077510198310105
source_difference_vs_white,0.9,s4,s4,pc2_mse,1.584454105917707,237041,1.5644034253429406,43,1.6072958323088251
source_difference_vs_white,0.9,whitened_mlp,whitened_mlp,pc2_mse,1.4152485847203677,137041,1.4625783413139033,41,1.4652215458363278
source_difference_vs_white,0.9,whitened_mlp,whitened_mlp,pc2_mse,1.4152485847203677,137041,1.4625783413139033,42,1.4681653215897836
source_difference_vs_white,0.9,whitened_mlp,whitened_mlp,pc2_mse,1.4152485847203677,137041,1.4625783413139033,43,1.4543481565155987
source_difference_vs_white,0.9,whitened_mlp,whitened_mlp,pc2_mse,1.4152485847203677,237041,1.3679188281268322,41,1.3837104197458912
source_difference_vs_white,0.9,whitened_mlp,whitened_mlp,pc2_mse,1.4152485847203677,237041,1.3679188281268322,42,1.38279608832211
source_difference_vs_white,0.9,whitened_mlp,whitened_mlp,pc2_mse,1.4152485847203677,237041,1.3679188281268322,43,1.3372499763124952
head_difference,0.9,s4,mlp,residual_mse,0.0045660042982162575,137041,0.004195445780553503,41,0.0008064070012078067
head_difference,0.9,s4,mlp,residual_mse,0.0045660042982162575,137041,0.004195445780553503,42,0.006751152835508284
head_difference,0.9,s4,mlp,residual_mse,0.0045660042982162575,137041,0.004195445780553503,43,0.005028777504944418
head_difference,0.9,s4,mlp,residual_mse,0.0045660042982162575,237041,0.004936562815879013,41,0.004337500379585454
head_difference,0.9,s4,mlp,residual_mse,0.0045660042982162575,237041,0.004936562815879013,42,0.005402388112658807
head_difference,0.9,s4,mlp,residual_mse,0.0045660042982162575,237041,0.004936562815879013,43,0.005069799955392779
head_by_source_interaction_vs_white,0.9,s4,mlp,residual_mse,-0.0007898454805552735,137041,0.0002989366429125284,41,-0.003116822306896777
head_by_source_interaction_vs_white,0.9,s4,mlp,residual_mse,-0.0007898454805552735,137041,0.0002989366429125284,42,0.006068662802282909
head_by_source_interaction_vs_white,0.9,s4,mlp,residual_mse,-0.0007898454805552735,137041,0.0002989366429125284,43,-0.002055030566648547
head_by_source_interaction_vs_white,0.9,s4,mlp,residual_mse,-0.0007898454805552735,237041,-0.0018786276040230754,41,-0.003507815371480899
head_by_source_interaction_vs_white,0.9,s4,mlp,residual_mse,-0.0007898454805552735,237041,-0.0018786276040230754,42,0.002532174522403771
head_by_source_interaction_vs_white,0.9,s4,mlp,residual_mse,-0.0007898454805552735,237041,-0.0018786276040230754,43,-0.004660241962992098
head_difference,0.9,whitened_mlp,mlp,residual_mse,-0.02457040232798352,137041,-0.022643545847777658,41,-0.022322420260991446
head_difference,0.9,whitened_mlp,mlp,residual_mse,-0.02457040232798352,137041,-0.022643545847777658,42,-0.022578859387317914
head_difference,0.9,whitened_mlp,mlp,residual_mse,-0.02457040232798352,137041,-0.022643545847777658,43,-0.023029357895023625
head_difference,0.9,whitened_mlp,mlp,residual_mse,-0.02457040232798352,237041,-0.026497258808189383,41,-0.0252611057660974
head_difference,0.9,whitened_mlp,mlp,residual_mse,-0.02457040232798352,237041,-0.026497258808189383,42,-0.027180378534276614
head_difference,0.9,whitened_mlp,mlp,residual_mse,-0.02457040232798352,237041,-0.026497258808189383,43,-0.027050292124194124
head_by_source_interaction_vs_white,0.9,whitened_mlp,mlp,residual_mse,-0.0027332016262439918,137041,-0.00228237961223147,41,-0.0007916070385645818
head_by_source_interaction_vs_white,0.9,whitened_mlp,mlp,residual_mse,-0.0027332016262439918,137041,-0.00228237961223147,42,-0.002429267125640816
head_by_source_interaction_vs_white,0.9,whitened_mlp,mlp,residual_mse,-0.0027332016262439918,137041,-0.00228237961223147,43,-0.003626264672489013
head_by_source_interaction_vs_white,0.9,whitened_mlp,mlp,residual_mse,-0.0027332016262439918,237041,-0.0031840236402565134,41,-0.0027275138152650924
head_by_source_interaction_vs_white,0.9,whitened_mlp,mlp,residual_mse,-0.0027332016262439918,237041,-0.0031840236402565134,42,-0.0031318889942421185
head_by_source_interaction_vs_white,0.9,whitened_mlp,mlp,residual_mse,-0.0027332016262439918,237041,-0.0031840236402565134,43,-0.003692668111262329
source_difference_vs_white,0.9,mlp,mlp,residual_mse,-0.03088042101141459,137041,-0.032443512439737525,41,-0.032842836760366464
source_difference_vs_white,0.9,mlp,mlp,residual_mse,-0.03088042101141459,137041,-0.032443512439737525,42,-0.03317645725569922
source_difference_vs_white,0.9,mlp,mlp,residual_mse,-0.03088042101141459,137041,-0.032443512439737525,43,-0.031311243303146885
source_difference_vs_white,0.9,mlp,mlp,residual_mse,-0.03088042101141459,237041,-0.029317329583091658,41,-0.029311185717161584
source_difference_vs_white,0.9,mlp,mlp,residual_mse,-0.03088042101141459,237041,-0.029317329583091658,42,-0.02989556998008995
source_difference_vs_white,0.9,mlp,mlp,residual_mse,-0.03088042101141459,237041,-0.029317329583091658,43,-0.028745233052023436
source_difference_vs_white,0.9,s4,s4,residual_mse,-0.03167026649196986,137041,-0.032144575796824996,41,-0.03595965906726324
source_difference_vs_white,0.9,s4,s4,residual_mse,-0.03167026649196986,137041,-0.032144575796824996,42,-0.02710779445341631
source_difference_vs_white,0.9,s4,s4,residual_mse,-0.03167026649196986,137041,-0.032144575796824996,43,-0.03336627386979543
source_difference_vs_white,0.9,s4,s4,residual_mse,-0.03167026649196986,237041,-0.031195957187114733,41,-0.03281900108864248
source_difference_vs_white,0.9,s4,s4,residual_mse,-0.03167026649196986,237041,-0.031195957187114733,42,-0.02736339545768618
source_difference_vs_white,0.9,s4,s4,residual_mse,-0.03167026649196986,237041,-0.031195957187114733,43,-0.033405475015015534
source_difference_vs_white,0.9,whitened_mlp,whitened_mlp,residual_mse,-0.033613622637658574,137041,-0.034725892051968986,41,-0.033634443798931046
source_difference_vs_white,0.9,whitened_mlp,whitened_mlp,residual_mse,-0.033613622637658574,137041,-0.034725892051968986,42,-0.03560572438134003
source_difference_vs_white,0.9,whitened_mlp,whitened_mlp,residual_mse,-0.033613622637658574,137041,-0.034725892051968986,43,-0.0349375079756359
source_difference_vs_white,0.9,whitened_mlp,whitened_mlp,residual_mse,-0.033613622637658574,237041,-0.03250135322334816,41,-0.032038699532426676
source_difference_vs_white,0.9,whitened_mlp,whitened_mlp,residual_mse,-0.033613622637658574,237041,-0.03250135322334816,42,-0.03302745897433207
source_difference_vs_white,0.9,whitened_mlp,whitened_mlp,residual_mse,-0.033613622637658574,237041,-0.03250135322334816,43,-0.03243790116328576
head_difference,0.9,s4,mlp,residual_normalized_mse,0.019585289787059847,137041,0.021740258687753772,41,-0.0001602807236215642
head_difference,0.9,s4,mlp,residual_normalized_mse,0.019585289787059847,137041,0.021740258687753772,42,0.05119628347477345
head_difference,0.9,s4,mlp,residual_normalized_mse,0.019585289787059847,137041,0.021740258687753772,43,0.014184773312109433
head_difference,0.9,s4,mlp,residual_normalized_mse,0.019585289787059847,237041,0.017430320886365924,41,0.021939123166127728
head_difference,0.9,s4,mlp,residual_normalized_mse,0.019585289787059847,237041,0.017430320886365924,42,0.02027891950086097
head_difference,0.9,s4,mlp,residual_normalized_mse,0.019585289787059847,237041,0.017430320886365924,43,0.010072919992109075
head_by_source_interaction_vs_white,0.9,s4,mlp,residual_normalized_mse,0.015280242774943463,137041,0.018504024061765042,41,-0.002736494051277766
head_by_source_interaction_vs_white,0.9,s4,mlp,residual_normalized_mse,0.015280242774943463,137041,0.018504024061765042,42,0.05103128156314882
head_by_source_interaction_vs_white,0.9,s4,mlp,residual_normalized_mse,0.015280242774943463,137041,0.018504024061765042,43,0.007217284673424071
head_by_source_interaction_vs_white,0.9,s4,mlp,residual_normalized_mse,0.015280242774943463,237041,0.012056461488121886,41,0.0165797135983798
head_by_source_interaction_vs_white,0.9,s4,mlp,residual_normalized_mse,0.015280242774943463,237041,0.012056461488121886,42,0.018167435251857517
head_by_source_interaction_vs_white,0.9,s4,mlp,residual_normalized_mse,0.015280242774943463,237041,0.012056461488121886,43,0.0014222356141283393
head_difference,0.9,whitened_mlp,mlp,residual_normalized_mse,-0.21456378664032505,137041,-0.20472927441911196,41,-0.1990197763288052
head_difference,0.9,whitened_mlp,mlp,residual_normalized_mse,-0.21456378664032505,137041,-0.20472927441911196,42,-0.20497788297243874
head_difference,0.9,whitened_mlp,mlp,residual_normalized_mse,-0.21456378664032505,137041,-0.20472927441911196,43,-0.2101901639560919
head_difference,0.9,whitened_mlp,mlp,residual_normalized_mse,-0.21456378664032505,237041,-0.22439829886153814,41,-0.2152818544139904
head_difference,0.9,whitened_mlp,mlp,residual_normalized_mse,-0.21456378664032505,237041,-0.22439829886153814,42,-0.2308164513230327
head_difference,0.9,whitened_mlp,mlp,residual_normalized_mse,-0.21456378664032505,237041,-0.22439829886153814,43,-0.22709659084759126
head_by_source_interaction_vs_white,0.9,whitened_mlp,mlp,residual_normalized_mse,-0.19278383834660257,137041,-0.1837369068279704,41,-0.17712957651777406
head_by_source_interaction_vs_white,0.9,whitened_mlp,mlp,residual_normalized_mse,-0.19278383834660257,137041,-0.1837369068279704,42,-0.18368674364744936
head_by_source_interaction_vs_white,0.9,whitened_mlp,mlp,residual_normalized_mse,-0.19278383834660257,137041,-0.1837369068279704,43,-0.19039440031868782
head_by_source_interaction_vs_white,0.9,whitened_mlp,mlp,residual_normalized_mse,-0.19278383834660257,237041,-0.2018307698652347,41,-0.19342261434225227
head_by_source_interaction_vs_white,0.9,whitened_mlp,mlp,residual_normalized_mse,-0.19278383834660257,237041,-0.2018307698652347,42,-0.2071878555309018
head_by_source_interaction_vs_white,0.9,whitened_mlp,mlp,residual_normalized_mse,-0.19278383834660257,237041,-0.2018307698652347,43,-0.20488183972255009
source_difference_vs_white,0.9,mlp,mlp,residual_normalized_mse,0.22411360071634215,137041,0.21595398321483641,41,0.20977535142127846
source_difference_vs_white,0.9,mlp,mlp,residual_normalized_mse,0.22411360071634215,137041,0.21595398321483641,42,0.2154493819622137
source_difference_vs_white,0.9,mlp,mlp,residual_normalized_mse,0.22411360071634215,137041,0.21595398321483641,43,0.22263721626101712
source_difference_vs_white,0.9,mlp,mlp,residual_normalized_mse,0.22411360071634215,237041,0.23227321821784788,41,0.2241289646223807
source_difference_vs_white,0.9,mlp,mlp,residual_normalized_mse,0.22411360071634215,237041,0.23227321821784788,42,0.23720057196334127
source_difference_vs_white,0.9,mlp,mlp,residual_normalized_mse,0.22411360071634215,237041,0.23227321821784788,43,0.23549011806782166
source_difference_vs_white,0.9,s4,s4,residual_normalized_mse,0.23939384349128562,137041,0.2344580072766015,41,0.20703885737000072
source_difference_vs_white,0.9,s4,s4,residual_normalized_mse,0.23939384349128562,137041,0.2344580072766015,42,0.26648066352536254
source_difference_vs_white,0.9,s4,s4,residual_normalized_mse,0.23939384349128562,137041,0.2344580072766015,43,0.22985450093444118
source_difference_vs_white,0.9,s4,s4,residual_normalized_mse,0.23939384349128562,237041,0.24432967970596975,41,0.2407086782207605
source_difference_vs_white,0.9,s4,s4,residual_normalized_mse,0.23939384349128562,237041,0.24432967970596975,42,0.2553680072151988
source_difference_vs_white,0.9,s4,s4,residual_normalized_mse,0.23939384349128562,237041,0.24432967970596975,43,0.23691235368195
source_difference_vs_white,0.9,whitened_mlp,whitened_mlp,residual_normalized_mse,0.03132976236973959,137041,0.032217076386866016,41,0.032645774903504385
source_difference_vs_white,0.9,whitened_mlp,whitened_mlp,residual_normalized_mse,0.03132976236973959,137041,0.032217076386866016,42,0.03176263831476433
source_difference_vs_white,0.9,whitened_mlp,whitened_mlp,residual_normalized_mse,0.03132976236973959,137041,0.032217076386866016,43,0.03224281594232934
source_difference_vs_white,0.9,whitened_mlp,whitened_mlp,residual_normalized_mse,0.03132976236973959,237041,0.030442448352613168,41,0.03070635028012842
source_difference_vs_white,0.9,whitened_mlp,whitened_mlp,residual_normalized_mse,0.03132976236973959,237041,0.030442448352613168,42,0.030012716432439475
source_difference_vs_white,0.9,whitened_mlp,whitened_mlp,residual_normalized_mse,0.03132976236973959,237041,0.030442448352613168,43,0.030608278345271606
head_difference,0.9,s4,mlp,roughness_ratio,-0.011029030817075253,137041,-0.006571781318233105,41,-0.022240033908079493
head_difference,0.9,s4,mlp,roughness_ratio,-0.011029030817075253,137041,-0.006571781318233105,42,0.028565209087745513
head_difference,0.9,s4,mlp,roughness_ratio,-0.011029030817075253,137041,-0.006571781318233105,43,-0.026040519134365336
head_difference,0.9,s4,mlp,roughness_ratio,-0.011029030817075253,237041,-0.015486280315917403,41,-0.01307639067313593
head_difference,0.9,s4,mlp,roughness_ratio,-0.011029030817075253,237041,-0.015486280315917403,42,-0.01477818790254637
head_difference,0.9,s4,mlp,roughness_ratio,-0.011029030817075253,237041,-0.015486280315917403,43,-0.018604262372069913
head_by_source_interaction_vs_white,0.9,s4,mlp,roughness_ratio,-0.002276858760627054,137041,0.0032130066322349307,41,-0.018483951917317443
head_by_source_interaction_vs_white,0.9,s4,mlp,roughness_ratio,-0.002276858760627054,137041,0.0032130066322349307,42,0.038183848074453186
head_by_source_interaction_vs_white,0.9,s4,mlp,roughness_ratio,-0.002276858760627054,137041,0.0032130066322349307,43,-0.010060876260430951
head_by_source_interaction_vs_white,0.9,s4,mlp,roughness_ratio,-0.002276858760627054,237041,-0.007766724153489039,41,0.007192242718931707
head_by_source_interaction_vs_white,0.9,s4,mlp,roughness_ratio,-0.002276858760627054,237041,-0.007766724153489039,42,-0.01820145632353265
head_by_source_interaction_vs_white,0.9,s4,mlp,roughness_ratio,-0.002276858760627054,237041,-0.007766724153489039,43,-0.012290958855866174
head_difference,0.9,whitened_mlp,mlp,roughness_ratio,-0.07695738867499327,137041,-0.07250020432111626,41,-0.07618879505168996
head_difference,0.9,whitened_mlp,mlp,roughness_ratio,-0.07695738867499327,137041,-0.07250020432111626,42,-0.06963034332165075
head_difference,0.9,whitened_mlp,mlp,roughness_ratio,-0.07695738867499327,137041,-0.07250020432111626,43,-0.07168147459000807
head_difference,0.9,whitened_mlp,mlp,roughness_ratio,-0.07695738867499327,237041,-0.0814145730288703,41,-0.08507904243027586
head_difference,0.9,whitened_mlp,mlp,roughness_ratio,-0.07695738867499327,237041,-0.0814145730288703,42,-0.10894999442047193
head_difference,0.9,whitened_mlp,mlp,roughness_ratio,-0.07695738867499327,237041,-0.0814145730288703,43,-0.05021468223586312
head_by_source_interaction_vs_white,0.9,whitened_mlp,mlp,roughness_ratio,-0.14412243495505372,137041,-0.137272687961551,41,-0.14050806540097116
head_by_source_interaction_vs_white,0.9,whitened_mlp,mlp,roughness_ratio,-0.14412243495505372,137041,-0.137272687961551,42,-0.12379687244963988
head_by_source_interaction_vs_white,0.9,whitened_mlp,mlp,roughness_ratio,-0.14412243495505372,137041,-0.137272687961551,43,-0.14751312603404199
head_by_source_interaction_vs_white,0.9,whitened_mlp,mlp,roughness_ratio,-0.14412243495505372,237041,-0.1509721819485564,41,-0.1402550557052229
head_by_source_interaction_vs_white,0.9,whitened_mlp,mlp,roughness_ratio,-0.14412243495505372,237041,-0.1509721819485564,42,-0.16279571081292654
head_by_source_interaction_vs_white,0.9,whitened_mlp,mlp,roughness_ratio,-0.14412243495505372,237041,-0.1509721819485564,43,-0.14986577932751977
source_difference_vs_white,0.9,mlp,mlp,roughness_ratio,0.10512894647835419,137041,0.09577083307146288,41,0.10533536230606533
source_difference_vs_white,0.9,mlp,mlp,roughness_ratio,0.10512894647835419,137041,0.09577083307146288,42,0.08450050014000854
source_difference_vs_white,0.9,mlp,mlp,roughness_ratio,0.10512894647835419,137041,0.09577083307146288,43,0.09747663676831475
source_difference_vs_white,0.9,mlp,mlp,roughness_ratio,0.10512894647835419,237041,0.1144870598852455,41,0.11456625662451425
source_difference_vs_white,0.9,mlp,mlp,roughness_ratio,0.10512894647835419,237041,0.1144870598852455,42,0.13029232146668246
source_difference_vs_white,0.9,mlp,mlp,roughness_ratio,0.10512894647835419,237041,0.1144870598852455,43,0.09860260156453982
source_difference_vs_white,0.9,s4,s4,roughness_ratio,0.10285208771772711,137041,0.0989838397036978,41,0.08685141038874788
source_difference_vs_white,0.9,s4,s4,roughness_ratio,0.10285208771772711,137041,0.0989838397036978,42,0.12268434821446172
source_difference_vs_white,0.9,s4,s4,roughness_ratio,0.10285208771772711,137041,0.0989838397036978,43,0.0874157605078838
source_difference_vs_white,0.9,s4,s4,roughness_ratio,0.10285208771772711,237041,0.10672033573175643,41,0.12175849934344585
source_difference_vs_white,0.9,s4,s4,roughness_ratio,0.10285208771772711,237041,0.10672033573175643,42,0.11209086514314981
source_difference_vs_white,0.9,s4,s4,roughness_ratio,0.10285208771772711,237041,0.10672033573175643,43,0.08631164270867364
source_difference_vs_white,0.9,whitened_mlp,whitened_mlp,roughness_ratio,-0.03899348847669952,137041,-0.04150185489008814,41,-0.03517270309490583
source_difference_vs_white,0.9,whitened_mlp,whitened_mlp,roughness_ratio,-0.03899348847669952,137041,-0.04150185489008814,42,-0.039296372309631344
source_difference_vs_white,0.9,whitened_mlp,whitened_mlp,roughness_ratio,-0.03899348847669952,137041,-0.04150185489008814,43,-0.050036489265727235
source_difference_vs_white,0.9,whitened_mlp,whitened_mlp,roughness_ratio,-0.03899348847669952,237041,-0.03648512206331089,41,-0.025688799080708646
source_difference_vs_white,0.9,whitened_mlp,whitened_mlp,roughness_ratio,-0.03899348847669952,237041,-0.03648512206331089,42,-0.03250338934624408
source_difference_vs_white,0.9,whitened_mlp,whitened_mlp,roughness_ratio,-0.03899348847669952,237041,-0.03648512206331089,43,-0.05126317776297995
head_difference,0.9,s4,mlp,fair_crps,-0.007911991682892139,137041,-0.00625198759431278,41,-0.006897672152068157
head_difference,0.9,s4,mlp,fair_crps,-0.007911991682892139,137041,-0.00625198759431278,42,-0.007496745794876025
head_difference,0.9,s4,mlp,fair_crps,-0.007911991682892139,137041,-0.00625198759431278,43,-0.004361544835994158
head_difference,0.9,s4,mlp,fair_crps,-0.007911991682892139,237041,-0.009571995771471498,41,-0.016969229362105598
head_difference,0.9,s4,mlp,fair_crps,-0.007911991682892139,237041,-0.009571995771471498,42,-0.011085818529663338
head_difference,0.9,s4,mlp,fair_crps,-0.007911991682892139,237041,-0.009571995771471498,43,-0.0006609394226455567
head_by_source_interaction_vs_white,0.9,s4,mlp,fair_crps,-0.003631758551805716,137041,-0.008285325445363053,41,0.0033221225116519815
head_by_source_interaction_vs_white,0.9,s4,mlp,fair_crps,-0.003631758551805716,137041,-0.008285325445363053,42,-0.02001408300733698
head_by_source_interaction_vs_white,0.9,s4,mlp,fair_crps,-0.003631758551805716,137041,-0.008285325445363053,43,-0.00816401584040416
head_by_source_interaction_vs_white,0.9,s4,mlp,fair_crps,-0.003631758551805716,237041,0.0010218083417516215,41,-0.01578317073656843
head_by_source_interaction_vs_white,0.9,s4,mlp,fair_crps,-0.003631758551805716,237041,0.0010218083417516215,42,0.0034537178626900533
head_by_source_interaction_vs_white,0.9,s4,mlp,fair_crps,-0.003631758551805716,237041,0.0010218083417516215,43,0.015394877899133241
head_difference,0.9,whitened_mlp,mlp,fair_crps,0.031854022290915926,137041,0.028919289444290674,41,0.01745855134240204
head_difference,0.9,whitened_mlp,mlp,fair_crps,0.031854022290915926,137041,0.028919289444290674,42,0.03684835241376805
head_difference,0.9,whitened_mlp,mlp,fair_crps,0.031854022290915926,137041,0.028919289444290674,43,0.032450964576701935
head_difference,0.9,whitened_mlp,mlp,fair_crps,0.031854022290915926,237041,0.034788755137541184,41,0.04473465173242669
head_difference,0.9,whitened_mlp,mlp,fair_crps,0.031854022290915926,237041,0.034788755137541184,42,0.029555155985290238
head_difference,0.9,whitened_mlp,mlp,fair_crps,0.031854022290915926,237041,0.034788755137541184,43,0.030076457694906633
head_by_source_interaction_vs_white,0.9,whitened_mlp,mlp,fair_crps,-0.027628037044712745,137041,-0.03481753488369269,41,-0.025946470996995985
head_by_source_interaction_vs_white,0.9,whitened_mlp,mlp,fair_crps,-0.027628037044712745,137041,-0.03481753488369269,42,-0.051278510144146194
head_by_source_interaction_vs_white,0.9,whitened_mlp,mlp,fair_crps,-0.027628037044712745,137041,-0.03481753488369269,43,-0.027227623509935905
head_by_source_interaction_vs_white,0.9,whitened_mlp,mlp,fair_crps,-0.027628037044712745,237041,-0.020438539205732797,41,-0.01332743661458935
head_by_source_interaction_vs_white,0.9,whitened_mlp,mlp,fair_crps,-0.027628037044712745,237041,-0.020438539205732797,42,-0.029095997287157727
head_by_source_interaction_vs_white,0.9,whitened_mlp,mlp,fair_crps,-0.027628037044712745,237041,-0.020438539205732797,43,-0.018892183715451316
source_difference_vs_white,0.9,mlp,mlp,fair_crps,-0.008650358354541263,137041,-0.008097968127396086,41,-0.01274633459800345
source_difference_vs_white,0.9,mlp,mlp,fair_crps,-0.008650358354541263,137041,-0.008097968127396086,42,-0.005935575911334312
source_difference_vs_white,0.9,mlp,mlp,fair_crps,-0.008650358354541263,137041,-0.008097968127396086,43,-0.005611993872850496
source_difference_vs_white,0.9,mlp,mlp,fair_crps,-0.008650358354541263,237041,-0.00920274858168644,41,-0.00342098552632214
source_difference_vs_white,0.9,mlp,mlp,fair_crps,-0.008650358354541263,237041,-0.00920274858168644,42,-0.011752948712111189
source_difference_vs_white,0.9,mlp,mlp,fair_crps,-0.008650358354541263,237041,-0.00920274858168644,43,-0.012434311506625995
source_difference_vs_white,0.9,s4,s4,fair_crps,-0.01228211690634699,137041,-0.01638329357275914,41,-0.009424212086351469
source_difference_vs_white,0.9,s4,s4,fair_crps,-0.01228211690634699,137041,-0.01638329357275914,42,-0.025949658918671292
source_difference_vs_white,0.9,s4,s4,fair_crps,-0.01228211690634699,137041,-0.01638329357275914,43,-0.013776009713254656
source_difference_vs_white,0.9,s4,s4,fair_crps,-0.01228211690634699,237041,-0.008180940239934839,41,-0.019204156262890626
source_difference_vs_white,0.9,s4,s4,fair_crps,-0.01228211690634699,237041,-0.008180940239934839,42,-0.008299230849421135
source_difference_vs_white,0.9,s4,s4,fair_crps,-0.01228211690634699,237041,-0.008180940239934839,43,0.0029605663925072467
source_difference_vs_white,0.9,whitened_mlp,whitened_mlp,fair_crps,-0.036278395399254024,137041,-0.04291550301108878,41,-0.038692805594999435
source_difference_vs_white,0.9,whitened_mlp,whitened_mlp,fair_crps,-0.036278395399254024,137041,-0.04291550301108878,42,-0.057214086055480506
source_difference_vs_white,0.9,whitened_mlp,whitened_mlp,fair_crps,-0.036278395399254024,137041,-0.04291550301108878,43,-0.0328396173827864
source_difference_vs_white,0.9,whitened_mlp,whitened_mlp,fair_crps,-0.036278395399254024,237041,-0.029641287787419257,41,-0.016748422140911545
source_difference_vs_white,0.9,whitened_mlp,whitened_mlp,fair_crps,-0.036278395399254024,237041,-0.029641287787419257,42,-0.040848945999268915
source_difference_vs_white,0.9,whitened_mlp,whitened_mlp,fair_crps,-0.036278395399254024,237041,-0.029641287787419257,43,-0.03132649522207731
head_difference,0.9,s4,mlp,target_pca_tail_ratio,293.41715272074214,137041,344.1540577560202,41,40.05781528275497
head_difference,0.9,s4,mlp,target_pca_tail_ratio,293.41715272074214,137041,344.1540577560202,42,639.1864900513652
head_difference,0.9,s4,mlp,target_pca_tail_ratio,293.41715272074214,137041,344.1540577560202,43,353.2178679339404
head_difference,0.9,s4,mlp,target_pca_tail_ratio,293.41715272074214,237041,242.68024768546408,41,254.73525426801893
head_difference,0.9,s4,mlp,target_pca_tail_ratio,293.41715272074214,237041,242.68024768546408,42,306.91223191332335
head_difference,0.9,s4,mlp,target_pca_tail_ratio,293.41715272074214,237041,242.68024768546408,43,166.39325687504993
head_by_source_interaction_vs_white,0.9,s4,mlp,target_pca_tail_ratio,246.10686571335606,137041,296.2129277635475,41,-9.655838098846871
head_by_source_interaction_vs_white,0.9,s4,mlp,target_pca_tail_ratio,246.10686571335606,137041,296.2129277635475,42,645.9885695698839
head_by_source_interaction_vs_white,0.9,s4,mlp,target_pca_tail_ratio,246.10686571335606,137041,296.2129277635475,43,252.3060518196055
head_by_source_interaction_vs_white,0.9,s4,mlp,target_pca_tail_ratio,246.10686571335606,237041,196.00080366316465,41,228.6022957613902
head_by_source_interaction_vs_white,0.9,s4,mlp,target_pca_tail_ratio,246.10686571335606,237041,196.00080366316465,42,290.47681090636934
head_by_source_interaction_vs_white,0.9,s4,mlp,target_pca_tail_ratio,246.10686571335606,237041,196.00080366316465,43,68.92330432173435
head_difference,0.9,whitened_mlp,mlp,target_pca_tail_ratio,-873.0126726282334,137041,-770.202549734922,41,-763.9826697112085
head_difference,0.9,whitened_mlp,mlp,target_pca_tail_ratio,-873.0126726282334,137041,-770.202549734922,42,-726.2905943171244
head_difference,0.9,whitened_mlp,mlp,target_pca_tail_ratio,-873.0126726282334,137041,-770.202549734922,43,-820.334385176433
head_difference,0.9,whitened_mlp,mlp,target_pca_tail_ratio,-873.0126726282334,237041,-975.8227955215449,41,-895.4350201434067
head_difference,0.9,whitened_mlp,mlp,target_pca_tail_ratio,-873.0126726282334,237041,-975.8227955215449,42,-996.8141197854289
head_difference,0.9,whitened_mlp,mlp,target_pca_tail_ratio,-873.0126726282334,237041,-975.8227955215449,43,-1035.2192466357994
head_by_source_interaction_vs_white,0.9,whitened_mlp,mlp,target_pca_tail_ratio,-802.5736255299712,137041,-695.4389268428289,41,-689.5108111850926
head_by_source_interaction_vs_white,0.9,whitened_mlp,mlp,target_pca_tail_ratio,-802.5736255299712,137041,-695.4389268428289,42,-644.0674790263707
head_by_source_interaction_vs_white,0.9,whitened_mlp,mlp,target_pca_tail_ratio,-802.5736255299712,137041,-695.4389268428289,43,-752.7384903170232
head_by_source_interaction_vs_white,0.9,whitened_mlp,mlp,target_pca_tail_ratio,-802.5736255299712,237041,-909.7083242171135,41,-830.6612450892042
head_by_source_interaction_vs_white,0.9,whitened_mlp,mlp,target_pca_tail_ratio,-802.5736255299712,237041,-909.7083242171135,42,-926.0525501046967
head_by_source_interaction_vs_white,0.9,whitened_mlp,mlp,target_pca_tail_ratio,-802.5736255299712,237041,-909.7083242171135,43,-972.4111774574397
source_difference_vs_white,0.9,mlp,mlp,target_pca_tail_ratio,801.8178319778792,137041,694.6670015315996,41,688.8413947970269
source_difference_vs_white,0.9,mlp,mlp,target_pca_tail_ratio,801.8178319778792,137041,694.6670015315996,42,643.2699598507428
source_difference_vs_white,0.9,mlp,mlp,target_pca_tail_ratio,801.8178319778792,137041,694.6670015315996,43,751.8896499470292
source_difference_vs_white,0.9,mlp,mlp,target_pca_tail_ratio,801.8178319778792,237041,908.9686624241589,41,829.8641570927591
source_difference_vs_white,0.9,mlp,mlp,target_pca_tail_ratio,801.8178319778792,237041,908.9686624241589,42,925.2289933931069
source_difference_vs_white,0.9,mlp,mlp,target_pca_tail_ratio,801.8178319778792,237041,908.9686624241589,43,971.8128367866105
source_difference_vs_white,0.9,s4,s4,target_pca_tail_ratio,1047.9246976912355,137041,990.8799292951471,41,679.1855566981799
source_difference_vs_white,0.9,s4,s4,target_pca_tail_ratio,1047.9246976912355,137041,990.8799292951471,42,1289.2585294206267
source_difference_vs_white,0.9,s4,s4,target_pca_tail_ratio,1047.9246976912355,137041,990.8799292951471,43,1004.1957017666347
source_difference_vs_white,0.9,s4,s4,target_pca_tail_ratio,1047.9246976912355,237041,1104.9694660873236,41,1058.4664528541493
source_difference_vs_white,0.9,s4,s4,target_pca_tail_ratio,1047.9246976912355,237041,1104.9694660873236,42,1215.7058042994763
source_difference_vs_white,0.9,s4,s4,target_pca_tail_ratio,1047.9246976912355,237041,1104.9694660873236,43,1040.7361411083448
source_difference_vs_white,0.9,whitened_mlp,whitened_mlp,target_pca_tail_ratio,-0.7557935520919674,137041,-0.7719253112292609,41,-0.669416388065766
source_difference_vs_white,0.9,whitened_mlp,whitened_mlp,target_pca_tail_ratio,-0.7557935520919674,137041,-0.7719253112292609,42,-0.7975191756279317
source_difference_vs_white,0.9,whitened_mlp,whitened_mlp,target_pca_tail_ratio,-0.7557935520919674,137041,-0.7719253112292609,43,-0.848840369994085
source_difference_vs_white,0.9,whitened_mlp,whitened_mlp,target_pca_tail_ratio,-0.7557935520919674,237041,-0.7396617929546738,41,-0.7970879964449786
source_difference_vs_white,0.9,whitened_mlp,whitened_mlp,target_pca_tail_ratio,-0.7557935520919674,237041,-0.7396617929546738,42,-0.8235567115898588
source_difference_vs_white,0.9,whitened_mlp,whitened_mlp,target_pca_tail_ratio,-0.7557935520919674,237041,-0.7396617929546738,43,-0.598340670829184
head_difference,0.9,s4,mlp,fair_energy_score,-0.0326914819767116,137041,-0.01948860436933571,41,-0.018100697633980367
head_difference,0.9,s4,mlp,fair_energy_score,-0.0326914819767116,137041,-0.01948860436933571,42,-0.02692980566423575
head_difference,0.9,s4,mlp,fair_energy_score,-0.0326914819767116,137041,-0.01948860436933571,43,-0.013435309809791018
head_difference,0.9,s4,mlp,fair_energy_score,-0.0326914819767116,237041,-0.045894359584087496,41,-0.08174636070331864
head_difference,0.9,s4,mlp,fair_energy_score,-0.0326914819767116,237041,-0.045894359584087496,42,-0.06268239228582662
head_difference,0.9,s4,mlp,fair_energy_score,-0.0326914819767116,237041,-0.045894359584087496,43,0.0067456742368827705
head_by_source_interaction_vs_white,0.9,s4,mlp,fair_energy_score,-0.01149140455300146,137041,-0.029773073375165104,41,0.02360061250031187
head_by_source_interaction_vs_white,0.9,s4,mlp,fair_energy_score,-0.01149140455300146,137041,-0.029773073375165104,42,-0.07809445488409539
head_by_source_interaction_vs_white,0.9,s4,mlp,fair_energy_score,-0.01149140455300146,137041,-0.029773073375165104,43,-0.034825377741711794
head_by_source_interaction_vs_white,0.9,s4,mlp,fair_energy_score,-0.01149140455300146,237041,0.006790264269162183,41,-0.07701809526286496
head_by_source_interaction_vs_white,0.9,s4,mlp,fair_energy_score,-0.01149140455300146,237041,0.006790264269162183,42,0.008564930007734617
head_by_source_interaction_vs_white,0.9,s4,mlp,fair_energy_score,-0.01149140455300146,237041,0.006790264269162183,43,0.08882395806261689
head_difference,0.9,whitened_mlp,mlp,fair_energy_score,0.13146135605669937,137041,0.1133259234819534,41,0.06012332209767823
head_difference,0.9,whitened_mlp,mlp,fair_energy_score,0.13146135605669937,137041,0.1133259234819534,42,0.15166345848720475
head_difference,0.9,whitened_mlp,mlp,fair_energy_score,0.13146135605669937,137041,0.1133259234819534,43,0.1281909898609772
head_difference,0.9,whitened_mlp,mlp,fair_energy_score,0.13146135605669937,237041,0.14959678863144532,41,0.18081428244093933
head_difference,0.9,whitened_mlp,mlp,fair_energy_score,0.13146135605669937,237041,0.14959678863144532,42,0.12914195374281023
head_difference,0.9,whitened_mlp,mlp,fair_energy_score,0.13146135605669937,237041,0.14959678863144532,43,0.1388341297105864
head_by_source_interaction_vs_white,0.9,whitened_mlp,mlp,fair_energy_score,-0.12097391207869865,137041,-0.14864661230328466,41,-0.10681968827675181
head_by_source_interaction_vs_white,0.9,whitened_mlp,mlp,fair_energy_score,-0.12097391207869865,137041,-0.14864661230328466,42,-0.217558195359564
head_by_source_interaction_vs_white,0.9,whitened_mlp,mlp,fair_energy_score,-0.12097391207869865,137041,-0.14864661230328466,43,-0.12156195327353814
head_by_source_interaction_vs_white,0.9,whitened_mlp,mlp,fair_energy_score,-0.12097391207869865,237041,-0.09330121185411262,41,-0.06913702277735911
head_by_source_interaction_vs_white,0.9,whitened_mlp,mlp,fair_energy_score,-0.12097391207869865,237041,-0.09330121185411262,42,-0.13587559656517056
head_by_source_interaction_vs_white,0.9,whitened_mlp,mlp,fair_energy_score,-0.12097391207869865,237041,-0.09330121185411262,43,-0.0748910162198082
source_difference_vs_white,0.9,mlp,mlp,fair_energy_score,-0.0394917260413518,137041,-0.04120289454755607,41,-0.06241481964681128
source_difference_vs_white,0.9,mlp,mlp,fair_energy_score,-0.0394917260413518,137041,-0.04120289454755607,42,-0.0343455348329571
source_difference_vs_white,0.9,mlp,mlp,fair_energy_score,-0.0394917260413518,137041,-0.04120289454755607,43,-0.02684832916289981
source_difference_vs_white,0.9,mlp,mlp,fair_energy_score,-0.0394917260413518,237041,-0.03778055753514753,41,-0.005646144597065472
source_difference_vs_white,0.9,mlp,mlp,fair_energy_score,-0.0394917260413518,237041,-0.03778055753514753,42,-0.04834062872184797
source_difference_vs_white,0.9,mlp,mlp,fair_energy_score,-0.0394917260413518,237041,-0.03778055753514753,43,-0.05935489928652915
source_difference_vs_white,0.9,s4,s4,fair_energy_score,-0.050983130594353256,137041,-0.07097596792272116,41,-0.03881420714649941
source_difference_vs_white,0.9,s4,s4,fair_energy_score,-0.050983130594353256,137041,-0.07097596792272116,42,-0.11243998971705249
source_difference_vs_white,0.9,s4,s4,fair_energy_score,-0.050983130594353256,137041,-0.07097596792272116,43,-0.0616737069046116
source_difference_vs_white,0.9,s4,s4,fair_energy_score,-0.050983130594353256,237041,-0.030990293265985347,41,-0.08266423985993043
source_difference_vs_white,0.9,s4,s4,fair_energy_score,-0.050983130594353256,237041,-0.030990293265985347,42,-0.03977569871411335
source_difference_vs_white,0.9,s4,s4,fair_energy_score,-0.050983130594353256,237041,-0.030990293265985347,43,0.029469058776087742
source_difference_vs_white,0.9,whitened_mlp,whitened_mlp,fair_energy_score,-0.16046563812005044,137041,-0.1898495068508407,41,-0.1692345079235631
source_difference_vs_white,0.9,whitened_mlp,whitened_mlp,fair_energy_score,-0.16046563812005044,137041,-0.1898495068508407,42,-0.2519037301925211
source_difference_vs_white,0.9,whitened_mlp,whitened_mlp,fair_energy_score,-0.16046563812005044,137041,-0.1898495068508407,43,-0.14841028243643795
source_difference_vs_white,0.9,whitened_mlp,whitened_mlp,fair_energy_score,-0.16046563812005044,237041,-0.13108176938926017,41,-0.07478316737442459
source_difference_vs_white,0.9,whitened_mlp,whitened_mlp,fair_energy_score,-0.16046563812005044,237041,-0.13108176938926017,42,-0.18421622528701853
source_difference_vs_white,0.9,whitened_mlp,whitened_mlp,fair_energy_score,-0.16046563812005044,237041,-0.13108176938926017,43,-0.13424591550633735
head_difference,0.9,s4,mlp,fixed_target_residual_mse,0.004472330795837304,137041,0.004078866968485699,41,0.000652285193401006
head_difference,0.9,s4,mlp,fixed_target_residual_mse,0.004472330795837304,137041,0.004078866968485699,42,0.006691685895633001
head_difference,0.9,s4,mlp,fixed_target_residual_mse,0.004472330795837304,137041,0.004078866968485699,43,0.004892629816423091
head_difference,0.9,s4,mlp,fixed_target_residual_mse,0.004472330795837304,237041,0.00486579462318891,41,0.004243211576825889
head_difference,0.9,s4,mlp,fixed_target_residual_mse,0.004472330795837304,237041,0.00486579462318891,42,0.005375809641457049
head_difference,0.9,s4,mlp,fixed_target_residual_mse,0.004472330795837304,237041,0.00486579462318891,43,0.004978362651283791
head_by_source_interaction_vs_white,0.9,s4,mlp,fixed_target_residual_mse,-0.0009002091480505963,137041,0.00016324104465551456,41,-0.003285259350641931
head_by_source_interaction_vs_white,0.9,s4,mlp,fixed_target_residual_mse,-0.0009002091480505963,137041,0.00016324104465551456,42,0.005997423789869116
head_by_source_interaction_vs_white,0.9,s4,mlp,fixed_target_residual_mse,-0.0009002091480505963,137041,0.00016324104465551456,43,-0.0022224413052606418
head_by_source_interaction_vs_white,0.9,s4,mlp,fixed_target_residual_mse,-0.0009002091480505963,237041,-0.001963659340756707,41,-0.003607747015653584
head_by_source_interaction_vs_white,0.9,s4,mlp,fixed_target_residual_mse,-0.0009002091480505963,237041,-0.001963659340756707,42,0.0024937535191552618
head_by_source_interaction_vs_white,0.9,s4,mlp,fixed_target_residual_mse,-0.0009002091480505963,237041,-0.001963659340756707,43,-0.004776984525771799
head_difference,0.9,whitened_mlp,mlp,fixed_target_residual_mse,-0.02471416744140978,137041,-0.02280459233532145,41,-0.022573986333653352
head_difference,0.9,whitened_mlp,mlp,fixed_target_residual_mse,-0.02471416744140978,137041,-0.02280459233532145,42,-0.022721649134737364
head_difference,0.9,whitened_mlp,mlp,fixed_target_residual_mse,-0.02471416744140978,137041,-0.02280459233532145,43,-0.02311814153757364
head_difference,0.9,whitened_mlp,mlp,fixed_target_residual_mse,-0.02471416744140978,237041,-0.026623742547498108,41,-0.025363963621816372
head_difference,0.9,whitened_mlp,mlp,fixed_target_residual_mse,-0.02471416744140978,237041,-0.026623742547498108,42,-0.027345375336558016
head_difference,0.9,whitened_mlp,mlp,fixed_target_residual_mse,-0.02471416744140978,237041,-0.026623742547498108,43,-0.027161888684119936
head_by_source_interaction_vs_white,0.9,whitened_mlp,mlp,fixed_target_residual_mse,-0.002849498362506353,137041,-0.002419221512758867,41,-0.0010220575524493292
head_by_source_interaction_vs_white,0.9,whitened_mlp,mlp,fixed_target_residual_mse,-0.002849498362506353,137041,-0.002419221512758867,42,-0.0025430544717197495
head_by_source_interaction_vs_white,0.9,whitened_mlp,mlp,fixed_target_residual_mse,-0.002849498362506353,137041,-0.002419221512758867,43,-0.003692552514107522
head_by_source_interaction_vs_white,0.9,whitened_mlp,mlp,fixed_target_residual_mse,-0.002849498362506353,237041,-0.003279775212253838,41,-0.002804951685048962
head_by_source_interaction_vs_white,0.9,whitened_mlp,mlp,fixed_target_residual_mse,-0.002849498362506353,237041,-0.003279775212253838,42,-0.003255481978531094
head_by_source_interaction_vs_white,0.9,whitened_mlp,mlp,fixed_target_residual_mse,-0.002849498362506353,237041,-0.003279775212253838,43,-0.0037788919731814585
source_difference_vs_white,0.9,mlp,mlp,fixed_target_residual_mse,-0.034614066144283445,137041,-0.03621738178213096,41,-0.03656462101289723
source_difference_vs_white,0.9,mlp,mlp,fixed_target_residual_mse,-0.034614066144283445,137041,-0.03621738178213096,42,-0.03695107476298845
source_difference_vs_white,0.9,mlp,mlp,fixed_target_residual_mse,-0.034614066144283445,137041,-0.03621738178213096,43,-0.0351364495705072
source_difference_vs_white,0.9,mlp,mlp,fixed_target_residual_mse,-0.034614066144283445,237041,-0.03301075050643594,41,-0.03294188002086035
source_difference_vs_white,0.9,mlp,mlp,fixed_target_residual_mse,-0.034614066144283445,237041,-0.03301075050643594,42,-0.03363540938154623
source_difference_vs_white,0.9,mlp,mlp,fixed_target_residual_mse,-0.034614066144283445,237041,-0.03301075050643594,43,-0.03245496211690124
source_difference_vs_white,0.9,s4,s4,fixed_target_residual_mse,-0.035514275292334044,137041,-0.03605414073747545,41,-0.03984988036353916
source_difference_vs_white,0.9,s4,s4,fixed_target_residual_mse,-0.035514275292334044,137041,-0.03605414073747545,42,-0.030953650973119334
source_difference_vs_white,0.9,s4,s4,fixed_target_residual_mse,-0.035514275292334044,137041,-0.03605414073747545,43,-0.03735889087576784
source_difference_vs_white,0.9,s4,s4,fixed_target_residual_mse,-0.035514275292334044,237041,-0.03497440984719265,41,-0.03654962703651393
source_difference_vs_white,0.9,s4,s4,fixed_target_residual_mse,-0.035514275292334044,237041,-0.03497440984719265,42,-0.03114165586239097
source_difference_vs_white,0.9,s4,s4,fixed_target_residual_mse,-0.035514275292334044,237041,-0.03497440984719265,43,-0.03723194664267304
source_difference_vs_white,0.9,whitened_mlp,whitened_mlp,fixed_target_residual_mse,-0.0374635645067898,137041,-0.038636603294889826,41,-0.03758667856534657
source_difference_vs_white,0.9,whitened_mlp,whitened_mlp,fixed_target_residual_mse,-0.0374635645067898,137041,-0.038636603294889826,42,-0.03949412923470819
source_difference_vs_white,0.9,whitened_mlp,whitened_mlp,fixed_target_residual_mse,-0.0374635645067898,137041,-0.038636603294889826,43,-0.038829002084614726
source_difference_vs_white,0.9,whitened_mlp,whitened_mlp,fixed_target_residual_mse,-0.0374635645067898,237041,-0.03629052571868978,41,-0.03574683170590932
source_difference_vs_white,0.9,whitened_mlp,whitened_mlp,fixed_target_residual_mse,-0.0374635645067898,237041,-0.03629052571868978,42,-0.03689089136007732
source_difference_vs_white,0.9,whitened_mlp,whitened_mlp,fixed_target_residual_mse,-0.0374635645067898,237041,-0.03629052571868978,43,-0.0362338540900827
head_difference,0.9,s4,mlp,fixed_target_pc1_mse,0.17766832790557854,137041,0.04641824316788146,41,-0.26334934212361816
head_difference,0.9,s4,mlp,fixed_target_pc1_mse,0.17766832790557854,137041,0.04641824316788146,42,0.021233036652898107
head_difference,0.9,s4,mlp,fixed_target_pc1_mse,0.17766832790557854,137041,0.04641824316788146,43,0.3813710349743644
head_difference,0.9,s4,mlp,fixed_target_pc1_mse,0.17766832790557854,237041,0.30891841264327563,41,0.06421496138430882
head_difference,0.9,s4,mlp,fixed_target_pc1_mse,0.17766832790557854,237041,0.30891841264327563,42,0.334279926928442
head_difference,0.9,s4,mlp,fixed_target_pc1_mse,0.17766832790557854,237041,0.30891841264327563,43,0.5282603496170761
head_by_source_interaction_vs_white,0.9,s4,mlp,fixed_target_pc1_mse,0.25967018607152115,137041,0.13924700660158074,41,-0.1145615726616791
head_by_source_interaction_vs_white,0.9,s4,mlp,fixed_target_pc1_mse,0.25967018607152115,137041,0.13924700660158074,42,-0.0019119569514769452
head_by_source_interaction_vs_white,0.9,s4,mlp,fixed_target_pc1_mse,0.25967018607152115,137041,0.13924700660158074,43,0.5342145494178983
head_by_source_interaction_vs_white,0.9,s4,mlp,fixed_target_pc1_mse,0.25967018607152115,237041,0.38009336554146156,41,0.12606551506687413
head_by_source_interaction_vs_white,0.9,s4,mlp,fixed_target_pc1_mse,0.25967018607152115,237041,0.38009336554146156,42,0.3977881872118392
head_by_source_interaction_vs_white,0.9,s4,mlp,fixed_target_pc1_mse,0.25967018607152115,237041,0.38009336554146156,43,0.6164263943456714
head_difference,0.9,whitened_mlp,mlp,fixed_target_pc1_mse,1.4086113079858698,137041,1.3942482714204723,41,1.0963916243605993
head_difference,0.9,whitened_mlp,mlp,fixed_target_pc1_mse,1.4086113079858698,137041,1.3942482714204723,42,1.465356076237919
head_difference,0.9,whitened_mlp,mlp,fixed_target_pc1_mse,1.4086113079858698,137041,1.3942482714204723,43,1.6209971136628987
head_difference,0.9,whitened_mlp,mlp,fixed_target_pc1_mse,1.4086113079858698,237041,1.4229743445512675,41,1.743225535801768
head_difference,0.9,whitened_mlp,mlp,fixed_target_pc1_mse,1.4086113079858698,237041,1.4229743445512675,42,1.148296767079275
head_difference,0.9,whitened_mlp,mlp,fixed_target_pc1_mse,1.4086113079858698,237041,1.4229743445512675,43,1.3774007307727594
head_by_source_interaction_vs_white,0.9,whitened_mlp,mlp,fixed_target_pc1_mse,0.1846901630981317,137041,0.1150824921364002,41,-0.1458714563792558
head_by_source_interaction_vs_white,0.9,whitened_mlp,mlp,fixed_target_pc1_mse,0.1846901630981317,137041,0.1150824921364002,42,0.035114958388876794
head_by_source_interaction_vs_white,0.9,whitened_mlp,mlp,fixed_target_pc1_mse,0.1846901630981317,137041,0.1150824921364002,43,0.4560039743995796
head_by_source_interaction_vs_white,0.9,whitened_mlp,mlp,fixed_target_pc1_mse,0.1846901630981317,237041,0.25429783405986317,41,0.5626116608722356
head_by_source_interaction_vs_white,0.9,whitened_mlp,mlp,fixed_target_pc1_mse,0.1846901630981317,237041,0.25429783405986317,42,-0.028264536160844678
head_by_source_interaction_vs_white,0.9,whitened_mlp,mlp,fixed_target_pc1_mse,0.1846901630981317,237041,0.25429783405986317,43,0.2285463774681986
source_difference_vs_white,0.9,mlp,mlp,fixed_target_pc1_mse,7.68953016731024,137041,7.7095622449380725,41,7.944006464507977
source_difference_vs_white,0.9,mlp,mlp,fixed_target_pc1_mse,7.68953016731024,137041,7.7095622449380725,42,7.76831913407009
source_difference_vs_white,0.9,mlp,mlp,fixed_target_pc1_mse,7.68953016731024,137041,7.7095622449380725,43,7.416361136236149
source_difference_vs_white,0.9,mlp,mlp,fixed_target_pc1_mse,7.68953016731024,237041,7.669498089682406,41,7.860155102860479
source_difference_vs_white,0.9,mlp,mlp,fixed_target_pc1_mse,7.68953016731024,237041,7.669498089682406,42,7.697725815583817
source_difference_vs_white,0.9,mlp,mlp,fixed_target_pc1_mse,7.68953016731024,237041,7.669498089682406,43,7.450613350602925
source_difference_vs_white,0.9,s4,s4,fixed_target_pc1_mse,7.949200353381761,137041,7.848809251539652,41,7.829444891846298
source_difference_vs_white,0.9,s4,s4,fixed_target_pc1_mse,7.949200353381761,137041,7.848809251539652,42,7.766407177118613
source_difference_vs_white,0.9,s4,s4,fixed_target_pc1_mse,7.949200353381761,137041,7.848809251539652,43,7.950575685654047
source_difference_vs_white,0.9,s4,s4,fixed_target_pc1_mse,7.949200353381761,237041,8.049591455223869,41,7.986220617927353
source_difference_vs_white,0.9,s4,s4,fixed_target_pc1_mse,7.949200353381761,237041,8.049591455223869,42,8.095514002795657
source_difference_vs_white,0.9,s4,s4,fixed_target_pc1_mse,7.949200353381761,237041,8.049591455223869,43,8.067039744948596
source_difference_vs_white,0.9,whitened_mlp,whitened_mlp,fixed_target_pc1_mse,7.87422033040837,137041,7.824644737074472,41,7.798135008128721
source_difference_vs_white,0.9,whitened_mlp,whitened_mlp,fixed_target_pc1_mse,7.87422033040837,137041,7.824644737074472,42,7.803434092458967
source_difference_vs_white,0.9,whitened_mlp,whitened_mlp,fixed_target_pc1_mse,7.87422033040837,137041,7.824644737074472,43,7.872365110635728
source_difference_vs_white,0.9,whitened_mlp,whitened_mlp,fixed_target_pc1_mse,7.87422033040837,237041,7.9237959237422695,41,8.422766763732714
source_difference_vs_white,0.9,whitened_mlp,whitened_mlp,fixed_target_pc1_mse,7.87422033040837,237041,7.9237959237422695,42,7.669461279422972
source_difference_vs_white,0.9,whitened_mlp,whitened_mlp,fixed_target_pc1_mse,7.87422033040837,237041,7.9237959237422695,43,7.679159728071124
head_difference,0.9,s4,mlp,coverage_90,-0.017985026041666668,137041,-0.020182291666666668,41,-0.017578125
head_difference,0.9,s4,mlp,coverage_90,-0.017985026041666668,137041,-0.020182291666666668,42,-0.0126953125
head_difference,0.9,s4,mlp,coverage_90,-0.017985026041666668,137041,-0.020182291666666668,43,-0.0302734375
head_difference,0.9,s4,mlp,coverage_90,-0.017985026041666668,237041,-0.015787760416666668,41,-0.0078125
head_difference,0.9,s4,mlp,coverage_90,-0.017985026041666668,237041,-0.015787760416666668,42,-0.02587890625
head_difference,0.9,s4,mlp,coverage_90,-0.017985026041666668,237041,-0.015787760416666668,43,-0.013671875
head_by_source_interaction_vs_white,0.9,s4,mlp,coverage_90,-0.013671875,137041,-0.013671875,41,-0.02001953125
head_by_source_interaction_vs_white,0.9,s4,mlp,coverage_90,-0.013671875,137041,-0.013671875,42,-0.00341796875
head_by_source_interaction_vs_white,0.9,s4,mlp,coverage_90,-0.013671875,137041,-0.013671875,43,-0.017578125
head_by_source_interaction_vs_white,0.9,s4,mlp,coverage_90,-0.013671875,237041,-0.013671875,41,-0.00390625
head_by_source_interaction_vs_white,0.9,s4,mlp,coverage_90,-0.013671875,237041,-0.013671875,42,-0.03466796875
head_by_source_interaction_vs_white,0.9,s4,mlp,coverage_90,-0.013671875,237041,-0.013671875,43,-0.00244140625
head_difference,0.9,whitened_mlp,mlp,coverage_90,-0.013346354166666668,137041,-0.029459635416666668,41,-0.02197265625
head_difference,0.9,whitened_mlp,mlp,coverage_90,-0.013346354166666668,137041,-0.029459635416666668,42,-0.037109375
head_difference,0.9,whitened_mlp,mlp,coverage_90,-0.013346354166666668,137041,-0.029459635416666668,43,-0.029296875
head_difference,0.9,whitened_mlp,mlp,coverage_90,-0.013346354166666668,237041,0.0027669270833333335,41,-0.00830078125
head_difference,0.9,whitened_mlp,mlp,coverage_90,-0.013346354166666668,237041,0.0027669270833333335,42,0.0
head_difference,0.9,whitened_mlp,mlp,coverage_90,-0.013346354166666668,237041,0.0027669270833333335,43,0.0166015625
head_by_source_interaction_vs_white,0.9,whitened_mlp,mlp,coverage_90,-0.0302734375,137041,-0.033040364583333336,41,-0.0205078125
head_by_source_interaction_vs_white,0.9,whitened_mlp,mlp,coverage_90,-0.0302734375,137041,-0.033040364583333336,42,-0.03173828125
head_by_source_interaction_vs_white,0.9,whitened_mlp,mlp,coverage_90,-0.0302734375,137041,-0.033040364583333336,43,-0.046875
head_by_source_interaction_vs_white,0.9,whitened_mlp,mlp,coverage_90,-0.0302734375,237041,-0.027506510416666668,41,-0.0244140625
head_by_source_interaction_vs_white,0.9,whitened_mlp,mlp,coverage_90,-0.0302734375,237041,-0.027506510416666668,42,-0.0244140625
head_by_source_interaction_vs_white,0.9,whitened_mlp,mlp,coverage_90,-0.0302734375,237041,-0.027506510416666668,43,-0.03369140625
source_difference_vs_white,0.9,mlp,mlp,coverage_90,0.0010579427083333333,137041,0.005208333333333333,41,0.001953125
source_difference_vs_white,0.9,mlp,mlp,coverage_90,0.0010579427083333333,137041,0.005208333333333333,42,0.0068359375
source_difference_vs_white,0.9,mlp,mlp,coverage_90,0.0010579427083333333,137041,0.005208333333333333,43,0.0068359375
source_difference_vs_white,0.9,mlp,mlp,coverage_90,0.0010579427083333333,237041,-0.0030924479166666665,41,-0.01513671875
source_difference_vs_white,0.9,mlp,mlp,coverage_90,0.0010579427083333333,237041,-0.0030924479166666665,42,0.00634765625
source_difference_vs_white,0.9,mlp,mlp,coverage_90,0.0010579427083333333,237041,-0.0030924479166666665,43,-0.00048828125
source_difference_vs_white,0.9,s4,s4,coverage_90,-0.012613932291666668,137041,-0.008463541666666666,41,-0.01806640625
source_difference_vs_white,0.9,s4,s4,coverage_90,-0.012613932291666668,137041,-0.008463541666666666,42,0.00341796875
source_difference_vs_white,0.9,s4,s4,coverage_90,-0.012613932291666668,137041,-0.008463541666666666,43,-0.0107421875
source_difference_vs_white,0.9,s4,s4,coverage_90,-0.012613932291666668,237041,-0.016764322916666668,41,-0.01904296875
source_difference_vs_white,0.9,s4,s4,coverage_90,-0.012613932291666668,237041,-0.016764322916666668,42,-0.0283203125
source_difference_vs_white,0.9,s4,s4,coverage_90,-0.012613932291666668,237041,-0.016764322916666668,43,-0.0029296875
source_difference_vs_white,0.9,whitened_mlp,whitened_mlp,coverage_90,-0.029215494791666664,137041,-0.02783203125,41,-0.0185546875
source_difference_vs_white,0.9,whitened_mlp,whitened_mlp,coverage_90,-0.029215494791666664,137041,-0.02783203125,42,-0.02490234375
source_difference_vs_white,0.9,whitened_mlp,whitened_mlp,coverage_90,-0.029215494791666664,137041,-0.02783203125,43,-0.0400390625
source_difference_vs_white,0.9,whitened_mlp,whitened_mlp,coverage_90,-0.029215494791666664,237041,-0.030598958333333332,41,-0.03955078125
source_difference_vs_white,0.9,whitened_mlp,whitened_mlp,coverage_90,-0.029215494791666664,237041,-0.030598958333333332,42,-0.01806640625
source_difference_vs_white,0.9,whitened_mlp,whitened_mlp,coverage_90,-0.029215494791666664,237041,-0.030598958333333332,43,-0.0341796875
head_difference,0.99,s4,mlp,pc1_mse,0.485478135811935,137041,0.3731163879219637,41,0.1645473488061846
head_difference,0.99,s4,mlp,pc1_mse,0.485478135811935,137041,0.3731163879219637,42,0.23448588289465455
head_difference,0.99,s4,mlp,pc1_mse,0.485478135811935,137041,0.3731163879219637,43,0.7203159320650521
head_difference,0.99,s4,mlp,pc1_mse,0.485478135811935,237041,0.5978398837019062,41,0.24978591818502593
head_difference,0.99,s4,mlp,pc1_mse,0.485478135811935,237041,0.5978398837019062,42,0.618671930028313
head_difference,0.99,s4,mlp,pc1_mse,0.485478135811935,237041,0.5978398837019062,43,0.9250618028923796
head_by_source_interaction_vs_white,0.99,s4,mlp,pc1_mse,0.567357090555062,137041,0.4657996402689785,41,0.31319632954935184
head_by_source_interaction_vs_white,0.99,s4,mlp,pc1_mse,0.567357090555062,137041,0.4657996402689785,42,0.21126863815553332
head_by_source_interaction_vs_white,0.99,s4,mlp,pc1_mse,0.567357090555062,137041,0.4657996402689785,43,0.8729339531020504
head_by_source_interaction_vs_white,0.99,s4,mlp,pc1_mse,0.567357090555062,237041,0.6689145408411455,41,0.31149742311962036
head_by_source_interaction_vs_white,0.99,s4,mlp,pc1_mse,0.567357090555062,237041,0.6689145408411455,42,0.6821408291830888
head_by_source_interaction_vs_white,0.99,s4,mlp,pc1_mse,0.567357090555062,237041,0.6689145408411455,43,1.0131053702207273
head_difference,0.99,whitened_mlp,mlp,pc1_mse,0.9119071746366894,137041,0.9590462619357941,41,0.8964044908574795
head_difference,0.99,whitened_mlp,mlp,pc1_mse,0.9119071746366894,137041,0.9590462619357941,42,1.0984429719173843
head_difference,0.99,whitened_mlp,mlp,pc1_mse,0.9119071746366894,137041,0.9590462619357941,43,0.8822913230325184
head_difference,0.99,whitened_mlp,mlp,pc1_mse,0.9119071746366894,237041,0.8647680873375846,41,0.9723400295788895
head_difference,0.99,whitened_mlp,mlp,pc1_mse,0.9119071746366894,237041,0.8647680873375846,42,0.5012152997881518
head_difference,0.99,whitened_mlp,mlp,pc1_mse,0.9119071746366894,237041,0.8647680873375846,43,1.1207489326457125
head_by_source_interaction_vs_white,0.99,whitened_mlp,mlp,pc1_mse,-0.31161983849737435,137041,-0.3196839981301783,41,-0.3454581907711516
head_by_source_interaction_vs_white,0.99,whitened_mlp,mlp,pc1_mse,-0.31161983849737435,137041,-0.3196839981301783,42,-0.3312975450724407
head_by_source_interaction_vs_white,0.99,whitened_mlp,mlp,pc1_mse,-0.31161983849737435,137041,-0.3196839981301783,43,-0.2822962585469426
head_by_source_interaction_vs_white,0.99,whitened_mlp,mlp,pc1_mse,-0.31161983849737435,237041,-0.3035556788645704,41,-0.20797544704047954
head_by_source_interaction_vs_white,0.99,whitened_mlp,mlp,pc1_mse,-0.31161983849737435,237041,-0.3035556788645704,42,-0.6749288944241325
head_by_source_interaction_vs_white,0.99,whitened_mlp,mlp,pc1_mse,-0.31161983849737435,237041,-0.3035556788645704,43,-0.027762695129099235
source_difference_vs_white,0.99,mlp,mlp,pc1_mse,7.406540522730383,137041,7.399323895986828,41,7.583848987197888
source_difference_vs_white,0.99,mlp,mlp,pc1_mse,7.406540522730383,137041,7.399323895986828,42,7.449510800113144
source_difference_vs_white,0.99,mlp,mlp,pc1_mse,7.406540522730383,137041,7.399323895986828,43,7.164611900649451
source_difference_vs_white,0.99,mlp,mlp,pc1_mse,7.406540522730383,237041,7.413757149473938,41,7.621840185330395
source_difference_vs_white,0.99,mlp,mlp,pc1_mse,7.406540522730383,237041,7.413757149473938,42,7.5035203039081315
source_difference_vs_white,0.99,mlp,mlp,pc1_mse,7.406540522730383,237041,7.413757149473938,43,7.115910959183285
source_difference_vs_white,0.99,s4,s4,pc1_mse,7.973897613285445,137041,7.865123536255806,41,7.897045316747239
source_difference_vs_white,0.99,s4,s4,pc1_mse,7.973897613285445,137041,7.865123536255806,42,7.660779438268677
source_difference_vs_white,0.99,s4,s4,pc1_mse,7.973897613285445,137041,7.865123536255806,43,8.037545853751501
source_difference_vs_white,0.99,s4,s4,pc1_mse,7.973897613285445,237041,8.082671690315083,41,7.933337608450016
source_difference_vs_white,0.99,s4,s4,pc1_mse,7.973897613285445,237041,8.082671690315083,42,8.18566113309122
source_difference_vs_white,0.99,s4,s4,pc1_mse,7.973897613285445,237041,8.082671690315083,43,8.129016329404013
source_difference_vs_white,0.99,whitened_mlp,whitened_mlp,pc1_mse,7.094920684233008,137041,7.079639897856649,41,7.238390796426736
source_difference_vs_white,0.99,whitened_mlp,whitened_mlp,pc1_mse,7.094920684233008,137041,7.079639897856649,42,7.118213255040703
source_difference_vs_white,0.99,whitened_mlp,whitened_mlp,pc1_mse,7.094920684233008,137041,7.079639897856649,43,6.882315642102508
source_difference_vs_white,0.99,whitened_mlp,whitened_mlp,pc1_mse,7.094920684233008,237041,7.1102014706093675,41,7.413864738289916
source_difference_vs_white,0.99,whitened_mlp,whitened_mlp,pc1_mse,7.094920684233008,237041,7.1102014706093675,42,6.828591409483999
source_difference_vs_white,0.99,whitened_mlp,whitened_mlp,pc1_mse,7.094920684233008,237041,7.1102014706093675,43,7.088148264054186
head_difference,0.99,s4,mlp,pc2_mse,0.03574387757366182,137041,0.014653608586951231,41,-0.009397076950480976
head_difference,0.99,s4,mlp,pc2_mse,0.03574387757366182,137041,0.014653608586951231,42,-0.032182994146451094
head_difference,0.99,s4,mlp,pc2_mse,0.03574387757366182,137041,0.014653608586951231,43,0.08554089685778576
head_difference,0.99,s4,mlp,pc2_mse,0.03574387757366182,237041,0.05683414656037241,41,0.013458977882636614
head_difference,0.99,s4,mlp,pc2_mse,0.03574387757366182,237041,0.05683414656037241,42,0.04693347211547705
head_difference,0.99,s4,mlp,pc2_mse,0.03574387757366182,237041,0.05683414656037241,43,0.11010998968300356
head_by_source_interaction_vs_white,0.99,s4,mlp,pc2_mse,0.0488206803964774,137041,0.04464943799933104,41,0.0016980498679783906
head_by_source_interaction_vs_white,0.99,s4,mlp,pc2_mse,0.0488206803964774,137041,0.04464943799933104,42,-0.02520182101507462
head_by_source_interaction_vs_white,0.99,s4,mlp,pc2_mse,0.0488206803964774,137041,0.04464943799933104,43,0.15745208514508935
head_by_source_interaction_vs_white,0.99,s4,mlp,pc2_mse,0.0488206803964774,237041,0.05299192279362375,41,0.004088287392367107
head_by_source_interaction_vs_white,0.99,s4,mlp,pc2_mse,0.0488206803964774,237041,0.05299192279362375,42,0.04611967425953223
head_by_source_interaction_vs_white,0.99,s4,mlp,pc2_mse,0.0488206803964774,237041,0.05299192279362375,43,0.1087678067289719
head_difference,0.99,whitened_mlp,mlp,pc2_mse,-0.011362321780732376,137041,-0.0006539113637106612,41,-0.004759340540945622
head_difference,0.99,whitened_mlp,mlp,pc2_mse,-0.011362321780732376,137041,-0.0006539113637106612,42,0.00721847973883083
head_difference,0.99,whitened_mlp,mlp,pc2_mse,-0.011362321780732376,137041,-0.0006539113637106612,43,-0.004420873289017191
head_difference,0.99,whitened_mlp,mlp,pc2_mse,-0.011362321780732376,237041,-0.02207073219775409,41,-0.024932768692726537
head_difference,0.99,whitened_mlp,mlp,pc2_mse,-0.011362321780732376,237041,-0.02207073219775409,42,-0.037483765133278
head_difference,0.99,whitened_mlp,mlp,pc2_mse,-0.011362321780732376,237041,-0.02207073219775409,43,-0.0037956627672577348
head_by_source_interaction_vs_white,0.99,whitened_mlp,mlp,pc2_mse,-0.2093112472974072,137041,-0.20269832528163242,41,-0.2069009312123704
head_by_source_interaction_vs_white,0.99,whitened_mlp,mlp,pc2_mse,-0.2093112472974072,137041,-0.20269832528163242,42,-0.21416362797018262
head_by_source_interaction_vs_white,0.99,whitened_mlp,mlp,pc2_mse,-0.2093112472974072,137041,-0.20269832528163242,43,-0.1870304166623442
head_by_source_interaction_vs_white,0.99,whitened_mlp,mlp,pc2_mse,-0.2093112472974072,237041,-0.21592416931318192,41,-0.21663705507082565
head_by_source_interaction_vs_white,0.99,whitened_mlp,mlp,pc2_mse,-0.2093112472974072,237041,-0.21592416931318192,42,-0.22200524774103636
head_by_source_interaction_vs_white,0.99,whitened_mlp,mlp,pc2_mse,-0.2093112472974072,237041,-0.21592416931318192,43,-0.20913020512768377
source_difference_vs_white,0.99,mlp,mlp,pc2_mse,1.6060275959853592,137041,1.636068897240644,41,1.6721568403486695
source_difference_vs_white,0.99,mlp,mlp,pc2_mse,1.6060275959853592,137041,1.636068897240644,42,1.6477418533524322
source_difference_vs_white,0.99,mlp,mlp,pc2_mse,1.6060275959853592,137041,1.636068897240644,43,1.5883079980208303
source_difference_vs_white,0.99,mlp,mlp,pc2_mse,1.6060275959853592,237041,1.5759862947300742,41,1.6288575884406367
source_difference_vs_white,0.99,mlp,mlp,pc2_mse,1.6060275959853592,237041,1.5759862947300742,42,1.5403427871519817
source_difference_vs_white,0.99,mlp,mlp,pc2_mse,1.6060275959853592,237041,1.5759862947300742,43,1.5587585085976046
source_difference_vs_white,0.99,s4,s4,pc2_mse,1.6548482763818364,137041,1.680718335239975,41,1.673854890216648
source_difference_vs_white,0.99,s4,s4,pc2_mse,1.6548482763818364,137041,1.680718335239975,42,1.6225400323373576
source_difference_vs_white,0.99,s4,s4,pc2_mse,1.6548482763818364,137041,1.680718335239975,43,1.7457600831659197
source_difference_vs_white,0.99,s4,s4,pc2_mse,1.6548482763818364,237041,1.628978217523698,41,1.6329458758330038
source_difference_vs_white,0.99,s4,s4,pc2_mse,1.6548482763818364,237041,1.628978217523698,42,1.586462461411514
source_difference_vs_white,0.99,s4,s4,pc2_mse,1.6548482763818364,237041,1.628978217523698,43,1.6675263153265765
source_difference_vs_white,0.99,whitened_mlp,whitened_mlp,pc2_mse,1.396716348687952,137041,1.4333705719590117,41,1.465255909136299
source_difference_vs_white,0.99,whitened_mlp,whitened_mlp,pc2_mse,1.396716348687952,137041,1.4333705719590117,42,1.4335782253822495
source_difference_vs_white,0.99,whitened_mlp,whitened_mlp,pc2_mse,1.396716348687952,137041,1.4333705719590117,43,1.4012775813584861
source_difference_vs_white,0.99,whitened_mlp,whitened_mlp,pc2_mse,1.396716348687952,237041,1.3600621254168923,41,1.412220533369811
source_difference_vs_white,0.99,whitened_mlp,whitened_mlp,pc2_mse,1.396716348687952,237041,1.3600621254168923,42,1.3183375394109453
source_difference_vs_white,0.99,whitened_mlp,whitened_mlp,pc2_mse,1.396716348687952,237041,1.3600621254168923,43,1.3496283034699208
head_difference,0.99,s4,mlp,residual_mse,0.006939364640788603,137041,0.006094133292086662,41,0.004801439420438605
head_difference,0.99,s4,mlp,residual_mse,0.006939364640788603,137041,0.006094133292086662,42,0.006034472807733553
head_difference,0.99,s4,mlp,residual_mse,0.006939364640788603,137041,0.006094133292086662,43,0.007446487648087828
head_difference,0.99,s4,mlp,residual_mse,0.006939364640788603,237041,0.007784595989490543,41,0.005389621931882631
head_difference,0.99,s4,mlp,residual_mse,0.006939364640788603,237041,0.007784595989490543,42,0.009542160940962156
head_difference,0.99,s4,mlp,residual_mse,0.006939364640788603,237041,0.007784595989490543,43,0.008422005095626843
head_by_source_interaction_vs_white,0.99,s4,mlp,residual_mse,0.001583514862017077,137041,0.0021976241544456924,41,0.0008782101123340214
head_by_source_interaction_vs_white,0.99,s4,mlp,residual_mse,0.001583514862017077,137041,0.0021976241544456924,42,0.005351982774508185
head_by_source_interaction_vs_white,0.99,s4,mlp,residual_mse,0.001583514862017077,137041,0.0021976241544456924,43,0.00036267957649487037
head_by_source_interaction_vs_white,0.99,s4,mlp,residual_mse,0.001583514862017077,237041,0.0009694055695884616,41,-0.0024556938191837158
head_by_source_interaction_vs_white,0.99,s4,mlp,residual_mse,0.001583514862017077,237041,0.0009694055695884616,42,0.0066719473507071275
head_by_source_interaction_vs_white,0.99,s4,mlp,residual_mse,0.001583514862017077,237041,0.0009694055695884616,43,-0.001308036822758027
head_difference,0.99,whitened_mlp,mlp,residual_mse,-0.012578267184035513,137041,-0.01144429438997025,41,-0.012220118979667204
head_difference,0.99,whitened_mlp,mlp,residual_mse,-0.012578267184035513,137041,-0.01144429438997025,42,-0.010695316645970267
head_difference,0.99,whitened_mlp,mlp,residual_mse,-0.012578267184035513,137041,-0.01144429438997025,43,-0.011417447544273276
head_difference,0.99,whitened_mlp,mlp,residual_mse,-0.012578267184035513,237041,-0.013712239978100777,41,-0.013950051996509748
head_difference,0.99,whitened_mlp,mlp,residual_mse,-0.012578267184035513,237041,-0.013712239978100777,42,-0.013548954319036799
head_difference,0.99,whitened_mlp,mlp,residual_mse,-0.012578267184035513,237041,-0.013712239978100777,43,-0.013637713618755785
head_by_source_interaction_vs_white,0.99,whitened_mlp,mlp,residual_mse,0.009258933517704016,137041,0.008916871845575944,41,0.009310694242759668
head_by_source_interaction_vs_white,0.99,whitened_mlp,mlp,residual_mse,0.009258933517704016,137041,0.008916871845575944,42,0.00945427561570683
head_by_source_interaction_vs_white,0.99,whitened_mlp,mlp,residual_mse,0.009258933517704016,137041,0.008916871845575944,43,0.007985645678261336
head_by_source_interaction_vs_white,0.99,whitened_mlp,mlp,residual_mse,0.009258933517704016,237041,0.009600995189832087,41,0.008583539954322553
head_by_source_interaction_vs_white,0.99,whitened_mlp,mlp,residual_mse,0.009258933517704016,237041,0.009600995189832087,42,0.010499535220997697
head_by_source_interaction_vs_white,0.99,whitened_mlp,mlp,residual_mse,0.009258933517704016,237041,0.009600995189832087,43,0.00971991039417601
source_difference_vs_white,0.99,mlp,mlp,residual_mse,-0.055617384488054075,137041,-0.056144729956333024,41,-0.05538656097694207
source_difference_vs_white,0.99,mlp,mlp,residual_mse,-0.055617384488054075,137041,-0.056144729956333024,42,-0.057200266633105824
source_difference_vs_white,0.99,mlp,mlp,residual_mse,-0.055617384488054075,137041,-0.056144729956333024,43,-0.055847362258951184
source_difference_vs_white,0.99,mlp,mlp,residual_mse,-0.055617384488054075,237041,-0.055090039019775126,41,-0.053427199875875776
source_difference_vs_white,0.99,mlp,mlp,residual_mse,-0.055617384488054075,237041,-0.055090039019775126,42,-0.05684701724691193
source_difference_vs_white,0.99,mlp,mlp,residual_mse,-0.055617384488054075,237041,-0.055090039019775126,43,-0.054995899936537675
source_difference_vs_white,0.99,s4,s4,residual_mse,-0.054033869626037005,137041,-0.053947105801887336,41,-0.05450835086460805
source_difference_vs_white,0.99,s4,s4,residual_mse,-0.054033869626037005,137041,-0.053947105801887336,42,-0.051848283858597646
source_difference_vs_white,0.99,s4,s4,residual_mse,-0.054033869626037005,137041,-0.053947105801887336,43,-0.05548468268245632
source_difference_vs_white,0.99,s4,s4,residual_mse,-0.054033869626037005,237041,-0.054120633450186674,41,-0.0558828936950595
source_difference_vs_white,0.99,s4,s4,residual_mse,-0.054033869626037005,237041,-0.054120633450186674,42,-0.05017506989620481
source_difference_vs_white,0.99,s4,s4,residual_mse,-0.054033869626037005,237041,-0.054120633450186674,43,-0.05630393675929571
source_difference_vs_white,0.99,whitened_mlp,whitened_mlp,residual_mse,-0.04635845097035006,137041,-0.04722785811075708,41,-0.04607586673418241
source_difference_vs_white,0.99,whitened_mlp,whitened_mlp,residual_mse,-0.04635845097035006,137041,-0.04722785811075708,42,-0.04774599101739899
source_difference_vs_white,0.99,whitened_mlp,whitened_mlp,residual_mse,-0.04635845097035006,137041,-0.04722785811075708,43,-0.04786171658068985
source_difference_vs_white,0.99,whitened_mlp,whitened_mlp,residual_mse,-0.04635845097035006,237041,-0.04548904382994303,41,-0.04484365992155322
source_difference_vs_white,0.99,whitened_mlp,whitened_mlp,residual_mse,-0.04635845097035006,237041,-0.04548904382994303,42,-0.04634748202591423
source_difference_vs_white,0.99,whitened_mlp,whitened_mlp,residual_mse,-0.04635845097035006,237041,-0.04548904382994303,43,-0.04527598954236166
head_difference,0.99,s4,mlp,residual_normalized_mse,0.2617003691058687,137041,0.2541280761808128,41,0.24481319969116133
head_difference,0.99,s4,mlp,residual_normalized_mse,0.2617003691058687,137041,0.2541280761808128,42,0.282517241071502
head_difference,0.99,s4,mlp,residual_normalized_mse,0.2617003691058687,137041,0.2541280761808128,43,0.23505378777977504
head_difference,0.99,s4,mlp,residual_normalized_mse,0.2617003691058687,237041,0.26927266203092465,41,0.30213667452317705
head_difference,0.99,s4,mlp,residual_normalized_mse,0.2617003691058687,237041,0.26927266203092465,42,0.32969612723943176
head_difference,0.99,s4,mlp,residual_normalized_mse,0.2617003691058687,237041,0.26927266203092465,43,0.17598518433016508
head_by_source_interaction_vs_white,0.99,s4,mlp,residual_normalized_mse,0.2573953220937523,137041,0.2508918415548241,41,0.24223698636350516
head_by_source_interaction_vs_white,0.99,s4,mlp,residual_normalized_mse,0.2573953220937523,137041,0.2508918415548241,42,0.2823522391598774
head_by_source_interaction_vs_white,0.99,s4,mlp,residual_normalized_mse,0.2573953220937523,137041,0.2508918415548241,43,0.2280862991410897
head_by_source_interaction_vs_white,0.99,s4,mlp,residual_normalized_mse,0.2573953220937523,237041,0.26389880263268056,41,0.2967772649554291
head_by_source_interaction_vs_white,0.99,s4,mlp,residual_normalized_mse,0.2573953220937523,237041,0.26389880263268056,42,0.32758464299042833
head_by_source_interaction_vs_white,0.99,s4,mlp,residual_normalized_mse,0.2573953220937523,237041,0.26389880263268056,43,0.16733449995218436
head_difference,0.99,whitened_mlp,mlp,residual_normalized_mse,-0.7376326218747326,137041,-0.735269182526121,41,-0.738945592245878
head_difference,0.99,whitened_mlp,mlp,residual_normalized_mse,-0.7376326218747326,137041,-0.735269182526121,42,-0.7377064322172061
head_difference,0.99,whitened_mlp,mlp,residual_normalized_mse,-0.7376326218747326,137041,-0.735269182526121,43,-0.7291555231152788
head_difference,0.99,whitened_mlp,mlp,residual_normalized_mse,-0.7376326218747326,237041,-0.7399960612233442,41,-0.7351414859058071
head_difference,0.99,whitened_mlp,mlp,residual_normalized_mse,-0.7376326218747326,237041,-0.7399960612233442,42,-0.7431488082859771
head_difference,0.99,whitened_mlp,mlp,residual_normalized_mse,-0.7376326218747326,237041,-0.7399960612233442,43,-0.7416978894782483
head_by_source_interaction_vs_white,0.99,whitened_mlp,mlp,residual_normalized_mse,-0.71585267358101,137041,-0.7142768149349794,41,-0.7170553924348468
head_by_source_interaction_vs_white,0.99,whitened_mlp,mlp,residual_normalized_mse,-0.71585267358101,137041,-0.7142768149349794,42,-0.7164152928922167
head_by_source_interaction_vs_white,0.99,whitened_mlp,mlp,residual_normalized_mse,-0.71585267358101,137041,-0.7142768149349794,43,-0.7093597594778747
head_by_source_interaction_vs_white,0.99,whitened_mlp,mlp,residual_normalized_mse,-0.71585267358101,237041,-0.7174285322270407,41,-0.713282245834069
head_by_source_interaction_vs_white,0.99,whitened_mlp,mlp,residual_normalized_mse,-0.71585267358101,237041,-0.7174285322270407,42,-0.7195202124938462
head_by_source_interaction_vs_white,0.99,whitened_mlp,mlp,residual_normalized_mse,-0.71585267358101,237041,-0.7174285322270407,43,-0.7194831383532071
source_difference_vs_white,0.99,mlp,mlp,residual_normalized_mse,0.7813354554748277,137041,0.7808905482860804,41,0.784664458081622
source_difference_vs_white,0.99,mlp,mlp,residual_normalized_mse,0.7813354554748277,137041,0.7808905482860804,42,0.783174250552091
source_difference_vs_white,0.99,mlp,mlp,residual_normalized_mse,0.7813354554748277,137041,0.7808905482860804,43,0.774832936224528
source_difference_vs_white,0.99,mlp,mlp,residual_normalized_mse,0.7813354554748277,237041,0.781780362663575,41,0.7777652322401808
source_difference_vs_white,0.99,mlp,mlp,residual_normalized_mse,0.7813354554748277,237041,0.781780362663575,42,0.7833602078565005
source_difference_vs_white,0.99,mlp,mlp,residual_normalized_mse,0.7813354554748277,237041,0.781780362663575,43,0.7842156478940433
source_difference_vs_white,0.99,s4,s4,residual_normalized_mse,1.03873077756858,137041,1.0317823898409044,41,1.0269014444451272
source_difference_vs_white,0.99,s4,s4,residual_normalized_mse,1.03873077756858,137041,1.0317823898409044,42,1.0655264897119683
source_difference_vs_white,0.99,s4,s4,residual_normalized_mse,1.03873077756858,137041,1.0317823898409044,43,1.0029192353656176
source_difference_vs_white,0.99,s4,s4,residual_normalized_mse,1.03873077756858,237041,1.0456791652962556,41,1.07454249719561
source_difference_vs_white,0.99,s4,s4,residual_normalized_mse,1.03873077756858,237041,1.0456791652962556,42,1.1109448508469288
source_difference_vs_white,0.99,s4,s4,residual_normalized_mse,1.03873077756858,237041,1.0456791652962556,43,0.9515501478462277
source_difference_vs_white,0.99,whitened_mlp,whitened_mlp,residual_normalized_mse,0.06548278189381751,137041,0.0666137333511009,41,0.06760906564677517
source_difference_vs_white,0.99,whitened_mlp,whitened_mlp,residual_normalized_mse,0.06548278189381751,137041,0.0666137333511009,42,0.06675895765987425
source_difference_vs_white,0.99,whitened_mlp,whitened_mlp,residual_normalized_mse,0.06548278189381751,137041,0.0666137333511009,43,0.06547317674665329
source_difference_vs_white,0.99,whitened_mlp,whitened_mlp,residual_normalized_mse,0.06548278189381751,237041,0.0643518304365341,41,0.06448298640611183
source_difference_vs_white,0.99,whitened_mlp,whitened_mlp,residual_normalized_mse,0.06548278189381751,237041,0.0643518304365341,42,0.0638399953626543
source_difference_vs_white,0.99,whitened_mlp,whitened_mlp,residual_normalized_mse,0.06548278189381751,237041,0.0643518304365341,43,0.06473250954083618
head_difference,0.99,s4,mlp,roughness_ratio,0.03761159126219123,137041,0.03816769009675062,41,-0.0010861175370628917
head_difference,0.99,s4,mlp,roughness_ratio,0.03761159126219123,137041,0.03816769009675062,42,0.05758060409857513
head_difference,0.99,s4,mlp,roughness_ratio,0.03761159126219123,137041,0.03816769009675062,43,0.05800858372873963
head_difference,0.99,s4,mlp,roughness_ratio,0.03761159126219123,237041,0.03705549242763184,41,0.06399943033853739
head_difference,0.99,s4,mlp,roughness_ratio,0.03761159126219123,237041,0.03705549242763184,42,0.03300987085297402
head_difference,0.99,s4,mlp,roughness_ratio,0.03761159126219123,237041,0.03705549242763184,43,0.014157176091384116
head_by_source_interaction_vs_white,0.99,s4,mlp,roughness_ratio,0.046363763318639416,137041,0.04795247804721866,41,0.0026699644536991585
head_by_source_interaction_vs_white,0.99,s4,mlp,roughness_ratio,0.046363763318639416,137041,0.04795247804721866,42,0.0671992430852828
head_by_source_interaction_vs_white,0.99,s4,mlp,roughness_ratio,0.046363763318639416,137041,0.04795247804721866,43,0.07398822660267401
head_by_source_interaction_vs_white,0.99,s4,mlp,roughness_ratio,0.046363763318639416,237041,0.04477504859006017,41,0.08426806373060491
head_by_source_interaction_vs_white,0.99,s4,mlp,roughness_ratio,0.046363763318639416,237041,0.04477504859006017,42,0.02958660243198774
head_by_source_interaction_vs_white,0.99,s4,mlp,roughness_ratio,0.046363763318639416,237041,0.04477504859006017,43,0.020470479607587855
head_difference,0.99,whitened_mlp,mlp,roughness_ratio,-0.14151462359726713,137041,-0.13674380222197113,41,-0.14599917787084338
head_difference,0.99,whitened_mlp,mlp,roughness_ratio,-0.14151462359726713,137041,-0.13674380222197113,42,-0.13754799874042178
head_difference,0.99,whitened_mlp,mlp,roughness_ratio,-0.14151462359726713,137041,-0.13674380222197113,43,-0.12668423005464824
head_difference,0.99,whitened_mlp,mlp,roughness_ratio,-0.14151462359726713,237041,-0.1462854449725631,41,-0.11691764474117883
head_difference,0.99,whitened_mlp,mlp,roughness_ratio,-0.14151462359726713,237041,-0.1462854449725631,42,-0.17704579634316775
head_difference,0.99,whitened_mlp,mlp,roughness_ratio,-0.14151462359726713,237041,-0.1462854449725631,43,-0.1448928938333427
head_by_source_interaction_vs_white,0.99,whitened_mlp,mlp,roughness_ratio,-0.20867966987732756,137041,-0.2015162858624059,41,-0.21031844822012458
head_by_source_interaction_vs_white,0.99,whitened_mlp,mlp,roughness_ratio,-0.20867966987732756,137041,-0.2015162858624059,42,-0.19171452786841092
head_by_source_interaction_vs_white,0.99,whitened_mlp,mlp,roughness_ratio,-0.20867966987732756,137041,-0.2015162858624059,43,-0.20251588149868216
head_by_source_interaction_vs_white,0.99,whitened_mlp,mlp,roughness_ratio,-0.20867966987732756,237041,-0.2158430538922492,41,-0.17209365801612586
head_by_source_interaction_vs_white,0.99,whitened_mlp,mlp,roughness_ratio,-0.20867966987732756,237041,-0.2158430538922492,42,-0.23089151273562236
head_by_source_interaction_vs_white,0.99,whitened_mlp,mlp,roughness_ratio,-0.20867966987732756,237041,-0.2158430538922492,43,-0.24454399092499934
source_difference_vs_white,0.99,mlp,mlp,roughness_ratio,0.16675741808078198,137041,0.15347376334125015,41,0.17264526127673152
source_difference_vs_white,0.99,mlp,mlp,roughness_ratio,0.16675741808078198,137041,0.15347376334125015,42,0.1394112619318617
source_difference_vs_white,0.99,mlp,mlp,roughness_ratio,0.16675741808078198,137041,0.15347376334125015,43,0.1483647668151572
source_difference_vs_white,0.99,mlp,mlp,roughness_ratio,0.16675741808078198,237041,0.1800410728203138,41,0.15397026073893127
source_difference_vs_white,0.99,mlp,mlp,roughness_ratio,0.16675741808078198,237041,0.1800410728203138,42,0.19138183449250712
source_difference_vs_white,0.99,mlp,mlp,roughness_ratio,0.16675741808078198,237041,0.1800410728203138,43,0.19477112322950307
source_difference_vs_white,0.99,s4,s4,roughness_ratio,0.21312118139942138,137041,0.2014262413884688,41,0.17531522573043068
source_difference_vs_white,0.99,s4,s4,roughness_ratio,0.21312118139942138,137041,0.2014262413884688,42,0.2066105050171445
source_difference_vs_white,0.99,s4,s4,roughness_ratio,0.21312118139942138,137041,0.2014262413884688,43,0.2223529934178312
source_difference_vs_white,0.99,s4,s4,roughness_ratio,0.21312118139942138,237041,0.224816121410374,41,0.2382383244695362
source_difference_vs_white,0.99,s4,s4,roughness_ratio,0.21312118139942138,237041,0.224816121410374,42,0.22096843692449486
source_difference_vs_white,0.99,s4,s4,roughness_ratio,0.21312118139942138,237041,0.224816121410374,43,0.21524160283709093
source_difference_vs_white,0.99,whitened_mlp,whitened_mlp,roughness_ratio,-0.04192225179654555,137041,-0.04804252252115574,41,-0.037673186943393056
source_difference_vs_white,0.99,whitened_mlp,whitened_mlp,roughness_ratio,-0.04192225179654555,137041,-0.04804252252115574,42,-0.052303265936549215
source_difference_vs_white,0.99,whitened_mlp,whitened_mlp,roughness_ratio,-0.04192225179654555,137041,-0.04804252252115574,43,-0.05415111468352496
source_difference_vs_white,0.99,whitened_mlp,whitened_mlp,roughness_ratio,-0.04192225179654555,237041,-0.035801981071935364,41,-0.018123397277194586
source_difference_vs_white,0.99,whitened_mlp,whitened_mlp,roughness_ratio,-0.04192225179654555,237041,-0.035801981071935364,42,-0.03950967824311524
source_difference_vs_white,0.99,whitened_mlp,whitened_mlp,roughness_ratio,-0.04192225179654555,237041,-0.035801981071935364,43,-0.04977286769549627
head_difference,0.99,s4,mlp,fair_crps,-0.010778864164888713,137041,-0.009292912590456393,41,-0.011360667542154479
head_difference,0.99,s4,mlp,fair_crps,-0.010778864164888713,137041,-0.009292912590456393,42,-0.005944515780720527
head_difference,0.99,s4,mlp,fair_crps,-0.010778864164888713,137041,-0.009292912590456393,43,-0.010573554448494171
head_difference,0.99,s4,mlp,fair_crps,-0.010778864164888713,237041,-0.012264815739321033,41,-0.021270322368636185
head_difference,0.99,s4,mlp,fair_crps,-0.010778864164888713,237041,-0.012264815739321033,42,-0.014685052045826819
head_difference,0.99,s4,mlp,fair_crps,-0.010778864164888713,237041,-0.012264815739321033,43,-0.000839072803500096
head_by_source_interaction_vs_white,0.99,s4,mlp,fair_crps,-0.00649863103380229,137041,-0.011326250441506666,41,-0.0011408728784343403
head_by_source_interaction_vs_white,0.99,s4,mlp,fair_crps,-0.00649863103380229,137041,-0.011326250441506666,42,-0.018461852993181482
head_by_source_interaction_vs_white,0.99,s4,mlp,fair_crps,-0.00649863103380229,137041,-0.011326250441506666,43,-0.014376025452904173
head_by_source_interaction_vs_white,0.99,s4,mlp,fair_crps,-0.00649863103380229,237041,-0.0016710116260979142,41,-0.020084263743099018
head_by_source_interaction_vs_white,0.99,s4,mlp,fair_crps,-0.00649863103380229,237041,-0.0016710116260979142,42,-0.000145515653473427
head_by_source_interaction_vs_white,0.99,s4,mlp,fair_crps,-0.00649863103380229,237041,-0.0016710116260979142,43,0.015216744518278702
head_difference,0.99,whitened_mlp,mlp,fair_crps,0.014778324935293574,137041,0.017934188666018813,41,0.02120941487945871
head_difference,0.99,whitened_mlp,mlp,fair_crps,0.014778324935293574,137041,0.017934188666018813,42,0.020703423468212856
head_difference,0.99,whitened_mlp,mlp,fair_crps,0.014778324935293574,137041,0.017934188666018813,43,0.011889727650384874
head_difference,0.99,whitened_mlp,mlp,fair_crps,0.014778324935293574,237041,0.011622461204568335,41,0.015461483897514727
head_difference,0.99,whitened_mlp,mlp,fair_crps,0.014778324935293574,237041,0.011622461204568335,42,0.008558125863136978
head_difference,0.99,whitened_mlp,mlp,fair_crps,0.014778324935293574,237041,0.011622461204568335,43,0.0108477738530533
head_by_source_interaction_vs_white,0.99,whitened_mlp,mlp,fair_crps,-0.04470373440033513,137041,-0.045802635661964554,41,-0.022195607459939315
head_by_source_interaction_vs_white,0.99,whitened_mlp,mlp,fair_crps,-0.04470373440033513,137041,-0.045802635661964554,42,-0.06742343908970139
head_by_source_interaction_vs_white,0.99,whitened_mlp,mlp,fair_crps,-0.04470373440033513,137041,-0.045802635661964554,43,-0.04778886043625297
head_by_source_interaction_vs_white,0.99,whitened_mlp,mlp,fair_crps,-0.04470373440033513,237041,-0.0436048331387057,41,-0.04260060444950142
head_by_source_interaction_vs_white,0.99,whitened_mlp,mlp,fair_crps,-0.04470373440033513,237041,-0.0436048331387057,42,-0.050093027409310986
head_by_source_interaction_vs_white,0.99,whitened_mlp,mlp,fair_crps,-0.04470373440033513,237041,-0.0436048331387057,43,-0.038120867557304705
source_difference_vs_white,0.99,mlp,mlp,fair_crps,-0.0028678411471397083,137041,-0.003191453458383601,41,-0.008503672050151345
source_difference_vs_white,0.99,mlp,mlp,fair_crps,-0.0028678411471397083,137041,-0.003191453458383601,42,-0.001211820848740497
source_difference_vs_white,0.99,mlp,mlp,fair_crps,-0.0028678411471397083,137041,-0.003191453458383601,43,0.0001411325237410388
source_difference_vs_white,0.99,mlp,mlp,fair_crps,-0.0028678411471397083,237041,-0.0025442288358958156,41,0.0037634941708726832
source_difference_vs_white,0.99,mlp,mlp,fair_crps,-0.0028678411471397083,237041,-0.0025442288358958156,42,-0.0032525465721089386
source_difference_vs_white,0.99,mlp,mlp,fair_crps,-0.0028678411471397083,237041,-0.0025442288358958156,43,-0.008143634106451192
source_difference_vs_white,0.99,s4,s4,fair_crps,-0.009366472180942007,137041,-0.014517703899890266,41,-0.009644544928585685
source_difference_vs_white,0.99,s4,s4,fair_crps,-0.009366472180942007,137041,-0.014517703899890266,42,-0.01967367384192198
source_difference_vs_white,0.99,s4,s4,fair_crps,-0.009366472180942007,137041,-0.014517703899890266,43,-0.014234892929163134
source_difference_vs_white,0.99,s4,s4,fair_crps,-0.009366472180942007,237041,-0.004215240461993748,41,-0.01632076957222639
source_difference_vs_white,0.99,s4,s4,fair_crps,-0.009366472180942007,237041,-0.004215240461993748,42,-0.0033980622255823656
source_difference_vs_white,0.99,s4,s4,fair_crps,-0.009366472180942007,237041,-0.004215240461993748,43,0.00707311041182751
source_difference_vs_white,0.99,whitened_mlp,whitened_mlp,fair_crps,-0.04757157554747482,137041,-0.04899408912034816,41,-0.03069927951009066
source_difference_vs_white,0.99,whitened_mlp,whitened_mlp,fair_crps,-0.04757157554747482,137041,-0.04899408912034816,42,-0.06863525993844188
source_difference_vs_white,0.99,whitened_mlp,whitened_mlp,fair_crps,-0.04757157554747482,137041,-0.04899408912034816,43,-0.04764772791251193
source_difference_vs_white,0.99,whitened_mlp,whitened_mlp,fair_crps,-0.04757157554747482,237041,-0.04614906197460148,41,-0.038837110278628684
source_difference_vs_white,0.99,whitened_mlp,whitened_mlp,fair_crps,-0.04757157554747482,237041,-0.04614906197460148,42,-0.053345573981419925
source_difference_vs_white,0.99,whitened_mlp,whitened_mlp,fair_crps,-0.04757157554747482,237041,-0.04614906197460148,43,-0.04626450166375584
head_difference,0.99,s4,mlp,target_pca_tail_ratio,1263.1487639187908,137041,1113.2991885015017,41,680.0274088517115
head_difference,0.99,s4,mlp,target_pca_tail_ratio,1263.1487639187908,137041,1113.2991885015017,42,1411.3984394970346
head_difference,0.99,s4,mlp,target_pca_tail_ratio,1263.1487639187908,137041,1113.2991885015017,43,1248.4717171557588
head_difference,0.99,s4,mlp,target_pca_tail_ratio,1263.1487639187908,237041,1412.9983393360797,41,1504.255481455798
head_difference,0.99,s4,mlp,target_pca_tail_ratio,1263.1487639187908,237041,1412.9983393360797,42,1538.4179640904013
head_difference,0.99,s4,mlp,target_pca_tail_ratio,1263.1487639187908,237041,1412.9983393360797,43,1196.3215724620395
head_by_source_interaction_vs_white,0.99,s4,mlp,target_pca_tail_ratio,1215.8384769114045,137041,1065.358058509029,41,630.3137554701095
head_by_source_interaction_vs_white,0.99,s4,mlp,target_pca_tail_ratio,1215.8384769114045,137041,1065.358058509029,42,1418.2005190155533
head_by_source_interaction_vs_white,0.99,s4,mlp,target_pca_tail_ratio,1215.8384769114045,137041,1065.358058509029,43,1147.559901041424
head_by_source_interaction_vs_white,0.99,s4,mlp,target_pca_tail_ratio,1215.8384769114045,237041,1366.3188953137803,41,1478.1225229491693
head_by_source_interaction_vs_white,0.99,s4,mlp,target_pca_tail_ratio,1215.8384769114045,237041,1366.3188953137803,42,1521.9825430834474
head_by_source_interaction_vs_white,0.99,s4,mlp,target_pca_tail_ratio,1215.8384769114045,237041,1366.3188953137803,43,1098.851619908724
head_difference,0.99,whitened_mlp,mlp,target_pca_tail_ratio,-1154.6414426815677,137041,-1088.9589869133404,41,-1091.4838024236803
head_difference,0.99,whitened_mlp,mlp,target_pca_tail_ratio,-1154.6414426815677,137041,-1088.9589869133404,42,-1098.3626467545373
head_difference,0.99,whitened_mlp,mlp,target_pca_tail_ratio,-1154.6414426815677,137041,-1088.9589869133404,43,-1077.0305115618035
head_difference,0.99,whitened_mlp,mlp,target_pca_tail_ratio,-1154.6414426815677,237041,-1220.3238984497948,41,-1201.9690746181138
head_difference,0.99,whitened_mlp,mlp,target_pca_tail_ratio,-1154.6414426815677,237041,-1220.3238984497948,42,-1226.4801448563514
head_difference,0.99,whitened_mlp,mlp,target_pca_tail_ratio,-1154.6414426815677,237041,-1220.3238984497948,43,-1232.5224758749189
head_by_source_interaction_vs_white,0.99,whitened_mlp,mlp,target_pca_tail_ratio,-1084.2023955833051,137041,-1014.1953640212473,41,-1017.0119438975646
head_by_source_interaction_vs_white,0.99,whitened_mlp,mlp,target_pca_tail_ratio,-1084.2023955833051,137041,-1014.1953640212473,42,-1016.1395314637837
head_by_source_interaction_vs_white,0.99,whitened_mlp,mlp,target_pca_tail_ratio,-1084.2023955833051,137041,-1014.1953640212473,43,-1009.4346167023938
head_by_source_interaction_vs_white,0.99,whitened_mlp,mlp,target_pca_tail_ratio,-1084.2023955833051,237041,-1154.2094271453632,41,-1137.1952995639112
head_by_source_interaction_vs_white,0.99,whitened_mlp,mlp,target_pca_tail_ratio,-1084.2023955833051,237041,-1154.2094271453632,42,-1155.7185751756192
head_by_source_interaction_vs_white,0.99,whitened_mlp,mlp,target_pca_tail_ratio,-1084.2023955833051,237041,-1154.2094271453632,43,-1169.7144066965593
source_difference_vs_white,0.99,mlp,mlp,target_pca_tail_ratio,1083.4772656519365,137041,1013.4460200109812,41,1016.3379292695599
source_difference_vs_white,0.99,mlp,mlp,target_pca_tail_ratio,1083.4772656519365,137041,1013.4460200109812,42,1015.3966617183651
source_difference_vs_white,0.99,mlp,mlp,target_pca_tail_ratio,1083.4772656519365,137041,1013.4460200109812,43,1008.6034690450186
source_difference_vs_white,0.99,mlp,mlp,target_pca_tail_ratio,1083.4772656519365,237041,1153.5085112928916,41,1136.4002464392092
source_difference_vs_white,0.99,mlp,mlp,target_pca_tail_ratio,1083.4772656519365,237041,1153.5085112928916,42,1154.9998665677072
source_difference_vs_white,0.99,mlp,mlp,target_pca_tail_ratio,1083.4772656519365,237041,1153.5085112928916,43,1169.1254208717587
source_difference_vs_white,0.99,s4,s4,target_pca_tail_ratio,2299.315742563341,137041,2078.80407852001,41,1646.6516847396695
source_difference_vs_white,0.99,s4,s4,target_pca_tail_ratio,2299.315742563341,137041,2078.80407852001,42,2433.5971807339183
source_difference_vs_white,0.99,s4,s4,target_pca_tail_ratio,2299.315742563341,137041,2078.80407852001,43,2156.1633700864427
source_difference_vs_white,0.99,s4,s4,target_pca_tail_ratio,2299.315742563341,237041,2519.827406606672,41,2614.5227693883785
source_difference_vs_white,0.99,s4,s4,target_pca_tail_ratio,2299.315742563341,237041,2519.827406606672,42,2676.9824096511543
source_difference_vs_white,0.99,s4,s4,target_pca_tail_ratio,2299.315742563341,237041,2519.827406606672,43,2267.9770407804826
source_difference_vs_white,0.99,whitened_mlp,whitened_mlp,target_pca_tail_ratio,-0.7251299313688393,137041,-0.7493440102661183,41,-0.6740146280046565
source_difference_vs_white,0.99,whitened_mlp,whitened_mlp,target_pca_tail_ratio,-0.7251299313688393,137041,-0.7493440102661183,42,-0.7428697454186537
source_difference_vs_white,0.99,whitened_mlp,whitened_mlp,target_pca_tail_ratio,-0.7251299313688393,137041,-0.7493440102661183,43,-0.8311476573750446
source_difference_vs_white,0.99,whitened_mlp,whitened_mlp,target_pca_tail_ratio,-0.7251299313688393,237041,-0.7009158524715602,41,-0.7950531247019871
source_difference_vs_white,0.99,whitened_mlp,whitened_mlp,target_pca_tail_ratio,-0.7251299313688393,237041,-0.7009158524715602,42,-0.7187086079121163
source_difference_vs_white,0.99,whitened_mlp,whitened_mlp,target_pca_tail_ratio,-0.7251299313688393,237041,-0.7009158524715602,43,-0.588985824800577
head_difference,0.99,s4,mlp,fair_energy_score,-0.04452191387697568,137041,-0.03371077211973524,41,-0.04286764111880936
head_difference,0.99,s4,mlp,fair_energy_score,-0.04452191387697568,137041,-0.03371077211973524,42,-0.013961930206389361
head_difference,0.99,s4,mlp,fair_energy_score,-0.04452191387697568,137041,-0.03371077211973524,43,-0.044302745034006996
head_difference,0.99,s4,mlp,fair_energy_score,-0.04452191387697568,237041,-0.05533305563421612,41,-0.09745755706434123
head_difference,0.99,s4,mlp,fair_energy_score,-0.04452191387697568,237041,-0.05533305563421612,42,-0.07810010566910153
head_difference,0.99,s4,mlp,fair_energy_score,-0.04452191387697568,237041,-0.05533305563421612,43,0.009558495830794378
head_by_source_interaction_vs_white,0.99,s4,mlp,fair_energy_score,-0.023321836453265538,137041,-0.04399524112556463,41,-0.0011663309845171277
head_by_source_interaction_vs_white,0.99,s4,mlp,fair_energy_score,-0.023321836453265538,137041,-0.04399524112556463,42,-0.065126579426249
head_by_source_interaction_vs_white,0.99,s4,mlp,fair_energy_score,-0.023321836453265538,137041,-0.04399524112556463,43,-0.06569281296592777
head_by_source_interaction_vs_white,0.99,s4,mlp,fair_energy_score,-0.023321836453265538,237041,-0.002648431780966446,41,-0.09272929162388754
head_by_source_interaction_vs_white,0.99,s4,mlp,fair_energy_score,-0.023321836453265538,237041,-0.002648431780966446,42,-0.0068527833755402945
head_by_source_interaction_vs_white,0.99,s4,mlp,fair_energy_score,-0.023321836453265538,237041,-0.002648431780966446,43,0.0916367796565285
head_difference,0.99,whitened_mlp,mlp,fair_energy_score,0.06032224466161895,137041,0.06789304751455472,41,0.08089067326355703
head_difference,0.99,whitened_mlp,mlp,fair_energy_score,0.06032224466161895,137041,0.06789304751455472,42,0.08098841733950213
head_difference,0.99,whitened_mlp,mlp,fair_energy_score,0.06032224466161895,137041,0.06789304751455472,43,0.04180005194060499
head_difference,0.99,whitened_mlp,mlp,fair_energy_score,0.06032224466161895,237041,0.052751441808683186,41,0.06550168993777339
head_difference,0.99,whitened_mlp,mlp,fair_energy_score,0.06032224466161895,237041,0.052751441808683186,42,0.03795379978281055
head_difference,0.99,whitened_mlp,mlp,fair_energy_score,0.06032224466161895,237041,0.052751441808683186,43,0.05479883570546562
head_by_source_interaction_vs_white,0.99,whitened_mlp,mlp,fair_energy_score,-0.19211302347377907,137041,-0.19407948827068333,41,-0.08605233711087301
head_by_source_interaction_vs_white,0.99,whitened_mlp,mlp,fair_energy_score,-0.19211302347377907,137041,-0.19407948827068333,42,-0.2882332365072666
head_by_source_interaction_vs_white,0.99,whitened_mlp,mlp,fair_energy_score,-0.19211302347377907,137041,-0.19407948827068333,43,-0.20795289119391036
head_by_source_interaction_vs_white,0.99,whitened_mlp,mlp,fair_energy_score,-0.19211302347377907,237041,-0.19014655867687477,41,-0.18444961528052506
head_by_source_interaction_vs_white,0.99,whitened_mlp,mlp,fair_energy_score,-0.19211302347377907,237041,-0.19014655867687477,42,-0.22706375052517025
head_by_source_interaction_vs_white,0.99,whitened_mlp,mlp,fair_energy_score,-0.19211302347377907,237041,-0.19014655867687477,43,-0.15892631022492898
source_difference_vs_white,0.99,mlp,mlp,fair_energy_score,-0.01620434910152661,137041,-0.023948495886767656,41,-0.048262644179901226
source_difference_vs_white,0.99,mlp,mlp,fair_energy_score,-0.01620434910152661,137041,-0.023948495886767656,42,-0.017945817525167218
source_difference_vs_white,0.99,mlp,mlp,fair_energy_score,-0.01620434910152661,137041,-0.023948495886767656,43,-0.00563702595523452
source_difference_vs_white,0.99,mlp,mlp,fair_energy_score,-0.01620434910152661,237041,-0.008460202316285562,41,0.022213397597351747
source_difference_vs_white,0.99,mlp,mlp,fair_energy_score,-0.01620434910152661,237041,-0.008460202316285562,42,-0.007880465134587844
source_difference_vs_white,0.99,mlp,mlp,fair_energy_score,-0.01620434910152661,237041,-0.008460202316285562,43,-0.03971353941162059
source_difference_vs_white,0.99,s4,s4,fair_energy_score,-0.03952618555479215,137041,-0.06794373701233229,41,-0.049428975164418354
source_difference_vs_white,0.99,s4,s4,fair_energy_score,-0.03952618555479215,137041,-0.06794373701233229,42,-0.08307239695141622
source_difference_vs_white,0.99,s4,s4,fair_energy_score,-0.03952618555479215,137041,-0.06794373701233229,43,-0.07132983892116229
source_difference_vs_white,0.99,s4,s4,fair_energy_score,-0.03952618555479215,237041,-0.01110863409725201,41,-0.0705158940265358
source_difference_vs_white,0.99,s4,s4,fair_energy_score,-0.03952618555479215,237041,-0.01110863409725201,42,-0.014733248510128139
source_difference_vs_white,0.99,s4,s4,fair_energy_score,-0.03952618555479215,237041,-0.01110863409725201,43,0.05192324024490791
source_difference_vs_white,0.99,whitened_mlp,whitened_mlp,fair_energy_score,-0.20831737257530564,137041,-0.21802798415745098,41,-0.13431498129077424
source_difference_vs_white,0.99,whitened_mlp,whitened_mlp,fair_energy_score,-0.20831737257530564,137041,-0.21802798415745098,42,-0.30617905403243384
source_difference_vs_white,0.99,whitened_mlp,whitened_mlp,fair_energy_score,-0.20831737257530564,137041,-0.21802798415745098,43,-0.21358991714914488
source_difference_vs_white,0.99,whitened_mlp,whitened_mlp,fair_energy_score,-0.20831737257530564,237041,-0.19860676099316033,41,-0.1622362176831733
source_difference_vs_white,0.99,whitened_mlp,whitened_mlp,fair_energy_score,-0.20831737257530564,237041,-0.19860676099316033,42,-0.2349442156597581
source_difference_vs_white,0.99,whitened_mlp,whitened_mlp,fair_energy_score,-0.20831737257530564,237041,-0.19860676099316033,43,-0.19863984963654957
head_difference,0.99,s4,mlp,fixed_target_residual_mse,0.0068910125070313615,137041,0.006037872628329037,41,0.004844610011644858
head_difference,0.99,s4,mlp,fixed_target_residual_mse,0.0068910125070313615,137041,0.006037872628329037,42,0.005905162931108994
head_difference,0.99,s4,mlp,fixed_target_residual_mse,0.0068910125070313615,137041,0.006037872628329037,43,0.007363844942233258
head_difference,0.99,s4,mlp,fixed_target_residual_mse,0.0068910125070313615,237041,0.007744152385733685,41,0.005341805507583432
head_difference,0.99,s4,mlp,fixed_target_residual_mse,0.0068910125070313615,237041,0.007744152385733685,42,0.00953544149739495
head_difference,0.99,s4,mlp,fixed_target_residual_mse,0.0068910125070313615,237041,0.007744152385733685,43,0.008355210152222674
head_by_source_interaction_vs_white,0.99,s4,mlp,fixed_target_residual_mse,0.0015184725631434577,137041,0.0021222467044988472,41,0.0009070654676019141
head_by_source_interaction_vs_white,0.99,s4,mlp,fixed_target_residual_mse,0.0015184725631434577,137041,0.0021222467044988472,42,0.005210900825345102
head_by_source_interaction_vs_white,0.99,s4,mlp,fixed_target_residual_mse,0.0015184725631434577,137041,0.0021222467044988472,43,0.0002487738205495249
head_by_source_interaction_vs_white,0.99,s4,mlp,fixed_target_residual_mse,0.0015184725631434577,237041,0.0009146984217880683,41,-0.0025091530848960486
head_by_source_interaction_vs_white,0.99,s4,mlp,fixed_target_residual_mse,0.0015184725631434577,237041,0.0009146984217880683,42,0.006653385375093163
head_by_source_interaction_vs_white,0.99,s4,mlp,fixed_target_residual_mse,0.0015184725631434577,237041,0.0009146984217880683,43,-0.0014001370248329092
head_difference,0.99,whitened_mlp,mlp,fixed_target_residual_mse,-0.012715749929270607,137041,-0.011615927630230338,41,-0.012421059681160314
head_difference,0.99,whitened_mlp,mlp,fixed_target_residual_mse,-0.012715749929270607,137041,-0.011615927630230338,42,-0.010851388572977738
head_difference,0.99,whitened_mlp,mlp,fixed_target_residual_mse,-0.012715749929270607,137041,-0.011615927630230338,43,-0.011575334636552963
head_difference,0.99,whitened_mlp,mlp,fixed_target_residual_mse,-0.012715749929270607,237041,-0.013815572228310874,41,-0.014155654484412167
head_difference,0.99,whitened_mlp,mlp,fixed_target_residual_mse,-0.012715749929270607,237041,-0.013815572228310874,42,-0.013592915625747111
head_difference,0.99,whitened_mlp,mlp,fixed_target_residual_mse,-0.012715749929270607,237041,-0.013815572228310874,43,-0.013698146574773341
head_by_source_interaction_vs_white,0.99,whitened_mlp,mlp,fixed_target_residual_mse,0.009148919149632818,137041,0.008769443192332244,41,0.00913086910004371
head_by_source_interaction_vs_white,0.99,whitened_mlp,mlp,fixed_target_residual_mse,0.009148919149632818,137041,0.008769443192332244,42,0.009327206090039883
head_by_source_interaction_vs_white,0.99,whitened_mlp,mlp,fixed_target_residual_mse,0.009148919149632818,137041,0.008769443192332244,43,0.007850254386913141
head_by_source_interaction_vs_white,0.99,whitened_mlp,mlp,fixed_target_residual_mse,0.009148919149632818,237041,0.009528395106933393,41,0.008403357452355237
head_by_source_interaction_vs_white,0.99,whitened_mlp,mlp,fixed_target_residual_mse,0.009148919149632818,237041,0.009528395106933393,42,0.01049697773227981
head_by_source_interaction_vs_white,0.99,whitened_mlp,mlp,fixed_target_residual_mse,0.009148919149632818,237041,0.009528395106933393,43,0.00968485013616513
source_difference_vs_white,0.99,mlp,mlp,fixed_target_residual_mse,-0.05950739248191013,137041,-0.06008528117037201,41,-0.05930374744062336
source_difference_vs_white,0.99,mlp,mlp,fixed_target_residual_mse,-0.05950739248191013,137041,-0.06008528117037201,42,-0.06112952189500657
source_difference_vs_white,0.99,mlp,mlp,fixed_target_residual_mse,-0.05950739248191013,137041,-0.06008528117037201,43,-0.05982257417548611
source_difference_vs_white,0.99,mlp,mlp,fixed_target_residual_mse,-0.05950739248191013,237041,-0.058929503793448246,41,-0.05719799666428479
source_difference_vs_white,0.99,mlp,mlp,fixed_target_residual_mse,-0.05950739248191013,237041,-0.058929503793448246,42,-0.060718393843451
source_difference_vs_white,0.99,mlp,mlp,fixed_target_residual_mse,-0.05950739248191013,237041,-0.058929503793448246,43,-0.058872120872608964
source_difference_vs_white,0.99,s4,s4,fixed_target_residual_mse,-0.057988919918766674,137041,-0.05796303446587316,41,-0.05839668197302144
source_difference_vs_white,0.99,s4,s4,fixed_target_residual_mse,-0.057988919918766674,137041,-0.05796303446587316,42,-0.05591862106966146
source_difference_vs_white,0.99,s4,s4,fixed_target_residual_mse,-0.057988919918766674,137041,-0.05796303446587316,43,-0.05957380035493658
source_difference_vs_white,0.99,s4,s4,fixed_target_residual_mse,-0.057988919918766674,237041,-0.058014805371660184,41,-0.05970714974918083
source_difference_vs_white,0.99,s4,s4,fixed_target_residual_mse,-0.057988919918766674,237041,-0.058014805371660184,42,-0.054065008468357836
source_difference_vs_white,0.99,s4,s4,fixed_target_residual_mse,-0.057988919918766674,237041,-0.058014805371660184,43,-0.06027225789744188
source_difference_vs_white,0.99,whitened_mlp,whitened_mlp,fixed_target_residual_mse,-0.05035847333227731,137041,-0.05131583797803977,41,-0.05017287834057966
source_difference_vs_white,0.99,whitened_mlp,whitened_mlp,fixed_target_residual_mse,-0.05035847333227731,137041,-0.05131583797803977,42,-0.051802315804966685
source_difference_vs_white,0.99,whitened_mlp,whitened_mlp,fixed_target_residual_mse,-0.05035847333227731,137041,-0.05131583797803977,43,-0.05197231978857296
source_difference_vs_white,0.99,whitened_mlp,whitened_mlp,fixed_target_residual_mse,-0.05035847333227731,237041,-0.04940110868651485,41,-0.04879463921192955
source_difference_vs_white,0.99,whitened_mlp,whitened_mlp,fixed_target_residual_mse,-0.05035847333227731,237041,-0.04940110868651485,42,-0.05022141611117118
source_difference_vs_white,0.99,whitened_mlp,whitened_mlp,fixed_target_residual_mse,-0.05035847333227731,237041,-0.04940110868651485,43,-0.04918727073644383
head_difference,0.99,s4,mlp,fixed_target_pc1_mse,0.4837127424516169,137041,0.3716063457437612,41,0.16200302442107883
head_difference,0.99,s4,mlp,fixed_target_pc1_mse,0.4837127424516169,137041,0.3716063457437612,42,0.23191154966322003
head_difference,0.99,s4,mlp,fixed_target_pc1_mse,0.4837127424516169,137041,0.3716063457437612,43,0.7209044631469848
head_difference,0.99,s4,mlp,fixed_target_pc1_mse,0.4837127424516169,237041,0.5958191391594726,41,0.24578529432926466
head_difference,0.99,s4,mlp,fixed_target_pc1_mse,0.4837127424516169,237041,0.5958191391594726,42,0.6153943754507463
head_difference,0.99,s4,mlp,fixed_target_pc1_mse,0.4837127424516169,237041,0.5958191391594726,43,0.926277747698407
head_by_source_interaction_vs_white,0.99,s4,mlp,fixed_target_pc1_mse,0.5657146006175595,137041,0.4644351091774605,41,0.3107907938830179
head_by_source_interaction_vs_white,0.99,s4,mlp,fixed_target_pc1_mse,0.5657146006175595,137041,0.4644351091774605,42,0.20876655605884498
head_by_source_interaction_vs_white,0.99,s4,mlp,fixed_target_pc1_mse,0.5657146006175595,137041,0.4644351091774605,43,0.8737479775905186
head_by_source_interaction_vs_white,0.99,s4,mlp,fixed_target_pc1_mse,0.5657146006175595,237041,0.6669940920576586,41,0.30763584801182997
head_by_source_interaction_vs_white,0.99,s4,mlp,fixed_target_pc1_mse,0.5657146006175595,237041,0.6669940920576586,42,0.6789026357341434
head_by_source_interaction_vs_white,0.99,s4,mlp,fixed_target_pc1_mse,0.5657146006175595,237041,0.6669940920576586,43,1.0144437924270022
head_difference,0.99,whitened_mlp,mlp,fixed_target_pc1_mse,0.9326910150631331,137041,0.9761728300931966,41,0.9154184228667965
head_difference,0.99,whitened_mlp,mlp,fixed_target_pc1_mse,0.9326910150631331,137041,0.9761728300931966,42,1.1154670138387068
head_difference,0.99,whitened_mlp,mlp,fixed_target_pc1_mse,0.9326910150631331,137041,0.9761728300931966,43,0.8976330535740864
head_difference,0.99,whitened_mlp,mlp,fixed_target_pc1_mse,0.9326910150631331,237041,0.8892092000330697,41,0.9987140115874737
head_difference,0.99,whitened_mlp,mlp,fixed_target_pc1_mse,0.9326910150631331,237041,0.8892092000330697,42,0.5199738944284977
head_difference,0.99,whitened_mlp,mlp,fixed_target_pc1_mse,0.9326910150631331,237041,0.8892092000330697,43,1.1489396940832375
head_by_source_interaction_vs_white,0.99,whitened_mlp,mlp,fixed_target_pc1_mse,-0.2912301298246051,137041,-0.30299294919087555,41,-0.3268446578730586
head_by_source_interaction_vs_white,0.99,whitened_mlp,mlp,fixed_target_pc1_mse,-0.2912301298246051,137041,-0.30299294919087555,42,-0.31477410401033534
head_by_source_interaction_vs_white,0.99,whitened_mlp,mlp,fixed_target_pc1_mse,-0.2912301298246051,137041,-0.30299294919087555,43,-0.26736008568923264
head_by_source_interaction_vs_white,0.99,whitened_mlp,mlp,fixed_target_pc1_mse,-0.2912301298246051,237041,-0.2794673104583347,41,-0.18189986334205877
head_by_source_interaction_vs_white,0.99,whitened_mlp,mlp,fixed_target_pc1_mse,-0.2912301298246051,237041,-0.2794673104583347,42,-0.6565874088116219
head_by_source_interaction_vs_white,0.99,whitened_mlp,mlp,fixed_target_pc1_mse,-0.2912301298246051,237041,-0.2794673104583347,43,8.534077867672352e-05
source_difference_vs_white,0.99,mlp,mlp,fixed_target_pc1_mse,7.734350906601517,137041,7.722704664345297,41,7.907572992930545
source_difference_vs_white,0.99,mlp,mlp,fixed_target_pc1_mse,7.734350906601517,137041,7.722704664345297,42,7.773203723881503
source_difference_vs_white,0.99,mlp,mlp,fixed_target_pc1_mse,7.734350906601517,137041,7.722704664345297,43,7.487337276223845
source_difference_vs_white,0.99,mlp,mlp,fixed_target_pc1_mse,7.734350906601517,237041,7.745997148857735,41,7.956359479746587
source_difference_vs_white,0.99,mlp,mlp,fixed_target_pc1_mse,7.734350906601517,237041,7.745997148857735,42,7.8361448835230805
source_difference_vs_white,0.99,mlp,mlp,fixed_target_pc1_mse,7.734350906601517,237041,7.745997148857735,43,7.445487083303535
source_difference_vs_white,0.99,s4,s4,fixed_target_pc1_mse,8.300065507219074,137041,8.187139773522757,41,8.218363786813562
source_difference_vs_white,0.99,s4,s4,fixed_target_pc1_mse,8.300065507219074,137041,8.187139773522757,42,7.981970279940348
source_difference_vs_white,0.99,s4,s4,fixed_target_pc1_mse,8.300065507219074,137041,8.187139773522757,43,8.361085253814363
source_difference_vs_white,0.99,s4,s4,fixed_target_pc1_mse,8.300065507219074,237041,8.41299124091539,41,8.263995327758417
source_difference_vs_white,0.99,s4,s4,fixed_target_pc1_mse,8.300065507219074,237041,8.41299124091539,42,8.515047519257223
source_difference_vs_white,0.99,s4,s4,fixed_target_pc1_mse,8.300065507219074,237041,8.41299124091539,43,8.459930875730537
source_difference_vs_white,0.99,whitened_mlp,whitened_mlp,fixed_target_pc1_mse,7.443120776776912,137041,7.419711715154423,41,7.580728335057486
source_difference_vs_white,0.99,whitened_mlp,whitened_mlp,fixed_target_pc1_mse,7.443120776776912,137041,7.419711715154423,42,7.4584296198711675
source_difference_vs_white,0.99,whitened_mlp,whitened_mlp,fixed_target_pc1_mse,7.443120776776912,137041,7.419711715154423,43,7.219977190534612
source_difference_vs_white,0.99,whitened_mlp,whitened_mlp,fixed_target_pc1_mse,7.443120776776912,237041,7.466529838399399,41,7.7744596164045285
source_difference_vs_white,0.99,whitened_mlp,whitened_mlp,fixed_target_pc1_mse,7.443120776776912,237041,7.466529838399399,42,7.1795574747114586
source_difference_vs_white,0.99,whitened_mlp,whitened_mlp,fixed_target_pc1_mse,7.443120776776912,237041,7.466529838399399,43,7.445572424082211
head_difference,0.99,s4,mlp,coverage_90,-0.023518880208333332,137041,-0.019368489583333332,41,-0.0146484375
head_difference,0.99,s4,mlp,coverage_90,-0.023518880208333332,137041,-0.019368489583333332,42,-0.03076171875
head_difference,0.99,s4,mlp,coverage_90,-0.023518880208333332,137041,-0.019368489583333332,43,-0.0126953125
head_difference,0.99,s4,mlp,coverage_90,-0.023518880208333332,237041,-0.027669270833333332,41,-0.017578125
head_difference,0.99,s4,mlp,coverage_90,-0.023518880208333332,237041,-0.027669270833333332,42,-0.04052734375
head_difference,0.99,s4,mlp,coverage_90,-0.023518880208333332,237041,-0.027669270833333332,43,-0.02490234375
head_by_source_interaction_vs_white,0.99,s4,mlp,coverage_90,-0.019205729166666668,137041,-0.012858072916666666,41,-0.01708984375
head_by_source_interaction_vs_white,0.99,s4,mlp,coverage_90,-0.019205729166666668,137041,-0.012858072916666666,42,-0.021484375
head_by_source_interaction_vs_white,0.99,s4,mlp,coverage_90,-0.019205729166666668,137041,-0.012858072916666666,43,0.0
head_by_source_interaction_vs_white,0.99,s4,mlp,coverage_90,-0.019205729166666668,237041,-0.025553385416666668,41,-0.013671875
head_by_source_interaction_vs_white,0.99,s4,mlp,coverage_90,-0.019205729166666668,237041,-0.025553385416666668,42,-0.04931640625
head_by_source_interaction_vs_white,0.99,s4,mlp,coverage_90,-0.019205729166666668,237041,-0.025553385416666668,43,-0.013671875
head_difference,0.99,whitened_mlp,mlp,coverage_90,-0.012369791666666666,137041,-0.022298177083333332,41,-0.01123046875
head_difference,0.99,whitened_mlp,mlp,coverage_90,-0.012369791666666666,137041,-0.022298177083333332,42,-0.0380859375
head_difference,0.99,whitened_mlp,mlp,coverage_90,-0.012369791666666666,137041,-0.022298177083333332,43,-0.017578125
head_difference,0.99,whitened_mlp,mlp,coverage_90,-0.012369791666666666,237041,-0.00244140625,41,0.0087890625
head_difference,0.99,whitened_mlp,mlp,coverage_90,-0.012369791666666666,237041,-0.00244140625,42,-0.017578125
head_difference,0.99,whitened_mlp,mlp,coverage_90,-0.012369791666666666,237041,-0.00244140625,43,0.00146484375
head_by_source_interaction_vs_white,0.99,whitened_mlp,mlp,coverage_90,-0.029296875,137041,-0.02587890625,41,-0.009765625
head_by_source_interaction_vs_white,0.99,whitened_mlp,mlp,coverage_90,-0.029296875,137041,-0.02587890625,42,-0.03271484375
head_by_source_interaction_vs_white,0.99,whitened_mlp,mlp,coverage_90,-0.029296875,137041,-0.02587890625,43,-0.03515625
head_by_source_interaction_vs_white,0.99,whitened_mlp,mlp,coverage_90,-0.029296875,237041,-0.03271484375,41,-0.00732421875
head_by_source_interaction_vs_white,0.99,whitened_mlp,mlp,coverage_90,-0.029296875,237041,-0.03271484375,42,-0.0419921875
head_by_source_interaction_vs_white,0.99,whitened_mlp,mlp,coverage_90,-0.029296875,237041,-0.03271484375,43,-0.048828125
source_difference_vs_white,0.99,mlp,mlp,coverage_90,0.000244140625,137041,-0.0022786458333333335,41,-0.00732421875
source_difference_vs_white,0.99,mlp,mlp,coverage_90,0.000244140625,137041,-0.0022786458333333335,42,0.0068359375
source_difference_vs_white,0.99,mlp,mlp,coverage_90,0.000244140625,137041,-0.0022786458333333335,43,-0.00634765625
source_difference_vs_white,0.99,mlp,mlp,coverage_90,0.000244140625,237041,0.0027669270833333335,41,-0.02099609375
source_difference_vs_white,0.99,mlp,mlp,coverage_90,0.000244140625,237041,0.0027669270833333335,42,0.0146484375
source_difference_vs_white,0.99,mlp,mlp,coverage_90,0.000244140625,237041,0.0027669270833333335,43,0.0146484375
source_difference_vs_white,0.99,s4,s4,coverage_90,-0.018961588541666664,137041,-0.01513671875,41,-0.0244140625
source_difference_vs_white,0.99,s4,s4,coverage_90,-0.018961588541666664,137041,-0.01513671875,42,-0.0146484375
source_difference_vs_white,0.99,s4,s4,coverage_90,-0.018961588541666664,137041,-0.01513671875,43,-0.00634765625
source_difference_vs_white,0.99,s4,s4,coverage_90,-0.018961588541666664,237041,-0.022786458333333332,41,-0.03466796875
source_difference_vs_white,0.99,s4,s4,coverage_90,-0.018961588541666664,237041,-0.022786458333333332,42,-0.03466796875
source_difference_vs_white,0.99,s4,s4,coverage_90,-0.018961588541666664,237041,-0.022786458333333332,43,0.0009765625
source_difference_vs_white,0.99,whitened_mlp,whitened_mlp,coverage_90,-0.029052734375,137041,-0.028157552083333332,41,-0.01708984375
source_difference_vs_white,0.99,whitened_mlp,whitened_mlp,coverage_90,-0.029052734375,137041,-0.028157552083333332,42,-0.02587890625
source_difference_vs_white,0.99,whitened_mlp,whitened_mlp,coverage_90,-0.029052734375,137041,-0.028157552083333332,43,-0.04150390625
source_difference_vs_white,0.99,whitened_mlp,whitened_mlp,coverage_90,-0.029052734375,237041,-0.029947916666666668,41,-0.0283203125
source_difference_vs_white,0.99,whitened_mlp,whitened_mlp,coverage_90,-0.029052734375,237041,-0.029947916666666668,42,-0.02734375
source_difference_vs_white,0.99,whitened_mlp,whitened_mlp,coverage_90,-0.029052734375,237041,-0.029947916666666668,43,-0.0341796875
head_difference,1.0,s4,mlp,pc1_mse,0.6353577348625803,137041,0.583651243093323,41,0.26755515440791555
head_difference,1.0,s4,mlp,pc1_mse,0.6353577348625803,137041,0.583651243093323,42,0.3783790035342651
head_difference,1.0,s4,mlp,pc1_mse,0.6353577348625803,137041,0.583651243093323,43,1.1050195713377882
head_difference,1.0,s4,mlp,pc1_mse,0.6353577348625803,237041,0.6870642266318375,41,0.33116528678573154
head_difference,1.0,s4,mlp,pc1_mse,0.6353577348625803,237041,0.6870642266318375,42,0.6985745232787082
head_difference,1.0,s4,mlp,pc1_mse,0.6353577348625803,237041,0.6870642266318375,43,1.0314528698310728
head_by_source_interaction_vs_white,1.0,s4,mlp,pc1_mse,0.7172366896057073,137041,0.6763344954403377,41,0.4162041351510828
head_by_source_interaction_vs_white,1.0,s4,mlp,pc1_mse,0.7172366896057073,137041,0.6763344954403377,42,0.3551617587951439
head_by_source_interaction_vs_white,1.0,s4,mlp,pc1_mse,0.7172366896057073,137041,0.6763344954403377,43,1.2576375923747865
head_by_source_interaction_vs_white,1.0,s4,mlp,pc1_mse,0.7172366896057073,237041,0.7581388837710769,41,0.39287679172032597
head_by_source_interaction_vs_white,1.0,s4,mlp,pc1_mse,0.7172366896057073,237041,0.7581388837710769,42,0.762043422433484
head_by_source_interaction_vs_white,1.0,s4,mlp,pc1_mse,0.7172366896057073,237041,0.7581388837710769,43,1.1194964371594205
head_difference,1.0,whitened_mlp,mlp,pc1_mse,-0.31218266746903234,137041,-0.38518056677318196,41,-0.49299034621945204
head_difference,1.0,whitened_mlp,mlp,pc1_mse,-0.31218266746903234,137041,-0.38518056677318196,42,-0.642013974290256
head_difference,1.0,whitened_mlp,mlp,pc1_mse,-0.31218266746903234,137041,-0.38518056677318196,43,-0.02053737980983783
head_difference,1.0,whitened_mlp,mlp,pc1_mse,-0.31218266746903234,237041,-0.23918476816488266,41,-0.25110518736792287
head_difference,1.0,whitened_mlp,mlp,pc1_mse,-0.31218266746903234,237041,-0.23918476816488266,42,-0.595895109149712
head_difference,1.0,whitened_mlp,mlp,pc1_mse,-0.31218266746903234,237041,-0.23918476816488266,43,0.1294459920229869
head_by_source_interaction_vs_white,1.0,whitened_mlp,mlp,pc1_mse,-1.5357096806030959,137041,-1.663910826839154,41,-1.7348530278480832
head_by_source_interaction_vs_white,1.0,whitened_mlp,mlp,pc1_mse,-1.5357096806030959,137041,-1.663910826839154,42,-2.07175449128008
head_by_source_interaction_vs_white,1.0,whitened_mlp,mlp,pc1_mse,-1.5357096806030959,137041,-1.663910826839154,43,-1.185124961389299
head_by_source_interaction_vs_white,1.0,whitened_mlp,mlp,pc1_mse,-1.5357096806030959,237041,-1.4075085343670377,41,-1.431420663987292
head_by_source_interaction_vs_white,1.0,whitened_mlp,mlp,pc1_mse,-1.5357096806030959,237041,-1.4075085343670377,42,-1.7720393033619963
head_by_source_interaction_vs_white,1.0,whitened_mlp,mlp,pc1_mse,-1.5357096806030959,237041,-1.4075085343670377,43,-1.0190656357518248
source_difference_vs_white,1.0,mlp,mlp,pc1_mse,7.266894831918972,137041,7.25285170382798,41,7.535097586936834
source_difference_vs_white,1.0,mlp,mlp,pc1_mse,7.266894831918972,137041,7.25285170382798,42,7.310393755563801
source_difference_vs_white,1.0,mlp,mlp,pc1_mse,7.266894831918972,137041,7.25285170382798,43,6.913063768983305
source_difference_vs_white,1.0,mlp,mlp,pc1_mse,7.266894831918972,237041,7.280937960009965,41,7.415914442033566
source_difference_vs_white,1.0,mlp,mlp,pc1_mse,7.266894831918972,237041,7.280937960009965,42,7.355081509963369
source_difference_vs_white,1.0,mlp,mlp,pc1_mse,7.266894831918972,237041,7.280937960009965,43,7.07181792803296
source_difference_vs_white,1.0,s4,s4,pc1_mse,7.984131521524679,137041,7.929186199268318,41,7.9513017220879165
source_difference_vs_white,1.0,s4,s4,pc1_mse,7.984131521524679,137041,7.929186199268318,42,7.665555514358945
source_difference_vs_white,1.0,s4,s4,pc1_mse,7.984131521524679,137041,7.929186199268318,43,8.170701361358091
source_difference_vs_white,1.0,s4,s4,pc1_mse,7.984131521524679,237041,8.039076843781041,41,7.808791233753892
source_difference_vs_white,1.0,s4,s4,pc1_mse,7.984131521524679,237041,8.039076843781041,42,8.117124932396852
source_difference_vs_white,1.0,s4,s4,pc1_mse,7.984131521524679,237041,8.039076843781041,43,8.19131436519238
source_difference_vs_white,1.0,whitened_mlp,whitened_mlp,pc1_mse,5.731185151315877,137041,5.588940876988826,41,5.800244559088751
source_difference_vs_white,1.0,whitened_mlp,whitened_mlp,pc1_mse,5.731185151315877,137041,5.588940876988826,42,5.23863926428372
source_difference_vs_white,1.0,whitened_mlp,whitened_mlp,pc1_mse,5.731185151315877,137041,5.588940876988826,43,5.727938807594006
source_difference_vs_white,1.0,whitened_mlp,whitened_mlp,pc1_mse,5.731185151315877,237041,5.873429425642928,41,5.984493778046274
source_difference_vs_white,1.0,whitened_mlp,whitened_mlp,pc1_mse,5.731185151315877,237041,5.873429425642928,42,5.583042206601372
source_difference_vs_white,1.0,whitened_mlp,whitened_mlp,pc1_mse,5.731185151315877,237041,5.873429425642928,43,6.052752292281135
head_difference,1.0,s4,mlp,pc2_mse,0.04530448748732119,137041,0.04778565657747732,41,0.0016577322670214834
head_difference,1.0,s4,mlp,pc2_mse,0.04530448748732119,137041,0.04778565657747732,42,0.01677469362894568
head_difference,1.0,s4,mlp,pc2_mse,0.04530448748732119,137041,0.04778565657747732,43,0.12492454383646479
head_difference,1.0,s4,mlp,pc2_mse,0.04530448748732119,237041,0.04282331839716506,41,-0.01549365616129661
head_difference,1.0,s4,mlp,pc2_mse,0.04530448748732119,237041,0.04282331839716506,42,0.047792386629070815
head_difference,1.0,s4,mlp,pc2_mse,0.04530448748732119,237041,0.04282331839716506,43,0.09617122472372097
head_by_source_interaction_vs_white,1.0,s4,mlp,pc2_mse,0.058381290310136766,137041,0.07778148598985712,41,0.01275285908548085
head_by_source_interaction_vs_white,1.0,s4,mlp,pc2_mse,0.058381290310136766,137041,0.07778148598985712,42,0.023755866760322153
head_by_source_interaction_vs_white,1.0,s4,mlp,pc2_mse,0.058381290310136766,137041,0.07778148598985712,43,0.19683573212376837
head_by_source_interaction_vs_white,1.0,s4,mlp,pc2_mse,0.058381290310136766,237041,0.0389810946304164,41,-0.024864346651566116
head_by_source_interaction_vs_white,1.0,s4,mlp,pc2_mse,0.058381290310136766,237041,0.0389810946304164,42,0.046978588773125995
head_by_source_interaction_vs_white,1.0,s4,mlp,pc2_mse,0.058381290310136766,237041,0.0389810946304164,43,0.09482904176968932
head_difference,1.0,whitened_mlp,mlp,pc2_mse,-0.2167891566420967,137041,-0.21895908624935068,41,-0.2193847854787907
head_difference,1.0,whitened_mlp,mlp,pc2_mse,-0.2167891566420967,137041,-0.21895908624935068,42,-0.22620871617771732
head_difference,1.0,whitened_mlp,mlp,pc2_mse,-0.2167891566420967,137041,-0.21895908624935068,43,-0.211283757091544
head_difference,1.0,whitened_mlp,mlp,pc2_mse,-0.2167891566420967,237041,-0.21461922703484268,41,-0.19627061387487288
head_difference,1.0,whitened_mlp,mlp,pc2_mse,-0.2167891566420967,237041,-0.21461922703484268,42,-0.20650753688368173
head_difference,1.0,whitened_mlp,mlp,pc2_mse,-0.2167891566420967,237041,-0.21461922703484268,43,-0.2410795303459734
head_by_source_interaction_vs_white,1.0,whitened_mlp,mlp,pc2_mse,-0.4147380821587715,137041,-0.42100350016727245,41,-0.4215263761502155
head_by_source_interaction_vs_white,1.0,whitened_mlp,mlp,pc2_mse,-0.4147380821587715,137041,-0.42100350016727245,42,-0.44759082388673077
head_by_source_interaction_vs_white,1.0,whitened_mlp,mlp,pc2_mse,-0.4147380821587715,137041,-0.42100350016727245,43,-0.39389330046487103
head_by_source_interaction_vs_white,1.0,whitened_mlp,mlp,pc2_mse,-0.4147380821587715,237041,-0.4084726641502705,41,-0.387974900252972
head_by_source_interaction_vs_white,1.0,whitened_mlp,mlp,pc2_mse,-0.4147380821587715,237041,-0.4084726641502705,42,-0.3910290194914401
head_by_source_interaction_vs_white,1.0,whitened_mlp,mlp,pc2_mse,-0.4147380821587715,237041,-0.4084726641502705,43,-0.44641407270639943
source_difference_vs_white,1.0,mlp,mlp,pc2_mse,1.5357078777232942,137041,1.5529333965260828,41,1.5971869601575666
source_difference_vs_white,1.0,mlp,mlp,pc2_mse,1.5357078777232942,137041,1.5529333965260828,42,1.5560203417718959
source_difference_vs_white,1.0,mlp,mlp,pc2_mse,1.5357078777232942,137041,1.5529333965260828,43,1.505592887648786
source_difference_vs_white,1.0,mlp,mlp,pc2_mse,1.5357078777232942,237041,1.5184823589205056,41,1.5491610462571006
source_difference_vs_white,1.0,mlp,mlp,pc2_mse,1.5357078777232942,237041,1.5184823589205056,42,1.4892517029222958
source_difference_vs_white,1.0,mlp,mlp,pc2_mse,1.5357078777232942,237041,1.5184823589205056,43,1.5170343275821208
source_difference_vs_white,1.0,s4,s4,pc2_mse,1.594089168033431,137041,1.6307148825159399,41,1.6099398192430474
source_difference_vs_white,1.0,s4,s4,pc2_mse,1.594089168033431,137041,1.6307148825159399,42,1.579776208532218
source_difference_vs_white,1.0,s4,s4,pc2_mse,1.594089168033431,137041,1.6307148825159399,43,1.7024286197725544
source_difference_vs_white,1.0,s4,s4,pc2_mse,1.594089168033431,237041,1.5574634535509222,41,1.5242966996055345
source_difference_vs_white,1.0,s4,s4,pc2_mse,1.594089168033431,237041,1.5574634535509222,42,1.5362302916954218
source_difference_vs_white,1.0,s4,s4,pc2_mse,1.594089168033431,237041,1.5574634535509222,43,1.61186336935181
source_difference_vs_white,1.0,whitened_mlp,whitened_mlp,pc2_mse,1.1209697955645228,137041,1.1319298963588105,41,1.175660584007351
source_difference_vs_white,1.0,whitened_mlp,whitened_mlp,pc2_mse,1.1209697955645228,137041,1.1319298963588105,42,1.108429517885165
source_difference_vs_white,1.0,whitened_mlp,whitened_mlp,pc2_mse,1.1209697955645228,137041,1.1319298963588105,43,1.111699587183915
source_difference_vs_white,1.0,whitened_mlp,whitened_mlp,pc2_mse,1.1209697955645228,237041,1.1100096947702351,41,1.1611861460041286
source_difference_vs_white,1.0,whitened_mlp,whitened_mlp,pc2_mse,1.1209697955645228,237041,1.1100096947702351,42,1.0982226834308557
source_difference_vs_white,1.0,whitened_mlp,whitened_mlp,pc2_mse,1.1209697955645228,237041,1.1100096947702351,43,1.0706202548757213
head_difference,1.0,s4,mlp,residual_mse,0.009341508594322506,137041,0.009095390759755191,41,0.007190130912241376
head_difference,1.0,s4,mlp,residual_mse,0.009341508594322506,137041,0.009095390759755191,42,0.009259628757909859
head_difference,1.0,s4,mlp,residual_mse,0.009341508594322506,137041,0.009095390759755191,43,0.010836412609114339
head_difference,1.0,s4,mlp,residual_mse,0.009341508594322506,237041,0.009587626428889823,41,0.00830169790026386
head_difference,1.0,s4,mlp,residual_mse,0.009341508594322506,237041,0.009587626428889823,42,0.01007454303945262
head_difference,1.0,s4,mlp,residual_mse,0.009341508594322506,237041,0.009587626428889823,43,0.01038663834695299
head_by_source_interaction_vs_white,1.0,s4,mlp,residual_mse,0.00398565881555098,137041,0.005198881622114219,41,0.0032669016041367988
head_by_source_interaction_vs_white,1.0,s4,mlp,residual_mse,0.00398565881555098,137041,0.005198881622114219,42,0.008577138724684491
head_by_source_interaction_vs_white,1.0,s4,mlp,residual_mse,0.00398565881555098,137041,0.005198881622114219,43,0.0037526045375213674
head_by_source_interaction_vs_white,1.0,s4,mlp,residual_mse,0.00398565881555098,237041,0.0027724360089877395,41,0.00045638214919750675
head_by_source_interaction_vs_white,1.0,s4,mlp,residual_mse,0.00398565881555098,237041,0.0027724360089877395,42,0.007204329449197591
head_by_source_interaction_vs_white,1.0,s4,mlp,residual_mse,0.00398565881555098,237041,0.0027724360089877395,43,0.0006565964285681208
head_difference,1.0,whitened_mlp,mlp,residual_mse,-0.009138690580536186,137041,-0.008700779719725348,41,-0.008979077025715002
head_difference,1.0,whitened_mlp,mlp,residual_mse,-0.009138690580536186,137041,-0.008700779719725348,42,-0.008419637889117315
head_difference,1.0,whitened_mlp,mlp,residual_mse,-0.009138690580536186,137041,-0.008700779719725348,43,-0.008703624244343726
head_difference,1.0,whitened_mlp,mlp,residual_mse,-0.009138690580536186,237041,-0.009576601441347024,41,-0.009401159129657083
head_difference,1.0,whitened_mlp,mlp,residual_mse,-0.009138690580536186,237041,-0.009576601441347024,42,-0.009780084857007647
head_difference,1.0,whitened_mlp,mlp,residual_mse,-0.009138690580536186,237041,-0.009576601441347024,43,-0.00954856033737634
head_by_source_interaction_vs_white,1.0,whitened_mlp,mlp,residual_mse,0.012698510121203349,137041,0.011660386515820848,41,0.012551736196711863
head_by_source_interaction_vs_white,1.0,whitened_mlp,mlp,residual_mse,0.012698510121203349,137041,0.011660386515820848,42,0.01172995437255979
head_by_source_interaction_vs_white,1.0,whitened_mlp,mlp,residual_mse,0.012698510121203349,137041,0.011660386515820848,43,0.010699468978190893
head_by_source_interaction_vs_white,1.0,whitened_mlp,mlp,residual_mse,0.012698510121203349,237041,0.01373663372658585,41,0.013132432821175224
head_by_source_interaction_vs_white,1.0,whitened_mlp,mlp,residual_mse,0.012698510121203349,237041,0.01373663372658585,42,0.014268404683026856
head_by_source_interaction_vs_white,1.0,whitened_mlp,mlp,residual_mse,0.012698510121203349,237041,0.01373663372658585,43,0.013809063675555469
source_difference_vs_white,1.0,mlp,mlp,residual_mse,-0.06624913373984301,137041,-0.06678748378984244,41,-0.06630899756562841
source_difference_vs_white,1.0,mlp,mlp,residual_mse,-0.06624913373984301,137041,-0.06678748378984244,42,-0.06777345225083103
source_difference_vs_white,1.0,mlp,mlp,residual_mse,-0.06624913373984301,137041,-0.06678748378984244,43,-0.06628000155306783
source_difference_vs_white,1.0,mlp,mlp,residual_mse,-0.06624913373984301,237041,-0.06571078368984358,41,-0.0645737982608206
source_difference_vs_white,1.0,mlp,mlp,residual_mse,-0.06624913373984301,237041,-0.06571078368984358,42,-0.06710349995713008
source_difference_vs_white,1.0,mlp,mlp,residual_mse,-0.06624913373984301,237041,-0.06571078368984358,43,-0.06545505285158004
source_difference_vs_white,1.0,s4,s4,residual_mse,-0.062263474924292024,137041,-0.06158860216772821,41,-0.06304209596149161
source_difference_vs_white,1.0,s4,s4,residual_mse,-0.062263474924292024,137041,-0.06158860216772821,42,-0.05919631352614656
source_difference_vs_white,1.0,s4,s4,residual_mse,-0.062263474924292024,137041,-0.06158860216772821,43,-0.06252739701554647
source_difference_vs_white,1.0,s4,s4,residual_mse,-0.062263474924292024,237041,-0.06293834768085584,41,-0.0641174161116231
source_difference_vs_white,1.0,s4,s4,residual_mse,-0.062263474924292024,237041,-0.06293834768085584,42,-0.059899170507932496
source_difference_vs_white,1.0,s4,s4,residual_mse,-0.062263474924292024,237041,-0.06293834768085584,43,-0.06479845642301192
source_difference_vs_white,1.0,whitened_mlp,whitened_mlp,residual_mse,-0.053550623618639645,137041,-0.055127097274021576,41,-0.053757261368916544
source_difference_vs_white,1.0,whitened_mlp,whitened_mlp,residual_mse,-0.053550623618639645,137041,-0.055127097274021576,42,-0.05604349787827125
source_difference_vs_white,1.0,whitened_mlp,whitened_mlp,residual_mse,-0.053550623618639645,137041,-0.055127097274021576,43,-0.05558053257487695
source_difference_vs_white,1.0,whitened_mlp,whitened_mlp,residual_mse,-0.053550623618639645,237041,-0.05197414996325772,41,-0.05144136543964538
source_difference_vs_white,1.0,whitened_mlp,whitened_mlp,residual_mse,-0.053550623618639645,237041,-0.05197414996325772,42,-0.05283509527410323
source_difference_vs_white,1.0,whitened_mlp,whitened_mlp,residual_mse,-0.053550623618639645,237041,-0.05197414996325772,43,-0.05164598917602457
head_difference,1.0,s4,mlp,residual_normalized_mse,31.268941693917995,137041,35.14506828454982,41,36.37237361942064
head_difference,1.0,s4,mlp,residual_normalized_mse,31.268941693917995,137041,35.14506828454982,42,38.79058902437137
head_difference,1.0,s4,mlp,residual_normalized_mse,31.268941693917995,137041,35.14506828454982,43,30.27224220985745
head_difference,1.0,s4,mlp,residual_normalized_mse,31.268941693917995,237041,27.39281510328617,41,28.30036745237865
head_difference,1.0,s4,mlp,residual_normalized_mse,31.268941693917995,237041,27.39281510328617,42,28.338547030553972
head_difference,1.0,s4,mlp,residual_normalized_mse,31.268941693917995,237041,27.39281510328617,43,25.53953082692589
head_by_source_interaction_vs_white,1.0,s4,mlp,residual_normalized_mse,31.264636646905885,137041,35.141832049923835,41,36.369797406092985
head_by_source_interaction_vs_white,1.0,s4,mlp,residual_normalized_mse,31.264636646905885,137041,35.141832049923835,42,38.790424022459746
head_by_source_interaction_vs_white,1.0,s4,mlp,residual_normalized_mse,31.264636646905885,137041,35.141832049923835,43,30.265274721218766
head_by_source_interaction_vs_white,1.0,s4,mlp,residual_normalized_mse,31.264636646905885,237041,27.38744124388793,41,28.295008042810903
head_by_source_interaction_vs_white,1.0,s4,mlp,residual_normalized_mse,31.264636646905885,237041,27.38744124388793,42,28.33643554630497
head_by_source_interaction_vs_white,1.0,s4,mlp,residual_normalized_mse,31.264636646905885,237041,27.38744124388793,43,25.53088014254791
head_difference,1.0,whitened_mlp,mlp,residual_normalized_mse,-0.12458748438197559,137041,-0.12649633237773958,41,-0.1265463335980348
head_difference,1.0,whitened_mlp,mlp,residual_normalized_mse,-0.12458748438197559,137041,-0.12649633237773958,42,-0.12546938296264737
head_difference,1.0,whitened_mlp,mlp,residual_normalized_mse,-0.12458748438197559,137041,-0.12649633237773958,43,-0.1274732805725366
head_difference,1.0,whitened_mlp,mlp,residual_normalized_mse,-0.12458748438197559,237041,-0.12267863638621161,41,-0.1199381097976392
head_difference,1.0,whitened_mlp,mlp,residual_normalized_mse,-0.12458748438197559,237041,-0.12267863638621161,42,-0.12267017643355171
head_difference,1.0,whitened_mlp,mlp,residual_normalized_mse,-0.12458748438197559,237041,-0.12267863638621161,43,-0.12542762292744392
head_by_source_interaction_vs_white,1.0,whitened_mlp,mlp,residual_normalized_mse,-0.10280753608825313,137041,-0.10550396478659806,41,-0.10465613378700368
head_by_source_interaction_vs_white,1.0,whitened_mlp,mlp,residual_normalized_mse,-0.10280753608825313,137041,-0.10550396478659806,42,-0.104178243637658
head_by_source_interaction_vs_white,1.0,whitened_mlp,mlp,residual_normalized_mse,-0.10280753608825313,137041,-0.10550396478659806,43,-0.10767751693513246
head_by_source_interaction_vs_white,1.0,whitened_mlp,mlp,residual_normalized_mse,-0.10280753608825313,237041,-0.10011110738990821,41,-0.09807886972590109
head_by_source_interaction_vs_white,1.0,whitened_mlp,mlp,residual_normalized_mse,-0.10280753608825313,237041,-0.10011110738990821,42,-0.09904158064142082
head_by_source_interaction_vs_white,1.0,whitened_mlp,mlp,residual_normalized_mse,-0.10280753608825313,237041,-0.10011110738990821,43,-0.10321287180240273
source_difference_vs_white,1.0,mlp,mlp,residual_normalized_mse,0.17441010660969533,137041,0.17596266773516397,41,0.1772460424392997
source_difference_vs_white,1.0,mlp,mlp,residual_normalized_mse,0.17441010660969533,137041,0.17596266773516397,42,0.17373615555153915
source_difference_vs_white,1.0,mlp,mlp,residual_normalized_mse,0.17441010660969533,137041,0.17596266773516397,43,0.17690580521465304
source_difference_vs_white,1.0,mlp,mlp,residual_normalized_mse,0.17441010660969533,237041,0.1728575454842267,41,0.17133893941976786
source_difference_vs_white,1.0,mlp,mlp,residual_normalized_mse,0.17441010660969533,237041,0.1728575454842267,42,0.17113317038012224
source_difference_vs_white,1.0,mlp,mlp,residual_normalized_mse,0.17441010660969533,237041,0.1728575454842267,43,0.17610052665278997
source_difference_vs_white,1.0,s4,s4,residual_normalized_mse,31.439046753515573,137041,35.31779471765899,41,36.547043448532285
source_difference_vs_white,1.0,s4,s4,residual_normalized_mse,31.439046753515573,137041,35.31779471765899,42,38.964160178011284
source_difference_vs_white,1.0,s4,s4,residual_normalized_mse,31.439046753515573,137041,35.31779471765899,43,30.442180526433418
source_difference_vs_white,1.0,s4,s4,residual_normalized_mse,31.439046753515573,237041,27.560298789372155,41,28.46634698223067
source_difference_vs_white,1.0,s4,s4,residual_normalized_mse,31.439046753515573,237041,27.560298789372155,42,28.50756871668509
source_difference_vs_white,1.0,s4,s4,residual_normalized_mse,31.439046753515573,237041,27.560298789372155,43,25.7069806692007
source_difference_vs_white,1.0,whitened_mlp,whitened_mlp,residual_normalized_mse,0.0716025705214422,137041,0.0704587029485659,41,0.07258990865229605
source_difference_vs_white,1.0,whitened_mlp,whitened_mlp,residual_normalized_mse,0.0716025705214422,137041,0.0704587029485659,42,0.06955791191388111
source_difference_vs_white,1.0,whitened_mlp,whitened_mlp,residual_normalized_mse,0.0716025705214422,137041,0.0704587029485659,43,0.06922828827952057
source_difference_vs_white,1.0,whitened_mlp,whitened_mlp,residual_normalized_mse,0.0716025705214422,237041,0.07274643809431848,41,0.07326006969386678
source_difference_vs_white,1.0,whitened_mlp,whitened_mlp,residual_normalized_mse,0.0716025705214422,237041,0.07274643809431848,42,0.07209158973870142
source_difference_vs_white,1.0,whitened_mlp,whitened_mlp,residual_normalized_mse,0.0716025705214422,237041,0.07274643809431848,43,0.07288765485038726
head_difference,1.0,s4,mlp,roughness_ratio,0.031866522052534464,137041,0.03393825513676141,41,0.013422622052964073
head_difference,1.0,s4,mlp,roughness_ratio,0.031866522052534464,137041,0.03393825513676141,42,0.04511129871826525
head_difference,1.0,s4,mlp,roughness_ratio,0.031866522052534464,137041,0.03393825513676141,43,0.043280844639054905
head_difference,1.0,s4,mlp,roughness_ratio,0.031866522052534464,237041,0.029794788968307524,41,0.03295615254893103
head_difference,1.0,s4,mlp,roughness_ratio,0.031866522052534464,237041,0.029794788968307524,42,0.021441516460860566
head_difference,1.0,s4,mlp,roughness_ratio,0.031866522052534464,237041,0.029794788968307524,43,0.03498669789513098
head_by_source_interaction_vs_white,1.0,s4,mlp,roughness_ratio,0.040618694108982646,137041,0.04372304308722944,41,0.017178704043726123
head_by_source_interaction_vs_white,1.0,s4,mlp,roughness_ratio,0.040618694108982646,137041,0.04372304308722944,42,0.05472993770497292
head_by_source_interaction_vs_white,1.0,s4,mlp,roughness_ratio,0.040618694108982646,137041,0.04372304308722944,43,0.05926048751298929
head_by_source_interaction_vs_white,1.0,s4,mlp,roughness_ratio,0.040618694108982646,237041,0.03751434513073585,41,0.053224785940998554
head_by_source_interaction_vs_white,1.0,s4,mlp,roughness_ratio,0.040618694108982646,237041,0.03751434513073585,42,0.018018248039874285
head_by_source_interaction_vs_white,1.0,s4,mlp,roughness_ratio,0.040618694108982646,237041,0.03751434513073585,43,0.04130000141133472
head_difference,1.0,whitened_mlp,mlp,roughness_ratio,-0.0030216083885921488,137041,-0.0048169540051861874,41,0.0029524524956865417
head_difference,1.0,whitened_mlp,mlp,roughness_ratio,-0.0030216083885921488,137041,-0.0048169540051861874,42,-0.025944185550805465
head_difference,1.0,whitened_mlp,mlp,roughness_ratio,-0.0030216083885921488,137041,-0.0048169540051861874,43,0.00854087103956036
head_difference,1.0,whitened_mlp,mlp,roughness_ratio,-0.0030216083885921488,237041,-0.00122626277199811,41,-0.019844562073864314
head_difference,1.0,whitened_mlp,mlp,roughness_ratio,-0.0030216083885921488,237041,-0.00122626277199811,42,-0.022641649953090592
head_difference,1.0,whitened_mlp,mlp,roughness_ratio,-0.0030216083885921488,237041,-0.00122626277199811,43,0.038807423710960576
head_by_source_interaction_vs_white,1.0,whitened_mlp,mlp,roughness_ratio,-0.07018665466865256,137041,-0.06958943764562094,41,-0.06136681785359466
head_by_source_interaction_vs_white,1.0,whitened_mlp,mlp,roughness_ratio,-0.07018665466865256,137041,-0.06958943764562094,42,-0.08011071467879471
head_by_source_interaction_vs_white,1.0,whitened_mlp,mlp,roughness_ratio,-0.07018665466865256,137041,-0.06958943764562094,43,-0.06729078040447345
head_by_source_interaction_vs_white,1.0,whitened_mlp,mlp,roughness_ratio,-0.07018665466865256,237041,-0.07078387169168421,41,-0.07502057534881135
head_by_source_interaction_vs_white,1.0,whitened_mlp,mlp,roughness_ratio,-0.07018665466865256,237041,-0.07078387169168421,42,-0.0764873663455452
head_by_source_interaction_vs_white,1.0,whitened_mlp,mlp,roughness_ratio,-0.07018665466865256,237041,-0.07078387169168421,43,-0.06084367338069607
source_difference_vs_white,1.0,mlp,mlp,roughness_ratio,0.0021117016712025967,137041,-0.01469134898289163,41,0.00726031359678081
source_difference_vs_white,1.0,mlp,mlp,roughness_ratio,0.0021117016712025967,137041,-0.01469134898289163,42,-0.03056570650917101
source_difference_vs_white,1.0,mlp,mlp,roughness_ratio,0.0021117016712025967,137041,-0.01469134898289163,43,-0.020768654036284695
source_difference_vs_white,1.0,mlp,mlp,roughness_ratio,0.0021117016712025967,237041,0.018914752325296824,41,0.02934591209896209
source_difference_vs_white,1.0,mlp,mlp,roughness_ratio,0.0021117016712025967,237041,0.018914752325296824,42,0.03047003725864017
source_difference_vs_white,1.0,mlp,mlp,roughness_ratio,0.0021117016712025967,237041,0.018914752325296824,43,-0.003071692381711788
source_difference_vs_white,1.0,s4,s4,roughness_ratio,0.04273039578018524,137041,0.029031694104337813,41,0.024439017640506933
source_difference_vs_white,1.0,s4,s4,roughness_ratio,0.04273039578018524,137041,0.029031694104337813,42,0.02416423119580191
source_difference_vs_white,1.0,s4,s4,roughness_ratio,0.04273039578018524,137041,0.029031694104337813,43,0.038491833476704596
source_difference_vs_white,1.0,s4,s4,roughness_ratio,0.04273039578018524,237041,0.056429097456032674,41,0.08257069803996064
source_difference_vs_white,1.0,s4,s4,roughness_ratio,0.04273039578018524,237041,0.056429097456032674,42,0.048488285298514455
source_difference_vs_white,1.0,s4,s4,roughness_ratio,0.04273039578018524,237041,0.056429097456032674,43,0.03822830902962293
source_difference_vs_white,1.0,whitened_mlp,whitened_mlp,roughness_ratio,-0.06807495299744998,137041,-0.08428078662851257,41,-0.05410650425681385
source_difference_vs_white,1.0,whitened_mlp,whitened_mlp,roughness_ratio,-0.06807495299744998,137041,-0.08428078662851257,42,-0.11067642118796561
source_difference_vs_white,1.0,whitened_mlp,whitened_mlp,roughness_ratio,-0.06807495299744998,137041,-0.08428078662851257,43,-0.08805943444075826
source_difference_vs_white,1.0,whitened_mlp,whitened_mlp,roughness_ratio,-0.06807495299744998,237041,-0.051869119366387384,41,-0.04567466324984926
source_difference_vs_white,1.0,whitened_mlp,whitened_mlp,roughness_ratio,-0.06807495299744998,237041,-0.051869119366387384,42,-0.046017329086905034
source_difference_vs_white,1.0,whitened_mlp,whitened_mlp,roughness_ratio,-0.06807495299744998,237041,-0.051869119366387384,43,-0.06391536576240786
head_difference,1.0,s4,mlp,fair_crps,-0.014692812763712065,137041,-0.011462579091484015,41,-0.017435614093333274
head_difference,1.0,s4,mlp,fair_crps,-0.014692812763712065,137041,-0.011462579091484015,42,-0.005896465532395201
head_difference,1.0,s4,mlp,fair_crps,-0.014692812763712065,137041,-0.011462579091484015,43,-0.011055657648723571
head_difference,1.0,s4,mlp,fair_crps,-0.014692812763712065,237041,-0.017923046435940115,41,-0.01996549326381919
head_difference,1.0,s4,mlp,fair_crps,-0.014692812763712065,237041,-0.017923046435940115,42,-0.021812541716329348
head_difference,1.0,s4,mlp,fair_crps,-0.014692812763712065,237041,-0.017923046435940115,43,-0.011991104327671809
head_by_source_interaction_vs_white,1.0,s4,mlp,fair_crps,-0.010412579632625624,137041,-0.01349591694253427,41,-0.007215819429613135
head_by_source_interaction_vs_white,1.0,s4,mlp,fair_crps,-0.010412579632625624,137041,-0.01349591694253427,42,-0.018413802744856156
head_by_source_interaction_vs_white,1.0,s4,mlp,fair_crps,-0.010412579632625624,137041,-0.01349591694253427,43,-0.014858128653133518
head_by_source_interaction_vs_white,1.0,s4,mlp,fair_crps,-0.010412579632625624,237041,-0.007329242322716978,41,-0.018779434638282022
head_by_source_interaction_vs_white,1.0,s4,mlp,fair_crps,-0.010412579632625624,237041,-0.007329242322716978,42,-0.007273005323975901
head_by_source_interaction_vs_white,1.0,s4,mlp,fair_crps,-0.010412579632625624,237041,-0.007329242322716978,43,0.004064712994106989
head_difference,1.0,whitened_mlp,mlp,fair_crps,0.005112081310376483,137041,0.009222145746231406,41,-0.0013448890857779006
head_difference,1.0,whitened_mlp,mlp,fair_crps,0.005112081310376483,137041,0.009222145746231406,42,0.00690491171195462
head_difference,1.0,whitened_mlp,mlp,fair_crps,0.005112081310376483,137041,0.009222145746231406,43,0.0221064146125175
head_difference,1.0,whitened_mlp,mlp,fair_crps,0.005112081310376483,237041,0.0010020168745215607,41,0.007033887601515354
head_difference,1.0,whitened_mlp,mlp,fair_crps,0.005112081310376483,237041,0.0010020168745215607,42,-0.010560814445047806
head_difference,1.0,whitened_mlp,mlp,fair_crps,0.005112081310376483,237041,0.0010020168745215607,43,0.006532977467097134
head_by_source_interaction_vs_white,1.0,whitened_mlp,mlp,fair_crps,-0.05436997802525219,137041,-0.05451467858175196,41,-0.044749911425175926
head_by_source_interaction_vs_white,1.0,whitened_mlp,mlp,fair_crps,-0.05436997802525219,137041,-0.05451467858175196,42,-0.08122195084595962
head_by_source_interaction_vs_white,1.0,whitened_mlp,mlp,fair_crps,-0.05436997802525219,137041,-0.05451467858175196,43,-0.03757217347412034
head_by_source_interaction_vs_white,1.0,whitened_mlp,mlp,fair_crps,-0.05436997802525219,237041,-0.05422527746875242,41,-0.05102820074550074
head_by_source_interaction_vs_white,1.0,whitened_mlp,mlp,fair_crps,-0.05436997802525219,237041,-0.05422527746875242,42,-0.06921196771749571
head_by_source_interaction_vs_white,1.0,whitened_mlp,mlp,fair_crps,-0.05436997802525219,237041,-0.05422527746875242,43,-0.042435663943260815
source_difference_vs_white,1.0,mlp,mlp,fair_crps,-0.002903630037790752,137041,-0.003404820186440801,41,-0.004906596649481232
source_difference_vs_white,1.0,mlp,mlp,fair_crps,-0.002903630037790752,137041,-0.003404820186440801,42,-0.006824050775239288
source_difference_vs_white,1.0,mlp,mlp,fair_crps,-0.002903630037790752,137041,-0.003404820186440801,43,0.001516186865398117
source_difference_vs_white,1.0,mlp,mlp,fair_crps,-0.002903630037790752,237041,-0.0024024398891407026,41,-0.0027335904251086784
source_difference_vs_white,1.0,mlp,mlp,fair_crps,-0.002903630037790752,237041,-0.0024024398891407026,42,-0.0007028071073194586
source_difference_vs_white,1.0,mlp,mlp,fair_crps,-0.002903630037790752,237041,-0.0024024398891407026,43,-0.0037709221349939703
source_difference_vs_white,1.0,s4,s4,fair_crps,-0.013316209670416404,137041,-0.01690073712897509,41,-0.012122416079094367
source_difference_vs_white,1.0,s4,s4,fair_crps,-0.013316209670416404,137041,-0.01690073712897509,42,-0.025237853520095443
source_difference_vs_white,1.0,s4,s4,fair_crps,-0.013316209670416404,137041,-0.01690073712897509,43,-0.013341941787735456
source_difference_vs_white,1.0,s4,s4,fair_crps,-0.013316209670416404,237041,-0.009731682211857717,41,-0.021513025063390756
source_difference_vs_white,1.0,s4,s4,fair_crps,-0.013316209670416404,237041,-0.009731682211857717,42,-0.007975812431295415
source_difference_vs_white,1.0,s4,s4,fair_crps,-0.013316209670416404,237041,-0.009731682211857717,43,0.00029379085911301894
source_difference_vs_white,1.0,whitened_mlp,whitened_mlp,fair_crps,-0.057273608063042956,137041,-0.057919498768192766,41,-0.04965650807465716
source_difference_vs_white,1.0,whitened_mlp,whitened_mlp,fair_crps,-0.057273608063042956,137041,-0.057919498768192766,42,-0.08804600162119891
source_difference_vs_white,1.0,whitened_mlp,whitened_mlp,fair_crps,-0.057273608063042956,137041,-0.057919498768192766,43,-0.036055986608722224
source_difference_vs_white,1.0,whitened_mlp,whitened_mlp,fair_crps,-0.057273608063042956,237041,-0.05662771735789315,41,-0.05376179117060942
source_difference_vs_white,1.0,whitened_mlp,whitened_mlp,fair_crps,-0.057273608063042956,237041,-0.05662771735789315,42,-0.06991477482481523
source_difference_vs_white,1.0,whitened_mlp,whitened_mlp,fair_crps,-0.057273608063042956,237041,-0.05662771735789315,43,-0.046206586078254785
head_difference,1.0,s4,mlp,target_pca_tail_ratio,310.4786890559068,137041,294.97589690398644,41,278.83587343176566
head_difference,1.0,s4,mlp,target_pca_tail_ratio,310.4786890559068,137041,294.97589690398644,42,329.93140475475525
head_difference,1.0,s4,mlp,target_pca_tail_ratio,310.4786890559068,137041,294.97589690398644,43,276.16041252543846
head_difference,1.0,s4,mlp,target_pca_tail_ratio,310.4786890559068,237041,325.9814812078271,41,418.86699277046665
head_difference,1.0,s4,mlp,target_pca_tail_ratio,310.4786890559068,237041,325.9814812078271,42,312.8004123539896
head_difference,1.0,s4,mlp,target_pca_tail_ratio,310.4786890559068,237041,325.9814812078271,43,246.27703849902494
head_by_source_interaction_vs_white,1.0,s4,mlp,target_pca_tail_ratio,263.16840204852065,137041,247.03476691151377,41,229.12222005016383
head_by_source_interaction_vs_white,1.0,s4,mlp,target_pca_tail_ratio,263.16840204852065,137041,247.03476691151377,42,336.7334842732739
head_by_source_interaction_vs_white,1.0,s4,mlp,target_pca_tail_ratio,263.16840204852065,137041,247.03476691151377,43,175.24859641110356
head_by_source_interaction_vs_white,1.0,s4,mlp,target_pca_tail_ratio,263.16840204852065,237041,279.3020371855276,41,392.7340342638379
head_by_source_interaction_vs_white,1.0,s4,mlp,target_pca_tail_ratio,263.16840204852065,237041,279.3020371855276,42,296.3649913470356
head_by_source_interaction_vs_white,1.0,s4,mlp,target_pca_tail_ratio,263.16840204852065,237041,279.3020371855276,43,148.80708594570936
head_difference,1.0,whitened_mlp,mlp,target_pca_tail_ratio,0.6162224180108382,137041,0.5882087617710381,41,0.5965230203149671
head_difference,1.0,whitened_mlp,mlp,target_pca_tail_ratio,0.6162224180108382,137041,0.5882087617710381,42,0.5912493820281635
head_difference,1.0,whitened_mlp,mlp,target_pca_tail_ratio,0.6162224180108382,137041,0.5882087617710381,43,0.5768538829699836
head_difference,1.0,whitened_mlp,mlp,target_pca_tail_ratio,0.6162224180108382,237041,0.6442360742506383,41,0.6152329290601994
head_difference,1.0,whitened_mlp,mlp,target_pca_tail_ratio,0.6162224180108382,237041,0.6442360742506383,42,0.6485418870288022
head_difference,1.0,whitened_mlp,mlp,target_pca_tail_ratio,0.6162224180108382,237041,0.6442360742506383,43,0.6689334066629132
head_by_source_interaction_vs_white,1.0,whitened_mlp,mlp,target_pca_tail_ratio,71.05526951627313,137041,75.3518316538641,41,75.06838154643083
head_by_source_interaction_vs_white,1.0,whitened_mlp,mlp,target_pca_tail_ratio,71.05526951627313,137041,75.3518316538641,42,82.81436467278179
head_by_source_interaction_vs_white,1.0,whitened_mlp,mlp,target_pca_tail_ratio,71.05526951627313,137041,75.3518316538641,43,68.1727487423797
head_by_source_interaction_vs_white,1.0,whitened_mlp,mlp,target_pca_tail_ratio,71.05526951627313,237041,66.75870737868216,41,65.38900798326286
head_by_source_interaction_vs_white,1.0,whitened_mlp,mlp,target_pca_tail_ratio,71.05526951627313,237041,66.75870737868216,42,71.41011156776099
head_by_source_interaction_vs_white,1.0,whitened_mlp,mlp,target_pca_tail_ratio,71.05526951627313,237041,66.75870737868216,43,63.477002585022625
source_difference_vs_white,1.0,mlp,mlp,target_pca_tail_ratio,-71.57032180215862,137041,-75.91600203557893,41,-75.55773845990068
source_difference_vs_white,1.0,mlp,mlp,target_pca_tail_ratio,-71.57032180215862,137041,-75.91600203557893,42,-83.38772759851824
source_difference_vs_white,1.0,mlp,mlp,target_pca_tail_ratio,-71.57032180215862,137041,-75.91600203557893,43,-68.80254004831791
source_difference_vs_white,1.0,mlp,mlp,target_pca_tail_ratio,-71.57032180215862,237041,-67.2246415687383,41,-65.96439413878693
source_difference_vs_white,1.0,mlp,mlp,target_pca_tail_ratio,-71.57032180215862,237041,-67.2246415687383,42,-71.87063835177831
source_difference_vs_white,1.0,mlp,mlp,target_pca_tail_ratio,-71.57032180215862,237041,-67.2246415687383,43,-63.83889221564966
source_difference_vs_white,1.0,s4,s4,target_pca_tail_ratio,191.5980802463621,137041,171.11876487593483,41,153.56448159026314
source_difference_vs_white,1.0,s4,s4,target_pca_tail_ratio,191.5980802463621,137041,171.11876487593483,42,253.34575667475565
source_difference_vs_white,1.0,s4,s4,target_pca_tail_ratio,191.5980802463621,137041,171.11876487593483,43,106.44605636278564
source_difference_vs_white,1.0,s4,s4,target_pca_tail_ratio,191.5980802463621,237041,212.07739561678932,41,326.76964012505096
source_difference_vs_white,1.0,s4,s4,target_pca_tail_ratio,191.5980802463621,237041,212.07739561678932,42,224.49435299525726
source_difference_vs_white,1.0,s4,s4,target_pca_tail_ratio,191.5980802463621,237041,212.07739561678932,43,84.96819373005971
source_difference_vs_white,1.0,whitened_mlp,whitened_mlp,target_pca_tail_ratio,-0.5150522858854876,137041,-0.5641703817148312,41,-0.48935691346983823
source_difference_vs_white,1.0,whitened_mlp,whitened_mlp,target_pca_tail_ratio,-0.5150522858854876,137041,-0.5641703817148312,42,-0.5733629257364379
source_difference_vs_white,1.0,whitened_mlp,whitened_mlp,target_pca_tail_ratio,-0.5150522858854876,137041,-0.5641703817148312,43,-0.6297913059382179
source_difference_vs_white,1.0,whitened_mlp,whitened_mlp,target_pca_tail_ratio,-0.5150522858854876,237041,-0.46593419005614395,41,-0.5753861555240747
source_difference_vs_white,1.0,whitened_mlp,whitened_mlp,target_pca_tail_ratio,-0.5150522858854876,237041,-0.46593419005614395,42,-0.4605267840173235
source_difference_vs_white,1.0,whitened_mlp,whitened_mlp,target_pca_tail_ratio,-0.5150522858854876,237041,-0.46593419005614395,43,-0.3618896306270336
head_difference,1.0,s4,mlp,fair_energy_score,-0.06347648555556569,137041,-0.04676334459583161,41,-0.08027446651055081
head_difference,1.0,s4,mlp,fair_energy_score,-0.06347648555556569,137041,-0.04676334459583161,42,-0.01819845029515621
head_difference,1.0,s4,mlp,fair_energy_score,-0.06347648555556569,137041,-0.04676334459583161,43,-0.041817116981787805
head_difference,1.0,s4,mlp,fair_energy_score,-0.06347648555556569,237041,-0.08018962651529978,41,-0.09179332533083295
head_difference,1.0,s4,mlp,fair_energy_score,-0.06347648555556569,237041,-0.08018962651529978,42,-0.10811400879133215
head_difference,1.0,s4,mlp,fair_energy_score,-0.06347648555556569,237041,-0.08018962651529978,43,-0.040661545423734236
head_by_source_interaction_vs_white,1.0,s4,mlp,fair_energy_score,-0.04227640813185555,137041,-0.057047813601661,41,-0.03857315637625858
head_by_source_interaction_vs_white,1.0,s4,mlp,fair_energy_score,-0.04227640813185555,137041,-0.057047813601661,42,-0.06936309951501585
head_by_source_interaction_vs_white,1.0,s4,mlp,fair_energy_score,-0.04227640813185555,137041,-0.057047813601661,43,-0.06320718491370858
head_by_source_interaction_vs_white,1.0,s4,mlp,fair_energy_score,-0.04227640813185555,237041,-0.0275050026620501,41,-0.08706505989037927
head_by_source_interaction_vs_white,1.0,s4,mlp,fair_energy_score,-0.04227640813185555,237041,-0.0275050026620501,42,-0.03686668649777092
head_by_source_interaction_vs_white,1.0,s4,mlp,fair_energy_score,-0.04227640813185555,237041,-0.0275050026620501,43,0.041416738401999886
head_difference,1.0,whitened_mlp,mlp,fair_energy_score,0.01940711618053803,137041,0.03906746025346811,41,-0.012218397855339624
head_difference,1.0,whitened_mlp,mlp,fair_energy_score,0.01940711618053803,137041,0.03906746025346811,42,0.031683076871750426
head_difference,1.0,whitened_mlp,mlp,fair_energy_score,0.01940711618053803,137041,0.03906746025346811,43,0.09773770174399354
head_difference,1.0,whitened_mlp,mlp,fair_energy_score,0.01940711618053803,237041,-0.0002532278923920532,41,0.021892149576276942
head_difference,1.0,whitened_mlp,mlp,fair_energy_score,0.01940711618053803,237041,-0.0002532278923920532,42,-0.04924078516004737
head_difference,1.0,whitened_mlp,mlp,fair_energy_score,0.01940711618053803,237041,-0.0002532278923920532,43,0.02658895190659427
head_by_source_interaction_vs_white,1.0,whitened_mlp,mlp,fair_energy_score,-0.23302815195485999,137041,-0.22290507553176994,41,-0.17916140822976967
head_by_source_interaction_vs_white,1.0,whitened_mlp,mlp,fair_energy_score,-0.23302815195485999,137041,-0.22290507553176994,42,-0.3375385769750183
head_by_source_interaction_vs_white,1.0,whitened_mlp,mlp,fair_energy_score,-0.23302815195485999,137041,-0.22290507553176994,43,-0.1520152413905218
head_by_source_interaction_vs_white,1.0,whitened_mlp,mlp,fair_energy_score,-0.23302815195485999,237041,-0.24315122837795,41,-0.2280591556420215
head_by_source_interaction_vs_white,1.0,whitened_mlp,mlp,fair_energy_score,-0.23302815195485999,237041,-0.24315122837795,42,-0.31425833546802817
head_by_source_interaction_vs_white,1.0,whitened_mlp,mlp,fair_energy_score,-0.23302815195485999,237041,-0.24315122837795,43,-0.18713619402380033
source_difference_vs_white,1.0,mlp,mlp,fair_energy_score,-0.019075295589280932,137041,-0.02820780922063415,41,-0.03213651356966629
source_difference_vs_white,1.0,mlp,mlp,fair_energy_score,-0.019075295589280932,137041,-0.02820780922063415,42,-0.04315538480648362
source_difference_vs_white,1.0,mlp,mlp,fair_energy_score,-0.019075295589280932,137041,-0.02820780922063415,43,-0.009331529285752538
source_difference_vs_white,1.0,mlp,mlp,fair_energy_score,-0.019075295589280932,237041,-0.009942781957927712,41,-0.00875719135366726
source_difference_vs_white,1.0,mlp,mlp,fair_energy_score,-0.019075295589280932,237041,-0.009942781957927712,42,-0.0006305492729170581
source_difference_vs_white,1.0,mlp,mlp,fair_energy_score,-0.019075295589280932,237041,-0.009942781957927712,43,-0.020440605247198818
source_difference_vs_white,1.0,s4,s4,fair_energy_score,-0.06135170372113648,137041,-0.08525562282229515,41,-0.07070966994592487
source_difference_vs_white,1.0,s4,s4,fair_energy_score,-0.06135170372113648,137041,-0.08525562282229515,42,-0.11251848432149947
source_difference_vs_white,1.0,s4,s4,fair_energy_score,-0.06135170372113648,137041,-0.08525562282229515,43,-0.07253871419946112
source_difference_vs_white,1.0,s4,s4,fair_energy_score,-0.06135170372113648,237041,-0.03744778461997781,41,-0.09582225124404653
source_difference_vs_white,1.0,s4,s4,fair_energy_score,-0.06135170372113648,237041,-0.03744778461997781,42,-0.037497235770687976
source_difference_vs_white,1.0,s4,s4,fair_energy_score,-0.06135170372113648,237041,-0.03744778461997781,43,0.02097613315480107
source_difference_vs_white,1.0,whitened_mlp,whitened_mlp,fair_energy_score,-0.2521034475441409,137041,-0.25111288475240406,41,-0.21129792179943596
source_difference_vs_white,1.0,whitened_mlp,whitened_mlp,fair_energy_score,-0.2521034475441409,137041,-0.25111288475240406,42,-0.38069396178150194
source_difference_vs_white,1.0,whitened_mlp,whitened_mlp,fair_energy_score,-0.2521034475441409,137041,-0.25111288475240406,43,-0.16134677067627434
source_difference_vs_white,1.0,whitened_mlp,whitened_mlp,fair_energy_score,-0.2521034475441409,237041,-0.2530940103358777,41,-0.23681634699568876
source_difference_vs_white,1.0,whitened_mlp,whitened_mlp,fair_energy_score,-0.2521034475441409,237041,-0.2530940103358777,42,-0.31488888474094523
source_difference_vs_white,1.0,whitened_mlp,whitened_mlp,fair_energy_score,-0.2521034475441409,237041,-0.2530940103358777,43,-0.20757679927099915
head_difference,1.0,s4,mlp,fixed_target_residual_mse,0.009286524364980972,137041,0.00904865071242488,41,0.007153126219054479
head_difference,1.0,s4,mlp,fixed_target_residual_mse,0.009286524364980972,137041,0.00904865071242488,42,0.009261158345380688
head_difference,1.0,s4,mlp,fixed_target_residual_mse,0.009286524364980972,137041,0.00904865071242488,43,0.01073166757283947
head_difference,1.0,s4,mlp,fixed_target_residual_mse,0.009286524364980972,237041,0.009524398017537064,41,0.008156988171796213
head_difference,1.0,s4,mlp,fixed_target_residual_mse,0.009286524364980972,237041,0.009524398017537064,42,0.0101833549553828
head_difference,1.0,s4,mlp,fixed_target_residual_mse,0.009286524364980972,237041,0.009524398017537064,43,0.010232850925432177
head_by_source_interaction_vs_white,1.0,s4,mlp,fixed_target_residual_mse,0.00391398442109307,137041,0.005133024788594694,41,0.003215581675011542
head_by_source_interaction_vs_white,1.0,s4,mlp,fixed_target_residual_mse,0.00391398442109307,137041,0.005133024788594694,42,0.008566896239616803
head_by_source_interaction_vs_white,1.0,s4,mlp,fixed_target_residual_mse,0.00391398442109307,137041,0.005133024788594694,43,0.0036165964511557375
head_by_source_interaction_vs_white,1.0,s4,mlp,fixed_target_residual_mse,0.00391398442109307,237041,0.0026949440535914463,41,0.0003060295793167467
head_by_source_interaction_vs_white,1.0,s4,mlp,fixed_target_residual_mse,0.00391398442109307,237041,0.0026949440535914463,42,0.007301298833081005
head_by_source_interaction_vs_white,1.0,s4,mlp,fixed_target_residual_mse,0.00391398442109307,237041,0.0026949440535914463,43,0.00047750374837658704
head_difference,1.0,whitened_mlp,mlp,fixed_target_residual_mse,-0.008964964163064307,137041,-0.00859414549959485,41,-0.008956283097101517
head_difference,1.0,whitened_mlp,mlp,fixed_target_residual_mse,-0.008964964163064307,137041,-0.00859414549959485,42,-0.008233825691904291
head_difference,1.0,whitened_mlp,mlp,fixed_target_residual_mse,-0.008964964163064307,137041,-0.00859414549959485,43,-0.008592327709778746
head_difference,1.0,whitened_mlp,mlp,fixed_target_residual_mse,-0.008964964163064307,237041,-0.009335782826533764,41,-0.009267060389134142
head_difference,1.0,whitened_mlp,mlp,fixed_target_residual_mse,-0.008964964163064307,237041,-0.009335782826533764,42,-0.009485682311203447
head_difference,1.0,whitened_mlp,mlp,fixed_target_residual_mse,-0.008964964163064307,237041,-0.009335782826533764,43,-0.009254605779263701
head_by_source_interaction_vs_white,1.0,whitened_mlp,mlp,fixed_target_residual_mse,0.012899704915839121,137041,0.011791225322967733,41,0.0125956456841025
head_by_source_interaction_vs_white,1.0,whitened_mlp,mlp,fixed_target_residual_mse,0.012899704915839121,137041,0.011791225322967733,42,0.011944768971113337
head_by_source_interaction_vs_white,1.0,whitened_mlp,mlp,fixed_target_residual_mse,0.012899704915839121,137041,0.011791225322967733,43,0.010833261313687365
head_by_source_interaction_vs_white,1.0,whitened_mlp,mlp,fixed_target_residual_mse,0.012899704915839121,237041,0.014008184508710511,41,0.013291951547633268
head_by_source_interaction_vs_white,1.0,whitened_mlp,mlp,fixed_target_residual_mse,0.012899704915839121,237041,0.014008184508710511,42,0.014604211046823481
head_by_source_interaction_vs_white,1.0,whitened_mlp,mlp,fixed_target_residual_mse,0.012899704915839121,237041,0.014008184508710511,43,0.014128390931674784
source_difference_vs_white,1.0,mlp,mlp,fixed_target_residual_mse,-0.07010950922852825,137041,-0.07051697331665384,41,-0.06997176287255019
source_difference_vs_white,1.0,mlp,mlp,fixed_target_residual_mse,-0.07010950922852825,137041,-0.07051697331665384,42,-0.07158526359333456
source_difference_vs_white,1.0,mlp,mlp,fixed_target_residual_mse,-0.07010950922852825,137041,-0.07051697331665384,43,-0.06999389348407677
source_difference_vs_white,1.0,mlp,mlp,fixed_target_residual_mse,-0.07010950922852825,237041,-0.06970204514040267,41,-0.06848882568146164
source_difference_vs_white,1.0,mlp,mlp,fixed_target_residual_mse,-0.07010950922852825,237041,-0.06970204514040267,42,-0.0711780904158456
source_difference_vs_white,1.0,mlp,mlp,fixed_target_residual_mse,-0.07010950922852825,237041,-0.06970204514040267,43,-0.06943921932390076
source_difference_vs_white,1.0,s4,s4,fixed_target_residual_mse,-0.06619552480743518,137041,-0.06538394852805915,41,-0.06675618119753865
source_difference_vs_white,1.0,s4,s4,fixed_target_residual_mse,-0.06619552480743518,137041,-0.06538394852805915,42,-0.06301836735371777
source_difference_vs_white,1.0,s4,s4,fixed_target_residual_mse,-0.06619552480743518,137041,-0.06538394852805915,43,-0.06637729703292103
source_difference_vs_white,1.0,s4,s4,fixed_target_residual_mse,-0.06619552480743518,237041,-0.06700710108681122,41,-0.06818279610214491
source_difference_vs_white,1.0,s4,s4,fixed_target_residual_mse,-0.06619552480743518,237041,-0.06700710108681122,42,-0.06387679158276457
source_difference_vs_white,1.0,s4,s4,fixed_target_residual_mse,-0.06619552480743518,237041,-0.06700710108681122,43,-0.06896171557552419
source_difference_vs_white,1.0,whitened_mlp,whitened_mlp,fixed_target_residual_mse,-0.057209804312689135,137041,-0.05872574799368611,41,-0.0573761171884477
source_difference_vs_white,1.0,whitened_mlp,whitened_mlp,fixed_target_residual_mse,-0.057209804312689135,137041,-0.05872574799368611,42,-0.059640494622221235
source_difference_vs_white,1.0,whitened_mlp,whitened_mlp,fixed_target_residual_mse,-0.057209804312689135,137041,-0.05872574799368611,43,-0.0591606321703894
source_difference_vs_white,1.0,whitened_mlp,whitened_mlp,fixed_target_residual_mse,-0.057209804312689135,237041,-0.05569386063169216,41,-0.055196874133828386
source_difference_vs_white,1.0,whitened_mlp,whitened_mlp,fixed_target_residual_mse,-0.057209804312689135,237041,-0.05569386063169216,42,-0.05657387936902211
source_difference_vs_white,1.0,whitened_mlp,whitened_mlp,fixed_target_residual_mse,-0.057209804312689135,237041,-0.05569386063169216,43,-0.055310828392225994
head_difference,1.0,s4,mlp,fixed_target_pc1_mse,0.6345528913611389,137041,0.5852072725992651,41,0.26715583352314276
head_difference,1.0,s4,mlp,fixed_target_pc1_mse,0.6345528913611389,137041,0.5852072725992651,42,0.3772490134164812
head_difference,1.0,s4,mlp,fixed_target_pc1_mse,0.6345528913611389,137041,0.5852072725992651,43,1.1112169708581714
head_difference,1.0,s4,mlp,fixed_target_pc1_mse,0.6345528913611389,237041,0.6838985101230127,41,0.33056898107819244
head_difference,1.0,s4,mlp,fixed_target_pc1_mse,0.6345528913611389,237041,0.6838985101230127,42,0.6906651723109114
head_difference,1.0,s4,mlp,fixed_target_pc1_mse,0.6345528913611389,237041,0.6838985101230127,43,1.0304613769799342
head_by_source_interaction_vs_white,1.0,s4,mlp,fixed_target_pc1_mse,0.7165547495270814,137041,0.6780360360329644,41,0.4159436029850818
head_by_source_interaction_vs_white,1.0,s4,mlp,fixed_target_pc1_mse,0.7165547495270814,137041,0.6780360360329644,42,0.35410401981210615
head_by_source_interaction_vs_white,1.0,s4,mlp,fixed_target_pc1_mse,0.7165547495270814,137041,0.6780360360329644,43,1.2640604853017052
head_by_source_interaction_vs_white,1.0,s4,mlp,fixed_target_pc1_mse,0.7165547495270814,237041,0.7550734630211986,41,0.39241953476075775
head_by_source_interaction_vs_white,1.0,s4,mlp,fixed_target_pc1_mse,0.7165547495270814,237041,0.7550734630211986,42,0.7541734325943086
head_by_source_interaction_vs_white,1.0,s4,mlp,fixed_target_pc1_mse,0.7165547495270814,237041,0.7550734630211986,43,1.1186274217085295
head_difference,1.0,whitened_mlp,mlp,fixed_target_pc1_mse,-0.32007001900034054,137041,-0.3940715538727435,41,-0.5029961086746777
head_difference,1.0,whitened_mlp,mlp,fixed_target_pc1_mse,-0.32007001900034054,137041,-0.3940715538727435,42,-0.6558287185159557
head_difference,1.0,whitened_mlp,mlp,fixed_target_pc1_mse,-0.32007001900034054,137041,-0.3940715538727435,43,-0.023389834427597123
head_difference,1.0,whitened_mlp,mlp,fixed_target_pc1_mse,-0.32007001900034054,237041,-0.2460684841279376,41,-0.25600106786471244
head_difference,1.0,whitened_mlp,mlp,fixed_target_pc1_mse,-0.32007001900034054,237041,-0.2460684841279376,42,-0.6108657336244452
head_difference,1.0,whitened_mlp,mlp,fixed_target_pc1_mse,-0.32007001900034054,237041,-0.2460684841279376,43,0.12866134910534477
head_by_source_interaction_vs_white,1.0,whitened_mlp,mlp,fixed_target_pc1_mse,-1.543991163888079,137041,-1.673237333156816,41,-1.7452591894145328
head_by_source_interaction_vs_white,1.0,whitened_mlp,mlp,fixed_target_pc1_mse,-1.543991163888079,137041,-1.673237333156816,42,-2.0860698363649988
head_by_source_interaction_vs_white,1.0,whitened_mlp,mlp,fixed_target_pc1_mse,-1.543991163888079,137041,-1.673237333156816,43,-1.1883829736909162
head_by_source_interaction_vs_white,1.0,whitened_mlp,mlp,fixed_target_pc1_mse,-1.543991163888079,237041,-1.414744994619342,41,-1.436614942794245
head_by_source_interaction_vs_white,1.0,whitened_mlp,mlp,fixed_target_pc1_mse,-1.543991163888079,237041,-1.414744994619342,42,-1.7874270368645648
head_by_source_interaction_vs_white,1.0,whitened_mlp,mlp,fixed_target_pc1_mse,-1.543991163888079,237041,-1.414744994619342,43,-1.020193004199216
source_difference_vs_white,1.0,mlp,mlp,fixed_target_pc1_mse,7.586104743886681,137041,7.561214153544913,41,7.8461409843656345
source_difference_vs_white,1.0,mlp,mlp,fixed_target_pc1_mse,7.586104743886681,137041,7.561214153544913,42,7.619793127043327
source_difference_vs_white,1.0,mlp,mlp,fixed_target_pc1_mse,7.586104743886681,137041,7.561214153544913,43,7.21770834922578
source_difference_vs_white,1.0,mlp,mlp,fixed_target_pc1_mse,7.586104743886681,237041,7.610995334228449,41,7.747574854411204
source_difference_vs_white,1.0,mlp,mlp,fixed_target_pc1_mse,7.586104743886681,237041,7.610995334228449,42,7.685105020306968
source_difference_vs_white,1.0,mlp,mlp,fixed_target_pc1_mse,7.586104743886681,237041,7.610995334228449,43,7.400306127967177
source_difference_vs_white,1.0,s4,s4,fixed_target_pc1_mse,8.302659493413763,137041,8.239250189577879,41,8.262084587350717
source_difference_vs_white,1.0,s4,s4,fixed_target_pc1_mse,8.302659493413763,137041,8.239250189577879,42,7.973897146855433
source_difference_vs_white,1.0,s4,s4,fixed_target_pc1_mse,8.302659493413763,137041,8.239250189577879,43,8.481768834527486
source_difference_vs_white,1.0,s4,s4,fixed_target_pc1_mse,8.302659493413763,237041,8.366068797249648,41,8.139994389171962
source_difference_vs_white,1.0,s4,s4,fixed_target_pc1_mse,8.302659493413763,237041,8.366068797249648,42,8.439278452901277
source_difference_vs_white,1.0,s4,s4,fixed_target_pc1_mse,8.302659493413763,237041,8.366068797249648,43,8.518933549675706
source_difference_vs_white,1.0,whitened_mlp,whitened_mlp,fixed_target_pc1_mse,6.0421135799986025,137041,5.887976820388098,41,6.100881794951102
source_difference_vs_white,1.0,whitened_mlp,whitened_mlp,fixed_target_pc1_mse,6.0421135799986025,137041,5.887976820388098,42,5.533723290678329
source_difference_vs_white,1.0,whitened_mlp,whitened_mlp,fixed_target_pc1_mse,6.0421135799986025,137041,5.887976820388098,43,6.029325375534864
source_difference_vs_white,1.0,whitened_mlp,whitened_mlp,fixed_target_pc1_mse,6.0421135799986025,237041,6.196250339609108,41,6.310959911616959
source_difference_vs_white,1.0,whitened_mlp,whitened_mlp,fixed_target_pc1_mse,6.0421135799986025,237041,6.196250339609108,42,5.897677983442403
source_difference_vs_white,1.0,whitened_mlp,whitened_mlp,fixed_target_pc1_mse,6.0421135799986025,237041,6.196250339609108,43,6.380113123767961
head_difference,1.0,s4,mlp,coverage_90,-0.003743489583333333,137041,-0.008951822916666666,41,0.0107421875
head_difference,1.0,s4,mlp,coverage_90,-0.003743489583333333,137041,-0.008951822916666666,42,-0.02099609375
head_difference,1.0,s4,mlp,coverage_90,-0.003743489583333333,137041,-0.008951822916666666,43,-0.0166015625
head_difference,1.0,s4,mlp,coverage_90,-0.003743489583333333,237041,0.00146484375,41,0.02001953125
head_difference,1.0,s4,mlp,coverage_90,-0.003743489583333333,237041,0.00146484375,42,-0.0087890625
head_difference,1.0,s4,mlp,coverage_90,-0.003743489583333333,237041,0.00146484375,43,-0.0068359375
head_by_source_interaction_vs_white,1.0,s4,mlp,coverage_90,0.0005696614583333333,137041,-0.00244140625,41,0.00830078125
head_by_source_interaction_vs_white,1.0,s4,mlp,coverage_90,0.0005696614583333333,137041,-0.00244140625,42,-0.01171875
head_by_source_interaction_vs_white,1.0,s4,mlp,coverage_90,0.0005696614583333333,137041,-0.00244140625,43,-0.00390625
head_by_source_interaction_vs_white,1.0,s4,mlp,coverage_90,0.0005696614583333333,237041,0.0035807291666666665,41,0.02392578125
head_by_source_interaction_vs_white,1.0,s4,mlp,coverage_90,0.0005696614583333333,237041,0.0035807291666666665,42,-0.017578125
head_by_source_interaction_vs_white,1.0,s4,mlp,coverage_90,0.0005696614583333333,237041,0.0035807291666666665,43,0.00439453125
head_difference,1.0,whitened_mlp,mlp,coverage_90,-0.01025390625,137041,-0.004069010416666667,41,0.01220703125
head_difference,1.0,whitened_mlp,mlp,coverage_90,-0.01025390625,137041,-0.004069010416666667,42,-0.01025390625
head_difference,1.0,whitened_mlp,mlp,coverage_90,-0.01025390625,137041,-0.004069010416666667,43,-0.01416015625
head_difference,1.0,whitened_mlp,mlp,coverage_90,-0.01025390625,237041,-0.016438802083333332,41,-0.02587890625
head_difference,1.0,whitened_mlp,mlp,coverage_90,-0.01025390625,237041,-0.016438802083333332,42,-0.013671875
head_difference,1.0,whitened_mlp,mlp,coverage_90,-0.01025390625,237041,-0.016438802083333332,43,-0.009765625
head_by_source_interaction_vs_white,1.0,whitened_mlp,mlp,coverage_90,-0.027180989583333336,137041,-0.007649739583333333,41,0.013671875
head_by_source_interaction_vs_white,1.0,whitened_mlp,mlp,coverage_90,-0.027180989583333336,137041,-0.007649739583333333,42,-0.0048828125
head_by_source_interaction_vs_white,1.0,whitened_mlp,mlp,coverage_90,-0.027180989583333336,137041,-0.007649739583333333,43,-0.03173828125
head_by_source_interaction_vs_white,1.0,whitened_mlp,mlp,coverage_90,-0.027180989583333336,237041,-0.046712239583333336,41,-0.0419921875
head_by_source_interaction_vs_white,1.0,whitened_mlp,mlp,coverage_90,-0.027180989583333336,237041,-0.046712239583333336,42,-0.0380859375
head_by_source_interaction_vs_white,1.0,whitened_mlp,mlp,coverage_90,-0.027180989583333336,237041,-0.046712239583333336,43,-0.06005859375
source_difference_vs_white,1.0,mlp,mlp,coverage_90,-0.00537109375,137041,-0.017252604166666668,41,-0.0302734375
source_difference_vs_white,1.0,mlp,mlp,coverage_90,-0.00537109375,137041,-0.017252604166666668,42,-0.0048828125
source_difference_vs_white,1.0,mlp,mlp,coverage_90,-0.00537109375,137041,-0.017252604166666668,43,-0.0166015625
source_difference_vs_white,1.0,mlp,mlp,coverage_90,-0.00537109375,237041,0.006510416666666667,41,0.00146484375
source_difference_vs_white,1.0,mlp,mlp,coverage_90,-0.00537109375,237041,0.006510416666666667,42,0.0107421875
source_difference_vs_white,1.0,mlp,mlp,coverage_90,-0.00537109375,237041,0.006510416666666667,43,0.00732421875
source_difference_vs_white,1.0,s4,s4,coverage_90,-0.004801432291666667,137041,-0.019694010416666668,41,-0.02197265625
source_difference_vs_white,1.0,s4,s4,coverage_90,-0.004801432291666667,137041,-0.019694010416666668,42,-0.0166015625
source_difference_vs_white,1.0,s4,s4,coverage_90,-0.004801432291666667,137041,-0.019694010416666668,43,-0.0205078125
source_difference_vs_white,1.0,s4,s4,coverage_90,-0.004801432291666667,237041,0.010091145833333334,41,0.025390625
source_difference_vs_white,1.0,s4,s4,coverage_90,-0.004801432291666667,237041,0.010091145833333334,42,-0.0068359375
source_difference_vs_white,1.0,s4,s4,coverage_90,-0.004801432291666667,237041,0.010091145833333334,43,0.01171875
source_difference_vs_white,1.0,whitened_mlp,whitened_mlp,coverage_90,-0.03255208333333333,137041,-0.02490234375,41,-0.0166015625
source_difference_vs_white,1.0,whitened_mlp,whitened_mlp,coverage_90,-0.03255208333333333,137041,-0.02490234375,42,-0.009765625
source_difference_vs_white,1.0,whitened_mlp,whitened_mlp,coverage_90,-0.03255208333333333,137041,-0.02490234375,43,-0.04833984375
source_difference_vs_white,1.0,whitened_mlp,whitened_mlp,coverage_90,-0.03255208333333333,237041,-0.040201822916666664,41,-0.04052734375
source_difference_vs_white,1.0,whitened_mlp,whitened_mlp,coverage_90,-0.03255208333333333,237041,-0.040201822916666664,42,-0.02734375
source_difference_vs_white,1.0,whitened_mlp,whitened_mlp,coverage_90,-0.03255208333333333,237041,-0.040201822916666664,43,-0.052734375
gp_coordinate_loss_control,1.0,balanced_mlp,mlp,pc1_mse,69.11331296774607,137041,68.80170330739845,41,68.82181986320487
gp_coordinate_loss_control,1.0,balanced_mlp,mlp,pc1_mse,69.11331296774607,137041,68.80170330739845,42,68.36945330998192
gp_coordinate_loss_control,1.0,balanced_mlp,mlp,pc1_mse,69.11331296774607,137041,68.80170330739845,43,69.21383674900859
gp_coordinate_loss_control,1.0,balanced_mlp,mlp,pc1_mse,69.11331296774607,237041,69.42492262809368,41,69.84544129467334
gp_coordinate_loss_control,1.0,balanced_mlp,mlp,pc1_mse,69.11331296774607,237041,69.42492262809368,42,69.60405780973134
gp_coordinate_loss_control,1.0,balanced_mlp,mlp,pc1_mse,69.11331296774607,237041,69.42492262809368,43,68.8252687798764
gp_coordinate_loss_control,1.0,balanced_mlp,mlp,pc2_mse,7.752498147937192,137041,8.51498984885214,41,10.63473116900765
gp_coordinate_loss_control,1.0,balanced_mlp,mlp,pc2_mse,7.752498147937192,137041,8.51498984885214,42,6.113286208582333
gp_coordinate_loss_control,1.0,balanced_mlp,mlp,pc2_mse,7.752498147937192,137041,8.51498984885214,43,8.796952168966442
gp_coordinate_loss_control,1.0,balanced_mlp,mlp,pc2_mse,7.752498147937192,237041,6.990006447022243,41,9.861961353858241
gp_coordinate_loss_control,1.0,balanced_mlp,mlp,pc2_mse,7.752498147937192,237041,6.990006447022243,42,6.9799920299661915
gp_coordinate_loss_control,1.0,balanced_mlp,mlp,pc2_mse,7.752498147937192,237041,6.990006447022243,43,4.128065957242298
gp_coordinate_loss_control,1.0,balanced_mlp,mlp,residual_mse,-0.003088038605276948,137041,-0.002263432747935716,41,-0.0034334021347455015
gp_coordinate_loss_control,1.0,balanced_mlp,mlp,residual_mse,-0.003088038605276948,137041,-0.002263432747935716,42,-0.002191943096451328
gp_coordinate_loss_control,1.0,balanced_mlp,mlp,residual_mse,-0.003088038605276948,137041,-0.002263432747935716,43,-0.0011649530126103189
gp_coordinate_loss_control,1.0,balanced_mlp,mlp,residual_mse,-0.003088038605276948,237041,-0.00391264446261818,41,-0.005067912212460751
gp_coordinate_loss_control,1.0,balanced_mlp,mlp,residual_mse,-0.003088038605276948,237041,-0.00391264446261818,42,-0.004482844754953939
gp_coordinate_loss_control,1.0,balanced_mlp,mlp,residual_mse,-0.003088038605276948,237041,-0.00391264446261818,43,-0.0021871764204398486
gp_coordinate_loss_control,1.0,balanced_mlp,mlp,residual_normalized_mse,-0.08469712753659539,137041,-0.08611106367139332,41,-0.08918531832440968
gp_coordinate_loss_control,1.0,balanced_mlp,mlp,residual_normalized_mse,-0.08469712753659539,137041,-0.08611106367139332,42,-0.08359045228462997
gp_coordinate_loss_control,1.0,balanced_mlp,mlp,residual_normalized_mse,-0.08469712753659539,137041,-0.08611106367139332,43,-0.08555742040514028
gp_coordinate_loss_control,1.0,balanced_mlp,mlp,residual_normalized_mse,-0.08469712753659539,237041,-0.08328319140179745,41,-0.08415945980867662
gp_coordinate_loss_control,1.0,balanced_mlp,mlp,residual_normalized_mse,-0.08469712753659539,237041,-0.08328319140179745,42,-0.08152257276821867
gp_coordinate_loss_control,1.0,balanced_mlp,mlp,residual_normalized_mse,-0.08469712753659539,237041,-0.08328319140179745,43,-0.08416754162849707
gp_coordinate_loss_control,1.0,balanced_mlp,mlp,roughness_ratio,-0.22316238283224182,137041,-0.22244935658783702,41,-0.24348492001907351
gp_coordinate_loss_control,1.0,balanced_mlp,mlp,roughness_ratio,-0.22316238283224182,137041,-0.22244935658783702,42,-0.22120410764941167
gp_coordinate_loss_control,1.0,balanced_mlp,mlp,roughness_ratio,-0.22316238283224182,137041,-0.22244935658783702,43,-0.20265904209502583
gp_coordinate_loss_control,1.0,balanced_mlp,mlp,roughness_ratio,-0.22316238283224182,237041,-0.22387540907664663,41,-0.260220181603359
gp_coordinate_loss_control,1.0,balanced_mlp,mlp,roughness_ratio,-0.22316238283224182,237041,-0.22387540907664663,42,-0.24575816345404466
gp_coordinate_loss_control,1.0,balanced_mlp,mlp,roughness_ratio,-0.22316238283224182,237041,-0.22387540907664663,43,-0.16564788217253623
gp_coordinate_loss_control,1.0,balanced_mlp,mlp,fair_crps,0.7715160223126941,137041,0.8677436753666984,41,0.8910517585252324
gp_coordinate_loss_control,1.0,balanced_mlp,mlp,fair_crps,0.7715160223126941,137041,0.8677436753666984,42,0.8272601015438995
gp_coordinate_loss_control,1.0,balanced_mlp,mlp,fair_crps,0.7715160223126941,137041,0.8677436753666984,43,0.8849191660309632
gp_coordinate_loss_control,1.0,balanced_mlp,mlp,fair_crps,0.7715160223126941,237041,0.6752883692586898,41,0.723300938998119
gp_coordinate_loss_control,1.0,balanced_mlp,mlp,fair_crps,0.7715160223126941,237041,0.6752883692586898,42,0.6749794514595782
gp_coordinate_loss_control,1.0,balanced_mlp,mlp,fair_crps,0.7715160223126941,237041,0.6752883692586898,43,0.6275847173183723
gp_coordinate_loss_control,1.0,balanced_mlp,mlp,target_pca_tail_ratio,0.11057486532700558,137041,0.1058335074829637,41,0.11993356990320753
gp_coordinate_loss_control,1.0,balanced_mlp,mlp,target_pca_tail_ratio,0.11057486532700558,137041,0.1058335074829637,42,0.1086169077380057
gp_coordinate_loss_control,1.0,balanced_mlp,mlp,target_pca_tail_ratio,0.11057486532700558,137041,0.1058335074829637,43,0.08895004480767787
gp_coordinate_loss_control,1.0,balanced_mlp,mlp,target_pca_tail_ratio,0.11057486532700558,237041,0.11531622317104746,41,0.0891121775064978
gp_coordinate_loss_control,1.0,balanced_mlp,mlp,target_pca_tail_ratio,0.11057486532700558,237041,0.11531622317104746,42,0.11808110972529162
gp_coordinate_loss_control,1.0,balanced_mlp,mlp,target_pca_tail_ratio,0.11057486532700558,237041,0.11531622317104746,43,0.13875538228135298
gp_coordinate_loss_control,1.0,balanced_mlp,mlp,fair_energy_score,2.9340834489054943,137041,3.311621306839046,41,3.3877545046045956
gp_coordinate_loss_control,1.0,balanced_mlp,mlp,fair_energy_score,2.9340834489054943,137041,3.311621306839046,42,3.1642167364230813
gp_coordinate_loss_control,1.0,balanced_mlp,mlp,fair_energy_score,2.9340834489054943,137041,3.311621306839046,43,3.382892679489462
gp_coordinate_loss_control,1.0,balanced_mlp,mlp,fair_energy_score,2.9340834489054943,237041,2.556545590971943,41,2.7433361747452807
gp_coordinate_loss_control,1.0,balanced_mlp,mlp,fair_energy_score,2.9340834489054943,237041,2.556545590971943,42,2.530745514595809
gp_coordinate_loss_control,1.0,balanced_mlp,mlp,fair_energy_score,2.9340834489054943,237041,2.556545590971943,43,2.3955550835747377
gp_coordinate_loss_control,1.0,balanced_mlp,mlp,fixed_target_residual_mse,-0.003355978889919431,137041,-0.0027949166678671103,41,-0.004043094339529131
gp_coordinate_loss_control,1.0,balanced_mlp,mlp,fixed_target_residual_mse,-0.003355978889919431,137041,-0.0027949166678671103,42,-0.0023510019103023597
gp_coordinate_loss_control,1.0,balanced_mlp,mlp,fixed_target_residual_mse,-0.003355978889919431,137041,-0.0027949166678671103,43,-0.00199065375376984
gp_coordinate_loss_control,1.0,balanced_mlp,mlp,fixed_target_residual_mse,-0.003355978889919431,237041,-0.003917041111971752,41,-0.0047945697927252034
gp_coordinate_loss_control,1.0,balanced_mlp,mlp,fixed_target_residual_mse,-0.003355978889919431,237041,-0.003917041111971752,42,-0.004589400009707395
gp_coordinate_loss_control,1.0,balanced_mlp,mlp,fixed_target_residual_mse,-0.003355978889919431,237041,-0.003917041111971752,43,-0.0023671535334826577
gp_coordinate_loss_control,1.0,balanced_mlp,mlp,fixed_target_pc1_mse,68.81615789036633,137041,68.49478431529353,41,68.43379280142729
gp_coordinate_loss_control,1.0,balanced_mlp,mlp,fixed_target_pc1_mse,68.81615789036633,137041,68.49478431529353,42,68.16378149827092
gp_coordinate_loss_control,1.0,balanced_mlp,mlp,fixed_target_pc1_mse,68.81615789036633,137041,68.49478431529353,43,68.88677864618235
gp_coordinate_loss_control,1.0,balanced_mlp,mlp,fixed_target_pc1_mse,68.81615789036633,237041,69.13753146543912,41,69.42545342114286
gp_coordinate_loss_control,1.0,balanced_mlp,mlp,fixed_target_pc1_mse,68.81615789036633,237041,69.13753146543912,42,69.31551869007859
gp_coordinate_loss_control,1.0,balanced_mlp,mlp,fixed_target_pc1_mse,68.81615789036633,237041,69.13753146543912,43,68.67162228509595
gp_coordinate_loss_control,1.0,balanced_mlp,mlp,coverage_90,-0.280029296875,137041,-0.3019205729166667,41,-0.30322265625
gp_coordinate_loss_control,1.0,balanced_mlp,mlp,coverage_90,-0.280029296875,137041,-0.3019205729166667,42,-0.29248046875
gp_coordinate_loss_control,1.0,balanced_mlp,mlp,coverage_90,-0.280029296875,137041,-0.3019205729166667,43,-0.31005859375
gp_coordinate_loss_control,1.0,balanced_mlp,mlp,coverage_90,-0.280029296875,237041,-0.2581380208333333,41,-0.28076171875
gp_coordinate_loss_control,1.0,balanced_mlp,mlp,coverage_90,-0.280029296875,237041,-0.2581380208333333,42,-0.255859375
gp_coordinate_loss_control,1.0,balanced_mlp,mlp,coverage_90,-0.280029296875,237041,-0.2581380208333333,43,-0.23779296875
gp_coordinate_loss_control,1.0,whitened_mlp,whitened_raw_mlp,pc1_mse,0.3072252886562724,137041,0.27858611174044395,41,0.06550124842993732
gp_coordinate_loss_control,1.0,whitened_mlp,whitened_raw_mlp,pc1_mse,0.3072252886562724,137041,0.27858611174044395,42,0.09318556734230299
gp_coordinate_loss_control,1.0,whitened_mlp,whitened_raw_mlp,pc1_mse,0.3072252886562724,137041,0.27858611174044395,43,0.6770715194490915
gp_coordinate_loss_control,1.0,whitened_mlp,whitened_raw_mlp,pc1_mse,0.3072252886562724,237041,0.3358644655721008,41,0.30078702146315983
gp_coordinate_loss_control,1.0,whitened_mlp,whitened_raw_mlp,pc1_mse,0.3072252886562724,237041,0.3358644655721008,42,0.0014865511546684473
gp_coordinate_loss_control,1.0,whitened_mlp,whitened_raw_mlp,pc1_mse,0.3072252886562724,237041,0.3358644655721008,43,0.7053198240984742
gp_coordinate_loss_control,1.0,whitened_mlp,whitened_raw_mlp,pc2_mse,-0.1028844943820677,137041,-0.10670696849270496,41,-0.13580609284457612
gp_coordinate_loss_control,1.0,whitened_mlp,whitened_raw_mlp,pc2_mse,-0.1028844943820677,137041,-0.10670696849270496,42,-0.09288784237987935
gp_coordinate_loss_control,1.0,whitened_mlp,whitened_raw_mlp,pc2_mse,-0.1028844943820677,137041,-0.10670696849270496,43,-0.09142697025365942
gp_coordinate_loss_control,1.0,whitened_mlp,whitened_raw_mlp,pc2_mse,-0.1028844943820677,237041,-0.09906202027143045,41,-0.08164120001088504
gp_coordinate_loss_control,1.0,whitened_mlp,whitened_raw_mlp,pc2_mse,-0.1028844943820677,237041,-0.09906202027143045,42,-0.09400746167830132
gp_coordinate_loss_control,1.0,whitened_mlp,whitened_raw_mlp,pc2_mse,-0.1028844943820677,237041,-0.09906202027143045,43,-0.12153739912510497
gp_coordinate_loss_control,1.0,whitened_mlp,whitened_raw_mlp,residual_mse,-0.006331418979153987,137041,-0.006030388725989336,41,-0.006818187419922114
gp_coordinate_loss_control,1.0,whitened_mlp,whitened_raw_mlp,residual_mse,-0.006331418979153987,137041,-0.006030388725989336,42,-0.005535808938913422
gp_coordinate_loss_control,1.0,whitened_mlp,whitened_raw_mlp,residual_mse,-0.006331418979153987,137041,-0.006030388725989336,43,-0.0057371698191324705
gp_coordinate_loss_control,1.0,whitened_mlp,whitened_raw_mlp,residual_mse,-0.006331418979153987,237041,-0.0066324492323186395,41,-0.006410742257841752
gp_coordinate_loss_control,1.0,whitened_mlp,whitened_raw_mlp,residual_mse,-0.006331418979153987,237041,-0.0066324492323186395,42,-0.007194839868152343
gp_coordinate_loss_control,1.0,whitened_mlp,whitened_raw_mlp,residual_mse,-0.006331418979153987,237041,-0.0066324492323186395,43,-0.006291765570961824
gp_coordinate_loss_control,1.0,whitened_mlp,whitened_raw_mlp,residual_normalized_mse,-0.048944586361613425,137041,-0.04950115449144856,41,-0.04978602657812552
gp_coordinate_loss_control,1.0,whitened_mlp,whitened_raw_mlp,residual_normalized_mse,-0.048944586361613425,137041,-0.04950115449144856,42,-0.04795758505358204
gp_coordinate_loss_control,1.0,whitened_mlp,whitened_raw_mlp,residual_normalized_mse,-0.048944586361613425,137041,-0.04950115449144856,43,-0.050759851842638135
gp_coordinate_loss_control,1.0,whitened_mlp,whitened_raw_mlp,residual_normalized_mse,-0.048944586361613425,237041,-0.04838801823177829,41,-0.04525815018737146
gp_coordinate_loss_control,1.0,whitened_mlp,whitened_raw_mlp,residual_normalized_mse,-0.048944586361613425,237041,-0.04838801823177829,42,-0.045435894603240407
gp_coordinate_loss_control,1.0,whitened_mlp,whitened_raw_mlp,residual_normalized_mse,-0.048944586361613425,237041,-0.04838801823177829,43,-0.05447000990472299
gp_coordinate_loss_control,1.0,whitened_mlp,whitened_raw_mlp,roughness_ratio,-0.055941347102831364,137041,-0.0500692177688891,41,-0.03753462254972395
gp_coordinate_loss_control,1.0,whitened_mlp,whitened_raw_mlp,roughness_ratio,-0.055941347102831364,137041,-0.0500692177688891,42,-0.0616465625823015
gp_coordinate_loss_control,1.0,whitened_mlp,whitened_raw_mlp,roughness_ratio,-0.055941347102831364,137041,-0.0500692177688891,43,-0.05102646817464185
gp_coordinate_loss_control,1.0,whitened_mlp,whitened_raw_mlp,roughness_ratio,-0.055941347102831364,237041,-0.06181347643677363,41,-0.058963237456228335
gp_coordinate_loss_control,1.0,whitened_mlp,whitened_raw_mlp,roughness_ratio,-0.055941347102831364,237041,-0.06181347643677363,42,-0.06457493059648733
gp_coordinate_loss_control,1.0,whitened_mlp,whitened_raw_mlp,roughness_ratio,-0.055941347102831364,237041,-0.06181347643677363,43,-0.06190226125760523
gp_coordinate_loss_control,1.0,whitened_mlp,whitened_raw_mlp,fair_crps,0.013751896673486558,137041,0.01989402143233922,41,0.006166395838969829
gp_coordinate_loss_control,1.0,whitened_mlp,whitened_raw_mlp,fair_crps,0.013751896673486558,137041,0.01989402143233922,42,0.01851182969008336
gp_coordinate_loss_control,1.0,whitened_mlp,whitened_raw_mlp,fair_crps,0.013751896673486558,137041,0.01989402143233922,43,0.03500383876796448
gp_coordinate_loss_control,1.0,whitened_mlp,whitened_raw_mlp,fair_crps,0.013751896673486558,237041,0.007609771914633893,41,2.7070297324238712e-05
gp_coordinate_loss_control,1.0,whitened_mlp,whitened_raw_mlp,fair_crps,0.013751896673486558,237041,0.007609771914633893,42,-0.0032751102628779116
gp_coordinate_loss_control,1.0,whitened_mlp,whitened_raw_mlp,fair_crps,0.013751896673486558,237041,0.007609771914633893,43,0.026077355709455352
gp_coordinate_loss_control,1.0,whitened_mlp,whitened_raw_mlp,target_pca_tail_ratio,-0.1698012447468527,137041,-0.18490858667979115,41,-0.18868467925458898
gp_coordinate_loss_control,1.0,whitened_mlp,whitened_raw_mlp,target_pca_tail_ratio,-0.1698012447468527,137041,-0.18490858667979115,42,-0.2504234517068056
gp_coordinate_loss_control,1.0,whitened_mlp,whitened_raw_mlp,target_pca_tail_ratio,-0.1698012447468527,137041,-0.18490858667979115,43,-0.1156176290779789
gp_coordinate_loss_control,1.0,whitened_mlp,whitened_raw_mlp,target_pca_tail_ratio,-0.1698012447468527,237041,-0.15469390281391426,41,-0.1627962899271278
gp_coordinate_loss_control,1.0,whitened_mlp,whitened_raw_mlp,target_pca_tail_ratio,-0.1698012447468527,237041,-0.15469390281391426,42,-0.17856320460204578
gp_coordinate_loss_control,1.0,whitened_mlp,whitened_raw_mlp,target_pca_tail_ratio,-0.1698012447468527,237041,-0.15469390281391426,43,-0.12272221391256921
gp_coordinate_loss_control,1.0,whitened_mlp,whitened_raw_mlp,fair_energy_score,0.06155596736308848,137041,0.09127368097303916,41,0.03277887865073126
gp_coordinate_loss_control,1.0,whitened_mlp,whitened_raw_mlp,fair_energy_score,0.06155596736308848,137041,0.09127368097303916,42,0.08919061537263762
gp_coordinate_loss_control,1.0,whitened_mlp,whitened_raw_mlp,fair_energy_score,0.06155596736308848,137041,0.09127368097303916,43,0.1518515488957486
gp_coordinate_loss_control,1.0,whitened_mlp,whitened_raw_mlp,fair_energy_score,0.06155596736308848,237041,0.03183825375313779,41,-0.005285105750319374
gp_coordinate_loss_control,1.0,whitened_mlp,whitened_raw_mlp,fair_energy_score,0.06155596736308848,237041,0.03183825375313779,42,-0.013790707210959319
gp_coordinate_loss_control,1.0,whitened_mlp,whitened_raw_mlp,fair_energy_score,0.06155596736308848,237041,0.03183825375313779,43,0.11459057422069208
gp_coordinate_loss_control,1.0,whitened_mlp,whitened_raw_mlp,fixed_target_residual_mse,-0.006298156045045465,137041,-0.006037236404506943,41,-0.006973136304536137
gp_coordinate_loss_control,1.0,whitened_mlp,whitened_raw_mlp,fixed_target_residual_mse,-0.006298156045045465,137041,-0.006037236404506943,42,-0.005506911781310117
gp_coordinate_loss_control,1.0,whitened_mlp,whitened_raw_mlp,fixed_target_residual_mse,-0.006298156045045465,137041,-0.006037236404506943,43,-0.005631661127674575
gp_coordinate_loss_control,1.0,whitened_mlp,whitened_raw_mlp,fixed_target_residual_mse,-0.006298156045045465,237041,-0.0065590756855839856,41,-0.0064169423886254046
gp_coordinate_loss_control,1.0,whitened_mlp,whitened_raw_mlp,fixed_target_residual_mse,-0.006298156045045465,237041,-0.0065590756855839856,42,-0.007136015603352343
gp_coordinate_loss_control,1.0,whitened_mlp,whitened_raw_mlp,fixed_target_residual_mse,-0.006298156045045465,237041,-0.0065590756855839856,43,-0.0061242690647742085
gp_coordinate_loss_control,1.0,whitened_mlp,whitened_raw_mlp,fixed_target_pc1_mse,0.3076302625444717,137041,0.2786403127300563,41,0.06212103752323905
gp_coordinate_loss_control,1.0,whitened_mlp,whitened_raw_mlp,fixed_target_pc1_mse,0.3076302625444717,137041,0.2786403127300563,42,0.0914640521866179
gp_coordinate_loss_control,1.0,whitened_mlp,whitened_raw_mlp,fixed_target_pc1_mse,0.3076302625444717,137041,0.2786403127300563,43,0.6823358484803119
gp_coordinate_loss_control,1.0,whitened_mlp,whitened_raw_mlp,fixed_target_pc1_mse,0.3076302625444717,237041,0.3366202123588871,41,0.30439551282836597
gp_coordinate_loss_control,1.0,whitened_mlp,whitened_raw_mlp,fixed_target_pc1_mse,0.3076302625444717,237041,0.3366202123588871,42,-0.005965423107191725
gp_coordinate_loss_control,1.0,whitened_mlp,whitened_raw_mlp,fixed_target_pc1_mse,0.3076302625444717,237041,0.3366202123588871,43,0.7114305473554872
gp_coordinate_loss_control,1.0,whitened_mlp,whitened_raw_mlp,coverage_90,-0.030436197916666668,137041,-0.031575520833333336,41,-0.0263671875
gp_coordinate_loss_control,1.0,whitened_mlp,whitened_raw_mlp,coverage_90,-0.030436197916666668,137041,-0.031575520833333336,42,-0.02490234375
gp_coordinate_loss_control,1.0,whitened_mlp,whitened_raw_mlp,coverage_90,-0.030436197916666668,137041,-0.031575520833333336,43,-0.04345703125
gp_coordinate_loss_control,1.0,whitened_mlp,whitened_raw_mlp,coverage_90,-0.030436197916666668,237041,-0.029296875,41,-0.0283203125
gp_coordinate_loss_control,1.0,whitened_mlp,whitened_raw_mlp,coverage_90,-0.030436197916666668,237041,-0.029296875,42,-0.01806640625
gp_coordinate_loss_control,1.0,whitened_mlp,whitened_raw_mlp,coverage_90,-0.030436197916666668,237041,-0.029296875,43,-0.04150390625
gp_coordinate_loss_control,1.0,whitened_raw_mlp,mlp,pc1_mse,-0.6194079561253047,137041,-0.6637666785136259,41,-0.5584915946493894
gp_coordinate_loss_control,1.0,whitened_raw_mlp,mlp,pc1_mse,-0.6194079561253047,137041,-0.6637666785136259,42,-0.735199541632559
gp_coordinate_loss_control,1.0,whitened_raw_mlp,mlp,pc1_mse,-0.6194079561253047,137041,-0.6637666785136259,43,-0.6976088992589293
gp_coordinate_loss_control,1.0,whitened_raw_mlp,mlp,pc1_mse,-0.6194079561253047,237041,-0.5750492337369835,41,-0.5518922088310827
gp_coordinate_loss_control,1.0,whitened_raw_mlp,mlp,pc1_mse,-0.6194079561253047,237041,-0.5750492337369835,42,-0.5973816603043804
gp_coordinate_loss_control,1.0,whitened_raw_mlp,mlp,pc1_mse,-0.6194079561253047,237041,-0.5750492337369835,43,-0.5758738320754873
gp_coordinate_loss_control,1.0,whitened_raw_mlp,mlp,pc2_mse,-0.11390466226002897,137041,-0.11225211775664572,41,-0.08357869263421458
gp_coordinate_loss_control,1.0,whitened_raw_mlp,mlp,pc2_mse,-0.11390466226002897,137041,-0.11225211775664572,42,-0.13332087379783797
gp_coordinate_loss_control,1.0,whitened_raw_mlp,mlp,pc2_mse,-0.11390466226002897,137041,-0.11225211775664572,43,-0.11985678683788459
gp_coordinate_loss_control,1.0,whitened_raw_mlp,mlp,pc2_mse,-0.11390466226002897,237041,-0.11555720676341223,41,-0.11462941386398784
gp_coordinate_loss_control,1.0,whitened_raw_mlp,mlp,pc2_mse,-0.11390466226002897,237041,-0.11555720676341223,42,-0.11250007520538041
gp_coordinate_loss_control,1.0,whitened_raw_mlp,mlp,pc2_mse,-0.11390466226002897,237041,-0.11555720676341223,43,-0.11954213122086843
gp_coordinate_loss_control,1.0,whitened_raw_mlp,mlp,residual_mse,-0.0028072716013821976,137041,-0.002670390993736012,41,-0.0021608896057928872
gp_coordinate_loss_control,1.0,whitened_raw_mlp,mlp,residual_mse,-0.0028072716013821976,137041,-0.002670390993736012,42,-0.0028838289502038927
gp_coordinate_loss_control,1.0,whitened_raw_mlp,mlp,residual_mse,-0.0028072716013821976,137041,-0.002670390993736012,43,-0.0029664544252112554
gp_coordinate_loss_control,1.0,whitened_raw_mlp,mlp,residual_mse,-0.0028072716013821976,237041,-0.0029441522090283834,41,-0.002990416871815331
gp_coordinate_loss_control,1.0,whitened_raw_mlp,mlp,residual_mse,-0.0028072716013821976,237041,-0.0029441522090283834,42,-0.0025852449888553036
gp_coordinate_loss_control,1.0,whitened_raw_mlp,mlp,residual_mse,-0.0028072716013821976,237041,-0.0029441522090283834,43,-0.0032567947664145155
gp_coordinate_loss_control,1.0,whitened_raw_mlp,mlp,residual_normalized_mse,-0.07564289802036217,137041,-0.07699517788629102,41,-0.07676030701990927
gp_coordinate_loss_control,1.0,whitened_raw_mlp,mlp,residual_normalized_mse,-0.07564289802036217,137041,-0.07699517788629102,42,-0.07751179790906534
gp_coordinate_loss_control,1.0,whitened_raw_mlp,mlp,residual_normalized_mse,-0.07564289802036217,137041,-0.07699517788629102,43,-0.07671342872989845
gp_coordinate_loss_control,1.0,whitened_raw_mlp,mlp,residual_normalized_mse,-0.07564289802036217,237041,-0.07429061815443332,41,-0.07467995961026774
gp_coordinate_loss_control,1.0,whitened_raw_mlp,mlp,residual_normalized_mse,-0.07564289802036217,237041,-0.07429061815443332,42,-0.07723428183031131
gp_coordinate_loss_control,1.0,whitened_raw_mlp,mlp,residual_normalized_mse,-0.07564289802036217,237041,-0.07429061815443332,43,-0.07095761302272091
gp_coordinate_loss_control,1.0,whitened_raw_mlp,mlp,roughness_ratio,0.05291973871423922,137041,0.045252263763702914,41,0.04048707504541049
gp_coordinate_loss_control,1.0,whitened_raw_mlp,mlp,roughness_ratio,0.05291973871423922,137041,0.045252263763702914,42,0.035702377031496035
gp_coordinate_loss_control,1.0,whitened_raw_mlp,mlp,roughness_ratio,0.05291973871423922,137041,0.045252263763702914,43,0.05956733921420221
gp_coordinate_loss_control,1.0,whitened_raw_mlp,mlp,roughness_ratio,0.05291973871423922,237041,0.06058721366477552,41,0.03911867538236402
gp_coordinate_loss_control,1.0,whitened_raw_mlp,mlp,roughness_ratio,0.05291973871423922,237041,0.06058721366477552,42,0.04193328064339674
gp_coordinate_loss_control,1.0,whitened_raw_mlp,mlp,roughness_ratio,0.05291973871423922,237041,0.06058721366477552,43,0.1007096849685658
gp_coordinate_loss_control,1.0,whitened_raw_mlp,mlp,fair_crps,-0.008639815363110074,137041,-0.010671875686107815,41,-0.00751128492474773
gp_coordinate_loss_control,1.0,whitened_raw_mlp,mlp,fair_crps,-0.008639815363110074,137041,-0.010671875686107815,42,-0.011606917978128739
gp_coordinate_loss_control,1.0,whitened_raw_mlp,mlp,fair_crps,-0.008639815363110074,137041,-0.010671875686107815,43,-0.01289742415544698
gp_coordinate_loss_control,1.0,whitened_raw_mlp,mlp,fair_crps,-0.008639815363110074,237041,-0.006607755040112333,41,0.007006817304191115
gp_coordinate_loss_control,1.0,whitened_raw_mlp,mlp,fair_crps,-0.008639815363110074,237041,-0.006607755040112333,42,-0.007285704182169894
gp_coordinate_loss_control,1.0,whitened_raw_mlp,mlp,fair_crps,-0.008639815363110074,237041,-0.006607755040112333,43,-0.019544378242358218
gp_coordinate_loss_control,1.0,whitened_raw_mlp,mlp,target_pca_tail_ratio,0.7860236627576909,137041,0.7731173484508291,41,0.785207699569556
gp_coordinate_loss_control,1.0,whitened_raw_mlp,mlp,target_pca_tail_ratio,0.7860236627576909,137041,0.7731173484508291,42,0.841672833734969
gp_coordinate_loss_control,1.0,whitened_raw_mlp,mlp,target_pca_tail_ratio,0.7860236627576909,137041,0.7731173484508291,43,0.6924715120479625
gp_coordinate_loss_control,1.0,whitened_raw_mlp,mlp,target_pca_tail_ratio,0.7860236627576909,237041,0.7989299770645526,41,0.7780292189873272
gp_coordinate_loss_control,1.0,whitened_raw_mlp,mlp,target_pca_tail_ratio,0.7860236627576909,237041,0.7989299770645526,42,0.827105091630848
gp_coordinate_loss_control,1.0,whitened_raw_mlp,mlp,target_pca_tail_ratio,0.7860236627576909,237041,0.7989299770645526,43,0.7916556205754824
gp_coordinate_loss_control,1.0,whitened_raw_mlp,mlp,fair_energy_score,-0.04214885118255045,137041,-0.05220622071957104,41,-0.04499727650607088
gp_coordinate_loss_control,1.0,whitened_raw_mlp,mlp,fair_energy_score,-0.04214885118255045,137041,-0.05220622071957104,42,-0.05750753850088719
gp_coordinate_loss_control,1.0,whitened_raw_mlp,mlp,fair_energy_score,-0.04214885118255045,137041,-0.05220622071957104,43,-0.054113847151755046
gp_coordinate_loss_control,1.0,whitened_raw_mlp,mlp,fair_energy_score,-0.04214885118255045,237041,-0.03209148164552985,41,0.027177255326596317
gp_coordinate_loss_control,1.0,whitened_raw_mlp,mlp,fair_energy_score,-0.04214885118255045,237041,-0.03209148164552985,42,-0.035450077949088055
gp_coordinate_loss_control,1.0,whitened_raw_mlp,mlp,fair_energy_score,-0.04214885118255045,237041,-0.03209148164552985,43,-0.0880016223140978
gp_coordinate_loss_control,1.0,whitened_raw_mlp,mlp,fixed_target_residual_mse,-0.002666808118018843,137041,-0.002556909095087908,41,-0.0019831467925653795
gp_coordinate_loss_control,1.0,whitened_raw_mlp,mlp,fixed_target_residual_mse,-0.002666808118018843,137041,-0.002556909095087908,42,-0.002726913910594174
gp_coordinate_loss_control,1.0,whitened_raw_mlp,mlp,fixed_target_residual_mse,-0.002666808118018843,137041,-0.002556909095087908,43,-0.002960666582104171
gp_coordinate_loss_control,1.0,whitened_raw_mlp,mlp,fixed_target_residual_mse,-0.002666808118018843,237041,-0.002776707140949778,41,-0.0028501180005087376
gp_coordinate_loss_control,1.0,whitened_raw_mlp,mlp,fixed_target_residual_mse,-0.002666808118018843,237041,-0.002776707140949778,42,-0.0023496667078511044
gp_coordinate_loss_control,1.0,whitened_raw_mlp,mlp,fixed_target_residual_mse,-0.002666808118018843,237041,-0.002776707140949778,43,-0.003130336714489493
gp_coordinate_loss_control,1.0,whitened_raw_mlp,mlp,fixed_target_pc1_mse,-0.6277002815448123,137041,-0.6727118666027998,41,-0.5651171461979168
gp_coordinate_loss_control,1.0,whitened_raw_mlp,mlp,fixed_target_pc1_mse,-0.6277002815448123,137041,-0.6727118666027998,42,-0.7472927707025736
gp_coordinate_loss_control,1.0,whitened_raw_mlp,mlp,fixed_target_pc1_mse,-0.6277002815448123,137041,-0.6727118666027998,43,-0.705725682907909
gp_coordinate_loss_control,1.0,whitened_raw_mlp,mlp,fixed_target_pc1_mse,-0.6277002815448123,237041,-0.5826886964868248,41,-0.5603965806930784
gp_coordinate_loss_control,1.0,whitened_raw_mlp,mlp,fixed_target_pc1_mse,-0.6277002815448123,237041,-0.5826886964868248,42,-0.6049003105172535
gp_coordinate_loss_control,1.0,whitened_raw_mlp,mlp,fixed_target_pc1_mse,-0.6277002815448123,237041,-0.5826886964868248,43,-0.5827691982501424
gp_coordinate_loss_control,1.0,whitened_raw_mlp,mlp,coverage_90,0.020182291666666668,137041,0.027506510416666668,41,0.03857421875
gp_coordinate_loss_control,1.0,whitened_raw_mlp,mlp,coverage_90,0.020182291666666668,137041,0.027506510416666668,42,0.0146484375
gp_coordinate_loss_control,1.0,whitened_raw_mlp,mlp,coverage_90,0.020182291666666668,137041,0.027506510416666668,43,0.029296875
gp_coordinate_loss_control,1.0,whitened_raw_mlp,mlp,coverage_90,0.020182291666666668,237041,0.012858072916666666,41,0.00244140625
gp_coordinate_loss_control,1.0,whitened_raw_mlp,mlp,coverage_90,0.020182291666666668,237041,0.012858072916666666,42,0.00439453125
gp_coordinate_loss_control,1.0,whitened_raw_mlp,mlp,coverage_90,0.020182291666666668,237041,0.012858072916666666,43,0.03173828125
gp_coordinate_loss_control,1.0,whitened_mlp,balanced_mlp,pc1_mse,-69.42549563521513,137041,-69.18688387417166,41,-69.31481020942432
gp_coordinate_loss_control,1.0,whitened_mlp,balanced_mlp,pc1_mse,-69.42549563521513,137041,-69.18688387417166,42,-69.01146728427219
gp_coordinate_loss_control,1.0,whitened_mlp,balanced_mlp,pc1_mse,-69.42549563521513,137041,-69.18688387417166,43,-69.23437412881843
gp_coordinate_loss_control,1.0,whitened_mlp,balanced_mlp,pc1_mse,-69.42549563521513,237041,-69.66410739625859,41,-70.09654648204126
gp_coordinate_loss_control,1.0,whitened_mlp,balanced_mlp,pc1_mse,-69.42549563521513,237041,-69.66410739625859,42,-70.19995291888107
gp_coordinate_loss_control,1.0,whitened_mlp,balanced_mlp,pc1_mse,-69.42549563521513,237041,-69.66410739625859,43,-68.69582278785342
gp_coordinate_loss_control,1.0,whitened_mlp,balanced_mlp,pc2_mse,-7.969287304579289,137041,-8.733948935101493,41,-10.85411595448644
gp_coordinate_loss_control,1.0,whitened_mlp,balanced_mlp,pc2_mse,-7.969287304579289,137041,-8.733948935101493,42,-6.33949492476005
gp_coordinate_loss_control,1.0,whitened_mlp,balanced_mlp,pc2_mse,-7.969287304579289,137041,-8.733948935101493,43,-9.008235926057985
gp_coordinate_loss_control,1.0,whitened_mlp,balanced_mlp,pc2_mse,-7.969287304579289,237041,-7.204625674057087,41,-10.058231967733114
gp_coordinate_loss_control,1.0,whitened_mlp,balanced_mlp,pc2_mse,-7.969287304579289,237041,-7.204625674057087,42,-7.186499566849873
gp_coordinate_loss_control,1.0,whitened_mlp,balanced_mlp,pc2_mse,-7.969287304579289,237041,-7.204625674057087,43,-4.369145487588272
gp_coordinate_loss_control,1.0,whitened_mlp,balanced_mlp,residual_mse,-0.006050651975259237,137041,-0.0064373469717896314,41,-0.0055456748909695
gp_coordinate_loss_control,1.0,whitened_mlp,balanced_mlp,residual_mse,-0.006050651975259237,137041,-0.0064373469717896314,42,-0.006227694792665987
gp_coordinate_loss_control,1.0,whitened_mlp,balanced_mlp,residual_mse,-0.006050651975259237,137041,-0.0064373469717896314,43,-0.007538671231733407
gp_coordinate_loss_control,1.0,whitened_mlp,balanced_mlp,residual_mse,-0.006050651975259237,237041,-0.005663956978728843,41,-0.004333246917196332
gp_coordinate_loss_control,1.0,whitened_mlp,balanced_mlp,residual_mse,-0.006050651975259237,237041,-0.005663956978728843,42,-0.005297240102053707
gp_coordinate_loss_control,1.0,whitened_mlp,balanced_mlp,residual_mse,-0.006050651975259237,237041,-0.005663956978728843,43,-0.007361383916936491
gp_coordinate_loss_control,1.0,whitened_mlp,balanced_mlp,residual_normalized_mse,-0.03989035684538021,137041,-0.040385268706346275,41,-0.037361015273625106
gp_coordinate_loss_control,1.0,whitened_mlp,balanced_mlp,residual_normalized_mse,-0.03989035684538021,137041,-0.040385268706346275,42,-0.041878930678017415
gp_coordinate_loss_control,1.0,whitened_mlp,balanced_mlp,residual_normalized_mse,-0.03989035684538021,137041,-0.040385268706346275,43,-0.041915860167396304
gp_coordinate_loss_control,1.0,whitened_mlp,balanced_mlp,residual_normalized_mse,-0.03989035684538021,237041,-0.039395444984414156,41,-0.03577864998896259
gp_coordinate_loss_control,1.0,whitened_mlp,balanced_mlp,residual_normalized_mse,-0.03989035684538021,237041,-0.039395444984414156,42,-0.041147603665333043
gp_coordinate_loss_control,1.0,whitened_mlp,balanced_mlp,residual_normalized_mse,-0.03989035684538021,237041,-0.039395444984414156,43,-0.04126008129894683
gp_coordinate_loss_control,1.0,whitened_mlp,balanced_mlp,roughness_ratio,0.22014077444364966,137041,0.21763240258265082,41,0.24643737251476006
gp_coordinate_loss_control,1.0,whitened_mlp,balanced_mlp,roughness_ratio,0.22014077444364966,137041,0.21763240258265082,42,0.1952599220986062
gp_coordinate_loss_control,1.0,whitened_mlp,balanced_mlp,roughness_ratio,0.22014077444364966,137041,0.21763240258265082,43,0.2111999131345862
gp_coordinate_loss_control,1.0,whitened_mlp,balanced_mlp,roughness_ratio,0.22014077444364966,237041,0.22264914630464852,41,0.2403756195294947
gp_coordinate_loss_control,1.0,whitened_mlp,balanced_mlp,roughness_ratio,0.22014077444364966,237041,0.22264914630464852,42,0.22311651350095407
gp_coordinate_loss_control,1.0,whitened_mlp,balanced_mlp,roughness_ratio,0.22014077444364966,237041,0.22264914630464852,43,0.2044553058834968
gp_coordinate_loss_control,1.0,whitened_mlp,balanced_mlp,fair_crps,-0.7664039410023176,137041,-0.858521529620467,41,-0.8923966476110103
gp_coordinate_loss_control,1.0,whitened_mlp,balanced_mlp,fair_crps,-0.7664039410023176,137041,-0.858521529620467,42,-0.8203551898319449
gp_coordinate_loss_control,1.0,whitened_mlp,balanced_mlp,fair_crps,-0.7664039410023176,137041,-0.858521529620467,43,-0.8628127514184457
gp_coordinate_loss_control,1.0,whitened_mlp,balanced_mlp,fair_crps,-0.7664039410023176,237041,-0.6742863523841681,41,-0.7162670513966036
gp_coordinate_loss_control,1.0,whitened_mlp,balanced_mlp,fair_crps,-0.7664039410023176,237041,-0.6742863523841681,42,-0.6855402659046259
gp_coordinate_loss_control,1.0,whitened_mlp,balanced_mlp,fair_crps,-0.7664039410023176,237041,-0.6742863523841681,43,-0.6210517398512752
gp_coordinate_loss_control,1.0,whitened_mlp,balanced_mlp,target_pca_tail_ratio,0.5056475526838325,137041,0.4823752542880743,41,0.47658945041175954
gp_coordinate_loss_control,1.0,whitened_mlp,balanced_mlp,target_pca_tail_ratio,0.5056475526838325,137041,0.4823752542880743,42,0.4826324742901577
gp_coordinate_loss_control,1.0,whitened_mlp,balanced_mlp,target_pca_tail_ratio,0.5056475526838325,137041,0.4823752542880743,43,0.4879038381623057
gp_coordinate_loss_control,1.0,whitened_mlp,balanced_mlp,target_pca_tail_ratio,0.5056475526838325,237041,0.5289198510795908,41,0.5261207515537016
gp_coordinate_loss_control,1.0,whitened_mlp,balanced_mlp,target_pca_tail_ratio,0.5056475526838325,237041,0.5289198510795908,42,0.5304607773035106
gp_coordinate_loss_control,1.0,whitened_mlp,balanced_mlp,target_pca_tail_ratio,0.5056475526838325,237041,0.5289198510795908,43,0.5301780243815603
gp_coordinate_loss_control,1.0,whitened_mlp,balanced_mlp,fair_energy_score,-2.9146763327249565,137041,-3.2725538465855784,41,-3.399972902459935
gp_coordinate_loss_control,1.0,whitened_mlp,balanced_mlp,fair_energy_score,-2.9146763327249565,137041,-3.2725538465855784,42,-3.132533659551331
gp_coordinate_loss_control,1.0,whitened_mlp,balanced_mlp,fair_energy_score,-2.9146763327249565,137041,-3.2725538465855784,43,-3.2851549777454685
gp_coordinate_loss_control,1.0,whitened_mlp,balanced_mlp,fair_energy_score,-2.9146763327249565,237041,-2.5567988188643347,41,-2.7214440251690037
gp_coordinate_loss_control,1.0,whitened_mlp,balanced_mlp,fair_energy_score,-2.9146763327249565,237041,-2.5567988188643347,42,-2.5799862997558565
gp_coordinate_loss_control,1.0,whitened_mlp,balanced_mlp,fair_energy_score,-2.9146763327249565,237041,-2.5567988188643347,43,-2.3689661316681434
gp_coordinate_loss_control,1.0,whitened_mlp,balanced_mlp,fixed_target_residual_mse,-0.005608985273144877,137041,-0.005799228831727741,41,-0.004913188757572386
gp_coordinate_loss_control,1.0,whitened_mlp,balanced_mlp,fixed_target_residual_mse,-0.005608985273144877,137041,-0.005799228831727741,42,-0.005882823781601931
gp_coordinate_loss_control,1.0,whitened_mlp,balanced_mlp,fixed_target_residual_mse,-0.005608985273144877,137041,-0.005799228831727741,43,-0.006601673956008906
gp_coordinate_loss_control,1.0,whitened_mlp,balanced_mlp,fixed_target_residual_mse,-0.005608985273144877,237041,-0.0054187417145620115,41,-0.004472490596408939
gp_coordinate_loss_control,1.0,whitened_mlp,balanced_mlp,fixed_target_residual_mse,-0.005608985273144877,237041,-0.0054187417145620115,42,-0.004896282301496052
gp_coordinate_loss_control,1.0,whitened_mlp,balanced_mlp,fixed_target_residual_mse,-0.005608985273144877,237041,-0.0054187417145620115,43,-0.006887452245781044
gp_coordinate_loss_control,1.0,whitened_mlp,balanced_mlp,fixed_target_pc1_mse,-69.13622790936667,137041,-68.88885586916626,41,-68.93678891010197
gp_coordinate_loss_control,1.0,whitened_mlp,balanced_mlp,fixed_target_pc1_mse,-69.13622790936667,137041,-68.88885586916626,42,-68.81961021678688
gp_coordinate_loss_control,1.0,whitened_mlp,balanced_mlp,fixed_target_pc1_mse,-69.13622790936667,137041,-68.88885586916626,43,-68.91016848060994
gp_coordinate_loss_control,1.0,whitened_mlp,balanced_mlp,fixed_target_pc1_mse,-69.13622790936667,237041,-69.38359994956707,41,-69.68145448900756
gp_coordinate_loss_control,1.0,whitened_mlp,balanced_mlp,fixed_target_pc1_mse,-69.13622790936667,237041,-69.38359994956707,42,-69.92638442370304
gp_coordinate_loss_control,1.0,whitened_mlp,balanced_mlp,fixed_target_pc1_mse,-69.13622790936667,237041,-69.38359994956707,43,-68.5429609359906
gp_coordinate_loss_control,1.0,whitened_mlp,balanced_mlp,coverage_90,0.269775390625,137041,0.2978515625,41,0.3154296875
gp_coordinate_loss_control,1.0,whitened_mlp,balanced_mlp,coverage_90,0.269775390625,137041,0.2978515625,42,0.2822265625
gp_coordinate_loss_control,1.0,whitened_mlp,balanced_mlp,coverage_90,0.269775390625,137041,0.2978515625,43,0.2958984375
gp_coordinate_loss_control,1.0,whitened_mlp,balanced_mlp,coverage_90,0.269775390625,237041,0.24169921875,41,0.2548828125
gp_coordinate_loss_control,1.0,whitened_mlp,balanced_mlp,coverage_90,0.269775390625,237041,0.24169921875,42,0.2421875
gp_coordinate_loss_control,1.0,whitened_mlp,balanced_mlp,coverage_90,0.269775390625,237041,0.24169921875,43,0.22802734375
gp_coordinate_by_loss_interaction,1.0,whitened_mlp,mlp,pc1_mse,-68.80608767908981,137041,-68.52311719565802,41,-68.75631861477493
gp_coordinate_by_loss_interaction,1.0,whitened_mlp,mlp,pc1_mse,-68.80608767908981,137041,-68.52311719565802,42,-68.27626774263962
gp_coordinate_by_loss_interaction,1.0,whitened_mlp,mlp,pc1_mse,-68.80608767908981,137041,-68.52311719565802,43,-68.5367652295595
gp_coordinate_by_loss_interaction,1.0,whitened_mlp,mlp,pc1_mse,-68.80608767908981,237041,-69.0890581625216,41,-69.54465427321017
gp_coordinate_by_loss_interaction,1.0,whitened_mlp,mlp,pc1_mse,-68.80608767908981,237041,-69.0890581625216,42,-69.60257125857667
gp_coordinate_by_loss_interaction,1.0,whitened_mlp,mlp,pc1_mse,-68.80608767908981,237041,-69.0890581625216,43,-68.11994895577793
gp_coordinate_by_loss_interaction,1.0,whitened_mlp,mlp,pc2_mse,-7.85538264231926,137041,-8.621696817344846,41,-10.770537261852226
gp_coordinate_by_loss_interaction,1.0,whitened_mlp,mlp,pc2_mse,-7.85538264231926,137041,-8.621696817344846,42,-6.206174050962212
gp_coordinate_by_loss_interaction,1.0,whitened_mlp,mlp,pc2_mse,-7.85538264231926,137041,-8.621696817344846,43,-8.8883791392201
gp_coordinate_by_loss_interaction,1.0,whitened_mlp,mlp,pc2_mse,-7.85538264231926,237041,-7.089068467293674,41,-9.943602553869127
gp_coordinate_by_loss_interaction,1.0,whitened_mlp,mlp,pc2_mse,-7.85538264231926,237041,-7.089068467293674,42,-7.073999491644494
gp_coordinate_by_loss_interaction,1.0,whitened_mlp,mlp,pc2_mse,-7.85538264231926,237041,-7.089068467293674,43,-4.249603356367403
gp_coordinate_by_loss_interaction,1.0,whitened_mlp,mlp,residual_mse,-0.00324338037387704,137041,-0.0037669559780536196,41,-0.0033847852851766128
gp_coordinate_by_loss_interaction,1.0,whitened_mlp,mlp,residual_mse,-0.00324338037387704,137041,-0.0037669559780536196,42,-0.0033438658424620946
gp_coordinate_by_loss_interaction,1.0,whitened_mlp,mlp,residual_mse,-0.00324338037387704,137041,-0.0037669559780536196,43,-0.004572216806522152
gp_coordinate_by_loss_interaction,1.0,whitened_mlp,mlp,residual_mse,-0.00324338037387704,237041,-0.00271980476970046,41,-0.0013428300453810008
gp_coordinate_by_loss_interaction,1.0,whitened_mlp,mlp,residual_mse,-0.00324338037387704,237041,-0.00271980476970046,42,-0.002711995113198404
gp_coordinate_by_loss_interaction,1.0,whitened_mlp,mlp,residual_mse,-0.00324338037387704,237041,-0.00271980476970046,43,-0.004104589150521976
gp_coordinate_by_loss_interaction,1.0,whitened_mlp,mlp,residual_normalized_mse,0.03575254117498196,137041,0.03660990917994475,41,0.03939929174628415
gp_coordinate_by_loss_interaction,1.0,whitened_mlp,mlp,residual_normalized_mse,0.03575254117498196,137041,0.03660990917994475,42,0.03563286723104794
gp_coordinate_by_loss_interaction,1.0,whitened_mlp,mlp,residual_normalized_mse,0.03575254117498196,137041,0.03660990917994475,43,0.03479756856250216
gp_coordinate_by_loss_interaction,1.0,whitened_mlp,mlp,residual_normalized_mse,0.03575254117498196,237041,0.034895173170019174,41,0.03890130962130517
gp_coordinate_by_loss_interaction,1.0,whitened_mlp,mlp,residual_normalized_mse,0.03575254117498196,237041,0.034895173170019174,42,0.036086678164978264
gp_coordinate_by_loss_interaction,1.0,whitened_mlp,mlp,residual_normalized_mse,0.03575254117498196,237041,0.034895173170019174,43,0.029697531723774095
gp_coordinate_by_loss_interaction,1.0,whitened_mlp,mlp,roughness_ratio,0.16722103572941044,137041,0.1723801388189479,41,0.20595029746934956
gp_coordinate_by_loss_interaction,1.0,whitened_mlp,mlp,roughness_ratio,0.16722103572941044,137041,0.1723801388189479,42,0.15955754506711017
gp_coordinate_by_loss_interaction,1.0,whitened_mlp,mlp,roughness_ratio,0.16722103572941044,137041,0.1723801388189479,43,0.15163257392038398
gp_coordinate_by_loss_interaction,1.0,whitened_mlp,mlp,roughness_ratio,0.16722103572941044,237041,0.162061932639873,41,0.2012569441471307
gp_coordinate_by_loss_interaction,1.0,whitened_mlp,mlp,roughness_ratio,0.16722103572941044,237041,0.162061932639873,42,0.18118323285755733
gp_coordinate_by_loss_interaction,1.0,whitened_mlp,mlp,roughness_ratio,0.16722103572941044,237041,0.162061932639873,43,0.103745620914931
gp_coordinate_by_loss_interaction,1.0,whitened_mlp,mlp,fair_crps,-0.7577641256392075,137041,-0.8478496539343591,41,-0.8848853626862625
gp_coordinate_by_loss_interaction,1.0,whitened_mlp,mlp,fair_crps,-0.7577641256392075,137041,-0.8478496539343591,42,-0.808748271853816
gp_coordinate_by_loss_interaction,1.0,whitened_mlp,mlp,fair_crps,-0.7577641256392075,137041,-0.8478496539343591,43,-0.8499153272629987
gp_coordinate_by_loss_interaction,1.0,whitened_mlp,mlp,fair_crps,-0.7577641256392075,237041,-0.6676785973440559,41,-0.7232738687007948
gp_coordinate_by_loss_interaction,1.0,whitened_mlp,mlp,fair_crps,-0.7577641256392075,237041,-0.6676785973440559,42,-0.678254561722456
gp_coordinate_by_loss_interaction,1.0,whitened_mlp,mlp,fair_crps,-0.7577641256392075,237041,-0.6676785973440559,43,-0.6015073616089169
gp_coordinate_by_loss_interaction,1.0,whitened_mlp,mlp,target_pca_tail_ratio,-0.28037611007385826,137041,-0.2907420941627548,41,-0.30861824915779645
gp_coordinate_by_loss_interaction,1.0,whitened_mlp,mlp,target_pca_tail_ratio,-0.28037611007385826,137041,-0.2907420941627548,42,-0.3590403594448112
gp_coordinate_by_loss_interaction,1.0,whitened_mlp,mlp,target_pca_tail_ratio,-0.28037611007385826,137041,-0.2907420941627548,43,-0.20456767388565678
gp_coordinate_by_loss_interaction,1.0,whitened_mlp,mlp,target_pca_tail_ratio,-0.28037611007385826,237041,-0.2700101259849617,41,-0.25190846743362566
gp_coordinate_by_loss_interaction,1.0,whitened_mlp,mlp,target_pca_tail_ratio,-0.28037611007385826,237041,-0.2700101259849617,42,-0.29664431432733734
gp_coordinate_by_loss_interaction,1.0,whitened_mlp,mlp,target_pca_tail_ratio,-0.28037611007385826,237041,-0.2700101259849617,43,-0.2614775961939222
gp_coordinate_by_loss_interaction,1.0,whitened_mlp,mlp,fair_energy_score,-2.872527481542406,137041,-3.220347625866007,41,-3.3549756259538643
gp_coordinate_by_loss_interaction,1.0,whitened_mlp,mlp,fair_energy_score,-2.872527481542406,137041,-3.220347625866007,42,-3.0750261210504437
gp_coordinate_by_loss_interaction,1.0,whitened_mlp,mlp,fair_energy_score,-2.872527481542406,137041,-3.220347625866007,43,-3.231041130593713
gp_coordinate_by_loss_interaction,1.0,whitened_mlp,mlp,fair_energy_score,-2.872527481542406,237041,-2.5247073372188047,41,-2.7486212804956
gp_coordinate_by_loss_interaction,1.0,whitened_mlp,mlp,fair_energy_score,-2.872527481542406,237041,-2.5247073372188047,42,-2.5445362218067684
gp_coordinate_by_loss_interaction,1.0,whitened_mlp,mlp,fair_energy_score,-2.872527481542406,237041,-2.5247073372188047,43,-2.2809645093540456
gp_coordinate_by_loss_interaction,1.0,whitened_mlp,mlp,fixed_target_residual_mse,-0.0029421771551260334,137041,-0.003242319736639833,41,-0.002930041965007006
gp_coordinate_by_loss_interaction,1.0,whitened_mlp,mlp,fixed_target_residual_mse,-0.0029421771551260334,137041,-0.003242319736639833,42,-0.0031559098710077574
gp_coordinate_by_loss_interaction,1.0,whitened_mlp,mlp,fixed_target_residual_mse,-0.0029421771551260334,137041,-0.003242319736639833,43,-0.0036410073739047352
gp_coordinate_by_loss_interaction,1.0,whitened_mlp,mlp,fixed_target_residual_mse,-0.0029421771551260334,237041,-0.0026420345736122334,41,-0.0016223725959002011
gp_coordinate_by_loss_interaction,1.0,whitened_mlp,mlp,fixed_target_residual_mse,-0.0029421771551260334,237041,-0.0026420345736122334,42,-0.0025466155936449478
gp_coordinate_by_loss_interaction,1.0,whitened_mlp,mlp,fixed_target_residual_mse,-0.0029421771551260334,237041,-0.0026420345736122334,43,-0.003757115531291551
gp_coordinate_by_loss_interaction,1.0,whitened_mlp,mlp,fixed_target_pc1_mse,-68.50852762782185,137041,-68.21614400256345,41,-68.37167176390405
gp_coordinate_by_loss_interaction,1.0,whitened_mlp,mlp,fixed_target_pc1_mse,-68.50852762782185,137041,-68.21614400256345,42,-68.0723174460843
gp_coordinate_by_loss_interaction,1.0,whitened_mlp,mlp,fixed_target_pc1_mse,-68.50852762782185,137041,-68.21614400256345,43,-68.20444279770204
gp_coordinate_by_loss_interaction,1.0,whitened_mlp,mlp,fixed_target_pc1_mse,-68.50852762782185,237041,-68.80091125308024,41,-69.1210579083145
gp_coordinate_by_loss_interaction,1.0,whitened_mlp,mlp,fixed_target_pc1_mse,-68.50852762782185,237041,-68.80091125308024,42,-69.32148411318579
gp_coordinate_by_loss_interaction,1.0,whitened_mlp,mlp,fixed_target_pc1_mse,-68.50852762782185,237041,-68.80091125308024,43,-67.96019173774046
gp_coordinate_by_loss_interaction,1.0,whitened_mlp,mlp,coverage_90,0.24959309895833331,137041,0.2703450520833333,41,0.27685546875
gp_coordinate_by_loss_interaction,1.0,whitened_mlp,mlp,coverage_90,0.24959309895833331,137041,0.2703450520833333,42,0.267578125
gp_coordinate_by_loss_interaction,1.0,whitened_mlp,mlp,coverage_90,0.24959309895833331,137041,0.2703450520833333,43,0.2666015625
gp_coordinate_by_loss_interaction,1.0,whitened_mlp,mlp,coverage_90,0.24959309895833331,237041,0.22884114583333334,41,0.25244140625
gp_coordinate_by_loss_interaction,1.0,whitened_mlp,mlp,coverage_90,0.24959309895833331,237041,0.22884114583333334,42,0.23779296875
gp_coordinate_by_loss_interaction,1.0,whitened_mlp,mlp,coverage_90,0.24959309895833331,237041,0.22884114583333334,43,0.1962890625
