dataset,type,terms,definition,metric,contexts,block_length,bootstrap,mean_difference,ci_low,ci_high,scope
gp_multi,new_vs_mlp,"[{""head"": ""mlp_whitened"", ""source"": ""white"", ""weight"": 1}, {""head"": ""mlp"", ""source"": ""white"", ""weight"": -1}]",mlp_whitened/white -mlp/white,fair_crps,64,1,iid,0.015088820002052401,0.007315503087842355,0.023456136308827487,Fixed trained-model seed average; paired ordered selected contexts; excludes training-data/model-selection uncertainty
gp_multi,new_vs_mlp,"[{""head"": ""mlp_whitened"", ""source"": ""white"", ""weight"": 1}, {""head"": ""mlp"", ""source"": ""white"", ""weight"": -1}]",mlp_whitened/white -mlp/white,joint_energy_scaled,64,1,iid,0.011631654156861498,0.0032383244283519827,0.020706297083279483,Fixed trained-model seed average; paired ordered selected contexts; excludes training-data/model-selection uncertainty
gp_multi,new_vs_mlp,"[{""head"": ""mlp_balanced"", ""source"": ""white"", ""weight"": 1}, {""head"": ""mlp"", ""source"": ""white"", ""weight"": -1}]",mlp_balanced/white -mlp/white,fair_crps,64,1,iid,0.05319314767476056,0.026773522454964886,0.08114512857415354,Fixed trained-model seed average; paired ordered selected contexts; excludes training-data/model-selection uncertainty
gp_multi,new_vs_mlp,"[{""head"": ""mlp_balanced"", ""source"": ""white"", ""weight"": 1}, {""head"": ""mlp"", ""source"": ""white"", ""weight"": -1}]",mlp_balanced/white -mlp/white,joint_energy_scaled,64,1,iid,0.05362137062652565,0.024626433266527515,0.08431498378385317,Fixed trained-model seed average; paired ordered selected contexts; excludes training-data/model-selection uncertainty
gp_multi,new_vs_mlp,"[{""head"": ""history_dense_ae"", ""source"": ""white"", ""weight"": 1}, {""head"": ""mlp"", ""source"": ""white"", ""weight"": -1}]",history_dense_ae/white -mlp/white,fair_crps,64,1,iid,0.010321070868868269,0.0041288517562104565,0.01656342724592977,Fixed trained-model seed average; paired ordered selected contexts; excludes training-data/model-selection uncertainty
gp_multi,new_vs_mlp,"[{""head"": ""history_dense_ae"", ""source"": ""white"", ""weight"": 1}, {""head"": ""mlp"", ""source"": ""white"", ""weight"": -1}]",history_dense_ae/white -mlp/white,joint_energy_scaled,64,1,iid,0.009585558250643184,0.002199723596993421,0.016984362747399367,Fixed trained-model seed average; paired ordered selected contexts; excludes training-data/model-selection uncertainty
gp_multi,new_vs_mlp,"[{""head"": ""history_topk_ae"", ""source"": ""white"", ""weight"": 1}, {""head"": ""mlp"", ""source"": ""white"", ""weight"": -1}]",history_topk_ae/white -mlp/white,fair_crps,64,1,iid,0.06087870161090132,0.04138313543868607,0.08082541649330127,Fixed trained-model seed average; paired ordered selected contexts; excludes training-data/model-selection uncertainty
gp_multi,new_vs_mlp,"[{""head"": ""history_topk_ae"", ""source"": ""white"", ""weight"": 1}, {""head"": ""mlp"", ""source"": ""white"", ""weight"": -1}]",history_topk_ae/white -mlp/white,joint_energy_scaled,64,1,iid,0.05715787223245238,0.03555344170836056,0.07954987731091824,Fixed trained-model seed average; paired ordered selected contexts; excludes training-data/model-selection uncertainty
gp_multi,new_vs_mlp,"[{""head"": ""history_conv_dense"", ""source"": ""white"", ""weight"": 1}, {""head"": ""mlp"", ""source"": ""white"", ""weight"": -1}]",history_conv_dense/white -mlp/white,fair_crps,64,1,iid,0.07449649711143988,0.04722622164916581,0.10264203905737138,Fixed trained-model seed average; paired ordered selected contexts; excludes training-data/model-selection uncertainty
gp_multi,new_vs_mlp,"[{""head"": ""history_conv_dense"", ""source"": ""white"", ""weight"": 1}, {""head"": ""mlp"", ""source"": ""white"", ""weight"": -1}]",history_conv_dense/white -mlp/white,joint_energy_scaled,64,1,iid,0.0714541644029555,0.041371492826050064,0.10217429046326458,Fixed trained-model seed average; paired ordered selected contexts; excludes training-data/model-selection uncertainty
gp_multi,new_vs_mlp,"[{""head"": ""history_conv_sparse"", ""source"": ""white"", ""weight"": 1}, {""head"": ""mlp"", ""source"": ""white"", ""weight"": -1}]",history_conv_sparse/white -mlp/white,fair_crps,64,1,iid,0.07875111403077659,0.05025270977301308,0.10806304231296761,Fixed trained-model seed average; paired ordered selected contexts; excludes training-data/model-selection uncertainty
gp_multi,new_vs_mlp,"[{""head"": ""history_conv_sparse"", ""source"": ""white"", ""weight"": 1}, {""head"": ""mlp"", ""source"": ""white"", ""weight"": -1}]",history_conv_sparse/white -mlp/white,joint_energy_scaled,64,1,iid,0.07581048869318562,0.044706047161968014,0.10803383987739891,Fixed trained-model seed average; paired ordered selected contexts; excludes training-data/model-selection uncertainty
gp_multi,new_vs_mlp,"[{""head"": ""dictionary_dense"", ""source"": ""white"", ""weight"": 1}, {""head"": ""mlp"", ""source"": ""white"", ""weight"": -1}]",dictionary_dense/white -mlp/white,fair_crps,64,1,iid,-0.0044830998765315174,-0.011270526868242875,0.0020052209259469153,Fixed trained-model seed average; paired ordered selected contexts; excludes training-data/model-selection uncertainty
gp_multi,new_vs_mlp,"[{""head"": ""dictionary_dense"", ""source"": ""white"", ""weight"": 1}, {""head"": ""mlp"", ""source"": ""white"", ""weight"": -1}]",dictionary_dense/white -mlp/white,joint_energy_scaled,64,1,iid,-0.003918495603971783,-0.011756485752446127,0.0036895323949815333,Fixed trained-model seed average; paired ordered selected contexts; excludes training-data/model-selection uncertainty
gp_multi,new_vs_mlp,"[{""head"": ""dictionary_topk"", ""source"": ""white"", ""weight"": 1}, {""head"": ""mlp"", ""source"": ""white"", ""weight"": -1}]",dictionary_topk/white -mlp/white,fair_crps,64,1,iid,0.052696694653661814,0.04314810257686928,0.06204682455525696,Fixed trained-model seed average; paired ordered selected contexts; excludes training-data/model-selection uncertainty
gp_multi,new_vs_mlp,"[{""head"": ""dictionary_topk"", ""source"": ""white"", ""weight"": 1}, {""head"": ""mlp"", ""source"": ""white"", ""weight"": -1}]",dictionary_topk/white -mlp/white,joint_energy_scaled,64,1,iid,0.04403022370421614,0.032331679431674025,0.05581700321502288,Fixed trained-model seed average; paired ordered selected contexts; excludes training-data/model-selection uncertainty
gp_multi,new_vs_mlp,"[{""head"": ""unet_l0"", ""source"": ""white"", ""weight"": 1}, {""head"": ""mlp"", ""source"": ""white"", ""weight"": -1}]",unet_l0/white -mlp/white,fair_crps,64,1,iid,0.07297112960559256,0.057049192508770205,0.08961970415762369,Fixed trained-model seed average; paired ordered selected contexts; excludes training-data/model-selection uncertainty
gp_multi,new_vs_mlp,"[{""head"": ""unet_l0"", ""source"": ""white"", ""weight"": 1}, {""head"": ""mlp"", ""source"": ""white"", ""weight"": -1}]",unet_l0/white -mlp/white,joint_energy_scaled,64,1,iid,0.06311741934790677,0.04479568206255571,0.0821202716820969,Fixed trained-model seed average; paired ordered selected contexts; excludes training-data/model-selection uncertainty
gp_multi,new_vs_mlp,"[{""head"": ""moe_dense"", ""source"": ""white"", ""weight"": 1}, {""head"": ""mlp"", ""source"": ""white"", ""weight"": -1}]",moe_dense/white -mlp/white,fair_crps,64,1,iid,0.00901787347819241,0.0019474779201044538,0.016631926858500058,Fixed trained-model seed average; paired ordered selected contexts; excludes training-data/model-selection uncertainty
gp_multi,new_vs_mlp,"[{""head"": ""moe_dense"", ""source"": ""white"", ""weight"": 1}, {""head"": ""mlp"", ""source"": ""white"", ""weight"": -1}]",moe_dense/white -mlp/white,joint_energy_scaled,64,1,iid,0.006953360177850101,-0.0010738308429899127,0.015363532882473203,Fixed trained-model seed average; paired ordered selected contexts; excludes training-data/model-selection uncertainty
gp_multi,new_vs_mlp,"[{""head"": ""moe_topk"", ""source"": ""white"", ""weight"": 1}, {""head"": ""mlp"", ""source"": ""white"", ""weight"": -1}]",moe_topk/white -mlp/white,fair_crps,64,1,iid,0.010318717578111567,0.0016715666106886596,0.019382355088433226,Fixed trained-model seed average; paired ordered selected contexts; excludes training-data/model-selection uncertainty
gp_multi,new_vs_mlp,"[{""head"": ""moe_topk"", ""source"": ""white"", ""weight"": 1}, {""head"": ""mlp"", ""source"": ""white"", ""weight"": -1}]",moe_topk/white -mlp/white,joint_energy_scaled,64,1,iid,0.008155330397200858,-0.0016243789613124158,0.01848206364430291,Fixed trained-model seed average; paired ordered selected contexts; excludes training-data/model-selection uncertainty
gp_multi,sparse_vs_dense,"[{""head"": ""history_topk_ae"", ""source"": ""white"", ""weight"": 1}, {""head"": ""history_dense_ae"", ""source"": ""white"", ""weight"": -1}]",history_topk_ae/white -history_dense_ae/white,fair_crps,64,1,iid,0.050557630742033066,0.03139978829488288,0.07043497171661102,Fixed trained-model seed average; paired ordered selected contexts; excludes training-data/model-selection uncertainty
gp_multi,sparse_vs_dense,"[{""head"": ""history_topk_ae"", ""source"": ""white"", ""weight"": 1}, {""head"": ""history_dense_ae"", ""source"": ""white"", ""weight"": -1}]",history_topk_ae/white -history_dense_ae/white,joint_energy_scaled,64,1,iid,0.04757231398180919,0.026685512681628755,0.06914821609795116,Fixed trained-model seed average; paired ordered selected contexts; excludes training-data/model-selection uncertainty
gp_multi,sparse_vs_dense,"[{""head"": ""history_conv_sparse"", ""source"": ""white"", ""weight"": 1}, {""head"": ""history_conv_dense"", ""source"": ""white"", ""weight"": -1}]",history_conv_sparse/white -history_conv_dense/white,fair_crps,64,1,iid,0.004254616919336721,-0.0012341382332497807,0.00992406134510324,Fixed trained-model seed average; paired ordered selected contexts; excludes training-data/model-selection uncertainty
gp_multi,sparse_vs_dense,"[{""head"": ""history_conv_sparse"", ""source"": ""white"", ""weight"": 1}, {""head"": ""history_conv_dense"", ""source"": ""white"", ""weight"": -1}]",history_conv_sparse/white -history_conv_dense/white,joint_energy_scaled,64,1,iid,0.004356324290230111,-0.001676502430629391,0.010438321058509186,Fixed trained-model seed average; paired ordered selected contexts; excludes training-data/model-selection uncertainty
gp_multi,sparse_vs_dense,"[{""head"": ""dictionary_topk"", ""source"": ""white"", ""weight"": 1}, {""head"": ""dictionary_dense"", ""source"": ""white"", ""weight"": -1}]",dictionary_topk/white -dictionary_dense/white,fair_crps,64,1,iid,0.05717979453019334,0.04757343352393703,0.06664919545969795,Fixed trained-model seed average; paired ordered selected contexts; excludes training-data/model-selection uncertainty
gp_multi,sparse_vs_dense,"[{""head"": ""dictionary_topk"", ""source"": ""white"", ""weight"": 1}, {""head"": ""dictionary_dense"", ""source"": ""white"", ""weight"": -1}]",dictionary_topk/white -dictionary_dense/white,joint_energy_scaled,64,1,iid,0.04794871930818792,0.03561949074991983,0.06026695425950106,Fixed trained-model seed average; paired ordered selected contexts; excludes training-data/model-selection uncertainty
gp_multi,sparse_vs_dense,"[{""head"": ""moe_topk"", ""source"": ""white"", ""weight"": 1}, {""head"": ""moe_dense"", ""source"": ""white"", ""weight"": -1}]",moe_topk/white -moe_dense/white,fair_crps,64,1,iid,0.0013008440999191582,-0.0013884000206614792,0.003985655908739423,Fixed trained-model seed average; paired ordered selected contexts; excludes training-data/model-selection uncertainty
gp_multi,sparse_vs_dense,"[{""head"": ""moe_topk"", ""source"": ""white"", ""weight"": 1}, {""head"": ""moe_dense"", ""source"": ""white"", ""weight"": -1}]",moe_topk/white -moe_dense/white,joint_energy_scaled,64,1,iid,0.0012019702193507573,-0.0019517120945543483,0.004357157271890887,Fixed trained-model seed average; paired ordered selected contexts; excludes training-data/model-selection uncertainty
gp_multi,whitened_vs_balanced,"[{""head"": ""mlp_whitened"", ""source"": ""white"", ""weight"": 1}, {""head"": ""mlp_balanced"", ""source"": ""white"", ""weight"": -1}]",mlp_whitened/white -mlp_balanced/white,fair_crps,64,1,iid,-0.038104327672708174,-0.06191545066649301,-0.015234117753924893,Fixed trained-model seed average; paired ordered selected contexts; excludes training-data/model-selection uncertainty
gp_multi,whitened_vs_balanced,"[{""head"": ""mlp_whitened"", ""source"": ""white"", ""weight"": 1}, {""head"": ""mlp_balanced"", ""source"": ""white"", ""weight"": -1}]",mlp_whitened/white -mlp_balanced/white,joint_energy_scaled,64,1,iid,-0.04198971646966416,-0.06828531089084727,-0.016932068644615456,Fixed trained-model seed average; paired ordered selected contexts; excludes training-data/model-selection uncertainty
gp_multi,l0_vs_unet,"[{""head"": ""unet_l0"", ""source"": ""white"", ""weight"": 1}, {""head"": ""unet"", ""source"": ""white"", ""weight"": -1}]",unet_l0/white -unet/white,fair_crps,64,1,iid,0.08024580642840379,0.062247485534206885,0.09930998634152093,Fixed trained-model seed average; paired ordered selected contexts; excludes training-data/model-selection uncertainty
gp_multi,l0_vs_unet,"[{""head"": ""unet_l0"", ""source"": ""white"", ""weight"": 1}, {""head"": ""unet"", ""source"": ""white"", ""weight"": -1}]",unet_l0/white -unet/white,joint_energy_scaled,64,1,iid,0.07154603512715767,0.04978466584106472,0.09416402118021139,Fixed trained-model seed average; paired ordered selected contexts; excludes training-data/model-selection uncertainty
gp_multi,new_vs_mlp,"[{""head"": ""mlp_whitened"", ""source"": ""gp"", ""weight"": 1}, {""head"": ""mlp"", ""source"": ""gp"", ""weight"": -1}]",mlp_whitened/gp -mlp/gp,fair_crps,64,1,iid,-0.02333520124617028,-0.037019039547154665,-0.010239144137333546,Fixed trained-model seed average; paired ordered selected contexts; excludes training-data/model-selection uncertainty
gp_multi,new_vs_mlp,"[{""head"": ""mlp_whitened"", ""source"": ""gp"", ""weight"": 1}, {""head"": ""mlp"", ""source"": ""gp"", ""weight"": -1}]",mlp_whitened/gp -mlp/gp,joint_energy_scaled,64,1,iid,-0.024878512626777434,-0.04113417616906852,-0.00950308501191002,Fixed trained-model seed average; paired ordered selected contexts; excludes training-data/model-selection uncertainty
gp_multi,new_vs_mlp,"[{""head"": ""mlp_balanced"", ""source"": ""gp"", ""weight"": 1}, {""head"": ""mlp"", ""source"": ""gp"", ""weight"": -1}]",mlp_balanced/gp -mlp/gp,fair_crps,64,1,iid,0.2828729736955744,0.21378919253249365,0.35922038990367955,Fixed trained-model seed average; paired ordered selected contexts; excludes training-data/model-selection uncertainty
gp_multi,new_vs_mlp,"[{""head"": ""mlp_balanced"", ""source"": ""gp"", ""weight"": 1}, {""head"": ""mlp"", ""source"": ""gp"", ""weight"": -1}]",mlp_balanced/gp -mlp/gp,joint_energy_scaled,64,1,iid,0.277648728527016,0.20479727048959956,0.3564590466227411,Fixed trained-model seed average; paired ordered selected contexts; excludes training-data/model-selection uncertainty
gp_multi,new_vs_mlp,"[{""head"": ""history_dense_ae"", ""source"": ""gp"", ""weight"": 1}, {""head"": ""mlp"", ""source"": ""gp"", ""weight"": -1}]",history_dense_ae/gp -mlp/gp,fair_crps,64,1,iid,0.011421508920853723,0.0010630445546435424,0.022433575945029354,Fixed trained-model seed average; paired ordered selected contexts; excludes training-data/model-selection uncertainty
gp_multi,new_vs_mlp,"[{""head"": ""history_dense_ae"", ""source"": ""gp"", ""weight"": 1}, {""head"": ""mlp"", ""source"": ""gp"", ""weight"": -1}]",history_dense_ae/gp -mlp/gp,joint_energy_scaled,64,1,iid,0.010537564149253961,-0.0013531978533538722,0.022991264208950004,Fixed trained-model seed average; paired ordered selected contexts; excludes training-data/model-selection uncertainty
gp_multi,new_vs_mlp,"[{""head"": ""history_topk_ae"", ""source"": ""gp"", ""weight"": 1}, {""head"": ""mlp"", ""source"": ""gp"", ""weight"": -1}]",history_topk_ae/gp -mlp/gp,fair_crps,64,1,iid,0.047049691811297485,0.026565893787751857,0.06770095000466132,Fixed trained-model seed average; paired ordered selected contexts; excludes training-data/model-selection uncertainty
gp_multi,new_vs_mlp,"[{""head"": ""history_topk_ae"", ""source"": ""gp"", ""weight"": 1}, {""head"": ""mlp"", ""source"": ""gp"", ""weight"": -1}]",history_topk_ae/gp -mlp/gp,joint_energy_scaled,64,1,iid,0.04421565432525141,0.021333770337509553,0.06731000109333549,Fixed trained-model seed average; paired ordered selected contexts; excludes training-data/model-selection uncertainty
gp_multi,new_vs_mlp,"[{""head"": ""history_conv_dense"", ""source"": ""gp"", ""weight"": 1}, {""head"": ""mlp"", ""source"": ""gp"", ""weight"": -1}]",history_conv_dense/gp -mlp/gp,fair_crps,64,1,iid,0.05232889151066544,0.024669238350895493,0.08121868730723485,Fixed trained-model seed average; paired ordered selected contexts; excludes training-data/model-selection uncertainty
gp_multi,new_vs_mlp,"[{""head"": ""history_conv_dense"", ""source"": ""gp"", ""weight"": 1}, {""head"": ""mlp"", ""source"": ""gp"", ""weight"": -1}]",history_conv_dense/gp -mlp/gp,joint_energy_scaled,64,1,iid,0.05091200064650407,0.019949650887704454,0.08294435628893845,Fixed trained-model seed average; paired ordered selected contexts; excludes training-data/model-selection uncertainty
gp_multi,new_vs_mlp,"[{""head"": ""history_conv_sparse"", ""source"": ""gp"", ""weight"": 1}, {""head"": ""mlp"", ""source"": ""gp"", ""weight"": -1}]",history_conv_sparse/gp -mlp/gp,fair_crps,64,1,iid,0.05812884278412567,0.029421038281070705,0.08720851529278015,Fixed trained-model seed average; paired ordered selected contexts; excludes training-data/model-selection uncertainty
gp_multi,new_vs_mlp,"[{""head"": ""history_conv_sparse"", ""source"": ""gp"", ""weight"": 1}, {""head"": ""mlp"", ""source"": ""gp"", ""weight"": -1}]",history_conv_sparse/gp -mlp/gp,joint_energy_scaled,64,1,iid,0.05727641645143351,0.025713722458068192,0.08954909890289106,Fixed trained-model seed average; paired ordered selected contexts; excludes training-data/model-selection uncertainty
gp_multi,new_vs_mlp,"[{""head"": ""dictionary_dense"", ""source"": ""gp"", ""weight"": 1}, {""head"": ""mlp"", ""source"": ""gp"", ""weight"": -1}]",dictionary_dense/gp -mlp/gp,fair_crps,64,1,iid,6.764859093394675e-05,-0.0051673306784339465,0.005355316628700461,Fixed trained-model seed average; paired ordered selected contexts; excludes training-data/model-selection uncertainty
gp_multi,new_vs_mlp,"[{""head"": ""dictionary_dense"", ""source"": ""gp"", ""weight"": 1}, {""head"": ""mlp"", ""source"": ""gp"", ""weight"": -1}]",dictionary_dense/gp -mlp/gp,joint_energy_scaled,64,1,iid,-3.3056793906131e-05,-0.006010823685112357,0.005958527500539605,Fixed trained-model seed average; paired ordered selected contexts; excludes training-data/model-selection uncertainty
gp_multi,new_vs_mlp,"[{""head"": ""dictionary_topk"", ""source"": ""gp"", ""weight"": 1}, {""head"": ""mlp"", ""source"": ""gp"", ""weight"": -1}]",dictionary_topk/gp -mlp/gp,fair_crps,64,1,iid,0.01174921045567112,0.003218031150912082,0.02013022404281655,Fixed trained-model seed average; paired ordered selected contexts; excludes training-data/model-selection uncertainty
gp_multi,new_vs_mlp,"[{""head"": ""dictionary_topk"", ""source"": ""gp"", ""weight"": 1}, {""head"": ""mlp"", ""source"": ""gp"", ""weight"": -1}]",dictionary_topk/gp -mlp/gp,joint_energy_scaled,64,1,iid,0.012545641846007568,0.0023306924220736903,0.022787813525335016,Fixed trained-model seed average; paired ordered selected contexts; excludes training-data/model-selection uncertainty
gp_multi,new_vs_mlp,"[{""head"": ""unet_l0"", ""source"": ""gp"", ""weight"": 1}, {""head"": ""mlp"", ""source"": ""gp"", ""weight"": -1}]",unet_l0/gp -mlp/gp,fair_crps,64,1,iid,0.06035069194911898,0.044750758166013115,0.07689833086171813,Fixed trained-model seed average; paired ordered selected contexts; excludes training-data/model-selection uncertainty
gp_multi,new_vs_mlp,"[{""head"": ""unet_l0"", ""source"": ""gp"", ""weight"": 1}, {""head"": ""mlp"", ""source"": ""gp"", ""weight"": -1}]",unet_l0/gp -mlp/gp,joint_energy_scaled,64,1,iid,0.05027005301345869,0.0333064083585535,0.06841449285592079,Fixed trained-model seed average; paired ordered selected contexts; excludes training-data/model-selection uncertainty
gp_multi,new_vs_mlp,"[{""head"": ""moe_dense"", ""source"": ""gp"", ""weight"": 1}, {""head"": ""mlp"", ""source"": ""gp"", ""weight"": -1}]",moe_dense/gp -mlp/gp,fair_crps,64,1,iid,0.004020199070201746,-0.0040219340783672715,0.012090464222861488,Fixed trained-model seed average; paired ordered selected contexts; excludes training-data/model-selection uncertainty
gp_multi,new_vs_mlp,"[{""head"": ""moe_dense"", ""source"": ""gp"", ""weight"": 1}, {""head"": ""mlp"", ""source"": ""gp"", ""weight"": -1}]",moe_dense/gp -mlp/gp,joint_energy_scaled,64,1,iid,0.005426753405446303,-0.0036067105361417408,0.014552232830780594,Fixed trained-model seed average; paired ordered selected contexts; excludes training-data/model-selection uncertainty
gp_multi,new_vs_mlp,"[{""head"": ""moe_topk"", ""source"": ""gp"", ""weight"": 1}, {""head"": ""mlp"", ""source"": ""gp"", ""weight"": -1}]",moe_topk/gp -mlp/gp,fair_crps,64,1,iid,0.00224461472735015,-0.005581789694588543,0.010291009551018747,Fixed trained-model seed average; paired ordered selected contexts; excludes training-data/model-selection uncertainty
gp_multi,new_vs_mlp,"[{""head"": ""moe_topk"", ""source"": ""gp"", ""weight"": 1}, {""head"": ""mlp"", ""source"": ""gp"", ""weight"": -1}]",moe_topk/gp -mlp/gp,joint_energy_scaled,64,1,iid,0.0036715085650313116,-0.005236627071161545,0.01275707143377046,Fixed trained-model seed average; paired ordered selected contexts; excludes training-data/model-selection uncertainty
gp_multi,sparse_vs_dense,"[{""head"": ""history_topk_ae"", ""source"": ""gp"", ""weight"": 1}, {""head"": ""history_dense_ae"", ""source"": ""gp"", ""weight"": -1}]",history_topk_ae/gp -history_dense_ae/gp,fair_crps,64,1,iid,0.03562818289044376,0.016891495889733918,0.05490124060128044,Fixed trained-model seed average; paired ordered selected contexts; excludes training-data/model-selection uncertainty
gp_multi,sparse_vs_dense,"[{""head"": ""history_topk_ae"", ""source"": ""gp"", ""weight"": 1}, {""head"": ""history_dense_ae"", ""source"": ""gp"", ""weight"": -1}]",history_topk_ae/gp -history_dense_ae/gp,joint_energy_scaled,64,1,iid,0.03367809017599745,0.013350727899779036,0.0546887890481077,Fixed trained-model seed average; paired ordered selected contexts; excludes training-data/model-selection uncertainty
gp_multi,sparse_vs_dense,"[{""head"": ""history_conv_sparse"", ""source"": ""gp"", ""weight"": 1}, {""head"": ""history_conv_dense"", ""source"": ""gp"", ""weight"": -1}]",history_conv_sparse/gp -history_conv_dense/gp,fair_crps,64,1,iid,0.005799951273460221,-0.0010455520922468887,0.012832656212736104,Fixed trained-model seed average; paired ordered selected contexts; excludes training-data/model-selection uncertainty
gp_multi,sparse_vs_dense,"[{""head"": ""history_conv_sparse"", ""source"": ""gp"", ""weight"": 1}, {""head"": ""history_conv_dense"", ""source"": ""gp"", ""weight"": -1}]",history_conv_sparse/gp -history_conv_dense/gp,joint_energy_scaled,64,1,iid,0.006364415804929444,-0.00041182864183433653,0.013391638411696069,Fixed trained-model seed average; paired ordered selected contexts; excludes training-data/model-selection uncertainty
gp_multi,sparse_vs_dense,"[{""head"": ""dictionary_topk"", ""source"": ""gp"", ""weight"": 1}, {""head"": ""dictionary_dense"", ""source"": ""gp"", ""weight"": -1}]",dictionary_topk/gp -dictionary_dense/gp,fair_crps,64,1,iid,0.011681561864737176,0.0036440631443349176,0.01963161020793386,Fixed trained-model seed average; paired ordered selected contexts; excludes training-data/model-selection uncertainty
gp_multi,sparse_vs_dense,"[{""head"": ""dictionary_topk"", ""source"": ""gp"", ""weight"": 1}, {""head"": ""dictionary_dense"", ""source"": ""gp"", ""weight"": -1}]",dictionary_topk/gp -dictionary_dense/gp,joint_energy_scaled,64,1,iid,0.012578698639913698,0.0028198944154716496,0.022140365652826018,Fixed trained-model seed average; paired ordered selected contexts; excludes training-data/model-selection uncertainty
gp_multi,sparse_vs_dense,"[{""head"": ""moe_topk"", ""source"": ""gp"", ""weight"": 1}, {""head"": ""moe_dense"", ""source"": ""gp"", ""weight"": -1}]",moe_topk/gp -moe_dense/gp,fair_crps,64,1,iid,-0.0017755843428515963,-0.004672550397108868,0.0008978234037433302,Fixed trained-model seed average; paired ordered selected contexts; excludes training-data/model-selection uncertainty
gp_multi,sparse_vs_dense,"[{""head"": ""moe_topk"", ""source"": ""gp"", ""weight"": 1}, {""head"": ""moe_dense"", ""source"": ""gp"", ""weight"": -1}]",moe_topk/gp -moe_dense/gp,joint_energy_scaled,64,1,iid,-0.001755244840414991,-0.004990888069536516,0.0012743978830376086,Fixed trained-model seed average; paired ordered selected contexts; excludes training-data/model-selection uncertainty
gp_multi,whitened_vs_balanced,"[{""head"": ""mlp_whitened"", ""source"": ""gp"", ""weight"": 1}, {""head"": ""mlp_balanced"", ""source"": ""gp"", ""weight"": -1}]",mlp_whitened/gp -mlp_balanced/gp,fair_crps,64,1,iid,-0.3062081749417446,-0.38590535513107194,-0.23410473302301585,Fixed trained-model seed average; paired ordered selected contexts; excludes training-data/model-selection uncertainty
gp_multi,whitened_vs_balanced,"[{""head"": ""mlp_whitened"", ""source"": ""gp"", ""weight"": 1}, {""head"": ""mlp_balanced"", ""source"": ""gp"", ""weight"": -1}]",mlp_whitened/gp -mlp_balanced/gp,joint_energy_scaled,64,1,iid,-0.3025272411537934,-0.38597335628368,-0.22603932104613592,Fixed trained-model seed average; paired ordered selected contexts; excludes training-data/model-selection uncertainty
gp_multi,l0_vs_unet,"[{""head"": ""unet_l0"", ""source"": ""gp"", ""weight"": 1}, {""head"": ""unet"", ""source"": ""gp"", ""weight"": -1}]",unet_l0/gp -unet/gp,fair_crps,64,1,iid,0.057909778346535754,0.0421336096142797,0.07503215095576482,Fixed trained-model seed average; paired ordered selected contexts; excludes training-data/model-selection uncertainty
gp_multi,l0_vs_unet,"[{""head"": ""unet_l0"", ""source"": ""gp"", ""weight"": 1}, {""head"": ""unet"", ""source"": ""gp"", ""weight"": -1}]",unet_l0/gp -unet/gp,joint_energy_scaled,64,1,iid,0.047543215890718894,0.030189018391160127,0.06661747092192671,Fixed trained-model seed average; paired ordered selected contexts; excludes training-data/model-selection uncertainty
gp_multi,gp_vs_white,"[{""head"": ""mlp"", ""source"": ""gp"", ""weight"": 1}, {""head"": ""mlp"", ""source"": ""white"", ""weight"": -1}]",mlp/gp -mlp/white,fair_crps,64,1,iid,0.0040423280447652,-0.00824169328281084,0.016624275339324555,Fixed trained-model seed average; paired ordered selected contexts; excludes training-data/model-selection uncertainty
gp_multi,gp_vs_white,"[{""head"": ""mlp"", ""source"": ""gp"", ""weight"": 1}, {""head"": ""mlp"", ""source"": ""white"", ""weight"": -1}]",mlp/gp -mlp/white,joint_energy_scaled,64,1,iid,0.0008051529870288948,-0.013829158699818227,0.015910343337394932,Fixed trained-model seed average; paired ordered selected contexts; excludes training-data/model-selection uncertainty
gp_multi,gp_vs_white,"[{""head"": ""mlp_balanced"", ""source"": ""gp"", ""weight"": 1}, {""head"": ""mlp_balanced"", ""source"": ""white"", ""weight"": -1}]",mlp_balanced/gp -mlp_balanced/white,fair_crps,64,1,iid,0.233722154065579,0.1697161440793286,0.3033229483447438,Fixed trained-model seed average; paired ordered selected contexts; excludes training-data/model-selection uncertainty
gp_multi,gp_vs_white,"[{""head"": ""mlp_balanced"", ""source"": ""gp"", ""weight"": 1}, {""head"": ""mlp_balanced"", ""source"": ""white"", ""weight"": -1}]",mlp_balanced/gp -mlp_balanced/white,joint_energy_scaled,64,1,iid,0.22483251088751918,0.15624827711898898,0.2979470806141156,Fixed trained-model seed average; paired ordered selected contexts; excludes training-data/model-selection uncertainty
gp_multi,source_head_interaction,"[{""head"": ""mlp_balanced"", ""source"": ""gp"", ""weight"": 1}, {""head"": ""mlp"", ""source"": ""gp"", ""weight"": -1}, {""head"": ""mlp_balanced"", ""source"": ""white"", ""weight"": -1}, {""head"": ""mlp"", ""source"": ""white"", ""weight"": 1}]",mlp_balanced/gp -mlp/gp -mlp_balanced/white +mlp/white,fair_crps,64,1,iid,0.22967982602081383,0.16575815702384278,0.299807257825491,Fixed trained-model seed average; paired ordered selected contexts; excludes training-data/model-selection uncertainty
gp_multi,source_head_interaction,"[{""head"": ""mlp_balanced"", ""source"": ""gp"", ""weight"": 1}, {""head"": ""mlp"", ""source"": ""gp"", ""weight"": -1}, {""head"": ""mlp_balanced"", ""source"": ""white"", ""weight"": -1}, {""head"": ""mlp"", ""source"": ""white"", ""weight"": 1}]",mlp_balanced/gp -mlp/gp -mlp_balanced/white +mlp/white,joint_energy_scaled,64,1,iid,0.2240273579004903,0.15588904004222334,0.29741112944832837,Fixed trained-model seed average; paired ordered selected contexts; excludes training-data/model-selection uncertainty
gp_multi,gp_vs_white,"[{""head"": ""mlp_whitened"", ""source"": ""gp"", ""weight"": 1}, {""head"": ""mlp_whitened"", ""source"": ""white"", ""weight"": -1}]",mlp_whitened/gp -mlp_whitened/white,fair_crps,64,1,iid,-0.03438169320345748,-0.05156994793825952,-0.01778397191967045,Fixed trained-model seed average; paired ordered selected contexts; excludes training-data/model-selection uncertainty
gp_multi,gp_vs_white,"[{""head"": ""mlp_whitened"", ""source"": ""gp"", ""weight"": 1}, {""head"": ""mlp_whitened"", ""source"": ""white"", ""weight"": -1}]",mlp_whitened/gp -mlp_whitened/white,joint_energy_scaled,64,1,iid,-0.035705013796610036,-0.05569368133116988,-0.016497742902883108,Fixed trained-model seed average; paired ordered selected contexts; excludes training-data/model-selection uncertainty
gp_multi,source_head_interaction,"[{""head"": ""mlp_whitened"", ""source"": ""gp"", ""weight"": 1}, {""head"": ""mlp"", ""source"": ""gp"", ""weight"": -1}, {""head"": ""mlp_whitened"", ""source"": ""white"", ""weight"": -1}, {""head"": ""mlp"", ""source"": ""white"", ""weight"": 1}]",mlp_whitened/gp -mlp/gp -mlp_whitened/white +mlp/white,fair_crps,64,1,iid,-0.03842402124822268,-0.0540983127095113,-0.023450397306384107,Fixed trained-model seed average; paired ordered selected contexts; excludes training-data/model-selection uncertainty
gp_multi,source_head_interaction,"[{""head"": ""mlp_whitened"", ""source"": ""gp"", ""weight"": 1}, {""head"": ""mlp"", ""source"": ""gp"", ""weight"": -1}, {""head"": ""mlp_whitened"", ""source"": ""white"", ""weight"": -1}, {""head"": ""mlp"", ""source"": ""white"", ""weight"": 1}]",mlp_whitened/gp -mlp/gp -mlp_whitened/white +mlp/white,joint_energy_scaled,64,1,iid,-0.036510166783638935,-0.05468825969915341,-0.019429225952400837,Fixed trained-model seed average; paired ordered selected contexts; excludes training-data/model-selection uncertainty
gp_multi,gp_vs_white,"[{""head"": ""sparse_mlp"", ""source"": ""gp"", ""weight"": 1}, {""head"": ""sparse_mlp"", ""source"": ""white"", ""weight"": -1}]",sparse_mlp/gp -sparse_mlp/white,fair_crps,64,1,iid,0.006039178066708187,-0.004625192940334912,0.017205081603996027,Fixed trained-model seed average; paired ordered selected contexts; excludes training-data/model-selection uncertainty
gp_multi,gp_vs_white,"[{""head"": ""sparse_mlp"", ""source"": ""gp"", ""weight"": 1}, {""head"": ""sparse_mlp"", ""source"": ""white"", ""weight"": -1}]",sparse_mlp/gp -sparse_mlp/white,joint_energy_scaled,64,1,iid,0.004010993988633436,-0.009484429764637156,0.01806733370528056,Fixed trained-model seed average; paired ordered selected contexts; excludes training-data/model-selection uncertainty
gp_multi,source_head_interaction,"[{""head"": ""sparse_mlp"", ""source"": ""gp"", ""weight"": 1}, {""head"": ""mlp"", ""source"": ""gp"", ""weight"": -1}, {""head"": ""sparse_mlp"", ""source"": ""white"", ""weight"": -1}, {""head"": ""mlp"", ""source"": ""white"", ""weight"": 1}]",sparse_mlp/gp -mlp/gp -sparse_mlp/white +mlp/white,fair_crps,64,1,iid,0.0019968500219429866,-0.005559725212779507,0.00968880170609445,Fixed trained-model seed average; paired ordered selected contexts; excludes training-data/model-selection uncertainty
gp_multi,source_head_interaction,"[{""head"": ""sparse_mlp"", ""source"": ""gp"", ""weight"": 1}, {""head"": ""mlp"", ""source"": ""gp"", ""weight"": -1}, {""head"": ""sparse_mlp"", ""source"": ""white"", ""weight"": -1}, {""head"": ""mlp"", ""source"": ""white"", ""weight"": 1}]",sparse_mlp/gp -mlp/gp -sparse_mlp/white +mlp/white,joint_energy_scaled,64,1,iid,0.0032058410016045412,-0.006099440596968061,0.012513659734397805,Fixed trained-model seed average; paired ordered selected contexts; excludes training-data/model-selection uncertainty
gp_multi,gp_vs_white,"[{""head"": ""s4"", ""source"": ""gp"", ""weight"": 1}, {""head"": ""s4"", ""source"": ""white"", ""weight"": -1}]",s4/gp -s4/white,fair_crps,64,1,iid,-0.0011977883169862892,-0.01420906646294803,0.012295863265503356,Fixed trained-model seed average; paired ordered selected contexts; excludes training-data/model-selection uncertainty
gp_multi,gp_vs_white,"[{""head"": ""s4"", ""source"": ""gp"", ""weight"": 1}, {""head"": ""s4"", ""source"": ""white"", ""weight"": -1}]",s4/gp -s4/white,joint_energy_scaled,64,1,iid,-0.006068007954120482,-0.022828383099531682,0.011355546066800368,Fixed trained-model seed average; paired ordered selected contexts; excludes training-data/model-selection uncertainty
gp_multi,source_head_interaction,"[{""head"": ""s4"", ""source"": ""gp"", ""weight"": 1}, {""head"": ""mlp"", ""source"": ""gp"", ""weight"": -1}, {""head"": ""s4"", ""source"": ""white"", ""weight"": -1}, {""head"": ""mlp"", ""source"": ""white"", ""weight"": 1}]",s4/gp -mlp/gp -s4/white +mlp/white,fair_crps,64,1,iid,-0.005240116361751488,-0.014841725066804059,0.003991897385759429,Fixed trained-model seed average; paired ordered selected contexts; excludes training-data/model-selection uncertainty
gp_multi,source_head_interaction,"[{""head"": ""s4"", ""source"": ""gp"", ""weight"": 1}, {""head"": ""mlp"", ""source"": ""gp"", ""weight"": -1}, {""head"": ""s4"", ""source"": ""white"", ""weight"": -1}, {""head"": ""mlp"", ""source"": ""white"", ""weight"": 1}]",s4/gp -mlp/gp -s4/white +mlp/white,joint_energy_scaled,64,1,iid,-0.006873160941149379,-0.018487863652045727,0.004245289811503162,Fixed trained-model seed average; paired ordered selected contexts; excludes training-data/model-selection uncertainty
gp_multi,gp_vs_white,"[{""head"": ""unet"", ""source"": ""gp"", ""weight"": 1}, {""head"": ""unet"", ""source"": ""white"", ""weight"": -1}]",unet/gp -unet/white,fair_crps,64,1,iid,0.013757918470159653,-0.00038512393540143813,0.02809451241663481,Fixed trained-model seed average; paired ordered selected contexts; excludes training-data/model-selection uncertainty
gp_multi,gp_vs_white,"[{""head"": ""unet"", ""source"": ""gp"", ""weight"": 1}, {""head"": ""unet"", ""source"": ""white"", ""weight"": -1}]",unet/gp -unet/white,joint_energy_scaled,64,1,iid,0.011960605889019583,-0.005025900252054268,0.02926607912859063,Fixed trained-model seed average; paired ordered selected contexts; excludes training-data/model-selection uncertainty
gp_multi,source_head_interaction,"[{""head"": ""unet"", ""source"": ""gp"", ""weight"": 1}, {""head"": ""mlp"", ""source"": ""gp"", ""weight"": -1}, {""head"": ""unet"", ""source"": ""white"", ""weight"": -1}, {""head"": ""mlp"", ""source"": ""white"", ""weight"": 1}]",unet/gp -mlp/gp -unet/white +mlp/white,fair_crps,64,1,iid,0.009715590425394455,0.0007802146455883195,0.018690632429846112,Fixed trained-model seed average; paired ordered selected contexts; excludes training-data/model-selection uncertainty
gp_multi,source_head_interaction,"[{""head"": ""unet"", ""source"": ""gp"", ""weight"": 1}, {""head"": ""mlp"", ""source"": ""gp"", ""weight"": -1}, {""head"": ""unet"", ""source"": ""white"", ""weight"": -1}, {""head"": ""mlp"", ""source"": ""white"", ""weight"": 1}]",unet/gp -mlp/gp -unet/white +mlp/white,joint_energy_scaled,64,1,iid,0.01115545290199069,0.0004032923254238025,0.021645616629558127,Fixed trained-model seed average; paired ordered selected contexts; excludes training-data/model-selection uncertainty
gp_multi,gp_vs_white,"[{""head"": ""unet_l0"", ""source"": ""gp"", ""weight"": 1}, {""head"": ""unet_l0"", ""source"": ""white"", ""weight"": -1}]",unet_l0/gp -unet_l0/white,fair_crps,64,1,iid,-0.008578109611708372,-0.02495860167435038,0.008722755627169069,Fixed trained-model seed average; paired ordered selected contexts; excludes training-data/model-selection uncertainty
gp_multi,gp_vs_white,"[{""head"": ""unet_l0"", ""source"": ""gp"", ""weight"": 1}, {""head"": ""unet_l0"", ""source"": ""white"", ""weight"": -1}]",unet_l0/gp -unet_l0/white,joint_energy_scaled,64,1,iid,-0.012042213347419197,-0.030663779021436677,0.007745237858703544,Fixed trained-model seed average; paired ordered selected contexts; excludes training-data/model-selection uncertainty
gp_multi,source_head_interaction,"[{""head"": ""unet_l0"", ""source"": ""gp"", ""weight"": 1}, {""head"": ""mlp"", ""source"": ""gp"", ""weight"": -1}, {""head"": ""unet_l0"", ""source"": ""white"", ""weight"": -1}, {""head"": ""mlp"", ""source"": ""white"", ""weight"": 1}]",unet_l0/gp -mlp/gp -unet_l0/white +mlp/white,fair_crps,64,1,iid,-0.012620437656473573,-0.027560365098014118,0.002352257099664111,Fixed trained-model seed average; paired ordered selected contexts; excludes training-data/model-selection uncertainty
gp_multi,source_head_interaction,"[{""head"": ""unet_l0"", ""source"": ""gp"", ""weight"": 1}, {""head"": ""mlp"", ""source"": ""gp"", ""weight"": -1}, {""head"": ""unet_l0"", ""source"": ""white"", ""weight"": -1}, {""head"": ""mlp"", ""source"": ""white"", ""weight"": 1}]",unet_l0/gp -mlp/gp -unet_l0/white +mlp/white,joint_energy_scaled,64,1,iid,-0.012847366334448093,-0.028680938121160134,0.003150815773865649,Fixed trained-model seed average; paired ordered selected contexts; excludes training-data/model-selection uncertainty
gp_multi,gp_vs_white,"[{""head"": ""history_dense_ae"", ""source"": ""gp"", ""weight"": 1}, {""head"": ""history_dense_ae"", ""source"": ""white"", ""weight"": -1}]",history_dense_ae/gp -history_dense_ae/white,fair_crps,64,1,iid,0.0051427660967506535,-0.008585580954056402,0.020454665183299463,Fixed trained-model seed average; paired ordered selected contexts; excludes training-data/model-selection uncertainty
gp_multi,gp_vs_white,"[{""head"": ""history_dense_ae"", ""source"": ""gp"", ""weight"": 1}, {""head"": ""history_dense_ae"", ""source"": ""white"", ""weight"": -1}]",history_dense_ae/gp -history_dense_ae/white,joint_energy_scaled,64,1,iid,0.0017571588856396705,-0.015014724633236007,0.02020365924222612,Fixed trained-model seed average; paired ordered selected contexts; excludes training-data/model-selection uncertainty
gp_multi,source_head_interaction,"[{""head"": ""history_dense_ae"", ""source"": ""gp"", ""weight"": 1}, {""head"": ""mlp"", ""source"": ""gp"", ""weight"": -1}, {""head"": ""history_dense_ae"", ""source"": ""white"", ""weight"": -1}, {""head"": ""mlp"", ""source"": ""white"", ""weight"": 1}]",history_dense_ae/gp -mlp/gp -history_dense_ae/white +mlp/white,fair_crps,64,1,iid,0.0011004380519854533,-0.01003067768260333,0.013364222744704352,Fixed trained-model seed average; paired ordered selected contexts; excludes training-data/model-selection uncertainty
gp_multi,source_head_interaction,"[{""head"": ""history_dense_ae"", ""source"": ""gp"", ""weight"": 1}, {""head"": ""mlp"", ""source"": ""gp"", ""weight"": -1}, {""head"": ""history_dense_ae"", ""source"": ""white"", ""weight"": -1}, {""head"": ""mlp"", ""source"": ""white"", ""weight"": 1}]",history_dense_ae/gp -mlp/gp -history_dense_ae/white +mlp/white,joint_energy_scaled,64,1,iid,0.0009520058986107749,-0.011632178517104439,0.014710390750749184,Fixed trained-model seed average; paired ordered selected contexts; excludes training-data/model-selection uncertainty
gp_multi,gp_vs_white,"[{""head"": ""history_topk_ae"", ""source"": ""gp"", ""weight"": 1}, {""head"": ""history_topk_ae"", ""source"": ""white"", ""weight"": -1}]",history_topk_ae/gp -history_topk_ae/white,fair_crps,64,1,iid,-0.009786681754838643,-0.027792155775950133,0.009369320943078394,Fixed trained-model seed average; paired ordered selected contexts; excludes training-data/model-selection uncertainty
gp_multi,gp_vs_white,"[{""head"": ""history_topk_ae"", ""source"": ""gp"", ""weight"": 1}, {""head"": ""history_topk_ae"", ""source"": ""white"", ""weight"": -1}]",history_topk_ae/gp -history_topk_ae/white,joint_energy_scaled,64,1,iid,-0.012137064920172067,-0.032607782676940936,0.00989788765877242,Fixed trained-model seed average; paired ordered selected contexts; excludes training-data/model-selection uncertainty
gp_multi,source_head_interaction,"[{""head"": ""history_topk_ae"", ""source"": ""gp"", ""weight"": 1}, {""head"": ""mlp"", ""source"": ""gp"", ""weight"": -1}, {""head"": ""history_topk_ae"", ""source"": ""white"", ""weight"": -1}, {""head"": ""mlp"", ""source"": ""white"", ""weight"": 1}]",history_topk_ae/gp -mlp/gp -history_topk_ae/white +mlp/white,fair_crps,64,1,iid,-0.013829009799603841,-0.028607554844441493,0.0013936363999362145,Fixed trained-model seed average; paired ordered selected contexts; excludes training-data/model-selection uncertainty
gp_multi,source_head_interaction,"[{""head"": ""history_topk_ae"", ""source"": ""gp"", ""weight"": 1}, {""head"": ""mlp"", ""source"": ""gp"", ""weight"": -1}, {""head"": ""history_topk_ae"", ""source"": ""white"", ""weight"": -1}, {""head"": ""mlp"", ""source"": ""white"", ""weight"": 1}]",history_topk_ae/gp -mlp/gp -history_topk_ae/white +mlp/white,joint_energy_scaled,64,1,iid,-0.012942217907200963,-0.028302087402891633,0.002958692767929552,Fixed trained-model seed average; paired ordered selected contexts; excludes training-data/model-selection uncertainty
gp_multi,gp_vs_white,"[{""head"": ""history_conv_dense"", ""source"": ""gp"", ""weight"": 1}, {""head"": ""history_conv_dense"", ""source"": ""white"", ""weight"": -1}]",history_conv_dense/gp -history_conv_dense/white,fair_crps,64,1,iid,-0.01812527755600922,-0.03357278949790639,-0.002084834871103251,Fixed trained-model seed average; paired ordered selected contexts; excludes training-data/model-selection uncertainty
gp_multi,gp_vs_white,"[{""head"": ""history_conv_dense"", ""source"": ""gp"", ""weight"": 1}, {""head"": ""history_conv_dense"", ""source"": ""white"", ""weight"": -1}]",history_conv_dense/gp -history_conv_dense/white,joint_energy_scaled,64,1,iid,-0.01973701076942254,-0.037245986752715614,-0.0012277493789342709,Fixed trained-model seed average; paired ordered selected contexts; excludes training-data/model-selection uncertainty
gp_multi,source_head_interaction,"[{""head"": ""history_conv_dense"", ""source"": ""gp"", ""weight"": 1}, {""head"": ""mlp"", ""source"": ""gp"", ""weight"": -1}, {""head"": ""history_conv_dense"", ""source"": ""white"", ""weight"": -1}, {""head"": ""mlp"", ""source"": ""white"", ""weight"": 1}]",history_conv_dense/gp -mlp/gp -history_conv_dense/white +mlp/white,fair_crps,64,1,iid,-0.02216760560077442,-0.03463229494007267,-0.010296575376923588,Fixed trained-model seed average; paired ordered selected contexts; excludes training-data/model-selection uncertainty
gp_multi,source_head_interaction,"[{""head"": ""history_conv_dense"", ""source"": ""gp"", ""weight"": 1}, {""head"": ""mlp"", ""source"": ""gp"", ""weight"": -1}, {""head"": ""history_conv_dense"", ""source"": ""white"", ""weight"": -1}, {""head"": ""mlp"", ""source"": ""white"", ""weight"": 1}]",history_conv_dense/gp -mlp/gp -history_conv_dense/white +mlp/white,joint_energy_scaled,64,1,iid,-0.02054216375645144,-0.03444235234550974,-0.00716749364480388,Fixed trained-model seed average; paired ordered selected contexts; excludes training-data/model-selection uncertainty
gp_multi,gp_vs_white,"[{""head"": ""history_conv_sparse"", ""source"": ""gp"", ""weight"": 1}, {""head"": ""history_conv_sparse"", ""source"": ""white"", ""weight"": -1}]",history_conv_sparse/gp -history_conv_sparse/white,fair_crps,64,1,iid,-0.016579943201885723,-0.02939630961617487,-0.0032327578906719535,Fixed trained-model seed average; paired ordered selected contexts; excludes training-data/model-selection uncertainty
gp_multi,gp_vs_white,"[{""head"": ""history_conv_sparse"", ""source"": ""gp"", ""weight"": 1}, {""head"": ""history_conv_sparse"", ""source"": ""white"", ""weight"": -1}]",history_conv_sparse/gp -history_conv_sparse/white,joint_energy_scaled,64,1,iid,-0.017728919254723204,-0.03299619011771268,-0.002012916509177628,Fixed trained-model seed average; paired ordered selected contexts; excludes training-data/model-selection uncertainty
gp_multi,source_head_interaction,"[{""head"": ""history_conv_sparse"", ""source"": ""gp"", ""weight"": 1}, {""head"": ""mlp"", ""source"": ""gp"", ""weight"": -1}, {""head"": ""history_conv_sparse"", ""source"": ""white"", ""weight"": -1}, {""head"": ""mlp"", ""source"": ""white"", ""weight"": 1}]",history_conv_sparse/gp -mlp/gp -history_conv_sparse/white +mlp/white,fair_crps,64,1,iid,-0.02062227124665092,-0.03285506069981772,-0.008778021613795418,Fixed trained-model seed average; paired ordered selected contexts; excludes training-data/model-selection uncertainty
gp_multi,source_head_interaction,"[{""head"": ""history_conv_sparse"", ""source"": ""gp"", ""weight"": 1}, {""head"": ""mlp"", ""source"": ""gp"", ""weight"": -1}, {""head"": ""history_conv_sparse"", ""source"": ""white"", ""weight"": -1}, {""head"": ""mlp"", ""source"": ""white"", ""weight"": 1}]",history_conv_sparse/gp -mlp/gp -history_conv_sparse/white +mlp/white,joint_energy_scaled,64,1,iid,-0.018534072241752103,-0.03186263269635275,-0.005628508795027011,Fixed trained-model seed average; paired ordered selected contexts; excludes training-data/model-selection uncertainty
gp_multi,gp_vs_white,"[{""head"": ""dictionary_dense"", ""source"": ""gp"", ""weight"": 1}, {""head"": ""dictionary_dense"", ""source"": ""white"", ""weight"": -1}]",dictionary_dense/gp -dictionary_dense/white,fair_crps,64,1,iid,0.008593076512230666,-0.0037064203844679585,0.021679240644738616,Fixed trained-model seed average; paired ordered selected contexts; excludes training-data/model-selection uncertainty
gp_multi,gp_vs_white,"[{""head"": ""dictionary_dense"", ""source"": ""gp"", ""weight"": 1}, {""head"": ""dictionary_dense"", ""source"": ""white"", ""weight"": -1}]",dictionary_dense/gp -dictionary_dense/white,joint_energy_scaled,64,1,iid,0.004690591797094548,-0.010281155485003989,0.020280654749212243,Fixed trained-model seed average; paired ordered selected contexts; excludes training-data/model-selection uncertainty
gp_multi,source_head_interaction,"[{""head"": ""dictionary_dense"", ""source"": ""gp"", ""weight"": 1}, {""head"": ""mlp"", ""source"": ""gp"", ""weight"": -1}, {""head"": ""dictionary_dense"", ""source"": ""white"", ""weight"": -1}, {""head"": ""mlp"", ""source"": ""white"", ""weight"": 1}]",dictionary_dense/gp -mlp/gp -dictionary_dense/white +mlp/white,fair_crps,64,1,iid,0.004550748467465462,-0.003482444721250026,0.0127243141657817,Fixed trained-model seed average; paired ordered selected contexts; excludes training-data/model-selection uncertainty
gp_multi,source_head_interaction,"[{""head"": ""dictionary_dense"", ""source"": ""gp"", ""weight"": 1}, {""head"": ""mlp"", ""source"": ""gp"", ""weight"": -1}, {""head"": ""dictionary_dense"", ""source"": ""white"", ""weight"": -1}, {""head"": ""mlp"", ""source"": ""white"", ""weight"": 1}]",dictionary_dense/gp -mlp/gp -dictionary_dense/white +mlp/white,joint_energy_scaled,64,1,iid,0.003885438810065653,-0.005502915937424331,0.01322884865974688,Fixed trained-model seed average; paired ordered selected contexts; excludes training-data/model-selection uncertainty
gp_multi,gp_vs_white,"[{""head"": ""dictionary_topk"", ""source"": ""gp"", ""weight"": 1}, {""head"": ""dictionary_topk"", ""source"": ""white"", ""weight"": -1}]",dictionary_topk/gp -dictionary_topk/white,fair_crps,64,1,iid,-0.036905156153225496,-0.05312141848888583,-0.020306829425166834,Fixed trained-model seed average; paired ordered selected contexts; excludes training-data/model-selection uncertainty
gp_multi,gp_vs_white,"[{""head"": ""dictionary_topk"", ""source"": ""gp"", ""weight"": 1}, {""head"": ""dictionary_topk"", ""source"": ""white"", ""weight"": -1}]",dictionary_topk/gp -dictionary_topk/white,joint_energy_scaled,64,1,iid,-0.030679428871179668,-0.05010941791890306,-0.01105421513781218,Fixed trained-model seed average; paired ordered selected contexts; excludes training-data/model-selection uncertainty
gp_multi,source_head_interaction,"[{""head"": ""dictionary_topk"", ""source"": ""gp"", ""weight"": 1}, {""head"": ""mlp"", ""source"": ""gp"", ""weight"": -1}, {""head"": ""dictionary_topk"", ""source"": ""white"", ""weight"": -1}, {""head"": ""mlp"", ""source"": ""white"", ""weight"": 1}]",dictionary_topk/gp -mlp/gp -dictionary_topk/white +mlp/white,fair_crps,64,1,iid,-0.0409474841979907,-0.052242712133743166,-0.028955308269406305,Fixed trained-model seed average; paired ordered selected contexts; excludes training-data/model-selection uncertainty
gp_multi,source_head_interaction,"[{""head"": ""dictionary_topk"", ""source"": ""gp"", ""weight"": 1}, {""head"": ""mlp"", ""source"": ""gp"", ""weight"": -1}, {""head"": ""dictionary_topk"", ""source"": ""white"", ""weight"": -1}, {""head"": ""mlp"", ""source"": ""white"", ""weight"": 1}]",dictionary_topk/gp -mlp/gp -dictionary_topk/white +mlp/white,joint_energy_scaled,64,1,iid,-0.031484581858208564,-0.04489440333555242,-0.01742652817288843,Fixed trained-model seed average; paired ordered selected contexts; excludes training-data/model-selection uncertainty
gp_multi,gp_vs_white,"[{""head"": ""moe_dense"", ""source"": ""gp"", ""weight"": 1}, {""head"": ""moe_dense"", ""source"": ""white"", ""weight"": -1}]",moe_dense/gp -moe_dense/white,fair_crps,64,1,iid,-0.000955346363225465,-0.01709831159995725,0.01616925625786839,Fixed trained-model seed average; paired ordered selected contexts; excludes training-data/model-selection uncertainty
gp_multi,gp_vs_white,"[{""head"": ""moe_dense"", ""source"": ""gp"", ""weight"": 1}, {""head"": ""moe_dense"", ""source"": ""white"", ""weight"": -1}]",moe_dense/gp -moe_dense/white,joint_energy_scaled,64,1,iid,-0.0007214537853749044,-0.019505893255510776,0.019230241768458205,Fixed trained-model seed average; paired ordered selected contexts; excludes training-data/model-selection uncertainty
gp_multi,source_head_interaction,"[{""head"": ""moe_dense"", ""source"": ""gp"", ""weight"": 1}, {""head"": ""mlp"", ""source"": ""gp"", ""weight"": -1}, {""head"": ""moe_dense"", ""source"": ""white"", ""weight"": -1}, {""head"": ""mlp"", ""source"": ""white"", ""weight"": 1}]",moe_dense/gp -mlp/gp -moe_dense/white +mlp/white,fair_crps,64,1,iid,-0.004997674407990665,-0.014845986411079764,0.004434555482599315,Fixed trained-model seed average; paired ordered selected contexts; excludes training-data/model-selection uncertainty
gp_multi,source_head_interaction,"[{""head"": ""moe_dense"", ""source"": ""gp"", ""weight"": 1}, {""head"": ""mlp"", ""source"": ""gp"", ""weight"": -1}, {""head"": ""moe_dense"", ""source"": ""white"", ""weight"": -1}, {""head"": ""mlp"", ""source"": ""white"", ""weight"": 1}]",moe_dense/gp -mlp/gp -moe_dense/white +mlp/white,joint_energy_scaled,64,1,iid,-0.0015266067724038017,-0.013130333258137398,0.009889067556950508,Fixed trained-model seed average; paired ordered selected contexts; excludes training-data/model-selection uncertainty
gp_multi,gp_vs_white,"[{""head"": ""moe_topk"", ""source"": ""gp"", ""weight"": 1}, {""head"": ""moe_topk"", ""source"": ""white"", ""weight"": -1}]",moe_topk/gp -moe_topk/white,fair_crps,64,1,iid,-0.004031774805996219,-0.020910821047977205,0.013642662197030411,Fixed trained-model seed average; paired ordered selected contexts; excludes training-data/model-selection uncertainty
gp_multi,gp_vs_white,"[{""head"": ""moe_topk"", ""source"": ""gp"", ""weight"": 1}, {""head"": ""moe_topk"", ""source"": ""white"", ""weight"": -1}]",moe_topk/gp -moe_topk/white,joint_energy_scaled,64,1,iid,-0.0036786688451406514,-0.023385581852513562,0.01675136726385566,Fixed trained-model seed average; paired ordered selected contexts; excludes training-data/model-selection uncertainty
gp_multi,source_head_interaction,"[{""head"": ""moe_topk"", ""source"": ""gp"", ""weight"": 1}, {""head"": ""mlp"", ""source"": ""gp"", ""weight"": -1}, {""head"": ""moe_topk"", ""source"": ""white"", ""weight"": -1}, {""head"": ""mlp"", ""source"": ""white"", ""weight"": 1}]",moe_topk/gp -mlp/gp -moe_topk/white +mlp/white,fair_crps,64,1,iid,-0.00807410285076142,-0.019640825619348535,0.0024252519668745624,Fixed trained-model seed average; paired ordered selected contexts; excludes training-data/model-selection uncertainty
gp_multi,source_head_interaction,"[{""head"": ""moe_topk"", ""source"": ""gp"", ""weight"": 1}, {""head"": ""mlp"", ""source"": ""gp"", ""weight"": -1}, {""head"": ""moe_topk"", ""source"": ""white"", ""weight"": -1}, {""head"": ""mlp"", ""source"": ""white"", ""weight"": 1}]",moe_topk/gp -mlp/gp -moe_topk/white +mlp/white,joint_energy_scaled,64,1,iid,-0.004483821832169549,-0.01811492882420092,0.008103515736548467,Fixed trained-model seed average; paired ordered selected contexts; excludes training-data/model-selection uncertainty
etth1_uni,new_vs_mlp,"[{""head"": ""mlp_whitened"", ""source"": ""white"", ""weight"": 1}, {""head"": ""mlp"", ""source"": ""white"", ""weight"": -1}]",mlp_whitened/white -mlp/white,fair_crps,64,4,circular_moving_block,-0.013831736864955837,-0.02568101573726451,-0.0034773339074637027,Fixed trained-model seed average; paired ordered selected contexts; excludes training-data/model-selection uncertainty
etth1_uni,new_vs_mlp,"[{""head"": ""mlp_whitened"", ""source"": ""white"", ""weight"": 1}, {""head"": ""mlp"", ""source"": ""white"", ""weight"": -1}]",mlp_whitened/white -mlp/white,fair_crps,64,8,circular_moving_block,-0.013831736864955837,-0.027052843864685375,-0.001925804480378692,Fixed trained-model seed average; paired ordered selected contexts; excludes training-data/model-selection uncertainty
etth1_uni,new_vs_mlp,"[{""head"": ""mlp_whitened"", ""source"": ""white"", ""weight"": 1}, {""head"": ""mlp"", ""source"": ""white"", ""weight"": -1}]",mlp_whitened/white -mlp/white,joint_energy_scaled,64,4,circular_moving_block,-0.01321714222890296,-0.02482630040766105,-0.0030191374029296435,Fixed trained-model seed average; paired ordered selected contexts; excludes training-data/model-selection uncertainty
etth1_uni,new_vs_mlp,"[{""head"": ""mlp_whitened"", ""source"": ""white"", ""weight"": 1}, {""head"": ""mlp"", ""source"": ""white"", ""weight"": -1}]",mlp_whitened/white -mlp/white,joint_energy_scaled,64,8,circular_moving_block,-0.01321714222890296,-0.026135047067532845,-0.0014395171954937939,Fixed trained-model seed average; paired ordered selected contexts; excludes training-data/model-selection uncertainty
etth1_uni,new_vs_mlp,"[{""head"": ""mlp_balanced"", ""source"": ""white"", ""weight"": 1}, {""head"": ""mlp"", ""source"": ""white"", ""weight"": -1}]",mlp_balanced/white -mlp/white,fair_crps,64,4,circular_moving_block,-0.01575980502060578,-0.02778775164651986,-0.005665892706181793,Fixed trained-model seed average; paired ordered selected contexts; excludes training-data/model-selection uncertainty
etth1_uni,new_vs_mlp,"[{""head"": ""mlp_balanced"", ""source"": ""white"", ""weight"": 1}, {""head"": ""mlp"", ""source"": ""white"", ""weight"": -1}]",mlp_balanced/white -mlp/white,fair_crps,64,8,circular_moving_block,-0.01575980502060578,-0.02894581409174922,-0.0041115296860533765,Fixed trained-model seed average; paired ordered selected contexts; excludes training-data/model-selection uncertainty
etth1_uni,new_vs_mlp,"[{""head"": ""mlp_balanced"", ""source"": ""white"", ""weight"": 1}, {""head"": ""mlp"", ""source"": ""white"", ""weight"": -1}]",mlp_balanced/white -mlp/white,joint_energy_scaled,64,4,circular_moving_block,-0.015619859393499238,-0.02743032841202756,-0.0055318397157430995,Fixed trained-model seed average; paired ordered selected contexts; excludes training-data/model-selection uncertainty
etth1_uni,new_vs_mlp,"[{""head"": ""mlp_balanced"", ""source"": ""white"", ""weight"": 1}, {""head"": ""mlp"", ""source"": ""white"", ""weight"": -1}]",mlp_balanced/white -mlp/white,joint_energy_scaled,64,8,circular_moving_block,-0.015619859393499238,-0.028573817268142017,-0.004079459851206188,Fixed trained-model seed average; paired ordered selected contexts; excludes training-data/model-selection uncertainty
etth1_uni,new_vs_mlp,"[{""head"": ""history_dense_ae"", ""source"": ""white"", ""weight"": 1}, {""head"": ""mlp"", ""source"": ""white"", ""weight"": -1}]",history_dense_ae/white -mlp/white,fair_crps,64,4,circular_moving_block,0.020594954976647664,0.01083645323883664,0.03166357448575601,Fixed trained-model seed average; paired ordered selected contexts; excludes training-data/model-selection uncertainty
etth1_uni,new_vs_mlp,"[{""head"": ""history_dense_ae"", ""source"": ""white"", ""weight"": 1}, {""head"": ""mlp"", ""source"": ""white"", ""weight"": -1}]",history_dense_ae/white -mlp/white,fair_crps,64,8,circular_moving_block,0.020594954976647664,0.009475125042812418,0.032754844135287675,Fixed trained-model seed average; paired ordered selected contexts; excludes training-data/model-selection uncertainty
etth1_uni,new_vs_mlp,"[{""head"": ""history_dense_ae"", ""source"": ""white"", ""weight"": 1}, {""head"": ""mlp"", ""source"": ""white"", ""weight"": -1}]",history_dense_ae/white -mlp/white,joint_energy_scaled,64,4,circular_moving_block,0.022971971590828436,0.012320921652397664,0.034960353744099906,Fixed trained-model seed average; paired ordered selected contexts; excludes training-data/model-selection uncertainty
etth1_uni,new_vs_mlp,"[{""head"": ""history_dense_ae"", ""source"": ""white"", ""weight"": 1}, {""head"": ""mlp"", ""source"": ""white"", ""weight"": -1}]",history_dense_ae/white -mlp/white,joint_energy_scaled,64,8,circular_moving_block,0.022971971590828436,0.010878814353262175,0.036075996720095496,Fixed trained-model seed average; paired ordered selected contexts; excludes training-data/model-selection uncertainty
etth1_uni,new_vs_mlp,"[{""head"": ""history_topk_ae"", ""source"": ""white"", ""weight"": 1}, {""head"": ""mlp"", ""source"": ""white"", ""weight"": -1}]",history_topk_ae/white -mlp/white,fair_crps,64,4,circular_moving_block,0.05582838221159044,0.0372270794151017,0.07617928662169743,Fixed trained-model seed average; paired ordered selected contexts; excludes training-data/model-selection uncertainty
etth1_uni,new_vs_mlp,"[{""head"": ""history_topk_ae"", ""source"": ""white"", ""weight"": 1}, {""head"": ""mlp"", ""source"": ""white"", ""weight"": -1}]",history_topk_ae/white -mlp/white,fair_crps,64,8,circular_moving_block,0.05582838221159044,0.03338956098157016,0.07892103910506987,Fixed trained-model seed average; paired ordered selected contexts; excludes training-data/model-selection uncertainty
etth1_uni,new_vs_mlp,"[{""head"": ""history_topk_ae"", ""source"": ""white"", ""weight"": 1}, {""head"": ""mlp"", ""source"": ""white"", ""weight"": -1}]",history_topk_ae/white -mlp/white,joint_energy_scaled,64,4,circular_moving_block,0.055516555841599396,0.03693290793566123,0.07584346119688039,Fixed trained-model seed average; paired ordered selected contexts; excludes training-data/model-selection uncertainty
etth1_uni,new_vs_mlp,"[{""head"": ""history_topk_ae"", ""source"": ""white"", ""weight"": 1}, {""head"": ""mlp"", ""source"": ""white"", ""weight"": -1}]",history_topk_ae/white -mlp/white,joint_energy_scaled,64,8,circular_moving_block,0.055516555841599396,0.03305027076362417,0.07856525363271538,Fixed trained-model seed average; paired ordered selected contexts; excludes training-data/model-selection uncertainty
etth1_uni,new_vs_mlp,"[{""head"": ""history_conv_dense"", ""source"": ""white"", ""weight"": 1}, {""head"": ""mlp"", ""source"": ""white"", ""weight"": -1}]",history_conv_dense/white -mlp/white,fair_crps,64,4,circular_moving_block,0.00237469246985369,-0.003068228659356931,0.006875106395005402,Fixed trained-model seed average; paired ordered selected contexts; excludes training-data/model-selection uncertainty
etth1_uni,new_vs_mlp,"[{""head"": ""history_conv_dense"", ""source"": ""white"", ""weight"": 1}, {""head"": ""mlp"", ""source"": ""white"", ""weight"": -1}]",history_conv_dense/white -mlp/white,fair_crps,64,8,circular_moving_block,0.00237469246985369,-0.0035366860499273876,0.007184505785972874,Fixed trained-model seed average; paired ordered selected contexts; excludes training-data/model-selection uncertainty
etth1_uni,new_vs_mlp,"[{""head"": ""history_conv_dense"", ""source"": ""white"", ""weight"": 1}, {""head"": ""mlp"", ""source"": ""white"", ""weight"": -1}]",history_conv_dense/white -mlp/white,joint_energy_scaled,64,4,circular_moving_block,0.0034040924842082586,-0.0019082556940263984,0.00776077115288342,Fixed trained-model seed average; paired ordered selected contexts; excludes training-data/model-selection uncertainty
etth1_uni,new_vs_mlp,"[{""head"": ""history_conv_dense"", ""source"": ""white"", ""weight"": 1}, {""head"": ""mlp"", ""source"": ""white"", ""weight"": -1}]",history_conv_dense/white -mlp/white,joint_energy_scaled,64,8,circular_moving_block,0.0034040924842082586,-0.0023680190442095534,0.00802438580031864,Fixed trained-model seed average; paired ordered selected contexts; excludes training-data/model-selection uncertainty
etth1_uni,new_vs_mlp,"[{""head"": ""history_conv_sparse"", ""source"": ""white"", ""weight"": 1}, {""head"": ""mlp"", ""source"": ""white"", ""weight"": -1}]",history_conv_sparse/white -mlp/white,fair_crps,64,4,circular_moving_block,0.006025110389687876,0.003098939560794087,0.009039334042747782,Fixed trained-model seed average; paired ordered selected contexts; excludes training-data/model-selection uncertainty
etth1_uni,new_vs_mlp,"[{""head"": ""history_conv_sparse"", ""source"": ""white"", ""weight"": 1}, {""head"": ""mlp"", ""source"": ""white"", ""weight"": -1}]",history_conv_sparse/white -mlp/white,fair_crps,64,8,circular_moving_block,0.006025110389687876,0.0033731314058342873,0.009052714414718279,Fixed trained-model seed average; paired ordered selected contexts; excludes training-data/model-selection uncertainty
etth1_uni,new_vs_mlp,"[{""head"": ""history_conv_sparse"", ""source"": ""white"", ""weight"": 1}, {""head"": ""mlp"", ""source"": ""white"", ""weight"": -1}]",history_conv_sparse/white -mlp/white,joint_energy_scaled,64,4,circular_moving_block,0.006868204905780524,0.004017943924579242,0.009839428706676036,Fixed trained-model seed average; paired ordered selected contexts; excludes training-data/model-selection uncertainty
etth1_uni,new_vs_mlp,"[{""head"": ""history_conv_sparse"", ""source"": ""white"", ""weight"": 1}, {""head"": ""mlp"", ""source"": ""white"", ""weight"": -1}]",history_conv_sparse/white -mlp/white,joint_energy_scaled,64,8,circular_moving_block,0.006868204905780524,0.004236595725525427,0.00981225958886501,Fixed trained-model seed average; paired ordered selected contexts; excludes training-data/model-selection uncertainty
etth1_uni,new_vs_mlp,"[{""head"": ""dictionary_dense"", ""source"": ""white"", ""weight"": 1}, {""head"": ""mlp"", ""source"": ""white"", ""weight"": -1}]",dictionary_dense/white -mlp/white,fair_crps,64,4,circular_moving_block,0.0006138275287658078,-0.0011860606200333613,0.002932325892305826,Fixed trained-model seed average; paired ordered selected contexts; excludes training-data/model-selection uncertainty
etth1_uni,new_vs_mlp,"[{""head"": ""dictionary_dense"", ""source"": ""white"", ""weight"": 1}, {""head"": ""mlp"", ""source"": ""white"", ""weight"": -1}]",dictionary_dense/white -mlp/white,fair_crps,64,8,circular_moving_block,0.0006138275287658078,-0.0011096851301722914,0.0029429065079500305,Fixed trained-model seed average; paired ordered selected contexts; excludes training-data/model-selection uncertainty
etth1_uni,new_vs_mlp,"[{""head"": ""dictionary_dense"", ""source"": ""white"", ""weight"": 1}, {""head"": ""mlp"", ""source"": ""white"", ""weight"": -1}]",dictionary_dense/white -mlp/white,joint_energy_scaled,64,4,circular_moving_block,0.0011412674879291446,-0.0008159938369958984,0.0036159441341374055,Fixed trained-model seed average; paired ordered selected contexts; excludes training-data/model-selection uncertainty
etth1_uni,new_vs_mlp,"[{""head"": ""dictionary_dense"", ""source"": ""white"", ""weight"": 1}, {""head"": ""mlp"", ""source"": ""white"", ""weight"": -1}]",dictionary_dense/white -mlp/white,joint_energy_scaled,64,8,circular_moving_block,0.0011412674879291446,-0.0007232646196412762,0.00358258990523629,Fixed trained-model seed average; paired ordered selected contexts; excludes training-data/model-selection uncertainty
etth1_uni,new_vs_mlp,"[{""head"": ""dictionary_topk"", ""source"": ""white"", ""weight"": 1}, {""head"": ""mlp"", ""source"": ""white"", ""weight"": -1}]",dictionary_topk/white -mlp/white,fair_crps,64,4,circular_moving_block,0.07961487724682659,0.0692386942477207,0.09193854229983028,Fixed trained-model seed average; paired ordered selected contexts; excludes training-data/model-selection uncertainty
etth1_uni,new_vs_mlp,"[{""head"": ""dictionary_topk"", ""source"": ""white"", ""weight"": 1}, {""head"": ""mlp"", ""source"": ""white"", ""weight"": -1}]",dictionary_topk/white -mlp/white,fair_crps,64,8,circular_moving_block,0.07961487724682659,0.06832131330524926,0.0930133589753119,Fixed trained-model seed average; paired ordered selected contexts; excludes training-data/model-selection uncertainty
etth1_uni,new_vs_mlp,"[{""head"": ""dictionary_topk"", ""source"": ""white"", ""weight"": 1}, {""head"": ""mlp"", ""source"": ""white"", ""weight"": -1}]",dictionary_topk/white -mlp/white,joint_energy_scaled,64,4,circular_moving_block,0.0972258535386192,0.08559426174519136,0.11095074058786153,Fixed trained-model seed average; paired ordered selected contexts; excludes training-data/model-selection uncertainty
etth1_uni,new_vs_mlp,"[{""head"": ""dictionary_topk"", ""source"": ""white"", ""weight"": 1}, {""head"": ""mlp"", ""source"": ""white"", ""weight"": -1}]",dictionary_topk/white -mlp/white,joint_energy_scaled,64,8,circular_moving_block,0.0972258535386192,0.08417642648908799,0.11244662000422724,Fixed trained-model seed average; paired ordered selected contexts; excludes training-data/model-selection uncertainty
etth1_uni,new_vs_mlp,"[{""head"": ""unet_l0"", ""source"": ""white"", ""weight"": 1}, {""head"": ""mlp"", ""source"": ""white"", ""weight"": -1}]",unet_l0/white -mlp/white,fair_crps,64,4,circular_moving_block,0.058395699083596854,0.038448631202481584,0.08084124577168851,Fixed trained-model seed average; paired ordered selected contexts; excludes training-data/model-selection uncertainty
etth1_uni,new_vs_mlp,"[{""head"": ""unet_l0"", ""source"": ""white"", ""weight"": 1}, {""head"": ""mlp"", ""source"": ""white"", ""weight"": -1}]",unet_l0/white -mlp/white,fair_crps,64,8,circular_moving_block,0.058395699083596854,0.03500165753241918,0.08338658497966325,Fixed trained-model seed average; paired ordered selected contexts; excludes training-data/model-selection uncertainty
etth1_uni,new_vs_mlp,"[{""head"": ""unet_l0"", ""source"": ""white"", ""weight"": 1}, {""head"": ""mlp"", ""source"": ""white"", ""weight"": -1}]",unet_l0/white -mlp/white,joint_energy_scaled,64,4,circular_moving_block,0.05508024865400364,0.03659094187994717,0.0757605965684482,Fixed trained-model seed average; paired ordered selected contexts; excludes training-data/model-selection uncertainty
etth1_uni,new_vs_mlp,"[{""head"": ""unet_l0"", ""source"": ""white"", ""weight"": 1}, {""head"": ""mlp"", ""source"": ""white"", ""weight"": -1}]",unet_l0/white -mlp/white,joint_energy_scaled,64,8,circular_moving_block,0.05508024865400364,0.033560363741842625,0.0782033027529542,Fixed trained-model seed average; paired ordered selected contexts; excludes training-data/model-selection uncertainty
etth1_uni,new_vs_mlp,"[{""head"": ""moe_dense"", ""source"": ""white"", ""weight"": 1}, {""head"": ""mlp"", ""source"": ""white"", ""weight"": -1}]",moe_dense/white -mlp/white,fair_crps,64,4,circular_moving_block,-0.00828308284883427,-0.013891417553579118,-0.003463587974464056,Fixed trained-model seed average; paired ordered selected contexts; excludes training-data/model-selection uncertainty
etth1_uni,new_vs_mlp,"[{""head"": ""moe_dense"", ""source"": ""white"", ""weight"": 1}, {""head"": ""mlp"", ""source"": ""white"", ""weight"": -1}]",moe_dense/white -mlp/white,fair_crps,64,8,circular_moving_block,-0.00828308284883427,-0.0145975781586566,-0.002709407418383574,Fixed trained-model seed average; paired ordered selected contexts; excludes training-data/model-selection uncertainty
etth1_uni,new_vs_mlp,"[{""head"": ""moe_dense"", ""source"": ""white"", ""weight"": 1}, {""head"": ""mlp"", ""source"": ""white"", ""weight"": -1}]",moe_dense/white -mlp/white,joint_energy_scaled,64,4,circular_moving_block,-0.007725982057411797,-0.013253822261313145,-0.0029151808857696433,Fixed trained-model seed average; paired ordered selected contexts; excludes training-data/model-selection uncertainty
etth1_uni,new_vs_mlp,"[{""head"": ""moe_dense"", ""source"": ""white"", ""weight"": 1}, {""head"": ""mlp"", ""source"": ""white"", ""weight"": -1}]",moe_dense/white -mlp/white,joint_energy_scaled,64,8,circular_moving_block,-0.007725982057411797,-0.013933500818026776,-0.0021949226700019716,Fixed trained-model seed average; paired ordered selected contexts; excludes training-data/model-selection uncertainty
etth1_uni,new_vs_mlp,"[{""head"": ""moe_topk"", ""source"": ""white"", ""weight"": 1}, {""head"": ""mlp"", ""source"": ""white"", ""weight"": -1}]",moe_topk/white -mlp/white,fair_crps,64,4,circular_moving_block,-0.011935071356379707,-0.01775259426600104,-0.006675243967283708,Fixed trained-model seed average; paired ordered selected contexts; excludes training-data/model-selection uncertainty
etth1_uni,new_vs_mlp,"[{""head"": ""moe_topk"", ""source"": ""white"", ""weight"": 1}, {""head"": ""mlp"", ""source"": ""white"", ""weight"": -1}]",moe_topk/white -mlp/white,fair_crps,64,8,circular_moving_block,-0.011935071356379707,-0.01864333051058822,-0.005613989460088589,Fixed trained-model seed average; paired ordered selected contexts; excludes training-data/model-selection uncertainty
etth1_uni,new_vs_mlp,"[{""head"": ""moe_topk"", ""source"": ""white"", ""weight"": 1}, {""head"": ""mlp"", ""source"": ""white"", ""weight"": -1}]",moe_topk/white -mlp/white,joint_energy_scaled,64,4,circular_moving_block,-0.011151165571804752,-0.016880439594031835,-0.0058854387193985735,Fixed trained-model seed average; paired ordered selected contexts; excludes training-data/model-selection uncertainty
etth1_uni,new_vs_mlp,"[{""head"": ""moe_topk"", ""source"": ""white"", ""weight"": 1}, {""head"": ""mlp"", ""source"": ""white"", ""weight"": -1}]",moe_topk/white -mlp/white,joint_energy_scaled,64,8,circular_moving_block,-0.011151165571804752,-0.01781260371829726,-0.004825190753529395,Fixed trained-model seed average; paired ordered selected contexts; excludes training-data/model-selection uncertainty
etth1_uni,sparse_vs_dense,"[{""head"": ""history_topk_ae"", ""source"": ""white"", ""weight"": 1}, {""head"": ""history_dense_ae"", ""source"": ""white"", ""weight"": -1}]",history_topk_ae/white -history_dense_ae/white,fair_crps,64,4,circular_moving_block,0.03523342723494278,0.025550649529395005,0.04551595075032751,Fixed trained-model seed average; paired ordered selected contexts; excludes training-data/model-selection uncertainty
etth1_uni,sparse_vs_dense,"[{""head"": ""history_topk_ae"", ""source"": ""white"", ""weight"": 1}, {""head"": ""history_dense_ae"", ""source"": ""white"", ""weight"": -1}]",history_topk_ae/white -history_dense_ae/white,fair_crps,64,8,circular_moving_block,0.03523342723494278,0.023288600802398182,0.04693896829095701,Fixed trained-model seed average; paired ordered selected contexts; excludes training-data/model-selection uncertainty
etth1_uni,sparse_vs_dense,"[{""head"": ""history_topk_ae"", ""source"": ""white"", ""weight"": 1}, {""head"": ""history_dense_ae"", ""source"": ""white"", ""weight"": -1}]",history_topk_ae/white -history_dense_ae/white,joint_energy_scaled,64,4,circular_moving_block,0.03254458425077096,0.023525255836221316,0.04197946630844406,Fixed trained-model seed average; paired ordered selected contexts; excludes training-data/model-selection uncertainty
etth1_uni,sparse_vs_dense,"[{""head"": ""history_topk_ae"", ""source"": ""white"", ""weight"": 1}, {""head"": ""history_dense_ae"", ""source"": ""white"", ""weight"": -1}]",history_topk_ae/white -history_dense_ae/white,joint_energy_scaled,64,8,circular_moving_block,0.03254458425077096,0.021525451157781265,0.043273188758077834,Fixed trained-model seed average; paired ordered selected contexts; excludes training-data/model-selection uncertainty
etth1_uni,sparse_vs_dense,"[{""head"": ""history_conv_sparse"", ""source"": ""white"", ""weight"": 1}, {""head"": ""history_conv_dense"", ""source"": ""white"", ""weight"": -1}]",history_conv_sparse/white -history_conv_dense/white,fair_crps,64,4,circular_moving_block,0.0036504179198341867,0.0001918551572173149,0.007829485752644045,Fixed trained-model seed average; paired ordered selected contexts; excludes training-data/model-selection uncertainty
etth1_uni,sparse_vs_dense,"[{""head"": ""history_conv_sparse"", ""source"": ""white"", ""weight"": 1}, {""head"": ""history_conv_dense"", ""source"": ""white"", ""weight"": -1}]",history_conv_sparse/white -history_conv_dense/white,fair_crps,64,8,circular_moving_block,0.0036504179198341867,-0.00026793816201405415,0.008385597147558719,Fixed trained-model seed average; paired ordered selected contexts; excludes training-data/model-selection uncertainty
etth1_uni,sparse_vs_dense,"[{""head"": ""history_conv_sparse"", ""source"": ""white"", ""weight"": 1}, {""head"": ""history_conv_dense"", ""source"": ""white"", ""weight"": -1}]",history_conv_sparse/white -history_conv_dense/white,joint_energy_scaled,64,4,circular_moving_block,0.003464112421572265,0.00011381529078889819,0.007515226908638496,Fixed trained-model seed average; paired ordered selected contexts; excludes training-data/model-selection uncertainty
etth1_uni,sparse_vs_dense,"[{""head"": ""history_conv_sparse"", ""source"": ""white"", ""weight"": 1}, {""head"": ""history_conv_dense"", ""source"": ""white"", ""weight"": -1}]",history_conv_sparse/white -history_conv_dense/white,joint_energy_scaled,64,8,circular_moving_block,0.003464112421572265,-0.0003787382892835097,0.008097998405404563,Fixed trained-model seed average; paired ordered selected contexts; excludes training-data/model-selection uncertainty
etth1_uni,sparse_vs_dense,"[{""head"": ""dictionary_topk"", ""source"": ""white"", ""weight"": 1}, {""head"": ""dictionary_dense"", ""source"": ""white"", ""weight"": -1}]",dictionary_topk/white -dictionary_dense/white,fair_crps,64,4,circular_moving_block,0.07900104971806077,0.06989318949286899,0.08936673924191825,Fixed trained-model seed average; paired ordered selected contexts; excludes training-data/model-selection uncertainty
etth1_uni,sparse_vs_dense,"[{""head"": ""dictionary_topk"", ""source"": ""white"", ""weight"": 1}, {""head"": ""dictionary_dense"", ""source"": ""white"", ""weight"": -1}]",dictionary_topk/white -dictionary_dense/white,fair_crps,64,8,circular_moving_block,0.07900104971806077,0.06898510493591709,0.09041412079717895,Fixed trained-model seed average; paired ordered selected contexts; excludes training-data/model-selection uncertainty
etth1_uni,sparse_vs_dense,"[{""head"": ""dictionary_topk"", ""source"": ""white"", ""weight"": 1}, {""head"": ""dictionary_dense"", ""source"": ""white"", ""weight"": -1}]",dictionary_topk/white -dictionary_dense/white,joint_energy_scaled,64,4,circular_moving_block,0.09608458605069006,0.08570385884304649,0.10777691870629141,Fixed trained-model seed average; paired ordered selected contexts; excludes training-data/model-selection uncertainty
etth1_uni,sparse_vs_dense,"[{""head"": ""dictionary_topk"", ""source"": ""white"", ""weight"": 1}, {""head"": ""dictionary_dense"", ""source"": ""white"", ""weight"": -1}]",dictionary_topk/white -dictionary_dense/white,joint_energy_scaled,64,8,circular_moving_block,0.09608458605069006,0.08438782802319234,0.10912384689578668,Fixed trained-model seed average; paired ordered selected contexts; excludes training-data/model-selection uncertainty
etth1_uni,sparse_vs_dense,"[{""head"": ""moe_topk"", ""source"": ""white"", ""weight"": 1}, {""head"": ""moe_dense"", ""source"": ""white"", ""weight"": -1}]",moe_topk/white -moe_dense/white,fair_crps,64,4,circular_moving_block,-0.003651988507545438,-0.004706319290951375,-0.002648347569850535,Fixed trained-model seed average; paired ordered selected contexts; excludes training-data/model-selection uncertainty
etth1_uni,sparse_vs_dense,"[{""head"": ""moe_topk"", ""source"": ""white"", ""weight"": 1}, {""head"": ""moe_dense"", ""source"": ""white"", ""weight"": -1}]",moe_topk/white -moe_dense/white,fair_crps,64,8,circular_moving_block,-0.003651988507545438,-0.004825587139981321,-0.0025779567699556276,Fixed trained-model seed average; paired ordered selected contexts; excludes training-data/model-selection uncertainty
etth1_uni,sparse_vs_dense,"[{""head"": ""moe_topk"", ""source"": ""white"", ""weight"": 1}, {""head"": ""moe_dense"", ""source"": ""white"", ""weight"": -1}]",moe_topk/white -moe_dense/white,joint_energy_scaled,64,4,circular_moving_block,-0.0034251835143929554,-0.004590242155745828,-0.0023124176188155333,Fixed trained-model seed average; paired ordered selected contexts; excludes training-data/model-selection uncertainty
etth1_uni,sparse_vs_dense,"[{""head"": ""moe_topk"", ""source"": ""white"", ""weight"": 1}, {""head"": ""moe_dense"", ""source"": ""white"", ""weight"": -1}]",moe_topk/white -moe_dense/white,joint_energy_scaled,64,8,circular_moving_block,-0.0034251835143929554,-0.004715786949053654,-0.0022280976820318963,Fixed trained-model seed average; paired ordered selected contexts; excludes training-data/model-selection uncertainty
etth1_uni,whitened_vs_balanced,"[{""head"": ""mlp_whitened"", ""source"": ""white"", ""weight"": 1}, {""head"": ""mlp_balanced"", ""source"": ""white"", ""weight"": -1}]",mlp_whitened/white -mlp_balanced/white,fair_crps,64,4,circular_moving_block,0.0019280681556499393,-6.937526472233115e-05,0.0038589936207778512,Fixed trained-model seed average; paired ordered selected contexts; excludes training-data/model-selection uncertainty
etth1_uni,whitened_vs_balanced,"[{""head"": ""mlp_whitened"", ""source"": ""white"", ""weight"": 1}, {""head"": ""mlp_balanced"", ""source"": ""white"", ""weight"": -1}]",mlp_whitened/white -mlp_balanced/white,fair_crps,64,8,circular_moving_block,0.0019280681556499393,0.00010577691782503642,0.003764295593506772,Fixed trained-model seed average; paired ordered selected contexts; excludes training-data/model-selection uncertainty
etth1_uni,whitened_vs_balanced,"[{""head"": ""mlp_whitened"", ""source"": ""white"", ""weight"": 1}, {""head"": ""mlp_balanced"", ""source"": ""white"", ""weight"": -1}]",mlp_whitened/white -mlp_balanced/white,joint_energy_scaled,64,4,circular_moving_block,0.002402717164596277,0.00033101070472094926,0.004425053024264735,Fixed trained-model seed average; paired ordered selected contexts; excludes training-data/model-selection uncertainty
etth1_uni,whitened_vs_balanced,"[{""head"": ""mlp_whitened"", ""source"": ""white"", ""weight"": 1}, {""head"": ""mlp_balanced"", ""source"": ""white"", ""weight"": -1}]",mlp_whitened/white -mlp_balanced/white,joint_energy_scaled,64,8,circular_moving_block,0.002402717164596277,0.0005192853898515322,0.004324675617570183,Fixed trained-model seed average; paired ordered selected contexts; excludes training-data/model-selection uncertainty
etth1_uni,l0_vs_unet,"[{""head"": ""unet_l0"", ""source"": ""white"", ""weight"": 1}, {""head"": ""unet"", ""source"": ""white"", ""weight"": -1}]",unet_l0/white -unet/white,fair_crps,64,4,circular_moving_block,-0.003893630493244155,-0.02944042790037811,0.01660012192773574,Fixed trained-model seed average; paired ordered selected contexts; excludes training-data/model-selection uncertainty
etth1_uni,l0_vs_unet,"[{""head"": ""unet_l0"", ""source"": ""white"", ""weight"": 1}, {""head"": ""unet"", ""source"": ""white"", ""weight"": -1}]",unet_l0/white -unet/white,fair_crps,64,8,circular_moving_block,-0.003893630493244155,-0.030208884771872467,0.017146296047834932,Fixed trained-model seed average; paired ordered selected contexts; excludes training-data/model-selection uncertainty
etth1_uni,l0_vs_unet,"[{""head"": ""unet_l0"", ""source"": ""white"", ""weight"": 1}, {""head"": ""unet"", ""source"": ""white"", ""weight"": -1}]",unet_l0/white -unet/white,joint_energy_scaled,64,4,circular_moving_block,-0.009665686790588237,-0.03746442169620115,0.012724063447105196,Fixed trained-model seed average; paired ordered selected contexts; excludes training-data/model-selection uncertainty
etth1_uni,l0_vs_unet,"[{""head"": ""unet_l0"", ""source"": ""white"", ""weight"": 1}, {""head"": ""unet"", ""source"": ""white"", ""weight"": -1}]",unet_l0/white -unet/white,joint_energy_scaled,64,8,circular_moving_block,-0.009665686790588237,-0.03859958106795158,0.01376362904475414,Fixed trained-model seed average; paired ordered selected contexts; excludes training-data/model-selection uncertainty
etth1_uni,new_vs_mlp,"[{""head"": ""mlp_whitened"", ""source"": ""gp"", ""weight"": 1}, {""head"": ""mlp"", ""source"": ""gp"", ""weight"": -1}]",mlp_whitened/gp -mlp/gp,fair_crps,64,4,circular_moving_block,-0.06290236525706804,-0.11439967895136204,-0.021741994577165656,Fixed trained-model seed average; paired ordered selected contexts; excludes training-data/model-selection uncertainty
etth1_uni,new_vs_mlp,"[{""head"": ""mlp_whitened"", ""source"": ""gp"", ""weight"": 1}, {""head"": ""mlp"", ""source"": ""gp"", ""weight"": -1}]",mlp_whitened/gp -mlp/gp,fair_crps,64,8,circular_moving_block,-0.06290236525706804,-0.11804434302217003,-0.016662585277698122,Fixed trained-model seed average; paired ordered selected contexts; excludes training-data/model-selection uncertainty
etth1_uni,new_vs_mlp,"[{""head"": ""mlp_whitened"", ""source"": ""gp"", ""weight"": 1}, {""head"": ""mlp"", ""source"": ""gp"", ""weight"": -1}]",mlp_whitened/gp -mlp/gp,joint_energy_scaled,64,4,circular_moving_block,-0.06782028883820779,-0.1217968953145472,-0.024461977800525503,Fixed trained-model seed average; paired ordered selected contexts; excludes training-data/model-selection uncertainty
etth1_uni,new_vs_mlp,"[{""head"": ""mlp_whitened"", ""source"": ""gp"", ""weight"": 1}, {""head"": ""mlp"", ""source"": ""gp"", ""weight"": -1}]",mlp_whitened/gp -mlp/gp,joint_energy_scaled,64,8,circular_moving_block,-0.06782028883820779,-0.12558933772619743,-0.019035111578954416,Fixed trained-model seed average; paired ordered selected contexts; excludes training-data/model-selection uncertainty
etth1_uni,new_vs_mlp,"[{""head"": ""mlp_balanced"", ""source"": ""gp"", ""weight"": 1}, {""head"": ""mlp"", ""source"": ""gp"", ""weight"": -1}]",mlp_balanced/gp -mlp/gp,fair_crps,64,4,circular_moving_block,0.5144944243379066,0.4601703410279224,0.5631805015602794,Fixed trained-model seed average; paired ordered selected contexts; excludes training-data/model-selection uncertainty
etth1_uni,new_vs_mlp,"[{""head"": ""mlp_balanced"", ""source"": ""gp"", ""weight"": 1}, {""head"": ""mlp"", ""source"": ""gp"", ""weight"": -1}]",mlp_balanced/gp -mlp/gp,fair_crps,64,8,circular_moving_block,0.5144944243379066,0.4484402698524499,0.5707855056032483,Fixed trained-model seed average; paired ordered selected contexts; excludes training-data/model-selection uncertainty
etth1_uni,new_vs_mlp,"[{""head"": ""mlp_balanced"", ""source"": ""gp"", ""weight"": 1}, {""head"": ""mlp"", ""source"": ""gp"", ""weight"": -1}]",mlp_balanced/gp -mlp/gp,joint_energy_scaled,64,4,circular_moving_block,0.5023082377587109,0.44999487585137077,0.5495740166088068,Fixed trained-model seed average; paired ordered selected contexts; excludes training-data/model-selection uncertainty
etth1_uni,new_vs_mlp,"[{""head"": ""mlp_balanced"", ""source"": ""gp"", ""weight"": 1}, {""head"": ""mlp"", ""source"": ""gp"", ""weight"": -1}]",mlp_balanced/gp -mlp/gp,joint_energy_scaled,64,8,circular_moving_block,0.5023082377587109,0.4383549412100048,0.5566126165095083,Fixed trained-model seed average; paired ordered selected contexts; excludes training-data/model-selection uncertainty
etth1_uni,new_vs_mlp,"[{""head"": ""history_dense_ae"", ""source"": ""gp"", ""weight"": 1}, {""head"": ""mlp"", ""source"": ""gp"", ""weight"": -1}]",history_dense_ae/gp -mlp/gp,fair_crps,64,4,circular_moving_block,0.0035360630433809055,-0.0012936973704758066,0.009172219819698783,Fixed trained-model seed average; paired ordered selected contexts; excludes training-data/model-selection uncertainty
etth1_uni,new_vs_mlp,"[{""head"": ""history_dense_ae"", ""source"": ""gp"", ""weight"": 1}, {""head"": ""mlp"", ""source"": ""gp"", ""weight"": -1}]",history_dense_ae/gp -mlp/gp,fair_crps,64,8,circular_moving_block,0.0035360630433809055,-0.0008025919882426231,0.008978082738615603,Fixed trained-model seed average; paired ordered selected contexts; excludes training-data/model-selection uncertainty
etth1_uni,new_vs_mlp,"[{""head"": ""history_dense_ae"", ""source"": ""gp"", ""weight"": 1}, {""head"": ""mlp"", ""source"": ""gp"", ""weight"": -1}]",history_dense_ae/gp -mlp/gp,joint_energy_scaled,64,4,circular_moving_block,0.006504276454059361,0.0002573584355484523,0.014266695843268515,Fixed trained-model seed average; paired ordered selected contexts; excludes training-data/model-selection uncertainty
etth1_uni,new_vs_mlp,"[{""head"": ""history_dense_ae"", ""source"": ""gp"", ""weight"": 1}, {""head"": ""mlp"", ""source"": ""gp"", ""weight"": -1}]",history_dense_ae/gp -mlp/gp,joint_energy_scaled,64,8,circular_moving_block,0.006504276454059361,0.0007229356471335559,0.014143857203908117,Fixed trained-model seed average; paired ordered selected contexts; excludes training-data/model-selection uncertainty
etth1_uni,new_vs_mlp,"[{""head"": ""history_topk_ae"", ""source"": ""gp"", ""weight"": 1}, {""head"": ""mlp"", ""source"": ""gp"", ""weight"": -1}]",history_topk_ae/gp -mlp/gp,fair_crps,64,4,circular_moving_block,0.032714088444031036,0.020445558039778298,0.04722860291073916,Fixed trained-model seed average; paired ordered selected contexts; excludes training-data/model-selection uncertainty
etth1_uni,new_vs_mlp,"[{""head"": ""history_topk_ae"", ""source"": ""gp"", ""weight"": 1}, {""head"": ""mlp"", ""source"": ""gp"", ""weight"": -1}]",history_topk_ae/gp -mlp/gp,fair_crps,64,8,circular_moving_block,0.032714088444031036,0.019023005696725444,0.04845272917046569,Fixed trained-model seed average; paired ordered selected contexts; excludes training-data/model-selection uncertainty
etth1_uni,new_vs_mlp,"[{""head"": ""history_topk_ae"", ""source"": ""gp"", ""weight"": 1}, {""head"": ""mlp"", ""source"": ""gp"", ""weight"": -1}]",history_topk_ae/gp -mlp/gp,joint_energy_scaled,64,4,circular_moving_block,0.03544801589232191,0.022158379237911554,0.05132513350947768,Fixed trained-model seed average; paired ordered selected contexts; excludes training-data/model-selection uncertainty
etth1_uni,new_vs_mlp,"[{""head"": ""history_topk_ae"", ""source"": ""gp"", ""weight"": 1}, {""head"": ""mlp"", ""source"": ""gp"", ""weight"": -1}]",history_topk_ae/gp -mlp/gp,joint_energy_scaled,64,8,circular_moving_block,0.03544801589232191,0.020758949488210245,0.05250186995062769,Fixed trained-model seed average; paired ordered selected contexts; excludes training-data/model-selection uncertainty
etth1_uni,new_vs_mlp,"[{""head"": ""history_conv_dense"", ""source"": ""gp"", ""weight"": 1}, {""head"": ""mlp"", ""source"": ""gp"", ""weight"": -1}]",history_conv_dense/gp -mlp/gp,fair_crps,64,4,circular_moving_block,0.0020171636799827582,-0.003798007332434445,0.0068274011912008185,Fixed trained-model seed average; paired ordered selected contexts; excludes training-data/model-selection uncertainty
etth1_uni,new_vs_mlp,"[{""head"": ""history_conv_dense"", ""source"": ""gp"", ""weight"": 1}, {""head"": ""mlp"", ""source"": ""gp"", ""weight"": -1}]",history_conv_dense/gp -mlp/gp,fair_crps,64,8,circular_moving_block,0.0020171636799827582,-0.0037090667506417692,0.006603411686246756,Fixed trained-model seed average; paired ordered selected contexts; excludes training-data/model-selection uncertainty
etth1_uni,new_vs_mlp,"[{""head"": ""history_conv_dense"", ""source"": ""gp"", ""weight"": 1}, {""head"": ""mlp"", ""source"": ""gp"", ""weight"": -1}]",history_conv_dense/gp -mlp/gp,joint_energy_scaled,64,4,circular_moving_block,0.005561856353797103,0.001201486785736777,0.009441834000614192,Fixed trained-model seed average; paired ordered selected contexts; excludes training-data/model-selection uncertainty
etth1_uni,new_vs_mlp,"[{""head"": ""history_conv_dense"", ""source"": ""gp"", ""weight"": 1}, {""head"": ""mlp"", ""source"": ""gp"", ""weight"": -1}]",history_conv_dense/gp -mlp/gp,joint_energy_scaled,64,8,circular_moving_block,0.005561856353797103,0.00139242733808592,0.009243110510993365,Fixed trained-model seed average; paired ordered selected contexts; excludes training-data/model-selection uncertainty
etth1_uni,new_vs_mlp,"[{""head"": ""history_conv_sparse"", ""source"": ""gp"", ""weight"": 1}, {""head"": ""mlp"", ""source"": ""gp"", ""weight"": -1}]",history_conv_sparse/gp -mlp/gp,fair_crps,64,4,circular_moving_block,0.02737282694971431,0.013545703327804248,0.04394427707747461,Fixed trained-model seed average; paired ordered selected contexts; excludes training-data/model-selection uncertainty
etth1_uni,new_vs_mlp,"[{""head"": ""history_conv_sparse"", ""source"": ""gp"", ""weight"": 1}, {""head"": ""mlp"", ""source"": ""gp"", ""weight"": -1}]",history_conv_sparse/gp -mlp/gp,fair_crps,64,8,circular_moving_block,0.02737282694971431,0.012695947444808165,0.04542776773699285,Fixed trained-model seed average; paired ordered selected contexts; excludes training-data/model-selection uncertainty
etth1_uni,new_vs_mlp,"[{""head"": ""history_conv_sparse"", ""source"": ""gp"", ""weight"": 1}, {""head"": ""mlp"", ""source"": ""gp"", ""weight"": -1}]",history_conv_sparse/gp -mlp/gp,joint_energy_scaled,64,4,circular_moving_block,0.029642640047212496,0.014937540036696865,0.047545388362912624,Fixed trained-model seed average; paired ordered selected contexts; excludes training-data/model-selection uncertainty
etth1_uni,new_vs_mlp,"[{""head"": ""history_conv_sparse"", ""source"": ""gp"", ""weight"": 1}, {""head"": ""mlp"", ""source"": ""gp"", ""weight"": -1}]",history_conv_sparse/gp -mlp/gp,joint_energy_scaled,64,8,circular_moving_block,0.029642640047212496,0.01394205344317995,0.04890655953124326,Fixed trained-model seed average; paired ordered selected contexts; excludes training-data/model-selection uncertainty
etth1_uni,new_vs_mlp,"[{""head"": ""dictionary_dense"", ""source"": ""gp"", ""weight"": 1}, {""head"": ""mlp"", ""source"": ""gp"", ""weight"": -1}]",dictionary_dense/gp -mlp/gp,fair_crps,64,4,circular_moving_block,-0.03007456303375275,-0.04839701268101382,-0.013848612406383588,Fixed trained-model seed average; paired ordered selected contexts; excludes training-data/model-selection uncertainty
etth1_uni,new_vs_mlp,"[{""head"": ""dictionary_dense"", ""source"": ""gp"", ""weight"": 1}, {""head"": ""mlp"", ""source"": ""gp"", ""weight"": -1}]",dictionary_dense/gp -mlp/gp,fair_crps,64,8,circular_moving_block,-0.03007456303375275,-0.051296678428183785,-0.011234617637205969,Fixed trained-model seed average; paired ordered selected contexts; excludes training-data/model-selection uncertainty
etth1_uni,new_vs_mlp,"[{""head"": ""dictionary_dense"", ""source"": ""gp"", ""weight"": 1}, {""head"": ""mlp"", ""source"": ""gp"", ""weight"": -1}]",dictionary_dense/gp -mlp/gp,joint_energy_scaled,64,4,circular_moving_block,-0.030306503707776027,-0.0487614653735284,-0.013939581383471128,Fixed trained-model seed average; paired ordered selected contexts; excludes training-data/model-selection uncertainty
etth1_uni,new_vs_mlp,"[{""head"": ""dictionary_dense"", ""source"": ""gp"", ""weight"": 1}, {""head"": ""mlp"", ""source"": ""gp"", ""weight"": -1}]",dictionary_dense/gp -mlp/gp,joint_energy_scaled,64,8,circular_moving_block,-0.030306503707776027,-0.05179464724914668,-0.011181228495908448,Fixed trained-model seed average; paired ordered selected contexts; excludes training-data/model-selection uncertainty
etth1_uni,new_vs_mlp,"[{""head"": ""dictionary_topk"", ""source"": ""gp"", ""weight"": 1}, {""head"": ""mlp"", ""source"": ""gp"", ""weight"": -1}]",dictionary_topk/gp -mlp/gp,fair_crps,64,4,circular_moving_block,-0.015561101812838943,-0.026071122595128213,-0.006078041633005658,Fixed trained-model seed average; paired ordered selected contexts; excludes training-data/model-selection uncertainty
etth1_uni,new_vs_mlp,"[{""head"": ""dictionary_topk"", ""source"": ""gp"", ""weight"": 1}, {""head"": ""mlp"", ""source"": ""gp"", ""weight"": -1}]",dictionary_topk/gp -mlp/gp,fair_crps,64,8,circular_moving_block,-0.015561101812838943,-0.027867706953449894,-0.004088876650153821,Fixed trained-model seed average; paired ordered selected contexts; excludes training-data/model-selection uncertainty
etth1_uni,new_vs_mlp,"[{""head"": ""dictionary_topk"", ""source"": ""gp"", ""weight"": 1}, {""head"": ""mlp"", ""source"": ""gp"", ""weight"": -1}]",dictionary_topk/gp -mlp/gp,joint_energy_scaled,64,4,circular_moving_block,-0.01354287951416325,-0.023339988813423796,-0.004621397457939855,Fixed trained-model seed average; paired ordered selected contexts; excludes training-data/model-selection uncertainty
etth1_uni,new_vs_mlp,"[{""head"": ""dictionary_topk"", ""source"": ""gp"", ""weight"": 1}, {""head"": ""mlp"", ""source"": ""gp"", ""weight"": -1}]",dictionary_topk/gp -mlp/gp,joint_energy_scaled,64,8,circular_moving_block,-0.01354287951416325,-0.025080435237434678,-0.0027255149155857947,Fixed trained-model seed average; paired ordered selected contexts; excludes training-data/model-selection uncertainty
etth1_uni,new_vs_mlp,"[{""head"": ""unet_l0"", ""source"": ""gp"", ""weight"": 1}, {""head"": ""mlp"", ""source"": ""gp"", ""weight"": -1}]",unet_l0/gp -mlp/gp,fair_crps,64,4,circular_moving_block,0.01637863835825067,-0.0024015476835243634,0.030658888830300858,Fixed trained-model seed average; paired ordered selected contexts; excludes training-data/model-selection uncertainty
etth1_uni,new_vs_mlp,"[{""head"": ""unet_l0"", ""source"": ""gp"", ""weight"": 1}, {""head"": ""mlp"", ""source"": ""gp"", ""weight"": -1}]",unet_l0/gp -mlp/gp,fair_crps,64,8,circular_moving_block,0.01637863835825067,-0.0017055280200429209,0.03115060029709147,Fixed trained-model seed average; paired ordered selected contexts; excludes training-data/model-selection uncertainty
etth1_uni,new_vs_mlp,"[{""head"": ""unet_l0"", ""source"": ""gp"", ""weight"": 1}, {""head"": ""mlp"", ""source"": ""gp"", ""weight"": -1}]",unet_l0/gp -mlp/gp,joint_energy_scaled,64,4,circular_moving_block,0.010553075270179457,-0.01175246982267638,0.027592100559275155,Fixed trained-model seed average; paired ordered selected contexts; excludes training-data/model-selection uncertainty
etth1_uni,new_vs_mlp,"[{""head"": ""unet_l0"", ""source"": ""gp"", ""weight"": 1}, {""head"": ""mlp"", ""source"": ""gp"", ""weight"": -1}]",unet_l0/gp -mlp/gp,joint_energy_scaled,64,8,circular_moving_block,0.010553075270179457,-0.011520975242820527,0.028131928775418837,Fixed trained-model seed average; paired ordered selected contexts; excludes training-data/model-selection uncertainty
etth1_uni,new_vs_mlp,"[{""head"": ""moe_dense"", ""source"": ""gp"", ""weight"": 1}, {""head"": ""mlp"", ""source"": ""gp"", ""weight"": -1}]",moe_dense/gp -mlp/gp,fair_crps,64,4,circular_moving_block,0.0016600210611971101,-0.012616567641261065,0.012521309530318513,Fixed trained-model seed average; paired ordered selected contexts; excludes training-data/model-selection uncertainty
etth1_uni,new_vs_mlp,"[{""head"": ""moe_dense"", ""source"": ""gp"", ""weight"": 1}, {""head"": ""mlp"", ""source"": ""gp"", ""weight"": -1}]",moe_dense/gp -mlp/gp,fair_crps,64,8,circular_moving_block,0.0016600210611971101,-0.01171733016072543,0.012582827005527337,Fixed trained-model seed average; paired ordered selected contexts; excludes training-data/model-selection uncertainty
etth1_uni,new_vs_mlp,"[{""head"": ""moe_dense"", ""source"": ""gp"", ""weight"": 1}, {""head"": ""mlp"", ""source"": ""gp"", ""weight"": -1}]",moe_dense/gp -mlp/gp,joint_energy_scaled,64,4,circular_moving_block,0.0036083731974571034,-0.010941067106716489,0.014772869725131225,Fixed trained-model seed average; paired ordered selected contexts; excludes training-data/model-selection uncertainty
etth1_uni,new_vs_mlp,"[{""head"": ""moe_dense"", ""source"": ""gp"", ""weight"": 1}, {""head"": ""mlp"", ""source"": ""gp"", ""weight"": -1}]",moe_dense/gp -mlp/gp,joint_energy_scaled,64,8,circular_moving_block,0.0036083731974571034,-0.009901617548727685,0.014852458006970977,Fixed trained-model seed average; paired ordered selected contexts; excludes training-data/model-selection uncertainty
etth1_uni,new_vs_mlp,"[{""head"": ""moe_topk"", ""source"": ""gp"", ""weight"": 1}, {""head"": ""mlp"", ""source"": ""gp"", ""weight"": -1}]",moe_topk/gp -mlp/gp,fair_crps,64,4,circular_moving_block,-0.009048471193782083,-0.028885423691638597,0.005736362988944924,Fixed trained-model seed average; paired ordered selected contexts; excludes training-data/model-selection uncertainty
etth1_uni,new_vs_mlp,"[{""head"": ""moe_topk"", ""source"": ""gp"", ""weight"": 1}, {""head"": ""mlp"", ""source"": ""gp"", ""weight"": -1}]",moe_topk/gp -mlp/gp,fair_crps,64,8,circular_moving_block,-0.009048471193782083,-0.02860082431687143,0.006042934678650289,Fixed trained-model seed average; paired ordered selected contexts; excludes training-data/model-selection uncertainty
etth1_uni,new_vs_mlp,"[{""head"": ""moe_topk"", ""source"": ""gp"", ""weight"": 1}, {""head"": ""mlp"", ""source"": ""gp"", ""weight"": -1}]",moe_topk/gp -mlp/gp,joint_energy_scaled,64,4,circular_moving_block,-0.009433379618624787,-0.030273621735398756,0.006189028036609251,Fixed trained-model seed average; paired ordered selected contexts; excludes training-data/model-selection uncertainty
etth1_uni,new_vs_mlp,"[{""head"": ""moe_topk"", ""source"": ""gp"", ""weight"": 1}, {""head"": ""mlp"", ""source"": ""gp"", ""weight"": -1}]",moe_topk/gp -mlp/gp,joint_energy_scaled,64,8,circular_moving_block,-0.009433379618624787,-0.02996040582589434,0.006455185953572835,Fixed trained-model seed average; paired ordered selected contexts; excludes training-data/model-selection uncertainty
etth1_uni,sparse_vs_dense,"[{""head"": ""history_topk_ae"", ""source"": ""gp"", ""weight"": 1}, {""head"": ""history_dense_ae"", ""source"": ""gp"", ""weight"": -1}]",history_topk_ae/gp -history_dense_ae/gp,fair_crps,64,4,circular_moving_block,0.029178025400650138,0.01894673498683169,0.04021052435463096,Fixed trained-model seed average; paired ordered selected contexts; excludes training-data/model-selection uncertainty
etth1_uni,sparse_vs_dense,"[{""head"": ""history_topk_ae"", ""source"": ""gp"", ""weight"": 1}, {""head"": ""history_dense_ae"", ""source"": ""gp"", ""weight"": -1}]",history_topk_ae/gp -history_dense_ae/gp,fair_crps,64,8,circular_moving_block,0.029178025400650138,0.017332826419179662,0.04114812670687762,Fixed trained-model seed average; paired ordered selected contexts; excludes training-data/model-selection uncertainty
etth1_uni,sparse_vs_dense,"[{""head"": ""history_topk_ae"", ""source"": ""gp"", ""weight"": 1}, {""head"": ""history_dense_ae"", ""source"": ""gp"", ""weight"": -1}]",history_topk_ae/gp -history_dense_ae/gp,joint_energy_scaled,64,4,circular_moving_block,0.028943739438262547,0.019435918968976458,0.038913456154289906,Fixed trained-model seed average; paired ordered selected contexts; excludes training-data/model-selection uncertainty
etth1_uni,sparse_vs_dense,"[{""head"": ""history_topk_ae"", ""source"": ""gp"", ""weight"": 1}, {""head"": ""history_dense_ae"", ""source"": ""gp"", ""weight"": -1}]",history_topk_ae/gp -history_dense_ae/gp,joint_energy_scaled,64,8,circular_moving_block,0.028943739438262547,0.01801880252139364,0.039794126717326135,Fixed trained-model seed average; paired ordered selected contexts; excludes training-data/model-selection uncertainty
etth1_uni,sparse_vs_dense,"[{""head"": ""history_conv_sparse"", ""source"": ""gp"", ""weight"": 1}, {""head"": ""history_conv_dense"", ""source"": ""gp"", ""weight"": -1}]",history_conv_sparse/gp -history_conv_dense/gp,fair_crps,64,4,circular_moving_block,0.025355663269731554,0.00906929938577163,0.04587042632717924,Fixed trained-model seed average; paired ordered selected contexts; excludes training-data/model-selection uncertainty
etth1_uni,sparse_vs_dense,"[{""head"": ""history_conv_sparse"", ""source"": ""gp"", ""weight"": 1}, {""head"": ""history_conv_dense"", ""source"": ""gp"", ""weight"": -1}]",history_conv_sparse/gp -history_conv_dense/gp,fair_crps,64,8,circular_moving_block,0.025355663269731554,0.007430455943593966,0.04782414681193155,Fixed trained-model seed average; paired ordered selected contexts; excludes training-data/model-selection uncertainty
etth1_uni,sparse_vs_dense,"[{""head"": ""history_conv_sparse"", ""source"": ""gp"", ""weight"": 1}, {""head"": ""history_conv_dense"", ""source"": ""gp"", ""weight"": -1}]",history_conv_sparse/gp -history_conv_dense/gp,joint_energy_scaled,64,4,circular_moving_block,0.02408078369341539,0.008296391574154946,0.04391428464799063,Fixed trained-model seed average; paired ordered selected contexts; excludes training-data/model-selection uncertainty
etth1_uni,sparse_vs_dense,"[{""head"": ""history_conv_sparse"", ""source"": ""gp"", ""weight"": 1}, {""head"": ""history_conv_dense"", ""source"": ""gp"", ""weight"": -1}]",history_conv_sparse/gp -history_conv_dense/gp,joint_energy_scaled,64,8,circular_moving_block,0.02408078369341539,0.006895093591048715,0.045690780963842464,Fixed trained-model seed average; paired ordered selected contexts; excludes training-data/model-selection uncertainty
etth1_uni,sparse_vs_dense,"[{""head"": ""dictionary_topk"", ""source"": ""gp"", ""weight"": 1}, {""head"": ""dictionary_dense"", ""source"": ""gp"", ""weight"": -1}]",dictionary_topk/gp -dictionary_dense/gp,fair_crps,64,4,circular_moving_block,0.014513461220913808,0.007446135155275674,0.023032588884787625,Fixed trained-model seed average; paired ordered selected contexts; excludes training-data/model-selection uncertainty
etth1_uni,sparse_vs_dense,"[{""head"": ""dictionary_topk"", ""source"": ""gp"", ""weight"": 1}, {""head"": ""dictionary_dense"", ""source"": ""gp"", ""weight"": -1}]",dictionary_topk/gp -dictionary_dense/gp,fair_crps,64,8,circular_moving_block,0.014513461220913808,0.006708753262477169,0.02376968965340557,Fixed trained-model seed average; paired ordered selected contexts; excludes training-data/model-selection uncertainty
etth1_uni,sparse_vs_dense,"[{""head"": ""dictionary_topk"", ""source"": ""gp"", ""weight"": 1}, {""head"": ""dictionary_dense"", ""source"": ""gp"", ""weight"": -1}]",dictionary_topk/gp -dictionary_dense/gp,joint_energy_scaled,64,4,circular_moving_block,0.016763624193612776,0.008771427990919175,0.02640706017883623,Fixed trained-model seed average; paired ordered selected contexts; excludes training-data/model-selection uncertainty
etth1_uni,sparse_vs_dense,"[{""head"": ""dictionary_topk"", ""source"": ""gp"", ""weight"": 1}, {""head"": ""dictionary_dense"", ""source"": ""gp"", ""weight"": -1}]",dictionary_topk/gp -dictionary_dense/gp,joint_energy_scaled,64,8,circular_moving_block,0.016763624193612776,0.007935313675361514,0.02736777602612875,Fixed trained-model seed average; paired ordered selected contexts; excludes training-data/model-selection uncertainty
etth1_uni,sparse_vs_dense,"[{""head"": ""moe_topk"", ""source"": ""gp"", ""weight"": 1}, {""head"": ""moe_dense"", ""source"": ""gp"", ""weight"": -1}]",moe_topk/gp -moe_dense/gp,fair_crps,64,4,circular_moving_block,-0.010708492254979194,-0.016942195406286054,-0.0055328590197285706,Fixed trained-model seed average; paired ordered selected contexts; excludes training-data/model-selection uncertainty
etth1_uni,sparse_vs_dense,"[{""head"": ""moe_topk"", ""source"": ""gp"", ""weight"": 1}, {""head"": ""moe_dense"", ""source"": ""gp"", ""weight"": -1}]",moe_topk/gp -moe_dense/gp,fair_crps,64,8,circular_moving_block,-0.010708492254979194,-0.01755935470143723,-0.004644876487059851,Fixed trained-model seed average; paired ordered selected contexts; excludes training-data/model-selection uncertainty
etth1_uni,sparse_vs_dense,"[{""head"": ""moe_topk"", ""source"": ""gp"", ""weight"": 1}, {""head"": ""moe_dense"", ""source"": ""gp"", ""weight"": -1}]",moe_topk/gp -moe_dense/gp,joint_energy_scaled,64,4,circular_moving_block,-0.01304175281608189,-0.02040945052389266,-0.0068759952663037084,Fixed trained-model seed average; paired ordered selected contexts; excludes training-data/model-selection uncertainty
etth1_uni,sparse_vs_dense,"[{""head"": ""moe_topk"", ""source"": ""gp"", ""weight"": 1}, {""head"": ""moe_dense"", ""source"": ""gp"", ""weight"": -1}]",moe_topk/gp -moe_dense/gp,joint_energy_scaled,64,8,circular_moving_block,-0.01304175281608189,-0.021070635815556935,-0.005848681667145267,Fixed trained-model seed average; paired ordered selected contexts; excludes training-data/model-selection uncertainty
etth1_uni,whitened_vs_balanced,"[{""head"": ""mlp_whitened"", ""source"": ""gp"", ""weight"": 1}, {""head"": ""mlp_balanced"", ""source"": ""gp"", ""weight"": -1}]",mlp_whitened/gp -mlp_balanced/gp,fair_crps,64,4,circular_moving_block,-0.5773967895949745,-0.6550898134615228,-0.4978931682763243,Fixed trained-model seed average; paired ordered selected contexts; excludes training-data/model-selection uncertainty
etth1_uni,whitened_vs_balanced,"[{""head"": ""mlp_whitened"", ""source"": ""gp"", ""weight"": 1}, {""head"": ""mlp_balanced"", ""source"": ""gp"", ""weight"": -1}]",mlp_whitened/gp -mlp_balanced/gp,fair_crps,64,8,circular_moving_block,-0.5773967895949745,-0.6698381586479046,-0.47665065540975204,Fixed trained-model seed average; paired ordered selected contexts; excludes training-data/model-selection uncertainty
etth1_uni,whitened_vs_balanced,"[{""head"": ""mlp_whitened"", ""source"": ""gp"", ""weight"": 1}, {""head"": ""mlp_balanced"", ""source"": ""gp"", ""weight"": -1}]",mlp_whitened/gp -mlp_balanced/gp,joint_energy_scaled,64,4,circular_moving_block,-0.5701285265969187,-0.6471721764074868,-0.491327745613744,Fixed trained-model seed average; paired ordered selected contexts; excludes training-data/model-selection uncertainty
etth1_uni,whitened_vs_balanced,"[{""head"": ""mlp_whitened"", ""source"": ""gp"", ""weight"": 1}, {""head"": ""mlp_balanced"", ""source"": ""gp"", ""weight"": -1}]",mlp_whitened/gp -mlp_balanced/gp,joint_energy_scaled,64,8,circular_moving_block,-0.5701285265969187,-0.661749868323734,-0.4702027410212682,Fixed trained-model seed average; paired ordered selected contexts; excludes training-data/model-selection uncertainty
etth1_uni,l0_vs_unet,"[{""head"": ""unet_l0"", ""source"": ""gp"", ""weight"": 1}, {""head"": ""unet"", ""source"": ""gp"", ""weight"": -1}]",unet_l0/gp -unet/gp,fair_crps,64,4,circular_moving_block,0.011214849142904977,0.0064537972530059485,0.01581530768379719,Fixed trained-model seed average; paired ordered selected contexts; excludes training-data/model-selection uncertainty
etth1_uni,l0_vs_unet,"[{""head"": ""unet_l0"", ""source"": ""gp"", ""weight"": 1}, {""head"": ""unet"", ""source"": ""gp"", ""weight"": -1}]",unet_l0/gp -unet/gp,fair_crps,64,8,circular_moving_block,0.011214849142904977,0.006163878659527349,0.016265257141272152,Fixed trained-model seed average; paired ordered selected contexts; excludes training-data/model-selection uncertainty
etth1_uni,l0_vs_unet,"[{""head"": ""unet_l0"", ""source"": ""gp"", ""weight"": 1}, {""head"": ""unet"", ""source"": ""gp"", ""weight"": -1}]",unet_l0/gp -unet/gp,joint_energy_scaled,64,4,circular_moving_block,0.007347077289545964,0.0028219019335752023,0.011908765040841249,Fixed trained-model seed average; paired ordered selected contexts; excludes training-data/model-selection uncertainty
etth1_uni,l0_vs_unet,"[{""head"": ""unet_l0"", ""source"": ""gp"", ""weight"": 1}, {""head"": ""unet"", ""source"": ""gp"", ""weight"": -1}]",unet_l0/gp -unet/gp,joint_energy_scaled,64,8,circular_moving_block,0.007347077289545964,0.0028666531911726374,0.01255725059665514,Fixed trained-model seed average; paired ordered selected contexts; excludes training-data/model-selection uncertainty
etth1_uni,gp_vs_white,"[{""head"": ""mlp"", ""source"": ""gp"", ""weight"": 1}, {""head"": ""mlp"", ""source"": ""white"", ""weight"": -1}]",mlp/gp -mlp/white,fair_crps,64,4,circular_moving_block,0.052766327544588966,0.018368354563923262,0.09538287314312241,Fixed trained-model seed average; paired ordered selected contexts; excludes training-data/model-selection uncertainty
etth1_uni,gp_vs_white,"[{""head"": ""mlp"", ""source"": ""gp"", ""weight"": 1}, {""head"": ""mlp"", ""source"": ""white"", ""weight"": -1}]",mlp/gp -mlp/white,fair_crps,64,8,circular_moving_block,0.052766327544588966,0.014447725417406458,0.09876402147061378,Fixed trained-model seed average; paired ordered selected contexts; excludes training-data/model-selection uncertainty
etth1_uni,gp_vs_white,"[{""head"": ""mlp"", ""source"": ""gp"", ""weight"": 1}, {""head"": ""mlp"", ""source"": ""white"", ""weight"": -1}]",mlp/gp -mlp/white,joint_energy_scaled,64,4,circular_moving_block,0.05523174309738708,0.01934447727327694,0.09937958526639999,Fixed trained-model seed average; paired ordered selected contexts; excludes training-data/model-selection uncertainty
etth1_uni,gp_vs_white,"[{""head"": ""mlp"", ""source"": ""gp"", ""weight"": 1}, {""head"": ""mlp"", ""source"": ""white"", ""weight"": -1}]",mlp/gp -mlp/white,joint_energy_scaled,64,8,circular_moving_block,0.05523174309738708,0.015133935745792948,0.10311695142610729,Fixed trained-model seed average; paired ordered selected contexts; excludes training-data/model-selection uncertainty
etth1_uni,gp_vs_white,"[{""head"": ""mlp_balanced"", ""source"": ""gp"", ""weight"": 1}, {""head"": ""mlp_balanced"", ""source"": ""white"", ""weight"": -1}]",mlp_balanced/gp -mlp_balanced/white,fair_crps,64,4,circular_moving_block,0.5830205569031013,0.5007883131954398,0.6643775943665838,Fixed trained-model seed average; paired ordered selected contexts; excludes training-data/model-selection uncertainty
etth1_uni,gp_vs_white,"[{""head"": ""mlp_balanced"", ""source"": ""gp"", ""weight"": 1}, {""head"": ""mlp_balanced"", ""source"": ""white"", ""weight"": -1}]",mlp_balanced/gp -mlp_balanced/white,fair_crps,64,8,circular_moving_block,0.5830205569031013,0.4789195808762595,0.6794163405789232,Fixed trained-model seed average; paired ordered selected contexts; excludes training-data/model-selection uncertainty
etth1_uni,gp_vs_white,"[{""head"": ""mlp_balanced"", ""source"": ""gp"", ""weight"": 1}, {""head"": ""mlp_balanced"", ""source"": ""white"", ""weight"": -1}]",mlp_balanced/gp -mlp_balanced/white,joint_energy_scaled,64,4,circular_moving_block,0.5731598402495972,0.4926233010243235,0.6527709972294162,Fixed trained-model seed average; paired ordered selected contexts; excludes training-data/model-selection uncertainty
etth1_uni,gp_vs_white,"[{""head"": ""mlp_balanced"", ""source"": ""gp"", ""weight"": 1}, {""head"": ""mlp_balanced"", ""source"": ""white"", ""weight"": -1}]",mlp_balanced/gp -mlp_balanced/white,joint_energy_scaled,64,8,circular_moving_block,0.5731598402495972,0.47098164053143116,0.6679723311988155,Fixed trained-model seed average; paired ordered selected contexts; excludes training-data/model-selection uncertainty
etth1_uni,source_head_interaction,"[{""head"": ""mlp_balanced"", ""source"": ""gp"", ""weight"": 1}, {""head"": ""mlp"", ""source"": ""gp"", ""weight"": -1}, {""head"": ""mlp_balanced"", ""source"": ""white"", ""weight"": -1}, {""head"": ""mlp"", ""source"": ""white"", ""weight"": 1}]",mlp_balanced/gp -mlp/gp -mlp_balanced/white +mlp/white,fair_crps,64,4,circular_moving_block,0.5302542293585123,0.47079136315321946,0.5841653742484202,Fixed trained-model seed average; paired ordered selected contexts; excludes training-data/model-selection uncertainty
etth1_uni,source_head_interaction,"[{""head"": ""mlp_balanced"", ""source"": ""gp"", ""weight"": 1}, {""head"": ""mlp"", ""source"": ""gp"", ""weight"": -1}, {""head"": ""mlp_balanced"", ""source"": ""white"", ""weight"": -1}, {""head"": ""mlp"", ""source"": ""white"", ""weight"": 1}]",mlp_balanced/gp -mlp/gp -mlp_balanced/white +mlp/white,fair_crps,64,8,circular_moving_block,0.5302542293585123,0.45553817463585583,0.594698987514542,Fixed trained-model seed average; paired ordered selected contexts; excludes training-data/model-selection uncertainty
etth1_uni,source_head_interaction,"[{""head"": ""mlp_balanced"", ""source"": ""gp"", ""weight"": 1}, {""head"": ""mlp"", ""source"": ""gp"", ""weight"": -1}, {""head"": ""mlp_balanced"", ""source"": ""white"", ""weight"": -1}, {""head"": ""mlp"", ""source"": ""white"", ""weight"": 1}]",mlp_balanced/gp -mlp/gp -mlp_balanced/white +mlp/white,joint_energy_scaled,64,4,circular_moving_block,0.5179280971522102,0.4606644264889363,0.5699448504848942,Fixed trained-model seed average; paired ordered selected contexts; excludes training-data/model-selection uncertainty
etth1_uni,source_head_interaction,"[{""head"": ""mlp_balanced"", ""source"": ""gp"", ""weight"": 1}, {""head"": ""mlp"", ""source"": ""gp"", ""weight"": -1}, {""head"": ""mlp_balanced"", ""source"": ""white"", ""weight"": -1}, {""head"": ""mlp"", ""source"": ""white"", ""weight"": 1}]",mlp_balanced/gp -mlp/gp -mlp_balanced/white +mlp/white,joint_energy_scaled,64,8,circular_moving_block,0.5179280971522102,0.44574633624824467,0.5799939632623716,Fixed trained-model seed average; paired ordered selected contexts; excludes training-data/model-selection uncertainty
etth1_uni,gp_vs_white,"[{""head"": ""mlp_whitened"", ""source"": ""gp"", ""weight"": 1}, {""head"": ""mlp_whitened"", ""source"": ""white"", ""weight"": -1}]",mlp_whitened/gp -mlp_whitened/white,fair_crps,64,4,circular_moving_block,0.0036956991524767727,-0.0018995864119084585,0.009615590106066796,Fixed trained-model seed average; paired ordered selected contexts; excludes training-data/model-selection uncertainty
etth1_uni,gp_vs_white,"[{""head"": ""mlp_whitened"", ""source"": ""gp"", ""weight"": 1}, {""head"": ""mlp_whitened"", ""source"": ""white"", ""weight"": -1}]",mlp_whitened/gp -mlp_whitened/white,fair_crps,64,8,circular_moving_block,0.0036956991524767727,-0.0024008339983928872,0.009863735172951525,Fixed trained-model seed average; paired ordered selected contexts; excludes training-data/model-selection uncertainty
etth1_uni,gp_vs_white,"[{""head"": ""mlp_whitened"", ""source"": ""gp"", ""weight"": 1}, {""head"": ""mlp_whitened"", ""source"": ""white"", ""weight"": -1}]",mlp_whitened/gp -mlp_whitened/white,joint_energy_scaled,64,4,circular_moving_block,0.0006285964880822503,-0.004613158661860919,0.006031815413633591,Fixed trained-model seed average; paired ordered selected contexts; excludes training-data/model-selection uncertainty
etth1_uni,gp_vs_white,"[{""head"": ""mlp_whitened"", ""source"": ""gp"", ""weight"": 1}, {""head"": ""mlp_whitened"", ""source"": ""white"", ""weight"": -1}]",mlp_whitened/gp -mlp_whitened/white,joint_energy_scaled,64,8,circular_moving_block,0.0006285964880822503,-0.004870868994915664,0.00620467631404753,Fixed trained-model seed average; paired ordered selected contexts; excludes training-data/model-selection uncertainty
etth1_uni,source_head_interaction,"[{""head"": ""mlp_whitened"", ""source"": ""gp"", ""weight"": 1}, {""head"": ""mlp"", ""source"": ""gp"", ""weight"": -1}, {""head"": ""mlp_whitened"", ""source"": ""white"", ""weight"": -1}, {""head"": ""mlp"", ""source"": ""white"", ""weight"": 1}]",mlp_whitened/gp -mlp/gp -mlp_whitened/white +mlp/white,fair_crps,64,4,circular_moving_block,-0.049070628392112195,-0.08910283974291144,-0.017487466721605855,Fixed trained-model seed average; paired ordered selected contexts; excludes training-data/model-selection uncertainty
etth1_uni,source_head_interaction,"[{""head"": ""mlp_whitened"", ""source"": ""gp"", ""weight"": 1}, {""head"": ""mlp"", ""source"": ""gp"", ""weight"": -1}, {""head"": ""mlp_whitened"", ""source"": ""white"", ""weight"": -1}, {""head"": ""mlp"", ""source"": ""white"", ""weight"": 1}]",mlp_whitened/gp -mlp/gp -mlp_whitened/white +mlp/white,fair_crps,64,8,circular_moving_block,-0.049070628392112195,-0.09165441462211428,-0.014826346787446158,Fixed trained-model seed average; paired ordered selected contexts; excludes training-data/model-selection uncertainty
etth1_uni,source_head_interaction,"[{""head"": ""mlp_whitened"", ""source"": ""gp"", ""weight"": 1}, {""head"": ""mlp"", ""source"": ""gp"", ""weight"": -1}, {""head"": ""mlp_whitened"", ""source"": ""white"", ""weight"": -1}, {""head"": ""mlp"", ""source"": ""white"", ""weight"": 1}]",mlp_whitened/gp -mlp/gp -mlp_whitened/white +mlp/white,joint_energy_scaled,64,4,circular_moving_block,-0.05460314660930483,-0.09744409376953792,-0.02076855039374624,Fixed trained-model seed average; paired ordered selected contexts; excludes training-data/model-selection uncertainty
etth1_uni,source_head_interaction,"[{""head"": ""mlp_whitened"", ""source"": ""gp"", ""weight"": 1}, {""head"": ""mlp"", ""source"": ""gp"", ""weight"": -1}, {""head"": ""mlp_whitened"", ""source"": ""white"", ""weight"": -1}, {""head"": ""mlp"", ""source"": ""white"", ""weight"": 1}]",mlp_whitened/gp -mlp/gp -mlp_whitened/white +mlp/white,joint_energy_scaled,64,8,circular_moving_block,-0.05460314660930483,-0.09991742693637497,-0.017716300820792282,Fixed trained-model seed average; paired ordered selected contexts; excludes training-data/model-selection uncertainty
etth1_uni,gp_vs_white,"[{""head"": ""sparse_mlp"", ""source"": ""gp"", ""weight"": 1}, {""head"": ""sparse_mlp"", ""source"": ""white"", ""weight"": -1}]",sparse_mlp/gp -sparse_mlp/white,fair_crps,64,4,circular_moving_block,0.05972542713970762,0.016352048228950845,0.11466586979048071,Fixed trained-model seed average; paired ordered selected contexts; excludes training-data/model-selection uncertainty
etth1_uni,gp_vs_white,"[{""head"": ""sparse_mlp"", ""source"": ""gp"", ""weight"": 1}, {""head"": ""sparse_mlp"", ""source"": ""white"", ""weight"": -1}]",sparse_mlp/gp -sparse_mlp/white,fair_crps,64,8,circular_moving_block,0.05972542713970762,0.012727117047125164,0.11919504996482665,Fixed trained-model seed average; paired ordered selected contexts; excludes training-data/model-selection uncertainty
etth1_uni,gp_vs_white,"[{""head"": ""sparse_mlp"", ""source"": ""gp"", ""weight"": 1}, {""head"": ""sparse_mlp"", ""source"": ""white"", ""weight"": -1}]",sparse_mlp/gp -sparse_mlp/white,joint_energy_scaled,64,4,circular_moving_block,0.06789476730740157,0.020608673244270015,0.12750654064927502,Fixed trained-model seed average; paired ordered selected contexts; excludes training-data/model-selection uncertainty
etth1_uni,gp_vs_white,"[{""head"": ""sparse_mlp"", ""source"": ""gp"", ""weight"": 1}, {""head"": ""sparse_mlp"", ""source"": ""white"", ""weight"": -1}]",sparse_mlp/gp -sparse_mlp/white,joint_energy_scaled,64,8,circular_moving_block,0.06789476730740157,0.016451869208517395,0.13205612405472658,Fixed trained-model seed average; paired ordered selected contexts; excludes training-data/model-selection uncertainty
etth1_uni,source_head_interaction,"[{""head"": ""sparse_mlp"", ""source"": ""gp"", ""weight"": 1}, {""head"": ""mlp"", ""source"": ""gp"", ""weight"": -1}, {""head"": ""sparse_mlp"", ""source"": ""white"", ""weight"": -1}, {""head"": ""mlp"", ""source"": ""white"", ""weight"": 1}]",sparse_mlp/gp -mlp/gp -sparse_mlp/white +mlp/white,fair_crps,64,4,circular_moving_block,0.006959099595118662,-0.002778529199141548,0.020394850790009744,Fixed trained-model seed average; paired ordered selected contexts; excludes training-data/model-selection uncertainty
etth1_uni,source_head_interaction,"[{""head"": ""sparse_mlp"", ""source"": ""gp"", ""weight"": 1}, {""head"": ""mlp"", ""source"": ""gp"", ""weight"": -1}, {""head"": ""sparse_mlp"", ""source"": ""white"", ""weight"": -1}, {""head"": ""mlp"", ""source"": ""white"", ""weight"": 1}]",sparse_mlp/gp -mlp/gp -sparse_mlp/white +mlp/white,fair_crps,64,8,circular_moving_block,0.006959099595118662,-0.0025344535825597703,0.020470273874183785,Fixed trained-model seed average; paired ordered selected contexts; excludes training-data/model-selection uncertainty
etth1_uni,source_head_interaction,"[{""head"": ""sparse_mlp"", ""source"": ""gp"", ""weight"": 1}, {""head"": ""mlp"", ""source"": ""gp"", ""weight"": -1}, {""head"": ""sparse_mlp"", ""source"": ""white"", ""weight"": -1}, {""head"": ""mlp"", ""source"": ""white"", ""weight"": 1}]",sparse_mlp/gp -mlp/gp -sparse_mlp/white +mlp/white,joint_energy_scaled,64,4,circular_moving_block,0.012663024210014492,0.0006235140494883603,0.0290420806198317,Fixed trained-model seed average; paired ordered selected contexts; excludes training-data/model-selection uncertainty
etth1_uni,source_head_interaction,"[{""head"": ""sparse_mlp"", ""source"": ""gp"", ""weight"": 1}, {""head"": ""mlp"", ""source"": ""gp"", ""weight"": -1}, {""head"": ""sparse_mlp"", ""source"": ""white"", ""weight"": -1}, {""head"": ""mlp"", ""source"": ""white"", ""weight"": 1}]",sparse_mlp/gp -mlp/gp -sparse_mlp/white +mlp/white,joint_energy_scaled,64,8,circular_moving_block,0.012663024210014492,0.0005943028648930808,0.029172652347472388,Fixed trained-model seed average; paired ordered selected contexts; excludes training-data/model-selection uncertainty
etth1_uni,gp_vs_white,"[{""head"": ""s4"", ""source"": ""gp"", ""weight"": 1}, {""head"": ""s4"", ""source"": ""white"", ""weight"": -1}]",s4/gp -s4/white,fair_crps,64,4,circular_moving_block,-0.026730939641957968,-0.04893703227563285,-0.008951800171979128,Fixed trained-model seed average; paired ordered selected contexts; excludes training-data/model-selection uncertainty
etth1_uni,gp_vs_white,"[{""head"": ""s4"", ""source"": ""gp"", ""weight"": 1}, {""head"": ""s4"", ""source"": ""white"", ""weight"": -1}]",s4/gp -s4/white,fair_crps,64,8,circular_moving_block,-0.026730939641957968,-0.050684818456393735,-0.007520502963695745,Fixed trained-model seed average; paired ordered selected contexts; excludes training-data/model-selection uncertainty
etth1_uni,gp_vs_white,"[{""head"": ""s4"", ""source"": ""gp"", ""weight"": 1}, {""head"": ""s4"", ""source"": ""white"", ""weight"": -1}]",s4/gp -s4/white,joint_energy_scaled,64,4,circular_moving_block,-0.02650359963635775,-0.0490442298193846,-0.008424344079061256,Fixed trained-model seed average; paired ordered selected contexts; excludes training-data/model-selection uncertainty
etth1_uni,gp_vs_white,"[{""head"": ""s4"", ""source"": ""gp"", ""weight"": 1}, {""head"": ""s4"", ""source"": ""white"", ""weight"": -1}]",s4/gp -s4/white,joint_energy_scaled,64,8,circular_moving_block,-0.02650359963635775,-0.05048385140198562,-0.007377308758864062,Fixed trained-model seed average; paired ordered selected contexts; excludes training-data/model-selection uncertainty
etth1_uni,source_head_interaction,"[{""head"": ""s4"", ""source"": ""gp"", ""weight"": 1}, {""head"": ""mlp"", ""source"": ""gp"", ""weight"": -1}, {""head"": ""s4"", ""source"": ""white"", ""weight"": -1}, {""head"": ""mlp"", ""source"": ""white"", ""weight"": 1}]",s4/gp -mlp/gp -s4/white +mlp/white,fair_crps,64,4,circular_moving_block,-0.07949726718654693,-0.14359087559507383,-0.028408852852041713,Fixed trained-model seed average; paired ordered selected contexts; excludes training-data/model-selection uncertainty
etth1_uni,source_head_interaction,"[{""head"": ""s4"", ""source"": ""gp"", ""weight"": 1}, {""head"": ""mlp"", ""source"": ""gp"", ""weight"": -1}, {""head"": ""s4"", ""source"": ""white"", ""weight"": -1}, {""head"": ""mlp"", ""source"": ""white"", ""weight"": 1}]",s4/gp -mlp/gp -s4/white +mlp/white,fair_crps,64,8,circular_moving_block,-0.07949726718654693,-0.14936841202824697,-0.022512364652406247,Fixed trained-model seed average; paired ordered selected contexts; excludes training-data/model-selection uncertainty
etth1_uni,source_head_interaction,"[{""head"": ""s4"", ""source"": ""gp"", ""weight"": 1}, {""head"": ""mlp"", ""source"": ""gp"", ""weight"": -1}, {""head"": ""s4"", ""source"": ""white"", ""weight"": -1}, {""head"": ""mlp"", ""source"": ""white"", ""weight"": 1}]",s4/gp -mlp/gp -s4/white +mlp/white,joint_energy_scaled,64,4,circular_moving_block,-0.08173534273374483,-0.14783070948487367,-0.02917184469709029,Fixed trained-model seed average; paired ordered selected contexts; excludes training-data/model-selection uncertainty
etth1_uni,source_head_interaction,"[{""head"": ""s4"", ""source"": ""gp"", ""weight"": 1}, {""head"": ""mlp"", ""source"": ""gp"", ""weight"": -1}, {""head"": ""s4"", ""source"": ""white"", ""weight"": -1}, {""head"": ""mlp"", ""source"": ""white"", ""weight"": 1}]",s4/gp -mlp/gp -s4/white +mlp/white,joint_energy_scaled,64,8,circular_moving_block,-0.08173534273374483,-0.1532318233860485,-0.02305924027971692,Fixed trained-model seed average; paired ordered selected contexts; excludes training-data/model-selection uncertainty
etth1_uni,gp_vs_white,"[{""head"": ""unet"", ""source"": ""gp"", ""weight"": 1}, {""head"": ""unet"", ""source"": ""white"", ""weight"": -1}]",unet/gp -unet/white,fair_crps,64,4,circular_moving_block,-0.004359212816906351,-0.024791779954550404,0.012362214506858966,Fixed trained-model seed average; paired ordered selected contexts; excludes training-data/model-selection uncertainty
etth1_uni,gp_vs_white,"[{""head"": ""unet"", ""source"": ""gp"", ""weight"": 1}, {""head"": ""unet"", ""source"": ""white"", ""weight"": -1}]",unet/gp -unet/white,fair_crps,64,8,circular_moving_block,-0.004359212816906351,-0.025453856679584923,0.012516453416448595,Fixed trained-model seed average; paired ordered selected contexts; excludes training-data/model-selection uncertainty
etth1_uni,gp_vs_white,"[{""head"": ""unet"", ""source"": ""gp"", ""weight"": 1}, {""head"": ""unet"", ""source"": ""white"", ""weight"": -1}]",unet/gp -unet/white,joint_energy_scaled,64,4,circular_moving_block,-0.006308194366571303,-0.02837364137433797,0.011677996657730252,Fixed trained-model seed average; paired ordered selected contexts; excludes training-data/model-selection uncertainty
etth1_uni,gp_vs_white,"[{""head"": ""unet"", ""source"": ""gp"", ""weight"": 1}, {""head"": ""unet"", ""source"": ""white"", ""weight"": -1}]",unet/gp -unet/white,joint_energy_scaled,64,8,circular_moving_block,-0.006308194366571303,-0.02890851382376347,0.012002897275553455,Fixed trained-model seed average; paired ordered selected contexts; excludes training-data/model-selection uncertainty
etth1_uni,source_head_interaction,"[{""head"": ""unet"", ""source"": ""gp"", ""weight"": 1}, {""head"": ""mlp"", ""source"": ""gp"", ""weight"": -1}, {""head"": ""unet"", ""source"": ""white"", ""weight"": -1}, {""head"": ""mlp"", ""source"": ""white"", ""weight"": 1}]",unet/gp -mlp/gp -unet/white +mlp/white,fair_crps,64,4,circular_moving_block,-0.05712554036149532,-0.11948917455524356,-0.008143396888733022,Fixed trained-model seed average; paired ordered selected contexts; excludes training-data/model-selection uncertainty
etth1_uni,source_head_interaction,"[{""head"": ""unet"", ""source"": ""gp"", ""weight"": 1}, {""head"": ""mlp"", ""source"": ""gp"", ""weight"": -1}, {""head"": ""unet"", ""source"": ""white"", ""weight"": -1}, {""head"": ""mlp"", ""source"": ""white"", ""weight"": 1}]",unet/gp -mlp/gp -unet/white +mlp/white,fair_crps,64,8,circular_moving_block,-0.05712554036149532,-0.12285564038397842,-0.003195939030872742,Fixed trained-model seed average; paired ordered selected contexts; excludes training-data/model-selection uncertainty
etth1_uni,source_head_interaction,"[{""head"": ""unet"", ""source"": ""gp"", ""weight"": 1}, {""head"": ""mlp"", ""source"": ""gp"", ""weight"": -1}, {""head"": ""unet"", ""source"": ""white"", ""weight"": -1}, {""head"": ""mlp"", ""source"": ""white"", ""weight"": 1}]",unet/gp -mlp/gp -unet/white +mlp/white,joint_energy_scaled,64,4,circular_moving_block,-0.06153993746395839,-0.12714488773340493,-0.009670949034716903,Fixed trained-model seed average; paired ordered selected contexts; excludes training-data/model-selection uncertainty
etth1_uni,source_head_interaction,"[{""head"": ""unet"", ""source"": ""gp"", ""weight"": 1}, {""head"": ""mlp"", ""source"": ""gp"", ""weight"": -1}, {""head"": ""unet"", ""source"": ""white"", ""weight"": -1}, {""head"": ""mlp"", ""source"": ""white"", ""weight"": 1}]",unet/gp -mlp/gp -unet/white +mlp/white,joint_energy_scaled,64,8,circular_moving_block,-0.06153993746395839,-0.13099620808817442,-0.004497681147301838,Fixed trained-model seed average; paired ordered selected contexts; excludes training-data/model-selection uncertainty
etth1_uni,gp_vs_white,"[{""head"": ""unet_l0"", ""source"": ""gp"", ""weight"": 1}, {""head"": ""unet_l0"", ""source"": ""white"", ""weight"": -1}]",unet_l0/gp -unet_l0/white,fair_crps,64,4,circular_moving_block,0.010749266819242782,0.003546462707785242,0.01784144639882402,Fixed trained-model seed average; paired ordered selected contexts; excludes training-data/model-selection uncertainty
etth1_uni,gp_vs_white,"[{""head"": ""unet_l0"", ""source"": ""gp"", ""weight"": 1}, {""head"": ""unet_l0"", ""source"": ""white"", ""weight"": -1}]",unet_l0/gp -unet_l0/white,fair_crps,64,8,circular_moving_block,0.010749266819242782,0.0026194741275618904,0.01804769168423111,Fixed trained-model seed average; paired ordered selected contexts; excludes training-data/model-selection uncertainty
etth1_uni,gp_vs_white,"[{""head"": ""unet_l0"", ""source"": ""gp"", ""weight"": 1}, {""head"": ""unet_l0"", ""source"": ""white"", ""weight"": -1}]",unet_l0/gp -unet_l0/white,joint_energy_scaled,64,4,circular_moving_block,0.010704569713562895,0.004003604114684301,0.017155614220820344,Fixed trained-model seed average; paired ordered selected contexts; excludes training-data/model-selection uncertainty
etth1_uni,gp_vs_white,"[{""head"": ""unet_l0"", ""source"": ""gp"", ""weight"": 1}, {""head"": ""unet_l0"", ""source"": ""white"", ""weight"": -1}]",unet_l0/gp -unet_l0/white,joint_energy_scaled,64,8,circular_moving_block,0.010704569713562895,0.0030816169886296587,0.017086837511627255,Fixed trained-model seed average; paired ordered selected contexts; excludes training-data/model-selection uncertainty
etth1_uni,source_head_interaction,"[{""head"": ""unet_l0"", ""source"": ""gp"", ""weight"": 1}, {""head"": ""mlp"", ""source"": ""gp"", ""weight"": -1}, {""head"": ""unet_l0"", ""source"": ""white"", ""weight"": -1}, {""head"": ""mlp"", ""source"": ""white"", ""weight"": 1}]",unet_l0/gp -mlp/gp -unet_l0/white +mlp/white,fair_crps,64,4,circular_moving_block,-0.04201706072534618,-0.07922643095495768,-0.012665164916869635,Fixed trained-model seed average; paired ordered selected contexts; excludes training-data/model-selection uncertainty
etth1_uni,source_head_interaction,"[{""head"": ""unet_l0"", ""source"": ""gp"", ""weight"": 1}, {""head"": ""mlp"", ""source"": ""gp"", ""weight"": -1}, {""head"": ""unet_l0"", ""source"": ""white"", ""weight"": -1}, {""head"": ""mlp"", ""source"": ""white"", ""weight"": 1}]",unet_l0/gp -mlp/gp -unet_l0/white +mlp/white,fair_crps,64,8,circular_moving_block,-0.04201706072534618,-0.0824058850193325,-0.009883635316228833,Fixed trained-model seed average; paired ordered selected contexts; excludes training-data/model-selection uncertainty
etth1_uni,source_head_interaction,"[{""head"": ""unet_l0"", ""source"": ""gp"", ""weight"": 1}, {""head"": ""mlp"", ""source"": ""gp"", ""weight"": -1}, {""head"": ""unet_l0"", ""source"": ""white"", ""weight"": -1}, {""head"": ""mlp"", ""source"": ""white"", ""weight"": 1}]",unet_l0/gp -mlp/gp -unet_l0/white +mlp/white,joint_energy_scaled,64,4,circular_moving_block,-0.044527173383824184,-0.08442756685512218,-0.01281649924062443,Fixed trained-model seed average; paired ordered selected contexts; excludes training-data/model-selection uncertainty
etth1_uni,source_head_interaction,"[{""head"": ""unet_l0"", ""source"": ""gp"", ""weight"": 1}, {""head"": ""mlp"", ""source"": ""gp"", ""weight"": -1}, {""head"": ""unet_l0"", ""source"": ""white"", ""weight"": -1}, {""head"": ""mlp"", ""source"": ""white"", ""weight"": 1}]",unet_l0/gp -mlp/gp -unet_l0/white +mlp/white,joint_energy_scaled,64,8,circular_moving_block,-0.044527173383824184,-0.0878896527048612,-0.009603027611285168,Fixed trained-model seed average; paired ordered selected contexts; excludes training-data/model-selection uncertainty
etth1_uni,gp_vs_white,"[{""head"": ""history_dense_ae"", ""source"": ""gp"", ""weight"": 1}, {""head"": ""history_dense_ae"", ""source"": ""white"", ""weight"": -1}]",history_dense_ae/gp -history_dense_ae/white,fair_crps,64,4,circular_moving_block,0.03570743561132221,0.007262844064288691,0.07250897542498044,Fixed trained-model seed average; paired ordered selected contexts; excludes training-data/model-selection uncertainty
etth1_uni,gp_vs_white,"[{""head"": ""history_dense_ae"", ""source"": ""gp"", ""weight"": 1}, {""head"": ""history_dense_ae"", ""source"": ""white"", ""weight"": -1}]",history_dense_ae/gp -history_dense_ae/white,fair_crps,64,8,circular_moving_block,0.03570743561132221,0.005066161385848874,0.07480250709430257,Fixed trained-model seed average; paired ordered selected contexts; excludes training-data/model-selection uncertainty
etth1_uni,gp_vs_white,"[{""head"": ""history_dense_ae"", ""source"": ""gp"", ""weight"": 1}, {""head"": ""history_dense_ae"", ""source"": ""white"", ""weight"": -1}]",history_dense_ae/gp -history_dense_ae/white,joint_energy_scaled,64,4,circular_moving_block,0.038764047960618005,0.007746828238575893,0.07895329863262272,Fixed trained-model seed average; paired ordered selected contexts; excludes training-data/model-selection uncertainty
etth1_uni,gp_vs_white,"[{""head"": ""history_dense_ae"", ""source"": ""gp"", ""weight"": 1}, {""head"": ""history_dense_ae"", ""source"": ""white"", ""weight"": -1}]",history_dense_ae/gp -history_dense_ae/white,joint_energy_scaled,64,8,circular_moving_block,0.038764047960618005,0.00524558541480292,0.08134864227630342,Fixed trained-model seed average; paired ordered selected contexts; excludes training-data/model-selection uncertainty
etth1_uni,source_head_interaction,"[{""head"": ""history_dense_ae"", ""source"": ""gp"", ""weight"": 1}, {""head"": ""mlp"", ""source"": ""gp"", ""weight"": -1}, {""head"": ""history_dense_ae"", ""source"": ""white"", ""weight"": -1}, {""head"": ""mlp"", ""source"": ""white"", ""weight"": 1}]",history_dense_ae/gp -mlp/gp -history_dense_ae/white +mlp/white,fair_crps,64,4,circular_moving_block,-0.01705889193326676,-0.025343208364084546,-0.009062447339992367,Fixed trained-model seed average; paired ordered selected contexts; excludes training-data/model-selection uncertainty
etth1_uni,source_head_interaction,"[{""head"": ""history_dense_ae"", ""source"": ""gp"", ""weight"": 1}, {""head"": ""mlp"", ""source"": ""gp"", ""weight"": -1}, {""head"": ""history_dense_ae"", ""source"": ""white"", ""weight"": -1}, {""head"": ""mlp"", ""source"": ""white"", ""weight"": 1}]",history_dense_ae/gp -mlp/gp -history_dense_ae/white +mlp/white,fair_crps,64,8,circular_moving_block,-0.01705889193326676,-0.026482887558890264,-0.007559735721509664,Fixed trained-model seed average; paired ordered selected contexts; excludes training-data/model-selection uncertainty
etth1_uni,source_head_interaction,"[{""head"": ""history_dense_ae"", ""source"": ""gp"", ""weight"": 1}, {""head"": ""mlp"", ""source"": ""gp"", ""weight"": -1}, {""head"": ""history_dense_ae"", ""source"": ""white"", ""weight"": -1}, {""head"": ""mlp"", ""source"": ""white"", ""weight"": 1}]",history_dense_ae/gp -mlp/gp -history_dense_ae/white +mlp/white,joint_energy_scaled,64,4,circular_moving_block,-0.016467695136769076,-0.024260037652566034,-0.008913822048507283,Fixed trained-model seed average; paired ordered selected contexts; excludes training-data/model-selection uncertainty
etth1_uni,source_head_interaction,"[{""head"": ""history_dense_ae"", ""source"": ""gp"", ""weight"": 1}, {""head"": ""mlp"", ""source"": ""gp"", ""weight"": -1}, {""head"": ""history_dense_ae"", ""source"": ""white"", ""weight"": -1}, {""head"": ""mlp"", ""source"": ""white"", ""weight"": 1}]",history_dense_ae/gp -mlp/gp -history_dense_ae/white +mlp/white,joint_energy_scaled,64,8,circular_moving_block,-0.016467695136769076,-0.02508002068397122,-0.0076219077770732745,Fixed trained-model seed average; paired ordered selected contexts; excludes training-data/model-selection uncertainty
etth1_uni,gp_vs_white,"[{""head"": ""history_topk_ae"", ""source"": ""gp"", ""weight"": 1}, {""head"": ""history_topk_ae"", ""source"": ""white"", ""weight"": -1}]",history_topk_ae/gp -history_topk_ae/white,fair_crps,64,4,circular_moving_block,0.029652033777029567,-0.00010210917040643959,0.06734100775146781,Fixed trained-model seed average; paired ordered selected contexts; excludes training-data/model-selection uncertainty
etth1_uni,gp_vs_white,"[{""head"": ""history_topk_ae"", ""source"": ""gp"", ""weight"": 1}, {""head"": ""history_topk_ae"", ""source"": ""white"", ""weight"": -1}]",history_topk_ae/gp -history_topk_ae/white,fair_crps,64,8,circular_moving_block,0.029652033777029567,-0.0017469657993647596,0.0687886312007597,Fixed trained-model seed average; paired ordered selected contexts; excludes training-data/model-selection uncertainty
etth1_uni,gp_vs_white,"[{""head"": ""history_topk_ae"", ""source"": ""gp"", ""weight"": 1}, {""head"": ""history_topk_ae"", ""source"": ""white"", ""weight"": -1}]",history_topk_ae/gp -history_topk_ae/white,joint_energy_scaled,64,4,circular_moving_block,0.035163203148109584,0.002788824126765439,0.07594703422500688,Fixed trained-model seed average; paired ordered selected contexts; excludes training-data/model-selection uncertainty
etth1_uni,gp_vs_white,"[{""head"": ""history_topk_ae"", ""source"": ""gp"", ""weight"": 1}, {""head"": ""history_topk_ae"", ""source"": ""white"", ""weight"": -1}]",history_topk_ae/gp -history_topk_ae/white,joint_energy_scaled,64,8,circular_moving_block,0.035163203148109584,0.0011070277307674672,0.07750767603336933,Fixed trained-model seed average; paired ordered selected contexts; excludes training-data/model-selection uncertainty
etth1_uni,source_head_interaction,"[{""head"": ""history_topk_ae"", ""source"": ""gp"", ""weight"": 1}, {""head"": ""mlp"", ""source"": ""gp"", ""weight"": -1}, {""head"": ""history_topk_ae"", ""source"": ""white"", ""weight"": -1}, {""head"": ""mlp"", ""source"": ""white"", ""weight"": 1}]",history_topk_ae/gp -mlp/gp -history_topk_ae/white +mlp/white,fair_crps,64,4,circular_moving_block,-0.0231142937675594,-0.030962685039278393,-0.015076374519889673,Fixed trained-model seed average; paired ordered selected contexts; excludes training-data/model-selection uncertainty
etth1_uni,source_head_interaction,"[{""head"": ""history_topk_ae"", ""source"": ""gp"", ""weight"": 1}, {""head"": ""mlp"", ""source"": ""gp"", ""weight"": -1}, {""head"": ""history_topk_ae"", ""source"": ""white"", ""weight"": -1}, {""head"": ""mlp"", ""source"": ""white"", ""weight"": 1}]",history_topk_ae/gp -mlp/gp -history_topk_ae/white +mlp/white,fair_crps,64,8,circular_moving_block,-0.0231142937675594,-0.03205599806311102,-0.013403844700978853,Fixed trained-model seed average; paired ordered selected contexts; excludes training-data/model-selection uncertainty
etth1_uni,source_head_interaction,"[{""head"": ""history_topk_ae"", ""source"": ""gp"", ""weight"": 1}, {""head"": ""mlp"", ""source"": ""gp"", ""weight"": -1}, {""head"": ""history_topk_ae"", ""source"": ""white"", ""weight"": -1}, {""head"": ""mlp"", ""source"": ""white"", ""weight"": 1}]",history_topk_ae/gp -mlp/gp -history_topk_ae/white +mlp/white,joint_energy_scaled,64,4,circular_moving_block,-0.0200685399492775,-0.02739592007159521,-0.012550209389368659,Fixed trained-model seed average; paired ordered selected contexts; excludes training-data/model-selection uncertainty
etth1_uni,source_head_interaction,"[{""head"": ""history_topk_ae"", ""source"": ""gp"", ""weight"": 1}, {""head"": ""mlp"", ""source"": ""gp"", ""weight"": -1}, {""head"": ""history_topk_ae"", ""source"": ""white"", ""weight"": -1}, {""head"": ""mlp"", ""source"": ""white"", ""weight"": 1}]",history_topk_ae/gp -mlp/gp -history_topk_ae/white +mlp/white,joint_energy_scaled,64,8,circular_moving_block,-0.0200685399492775,-0.028370781897521864,-0.011084771613565142,Fixed trained-model seed average; paired ordered selected contexts; excludes training-data/model-selection uncertainty
etth1_uni,gp_vs_white,"[{""head"": ""history_conv_dense"", ""source"": ""gp"", ""weight"": 1}, {""head"": ""history_conv_dense"", ""source"": ""white"", ""weight"": -1}]",history_conv_dense/gp -history_conv_dense/white,fair_crps,64,4,circular_moving_block,0.05240879875471803,0.018490434777167754,0.0948757054266983,Fixed trained-model seed average; paired ordered selected contexts; excludes training-data/model-selection uncertainty
etth1_uni,gp_vs_white,"[{""head"": ""history_conv_dense"", ""source"": ""gp"", ""weight"": 1}, {""head"": ""history_conv_dense"", ""source"": ""white"", ""weight"": -1}]",history_conv_dense/gp -history_conv_dense/white,fair_crps,64,8,circular_moving_block,0.05240879875471803,0.014204775582798536,0.09865559723393959,Fixed trained-model seed average; paired ordered selected contexts; excludes training-data/model-selection uncertainty
etth1_uni,gp_vs_white,"[{""head"": ""history_conv_dense"", ""source"": ""gp"", ""weight"": 1}, {""head"": ""history_conv_dense"", ""source"": ""white"", ""weight"": -1}]",history_conv_dense/gp -history_conv_dense/white,joint_energy_scaled,64,4,circular_moving_block,0.05738950696697592,0.020380348686376358,0.10341673718079644,Fixed trained-model seed average; paired ordered selected contexts; excludes training-data/model-selection uncertainty
etth1_uni,gp_vs_white,"[{""head"": ""history_conv_dense"", ""source"": ""gp"", ""weight"": 1}, {""head"": ""history_conv_dense"", ""source"": ""white"", ""weight"": -1}]",history_conv_dense/gp -history_conv_dense/white,joint_energy_scaled,64,8,circular_moving_block,0.05738950696697592,0.015873653954453504,0.10728023137967378,Fixed trained-model seed average; paired ordered selected contexts; excludes training-data/model-selection uncertainty
etth1_uni,source_head_interaction,"[{""head"": ""history_conv_dense"", ""source"": ""gp"", ""weight"": 1}, {""head"": ""mlp"", ""source"": ""gp"", ""weight"": -1}, {""head"": ""history_conv_dense"", ""source"": ""white"", ""weight"": -1}, {""head"": ""mlp"", ""source"": ""white"", ""weight"": 1}]",history_conv_dense/gp -mlp/gp -history_conv_dense/white +mlp/white,fair_crps,64,4,circular_moving_block,-0.0003575287898709325,-0.0036905782536712155,0.0028817617580322594,Fixed trained-model seed average; paired ordered selected contexts; excludes training-data/model-selection uncertainty
etth1_uni,source_head_interaction,"[{""head"": ""history_conv_dense"", ""source"": ""gp"", ""weight"": 1}, {""head"": ""mlp"", ""source"": ""gp"", ""weight"": -1}, {""head"": ""history_conv_dense"", ""source"": ""white"", ""weight"": -1}, {""head"": ""mlp"", ""source"": ""white"", ""weight"": 1}]",history_conv_dense/gp -mlp/gp -history_conv_dense/white +mlp/white,fair_crps,64,8,circular_moving_block,-0.0003575287898709325,-0.0037053358557139334,0.0030663898767143683,Fixed trained-model seed average; paired ordered selected contexts; excludes training-data/model-selection uncertainty
etth1_uni,source_head_interaction,"[{""head"": ""history_conv_dense"", ""source"": ""gp"", ""weight"": 1}, {""head"": ""mlp"", ""source"": ""gp"", ""weight"": -1}, {""head"": ""history_conv_dense"", ""source"": ""white"", ""weight"": -1}, {""head"": ""mlp"", ""source"": ""white"", ""weight"": 1}]",history_conv_dense/gp -mlp/gp -history_conv_dense/white +mlp/white,joint_energy_scaled,64,4,circular_moving_block,0.002157763869588845,-0.0015063318184713591,0.006139944985788971,Fixed trained-model seed average; paired ordered selected contexts; excludes training-data/model-selection uncertainty
etth1_uni,source_head_interaction,"[{""head"": ""history_conv_dense"", ""source"": ""gp"", ""weight"": 1}, {""head"": ""mlp"", ""source"": ""gp"", ""weight"": -1}, {""head"": ""history_conv_dense"", ""source"": ""white"", ""weight"": -1}, {""head"": ""mlp"", ""source"": ""white"", ""weight"": 1}]",history_conv_dense/gp -mlp/gp -history_conv_dense/white +mlp/white,joint_energy_scaled,64,8,circular_moving_block,0.002157763869588845,-0.0017008571839962892,0.00655962634324787,Fixed trained-model seed average; paired ordered selected contexts; excludes training-data/model-selection uncertainty
etth1_uni,gp_vs_white,"[{""head"": ""history_conv_sparse"", ""source"": ""gp"", ""weight"": 1}, {""head"": ""history_conv_sparse"", ""source"": ""white"", ""weight"": -1}]",history_conv_sparse/gp -history_conv_sparse/white,fair_crps,64,4,circular_moving_block,0.0741140441046154,0.027380689583474584,0.13281699790615276,Fixed trained-model seed average; paired ordered selected contexts; excludes training-data/model-selection uncertainty
etth1_uni,gp_vs_white,"[{""head"": ""history_conv_sparse"", ""source"": ""gp"", ""weight"": 1}, {""head"": ""history_conv_sparse"", ""source"": ""white"", ""weight"": -1}]",history_conv_sparse/gp -history_conv_sparse/white,fair_crps,64,8,circular_moving_block,0.0741140441046154,0.02195354450190043,0.13818330989006913,Fixed trained-model seed average; paired ordered selected contexts; excludes training-data/model-selection uncertainty
etth1_uni,gp_vs_white,"[{""head"": ""history_conv_sparse"", ""source"": ""gp"", ""weight"": 1}, {""head"": ""history_conv_sparse"", ""source"": ""white"", ""weight"": -1}]",history_conv_sparse/gp -history_conv_sparse/white,joint_energy_scaled,64,4,circular_moving_block,0.07800617823881906,0.028691444099966004,0.1399409589894189,Fixed trained-model seed average; paired ordered selected contexts; excludes training-data/model-selection uncertainty
etth1_uni,gp_vs_white,"[{""head"": ""history_conv_sparse"", ""source"": ""gp"", ""weight"": 1}, {""head"": ""history_conv_sparse"", ""source"": ""white"", ""weight"": -1}]",history_conv_sparse/gp -history_conv_sparse/white,joint_energy_scaled,64,8,circular_moving_block,0.07800617823881906,0.023050039316002288,0.1452016571223283,Fixed trained-model seed average; paired ordered selected contexts; excludes training-data/model-selection uncertainty
etth1_uni,source_head_interaction,"[{""head"": ""history_conv_sparse"", ""source"": ""gp"", ""weight"": 1}, {""head"": ""mlp"", ""source"": ""gp"", ""weight"": -1}, {""head"": ""history_conv_sparse"", ""source"": ""white"", ""weight"": -1}, {""head"": ""mlp"", ""source"": ""white"", ""weight"": 1}]",history_conv_sparse/gp -mlp/gp -history_conv_sparse/white +mlp/white,fair_crps,64,4,circular_moving_block,0.021347716560026438,0.007837793595897698,0.0380861713129939,Fixed trained-model seed average; paired ordered selected contexts; excludes training-data/model-selection uncertainty
etth1_uni,source_head_interaction,"[{""head"": ""history_conv_sparse"", ""source"": ""gp"", ""weight"": 1}, {""head"": ""mlp"", ""source"": ""gp"", ""weight"": -1}, {""head"": ""history_conv_sparse"", ""source"": ""white"", ""weight"": -1}, {""head"": ""mlp"", ""source"": ""white"", ""weight"": 1}]",history_conv_sparse/gp -mlp/gp -history_conv_sparse/white +mlp/white,fair_crps,64,8,circular_moving_block,0.021347716560026438,0.0066993294287530465,0.03985660061825319,Fixed trained-model seed average; paired ordered selected contexts; excludes training-data/model-selection uncertainty
etth1_uni,source_head_interaction,"[{""head"": ""history_conv_sparse"", ""source"": ""gp"", ""weight"": 1}, {""head"": ""mlp"", ""source"": ""gp"", ""weight"": -1}, {""head"": ""history_conv_sparse"", ""source"": ""white"", ""weight"": -1}, {""head"": ""mlp"", ""source"": ""white"", ""weight"": 1}]",history_conv_sparse/gp -mlp/gp -history_conv_sparse/white +mlp/white,joint_energy_scaled,64,4,circular_moving_block,0.022774435141431973,0.008362608980303748,0.04103929314889188,Fixed trained-model seed average; paired ordered selected contexts; excludes training-data/model-selection uncertainty
etth1_uni,source_head_interaction,"[{""head"": ""history_conv_sparse"", ""source"": ""gp"", ""weight"": 1}, {""head"": ""mlp"", ""source"": ""gp"", ""weight"": -1}, {""head"": ""history_conv_sparse"", ""source"": ""white"", ""weight"": -1}, {""head"": ""mlp"", ""source"": ""white"", ""weight"": 1}]",history_conv_sparse/gp -mlp/gp -history_conv_sparse/white +mlp/white,joint_energy_scaled,64,8,circular_moving_block,0.022774435141431973,0.007182360741338947,0.04249643844759031,Fixed trained-model seed average; paired ordered selected contexts; excludes training-data/model-selection uncertainty
etth1_uni,gp_vs_white,"[{""head"": ""dictionary_dense"", ""source"": ""gp"", ""weight"": 1}, {""head"": ""dictionary_dense"", ""source"": ""white"", ""weight"": -1}]",dictionary_dense/gp -dictionary_dense/white,fair_crps,64,4,circular_moving_block,0.02207793698207041,0.0038551070551839546,0.045737171396602314,Fixed trained-model seed average; paired ordered selected contexts; excludes training-data/model-selection uncertainty
etth1_uni,gp_vs_white,"[{""head"": ""dictionary_dense"", ""source"": ""gp"", ""weight"": 1}, {""head"": ""dictionary_dense"", ""source"": ""white"", ""weight"": -1}]",dictionary_dense/gp -dictionary_dense/white,fair_crps,64,8,circular_moving_block,0.02207793698207041,0.0032984491424282677,0.04606955223699186,Fixed trained-model seed average; paired ordered selected contexts; excludes training-data/model-selection uncertainty
etth1_uni,gp_vs_white,"[{""head"": ""dictionary_dense"", ""source"": ""gp"", ""weight"": 1}, {""head"": ""dictionary_dense"", ""source"": ""white"", ""weight"": -1}]",dictionary_dense/gp -dictionary_dense/white,joint_energy_scaled,64,4,circular_moving_block,0.023783971901681907,0.004254263998289953,0.049119603403545535,Fixed trained-model seed average; paired ordered selected contexts; excludes training-data/model-selection uncertainty
etth1_uni,gp_vs_white,"[{""head"": ""dictionary_dense"", ""source"": ""gp"", ""weight"": 1}, {""head"": ""dictionary_dense"", ""source"": ""white"", ""weight"": -1}]",dictionary_dense/gp -dictionary_dense/white,joint_energy_scaled,64,8,circular_moving_block,0.023783971901681907,0.003552283673912836,0.049363245536554336,Fixed trained-model seed average; paired ordered selected contexts; excludes training-data/model-selection uncertainty
etth1_uni,source_head_interaction,"[{""head"": ""dictionary_dense"", ""source"": ""gp"", ""weight"": 1}, {""head"": ""mlp"", ""source"": ""gp"", ""weight"": -1}, {""head"": ""dictionary_dense"", ""source"": ""white"", ""weight"": -1}, {""head"": ""mlp"", ""source"": ""white"", ""weight"": 1}]",dictionary_dense/gp -mlp/gp -dictionary_dense/white +mlp/white,fair_crps,64,4,circular_moving_block,-0.030688390562518562,-0.05111997129815164,-0.013025000040310944,Fixed trained-model seed average; paired ordered selected contexts; excludes training-data/model-selection uncertainty
etth1_uni,source_head_interaction,"[{""head"": ""dictionary_dense"", ""source"": ""gp"", ""weight"": 1}, {""head"": ""mlp"", ""source"": ""gp"", ""weight"": -1}, {""head"": ""dictionary_dense"", ""source"": ""white"", ""weight"": -1}, {""head"": ""mlp"", ""source"": ""white"", ""weight"": 1}]",dictionary_dense/gp -mlp/gp -dictionary_dense/white +mlp/white,fair_crps,64,8,circular_moving_block,-0.030688390562518562,-0.05382906913132187,-0.010197725365405114,Fixed trained-model seed average; paired ordered selected contexts; excludes training-data/model-selection uncertainty
etth1_uni,source_head_interaction,"[{""head"": ""dictionary_dense"", ""source"": ""gp"", ""weight"": 1}, {""head"": ""mlp"", ""source"": ""gp"", ""weight"": -1}, {""head"": ""dictionary_dense"", ""source"": ""white"", ""weight"": -1}, {""head"": ""mlp"", ""source"": ""white"", ""weight"": 1}]",dictionary_dense/gp -mlp/gp -dictionary_dense/white +mlp/white,joint_energy_scaled,64,4,circular_moving_block,-0.031447771195705174,-0.05211651835448565,-0.013550976899945342,Fixed trained-model seed average; paired ordered selected contexts; excludes training-data/model-selection uncertainty
etth1_uni,source_head_interaction,"[{""head"": ""dictionary_dense"", ""source"": ""gp"", ""weight"": 1}, {""head"": ""mlp"", ""source"": ""gp"", ""weight"": -1}, {""head"": ""dictionary_dense"", ""source"": ""white"", ""weight"": -1}, {""head"": ""mlp"", ""source"": ""white"", ""weight"": 1}]",dictionary_dense/gp -mlp/gp -dictionary_dense/white +mlp/white,joint_energy_scaled,64,8,circular_moving_block,-0.031447771195705174,-0.054964530332930764,-0.010678064901135122,Fixed trained-model seed average; paired ordered selected contexts; excludes training-data/model-selection uncertainty
etth1_uni,gp_vs_white,"[{""head"": ""dictionary_topk"", ""source"": ""gp"", ""weight"": 1}, {""head"": ""dictionary_topk"", ""source"": ""white"", ""weight"": -1}]",dictionary_topk/gp -dictionary_topk/white,fair_crps,64,4,circular_moving_block,-0.04240965151507656,-0.06007579960374851,-0.01979064240710371,Fixed trained-model seed average; paired ordered selected contexts; excludes training-data/model-selection uncertainty
etth1_uni,gp_vs_white,"[{""head"": ""dictionary_topk"", ""source"": ""gp"", ""weight"": 1}, {""head"": ""dictionary_topk"", ""source"": ""white"", ""weight"": -1}]",dictionary_topk/gp -dictionary_topk/white,fair_crps,64,8,circular_moving_block,-0.04240965151507656,-0.060878821457596335,-0.019947365141487698,Fixed trained-model seed average; paired ordered selected contexts; excludes training-data/model-selection uncertainty
etth1_uni,gp_vs_white,"[{""head"": ""dictionary_topk"", ""source"": ""gp"", ""weight"": 1}, {""head"": ""dictionary_topk"", ""source"": ""white"", ""weight"": -1}]",dictionary_topk/gp -dictionary_topk/white,joint_energy_scaled,64,4,circular_moving_block,-0.05553698995539537,-0.0748612606596759,-0.030730568503954846,Fixed trained-model seed average; paired ordered selected contexts; excludes training-data/model-selection uncertainty
etth1_uni,gp_vs_white,"[{""head"": ""dictionary_topk"", ""source"": ""gp"", ""weight"": 1}, {""head"": ""dictionary_topk"", ""source"": ""white"", ""weight"": -1}]",dictionary_topk/gp -dictionary_topk/white,joint_energy_scaled,64,8,circular_moving_block,-0.05553698995539537,-0.07539949581946237,-0.03170201616194072,Fixed trained-model seed average; paired ordered selected contexts; excludes training-data/model-selection uncertainty
etth1_uni,source_head_interaction,"[{""head"": ""dictionary_topk"", ""source"": ""gp"", ""weight"": 1}, {""head"": ""mlp"", ""source"": ""gp"", ""weight"": -1}, {""head"": ""dictionary_topk"", ""source"": ""white"", ""weight"": -1}, {""head"": ""mlp"", ""source"": ""white"", ""weight"": 1}]",dictionary_topk/gp -mlp/gp -dictionary_topk/white +mlp/white,fair_crps,64,4,circular_moving_block,-0.09517597905966554,-0.11671308526642436,-0.07629027322592653,Fixed trained-model seed average; paired ordered selected contexts; excludes training-data/model-selection uncertainty
etth1_uni,source_head_interaction,"[{""head"": ""dictionary_topk"", ""source"": ""gp"", ""weight"": 1}, {""head"": ""mlp"", ""source"": ""gp"", ""weight"": -1}, {""head"": ""dictionary_topk"", ""source"": ""white"", ""weight"": -1}, {""head"": ""mlp"", ""source"": ""white"", ""weight"": 1}]",dictionary_topk/gp -mlp/gp -dictionary_topk/white +mlp/white,fair_crps,64,8,circular_moving_block,-0.09517597905966554,-0.1198472490400593,-0.07308674659183874,Fixed trained-model seed average; paired ordered selected contexts; excludes training-data/model-selection uncertainty
etth1_uni,source_head_interaction,"[{""head"": ""dictionary_topk"", ""source"": ""gp"", ""weight"": 1}, {""head"": ""mlp"", ""source"": ""gp"", ""weight"": -1}, {""head"": ""dictionary_topk"", ""source"": ""white"", ""weight"": -1}, {""head"": ""mlp"", ""source"": ""white"", ""weight"": 1}]",dictionary_topk/gp -mlp/gp -dictionary_topk/white +mlp/white,joint_energy_scaled,64,4,circular_moving_block,-0.11076873305278245,-0.13262805634837743,-0.09110146393651189,Fixed trained-model seed average; paired ordered selected contexts; excludes training-data/model-selection uncertainty
etth1_uni,source_head_interaction,"[{""head"": ""dictionary_topk"", ""source"": ""gp"", ""weight"": 1}, {""head"": ""mlp"", ""source"": ""gp"", ""weight"": -1}, {""head"": ""dictionary_topk"", ""source"": ""white"", ""weight"": -1}, {""head"": ""mlp"", ""source"": ""white"", ""weight"": 1}]",dictionary_topk/gp -mlp/gp -dictionary_topk/white +mlp/white,joint_energy_scaled,64,8,circular_moving_block,-0.11076873305278245,-0.1363697106356451,-0.08764932495205421,Fixed trained-model seed average; paired ordered selected contexts; excludes training-data/model-selection uncertainty
etth1_uni,gp_vs_white,"[{""head"": ""moe_dense"", ""source"": ""gp"", ""weight"": 1}, {""head"": ""moe_dense"", ""source"": ""white"", ""weight"": -1}]",moe_dense/gp -moe_dense/white,fair_crps,64,4,circular_moving_block,0.06270943145462035,0.032128724255765774,0.09826673809771053,Fixed trained-model seed average; paired ordered selected contexts; excludes training-data/model-selection uncertainty
etth1_uni,gp_vs_white,"[{""head"": ""moe_dense"", ""source"": ""gp"", ""weight"": 1}, {""head"": ""moe_dense"", ""source"": ""white"", ""weight"": -1}]",moe_dense/gp -moe_dense/white,fair_crps,64,8,circular_moving_block,0.06270943145462035,0.02631503257967689,0.10275557368560832,Fixed trained-model seed average; paired ordered selected contexts; excludes training-data/model-selection uncertainty
etth1_uni,gp_vs_white,"[{""head"": ""moe_dense"", ""source"": ""gp"", ""weight"": 1}, {""head"": ""moe_dense"", ""source"": ""white"", ""weight"": -1}]",moe_dense/gp -moe_dense/white,joint_energy_scaled,64,4,circular_moving_block,0.06656609835225598,0.03411714512157333,0.10424403072286037,Fixed trained-model seed average; paired ordered selected contexts; excludes training-data/model-selection uncertainty
etth1_uni,gp_vs_white,"[{""head"": ""moe_dense"", ""source"": ""gp"", ""weight"": 1}, {""head"": ""moe_dense"", ""source"": ""white"", ""weight"": -1}]",moe_dense/gp -moe_dense/white,joint_energy_scaled,64,8,circular_moving_block,0.06656609835225598,0.02801138344698827,0.10879499653912135,Fixed trained-model seed average; paired ordered selected contexts; excludes training-data/model-selection uncertainty
etth1_uni,source_head_interaction,"[{""head"": ""moe_dense"", ""source"": ""gp"", ""weight"": 1}, {""head"": ""mlp"", ""source"": ""gp"", ""weight"": -1}, {""head"": ""moe_dense"", ""source"": ""white"", ""weight"": -1}, {""head"": ""mlp"", ""source"": ""white"", ""weight"": 1}]",moe_dense/gp -mlp/gp -moe_dense/white +mlp/white,fair_crps,64,4,circular_moving_block,0.009943103910031378,-0.0006383515752109216,0.019193107699278553,Fixed trained-model seed average; paired ordered selected contexts; excludes training-data/model-selection uncertainty
etth1_uni,source_head_interaction,"[{""head"": ""moe_dense"", ""source"": ""gp"", ""weight"": 1}, {""head"": ""mlp"", ""source"": ""gp"", ""weight"": -1}, {""head"": ""moe_dense"", ""source"": ""white"", ""weight"": -1}, {""head"": ""mlp"", ""source"": ""white"", ""weight"": 1}]",moe_dense/gp -mlp/gp -moe_dense/white +mlp/white,fair_crps,64,8,circular_moving_block,0.009943103910031378,0.0005082459155481401,0.01920760478009059,Fixed trained-model seed average; paired ordered selected contexts; excludes training-data/model-selection uncertainty
etth1_uni,source_head_interaction,"[{""head"": ""moe_dense"", ""source"": ""gp"", ""weight"": 1}, {""head"": ""mlp"", ""source"": ""gp"", ""weight"": -1}, {""head"": ""moe_dense"", ""source"": ""white"", ""weight"": -1}, {""head"": ""mlp"", ""source"": ""white"", ""weight"": 1}]",moe_dense/gp -mlp/gp -moe_dense/white +mlp/white,joint_energy_scaled,64,4,circular_moving_block,0.0113343552548689,0.00026787839982271203,0.021016479119357223,Fixed trained-model seed average; paired ordered selected contexts; excludes training-data/model-selection uncertainty
etth1_uni,source_head_interaction,"[{""head"": ""moe_dense"", ""source"": ""gp"", ""weight"": 1}, {""head"": ""mlp"", ""source"": ""gp"", ""weight"": -1}, {""head"": ""moe_dense"", ""source"": ""white"", ""weight"": -1}, {""head"": ""mlp"", ""source"": ""white"", ""weight"": 1}]",moe_dense/gp -mlp/gp -moe_dense/white +mlp/white,joint_energy_scaled,64,8,circular_moving_block,0.0113343552548689,0.0012990325022267397,0.021287508944372997,Fixed trained-model seed average; paired ordered selected contexts; excludes training-data/model-selection uncertainty
etth1_uni,gp_vs_white,"[{""head"": ""moe_topk"", ""source"": ""gp"", ""weight"": 1}, {""head"": ""moe_topk"", ""source"": ""white"", ""weight"": -1}]",moe_topk/gp -moe_topk/white,fair_crps,64,4,circular_moving_block,0.05565292770718659,0.0295792577085521,0.0853103335815657,Fixed trained-model seed average; paired ordered selected contexts; excludes training-data/model-selection uncertainty
etth1_uni,gp_vs_white,"[{""head"": ""moe_topk"", ""source"": ""gp"", ""weight"": 1}, {""head"": ""moe_topk"", ""source"": ""white"", ""weight"": -1}]",moe_topk/gp -moe_topk/white,fair_crps,64,8,circular_moving_block,0.05565292770718659,0.02453259640627889,0.0894184020334666,Fixed trained-model seed average; paired ordered selected contexts; excludes training-data/model-selection uncertainty
etth1_uni,gp_vs_white,"[{""head"": ""moe_topk"", ""source"": ""gp"", ""weight"": 1}, {""head"": ""moe_topk"", ""source"": ""white"", ""weight"": -1}]",moe_topk/gp -moe_topk/white,joint_energy_scaled,64,4,circular_moving_block,0.05694952905056705,0.029958888505649903,0.08737833308660382,Fixed trained-model seed average; paired ordered selected contexts; excludes training-data/model-selection uncertainty
etth1_uni,gp_vs_white,"[{""head"": ""moe_topk"", ""source"": ""gp"", ""weight"": 1}, {""head"": ""moe_topk"", ""source"": ""white"", ""weight"": -1}]",moe_topk/gp -moe_topk/white,joint_energy_scaled,64,8,circular_moving_block,0.05694952905056705,0.024768876171865673,0.09170568634876282,Fixed trained-model seed average; paired ordered selected contexts; excludes training-data/model-selection uncertainty
etth1_uni,source_head_interaction,"[{""head"": ""moe_topk"", ""source"": ""gp"", ""weight"": 1}, {""head"": ""mlp"", ""source"": ""gp"", ""weight"": -1}, {""head"": ""moe_topk"", ""source"": ""white"", ""weight"": -1}, {""head"": ""mlp"", ""source"": ""white"", ""weight"": 1}]",moe_topk/gp -mlp/gp -moe_topk/white +mlp/white,fair_crps,64,4,circular_moving_block,0.002886600162597625,-0.012469240476076813,0.014866643059632086,Fixed trained-model seed average; paired ordered selected contexts; excludes training-data/model-selection uncertainty
etth1_uni,source_head_interaction,"[{""head"": ""moe_topk"", ""source"": ""gp"", ""weight"": 1}, {""head"": ""mlp"", ""source"": ""gp"", ""weight"": -1}, {""head"": ""moe_topk"", ""source"": ""white"", ""weight"": -1}, {""head"": ""mlp"", ""source"": ""white"", ""weight"": 1}]",moe_topk/gp -mlp/gp -moe_topk/white +mlp/white,fair_crps,64,8,circular_moving_block,0.002886600162597625,-0.011207586473993173,0.014541687915713412,Fixed trained-model seed average; paired ordered selected contexts; excludes training-data/model-selection uncertainty
etth1_uni,source_head_interaction,"[{""head"": ""moe_topk"", ""source"": ""gp"", ""weight"": 1}, {""head"": ""mlp"", ""source"": ""gp"", ""weight"": -1}, {""head"": ""moe_topk"", ""source"": ""white"", ""weight"": -1}, {""head"": ""mlp"", ""source"": ""white"", ""weight"": 1}]",moe_topk/gp -mlp/gp -moe_topk/white +mlp/white,joint_energy_scaled,64,4,circular_moving_block,0.0017177859531799665,-0.014844881904211358,0.01467664012693897,Fixed trained-model seed average; paired ordered selected contexts; excludes training-data/model-selection uncertainty
etth1_uni,source_head_interaction,"[{""head"": ""moe_topk"", ""source"": ""gp"", ""weight"": 1}, {""head"": ""mlp"", ""source"": ""gp"", ""weight"": -1}, {""head"": ""moe_topk"", ""source"": ""white"", ""weight"": -1}, {""head"": ""mlp"", ""source"": ""white"", ""weight"": 1}]",moe_topk/gp -mlp/gp -moe_topk/white +mlp/white,joint_energy_scaled,64,8,circular_moving_block,0.0017177859531799665,-0.013526074924104759,0.014360088463673102,Fixed trained-model seed average; paired ordered selected contexts; excludes training-data/model-selection uncertainty
etth1_multi,new_vs_mlp,"[{""head"": ""mlp_whitened"", ""source"": ""white"", ""weight"": 1}, {""head"": ""mlp"", ""source"": ""white"", ""weight"": -1}]",mlp_whitened/white -mlp/white,fair_crps,64,4,circular_moving_block,0.164670469528224,0.13746319678006902,0.19064752942160923,Fixed trained-model seed average; paired ordered selected contexts; excludes training-data/model-selection uncertainty
etth1_multi,new_vs_mlp,"[{""head"": ""mlp_whitened"", ""source"": ""white"", ""weight"": 1}, {""head"": ""mlp"", ""source"": ""white"", ""weight"": -1}]",mlp_whitened/white -mlp/white,fair_crps,64,8,circular_moving_block,0.164670469528224,0.13405785105340073,0.19452103434918364,Fixed trained-model seed average; paired ordered selected contexts; excludes training-data/model-selection uncertainty
etth1_multi,new_vs_mlp,"[{""head"": ""mlp_whitened"", ""source"": ""white"", ""weight"": 1}, {""head"": ""mlp"", ""source"": ""white"", ""weight"": -1}]",mlp_whitened/white -mlp/white,joint_energy_scaled,64,4,circular_moving_block,0.20252733414596902,0.16791790124421066,0.23470615713484133,Fixed trained-model seed average; paired ordered selected contexts; excludes training-data/model-selection uncertainty
etth1_multi,new_vs_mlp,"[{""head"": ""mlp_whitened"", ""source"": ""white"", ""weight"": 1}, {""head"": ""mlp"", ""source"": ""white"", ""weight"": -1}]",mlp_whitened/white -mlp/white,joint_energy_scaled,64,8,circular_moving_block,0.20252733414596902,0.1665979020945609,0.23583659561076906,Fixed trained-model seed average; paired ordered selected contexts; excludes training-data/model-selection uncertainty
etth1_multi,new_vs_mlp,"[{""head"": ""mlp_balanced"", ""source"": ""white"", ""weight"": 1}, {""head"": ""mlp"", ""source"": ""white"", ""weight"": -1}]",mlp_balanced/white -mlp/white,fair_crps,64,4,circular_moving_block,0.1619158367595339,0.1317586930560554,0.19210129341561527,Fixed trained-model seed average; paired ordered selected contexts; excludes training-data/model-selection uncertainty
etth1_multi,new_vs_mlp,"[{""head"": ""mlp_balanced"", ""source"": ""white"", ""weight"": 1}, {""head"": ""mlp"", ""source"": ""white"", ""weight"": -1}]",mlp_balanced/white -mlp/white,fair_crps,64,8,circular_moving_block,0.1619158367595339,0.13032944217381184,0.1948659812792949,Fixed trained-model seed average; paired ordered selected contexts; excludes training-data/model-selection uncertainty
etth1_multi,new_vs_mlp,"[{""head"": ""mlp_balanced"", ""source"": ""white"", ""weight"": 1}, {""head"": ""mlp"", ""source"": ""white"", ""weight"": -1}]",mlp_balanced/white -mlp/white,joint_energy_scaled,64,4,circular_moving_block,0.21575507825598977,0.17462623993264645,0.25640008069804054,Fixed trained-model seed average; paired ordered selected contexts; excludes training-data/model-selection uncertainty
etth1_multi,new_vs_mlp,"[{""head"": ""mlp_balanced"", ""source"": ""white"", ""weight"": 1}, {""head"": ""mlp"", ""source"": ""white"", ""weight"": -1}]",mlp_balanced/white -mlp/white,joint_energy_scaled,64,8,circular_moving_block,0.21575507825598977,0.17997430532691655,0.2520222656525628,Fixed trained-model seed average; paired ordered selected contexts; excludes training-data/model-selection uncertainty
etth1_multi,new_vs_mlp,"[{""head"": ""history_dense_ae"", ""source"": ""white"", ""weight"": 1}, {""head"": ""mlp"", ""source"": ""white"", ""weight"": -1}]",history_dense_ae/white -mlp/white,fair_crps,64,4,circular_moving_block,0.05498077788484478,0.04358943897738295,0.065244400779136,Fixed trained-model seed average; paired ordered selected contexts; excludes training-data/model-selection uncertainty
etth1_multi,new_vs_mlp,"[{""head"": ""history_dense_ae"", ""source"": ""white"", ""weight"": 1}, {""head"": ""mlp"", ""source"": ""white"", ""weight"": -1}]",history_dense_ae/white -mlp/white,fair_crps,64,8,circular_moving_block,0.05498077788484478,0.041609665924148914,0.06712190599057614,Fixed trained-model seed average; paired ordered selected contexts; excludes training-data/model-selection uncertainty
etth1_multi,new_vs_mlp,"[{""head"": ""history_dense_ae"", ""source"": ""white"", ""weight"": 1}, {""head"": ""mlp"", ""source"": ""white"", ""weight"": -1}]",history_dense_ae/white -mlp/white,joint_energy_scaled,64,4,circular_moving_block,0.06462277429867135,0.04878225204281368,0.07924571456685998,Fixed trained-model seed average; paired ordered selected contexts; excludes training-data/model-selection uncertainty
etth1_multi,new_vs_mlp,"[{""head"": ""history_dense_ae"", ""source"": ""white"", ""weight"": 1}, {""head"": ""mlp"", ""source"": ""white"", ""weight"": -1}]",history_dense_ae/white -mlp/white,joint_energy_scaled,64,8,circular_moving_block,0.06462277429867135,0.04615407955341863,0.08216675511279325,Fixed trained-model seed average; paired ordered selected contexts; excludes training-data/model-selection uncertainty
etth1_multi,new_vs_mlp,"[{""head"": ""history_topk_ae"", ""source"": ""white"", ""weight"": 1}, {""head"": ""mlp"", ""source"": ""white"", ""weight"": -1}]",history_topk_ae/white -mlp/white,fair_crps,64,4,circular_moving_block,0.10137844564908764,0.08571173092454984,0.11852788552233248,Fixed trained-model seed average; paired ordered selected contexts; excludes training-data/model-selection uncertainty
etth1_multi,new_vs_mlp,"[{""head"": ""history_topk_ae"", ""source"": ""white"", ""weight"": 1}, {""head"": ""mlp"", ""source"": ""white"", ""weight"": -1}]",history_topk_ae/white -mlp/white,fair_crps,64,8,circular_moving_block,0.10137844564908764,0.08385140331879402,0.11954885905417885,Fixed trained-model seed average; paired ordered selected contexts; excludes training-data/model-selection uncertainty
etth1_multi,new_vs_mlp,"[{""head"": ""history_topk_ae"", ""source"": ""white"", ""weight"": 1}, {""head"": ""mlp"", ""source"": ""white"", ""weight"": -1}]",history_topk_ae/white -mlp/white,joint_energy_scaled,64,4,circular_moving_block,0.12105718276738053,0.10068397932073406,0.14326793138534893,Fixed trained-model seed average; paired ordered selected contexts; excludes training-data/model-selection uncertainty
etth1_multi,new_vs_mlp,"[{""head"": ""history_topk_ae"", ""source"": ""white"", ""weight"": 1}, {""head"": ""mlp"", ""source"": ""white"", ""weight"": -1}]",history_topk_ae/white -mlp/white,joint_energy_scaled,64,8,circular_moving_block,0.12105718276738053,0.09862542231264212,0.14438126536401752,Fixed trained-model seed average; paired ordered selected contexts; excludes training-data/model-selection uncertainty
etth1_multi,new_vs_mlp,"[{""head"": ""history_conv_dense"", ""source"": ""white"", ""weight"": 1}, {""head"": ""mlp"", ""source"": ""white"", ""weight"": -1}]",history_conv_dense/white -mlp/white,fair_crps,64,4,circular_moving_block,0.029510984036769564,0.019715238917810553,0.03905481450897929,Fixed trained-model seed average; paired ordered selected contexts; excludes training-data/model-selection uncertainty
etth1_multi,new_vs_mlp,"[{""head"": ""history_conv_dense"", ""source"": ""white"", ""weight"": 1}, {""head"": ""mlp"", ""source"": ""white"", ""weight"": -1}]",history_conv_dense/white -mlp/white,fair_crps,64,8,circular_moving_block,0.029510984036769564,0.01721643627148251,0.04133665846891476,Fixed trained-model seed average; paired ordered selected contexts; excludes training-data/model-selection uncertainty
etth1_multi,new_vs_mlp,"[{""head"": ""history_conv_dense"", ""source"": ""white"", ""weight"": 1}, {""head"": ""mlp"", ""source"": ""white"", ""weight"": -1}]",history_conv_dense/white -mlp/white,joint_energy_scaled,64,4,circular_moving_block,0.03412591702134106,0.021423943780550105,0.046672034314779454,Fixed trained-model seed average; paired ordered selected contexts; excludes training-data/model-selection uncertainty
etth1_multi,new_vs_mlp,"[{""head"": ""history_conv_dense"", ""source"": ""white"", ""weight"": 1}, {""head"": ""mlp"", ""source"": ""white"", ""weight"": -1}]",history_conv_dense/white -mlp/white,joint_energy_scaled,64,8,circular_moving_block,0.03412591702134106,0.01809148492093873,0.049547086881932406,Fixed trained-model seed average; paired ordered selected contexts; excludes training-data/model-selection uncertainty
etth1_multi,new_vs_mlp,"[{""head"": ""history_conv_sparse"", ""source"": ""white"", ""weight"": 1}, {""head"": ""mlp"", ""source"": ""white"", ""weight"": -1}]",history_conv_sparse/white -mlp/white,fair_crps,64,4,circular_moving_block,0.03380303154382404,0.02346023540310336,0.04392878339950703,Fixed trained-model seed average; paired ordered selected contexts; excludes training-data/model-selection uncertainty
etth1_multi,new_vs_mlp,"[{""head"": ""history_conv_sparse"", ""source"": ""white"", ""weight"": 1}, {""head"": ""mlp"", ""source"": ""white"", ""weight"": -1}]",history_conv_sparse/white -mlp/white,fair_crps,64,8,circular_moving_block,0.03380303154382404,0.02062565206636461,0.046372966853796875,Fixed trained-model seed average; paired ordered selected contexts; excludes training-data/model-selection uncertainty
etth1_multi,new_vs_mlp,"[{""head"": ""history_conv_sparse"", ""source"": ""white"", ""weight"": 1}, {""head"": ""mlp"", ""source"": ""white"", ""weight"": -1}]",history_conv_sparse/white -mlp/white,joint_energy_scaled,64,4,circular_moving_block,0.038244864907167636,0.024955561716464188,0.05121416050021816,Fixed trained-model seed average; paired ordered selected contexts; excludes training-data/model-selection uncertainty
etth1_multi,new_vs_mlp,"[{""head"": ""history_conv_sparse"", ""source"": ""white"", ""weight"": 1}, {""head"": ""mlp"", ""source"": ""white"", ""weight"": -1}]",history_conv_sparse/white -mlp/white,joint_energy_scaled,64,8,circular_moving_block,0.038244864907167636,0.02127775501921953,0.054505946558781534,Fixed trained-model seed average; paired ordered selected contexts; excludes training-data/model-selection uncertainty
etth1_multi,new_vs_mlp,"[{""head"": ""dictionary_dense"", ""source"": ""white"", ""weight"": 1}, {""head"": ""mlp"", ""source"": ""white"", ""weight"": -1}]",dictionary_dense/white -mlp/white,fair_crps,64,4,circular_moving_block,0.03847134292525718,0.027976179727565643,0.0487718238728043,Fixed trained-model seed average; paired ordered selected contexts; excludes training-data/model-selection uncertainty
etth1_multi,new_vs_mlp,"[{""head"": ""dictionary_dense"", ""source"": ""white"", ""weight"": 1}, {""head"": ""mlp"", ""source"": ""white"", ""weight"": -1}]",dictionary_dense/white -mlp/white,fair_crps,64,8,circular_moving_block,0.03847134292525718,0.026948910795518703,0.04996996453322544,Fixed trained-model seed average; paired ordered selected contexts; excludes training-data/model-selection uncertainty
etth1_multi,new_vs_mlp,"[{""head"": ""dictionary_dense"", ""source"": ""white"", ""weight"": 1}, {""head"": ""mlp"", ""source"": ""white"", ""weight"": -1}]",dictionary_dense/white -mlp/white,joint_energy_scaled,64,4,circular_moving_block,0.05013531218124029,0.03559809697274019,0.0644078128405634,Fixed trained-model seed average; paired ordered selected contexts; excludes training-data/model-selection uncertainty
etth1_multi,new_vs_mlp,"[{""head"": ""dictionary_dense"", ""source"": ""white"", ""weight"": 1}, {""head"": ""mlp"", ""source"": ""white"", ""weight"": -1}]",dictionary_dense/white -mlp/white,joint_energy_scaled,64,8,circular_moving_block,0.05013531218124029,0.033387438512225476,0.06689862451278292,Fixed trained-model seed average; paired ordered selected contexts; excludes training-data/model-selection uncertainty
etth1_multi,new_vs_mlp,"[{""head"": ""dictionary_topk"", ""source"": ""white"", ""weight"": 1}, {""head"": ""mlp"", ""source"": ""white"", ""weight"": -1}]",dictionary_topk/white -mlp/white,fair_crps,64,4,circular_moving_block,0.11915702748944426,0.10203881325791346,0.13673594437903155,Fixed trained-model seed average; paired ordered selected contexts; excludes training-data/model-selection uncertainty
etth1_multi,new_vs_mlp,"[{""head"": ""dictionary_topk"", ""source"": ""white"", ""weight"": 1}, {""head"": ""mlp"", ""source"": ""white"", ""weight"": -1}]",dictionary_topk/white -mlp/white,fair_crps,64,8,circular_moving_block,0.11915702748944426,0.0994161934554428,0.13929479504210462,Fixed trained-model seed average; paired ordered selected contexts; excludes training-data/model-selection uncertainty
etth1_multi,new_vs_mlp,"[{""head"": ""dictionary_topk"", ""source"": ""white"", ""weight"": 1}, {""head"": ""mlp"", ""source"": ""white"", ""weight"": -1}]",dictionary_topk/white -mlp/white,joint_energy_scaled,64,4,circular_moving_block,0.13770667306312295,0.1163419029963446,0.15976809603774333,Fixed trained-model seed average; paired ordered selected contexts; excludes training-data/model-selection uncertainty
etth1_multi,new_vs_mlp,"[{""head"": ""dictionary_topk"", ""source"": ""white"", ""weight"": 1}, {""head"": ""mlp"", ""source"": ""white"", ""weight"": -1}]",dictionary_topk/white -mlp/white,joint_energy_scaled,64,8,circular_moving_block,0.13770667306312295,0.11393253036271002,0.16213142566863795,Fixed trained-model seed average; paired ordered selected contexts; excludes training-data/model-selection uncertainty
etth1_multi,new_vs_mlp,"[{""head"": ""unet_l0"", ""source"": ""white"", ""weight"": 1}, {""head"": ""mlp"", ""source"": ""white"", ""weight"": -1}]",unet_l0/white -mlp/white,fair_crps,64,4,circular_moving_block,0.09389337273591378,0.06272194986780222,0.125459803617222,Fixed trained-model seed average; paired ordered selected contexts; excludes training-data/model-selection uncertainty
etth1_multi,new_vs_mlp,"[{""head"": ""unet_l0"", ""source"": ""white"", ""weight"": 1}, {""head"": ""mlp"", ""source"": ""white"", ""weight"": -1}]",unet_l0/white -mlp/white,fair_crps,64,8,circular_moving_block,0.09389337273591378,0.05446736642461057,0.13394830157615464,Fixed trained-model seed average; paired ordered selected contexts; excludes training-data/model-selection uncertainty
etth1_multi,new_vs_mlp,"[{""head"": ""unet_l0"", ""source"": ""white"", ""weight"": 1}, {""head"": ""mlp"", ""source"": ""white"", ""weight"": -1}]",unet_l0/white -mlp/white,joint_energy_scaled,64,4,circular_moving_block,0.12882166984055632,0.0880900044551342,0.16994168157945172,Fixed trained-model seed average; paired ordered selected contexts; excludes training-data/model-selection uncertainty
etth1_multi,new_vs_mlp,"[{""head"": ""unet_l0"", ""source"": ""white"", ""weight"": 1}, {""head"": ""mlp"", ""source"": ""white"", ""weight"": -1}]",unet_l0/white -mlp/white,joint_energy_scaled,64,8,circular_moving_block,0.12882166984055632,0.07750705776249753,0.18099187929307384,Fixed trained-model seed average; paired ordered selected contexts; excludes training-data/model-selection uncertainty
etth1_multi,new_vs_mlp,"[{""head"": ""moe_dense"", ""source"": ""white"", ""weight"": 1}, {""head"": ""mlp"", ""source"": ""white"", ""weight"": -1}]",moe_dense/white -mlp/white,fair_crps,64,4,circular_moving_block,0.01487050092027577,0.003927076088233952,0.026306506675034334,Fixed trained-model seed average; paired ordered selected contexts; excludes training-data/model-selection uncertainty
etth1_multi,new_vs_mlp,"[{""head"": ""moe_dense"", ""source"": ""white"", ""weight"": 1}, {""head"": ""mlp"", ""source"": ""white"", ""weight"": -1}]",moe_dense/white -mlp/white,fair_crps,64,8,circular_moving_block,0.01487050092027577,0.0017971351314587545,0.028755549877008114,Fixed trained-model seed average; paired ordered selected contexts; excludes training-data/model-selection uncertainty
etth1_multi,new_vs_mlp,"[{""head"": ""moe_dense"", ""source"": ""white"", ""weight"": 1}, {""head"": ""mlp"", ""source"": ""white"", ""weight"": -1}]",moe_dense/white -mlp/white,joint_energy_scaled,64,4,circular_moving_block,0.01799927575880833,0.004865286912013418,0.031545275275370446,Fixed trained-model seed average; paired ordered selected contexts; excludes training-data/model-selection uncertainty
etth1_multi,new_vs_mlp,"[{""head"": ""moe_dense"", ""source"": ""white"", ""weight"": 1}, {""head"": ""mlp"", ""source"": ""white"", ""weight"": -1}]",moe_dense/white -mlp/white,joint_energy_scaled,64,8,circular_moving_block,0.01799927575880833,0.002557480692262508,0.0339835651400067,Fixed trained-model seed average; paired ordered selected contexts; excludes training-data/model-selection uncertainty
etth1_multi,new_vs_mlp,"[{""head"": ""moe_topk"", ""source"": ""white"", ""weight"": 1}, {""head"": ""mlp"", ""source"": ""white"", ""weight"": -1}]",moe_topk/white -mlp/white,fair_crps,64,4,circular_moving_block,0.04250134264982783,0.032057851528445244,0.05307999649830398,Fixed trained-model seed average; paired ordered selected contexts; excludes training-data/model-selection uncertainty
etth1_multi,new_vs_mlp,"[{""head"": ""moe_topk"", ""source"": ""white"", ""weight"": 1}, {""head"": ""mlp"", ""source"": ""white"", ""weight"": -1}]",moe_topk/white -mlp/white,fair_crps,64,8,circular_moving_block,0.04250134264982783,0.029996586480891308,0.05547209155672149,Fixed trained-model seed average; paired ordered selected contexts; excludes training-data/model-selection uncertainty
etth1_multi,new_vs_mlp,"[{""head"": ""moe_topk"", ""source"": ""white"", ""weight"": 1}, {""head"": ""mlp"", ""source"": ""white"", ""weight"": -1}]",moe_topk/white -mlp/white,joint_energy_scaled,64,4,circular_moving_block,0.051862283419665665,0.039136610410791944,0.0644040560878807,Fixed trained-model seed average; paired ordered selected contexts; excludes training-data/model-selection uncertainty
etth1_multi,new_vs_mlp,"[{""head"": ""moe_topk"", ""source"": ""white"", ""weight"": 1}, {""head"": ""mlp"", ""source"": ""white"", ""weight"": -1}]",moe_topk/white -mlp/white,joint_energy_scaled,64,8,circular_moving_block,0.051862283419665665,0.03739761336514323,0.06658332022549196,Fixed trained-model seed average; paired ordered selected contexts; excludes training-data/model-selection uncertainty
etth1_multi,sparse_vs_dense,"[{""head"": ""history_topk_ae"", ""source"": ""white"", ""weight"": 1}, {""head"": ""history_dense_ae"", ""source"": ""white"", ""weight"": -1}]",history_topk_ae/white -history_dense_ae/white,fair_crps,64,4,circular_moving_block,0.04639766776424287,0.035639414870851094,0.05742653966878099,Fixed trained-model seed average; paired ordered selected contexts; excludes training-data/model-selection uncertainty
etth1_multi,sparse_vs_dense,"[{""head"": ""history_topk_ae"", ""source"": ""white"", ""weight"": 1}, {""head"": ""history_dense_ae"", ""source"": ""white"", ""weight"": -1}]",history_topk_ae/white -history_dense_ae/white,fair_crps,64,8,circular_moving_block,0.04639766776424287,0.037343775462819605,0.05495814249036594,Fixed trained-model seed average; paired ordered selected contexts; excludes training-data/model-selection uncertainty
etth1_multi,sparse_vs_dense,"[{""head"": ""history_topk_ae"", ""source"": ""white"", ""weight"": 1}, {""head"": ""history_dense_ae"", ""source"": ""white"", ""weight"": -1}]",history_topk_ae/white -history_dense_ae/white,joint_energy_scaled,64,4,circular_moving_block,0.0564344084687092,0.04218764617169697,0.0706271595938486,Fixed trained-model seed average; paired ordered selected contexts; excludes training-data/model-selection uncertainty
etth1_multi,sparse_vs_dense,"[{""head"": ""history_topk_ae"", ""source"": ""white"", ""weight"": 1}, {""head"": ""history_dense_ae"", ""source"": ""white"", ""weight"": -1}]",history_topk_ae/white -history_dense_ae/white,joint_energy_scaled,64,8,circular_moving_block,0.0564344084687092,0.044403106894782864,0.06743858893159589,Fixed trained-model seed average; paired ordered selected contexts; excludes training-data/model-selection uncertainty
etth1_multi,sparse_vs_dense,"[{""head"": ""history_conv_sparse"", ""source"": ""white"", ""weight"": 1}, {""head"": ""history_conv_dense"", ""source"": ""white"", ""weight"": -1}]",history_conv_sparse/white -history_conv_dense/white,fair_crps,64,4,circular_moving_block,0.00429204750705448,0.0008853830059899278,0.0074022356589879814,Fixed trained-model seed average; paired ordered selected contexts; excludes training-data/model-selection uncertainty
etth1_multi,sparse_vs_dense,"[{""head"": ""history_conv_sparse"", ""source"": ""white"", ""weight"": 1}, {""head"": ""history_conv_dense"", ""source"": ""white"", ""weight"": -1}]",history_conv_sparse/white -history_conv_dense/white,fair_crps,64,8,circular_moving_block,0.00429204750705448,0.0008027191528284567,0.007522437495949133,Fixed trained-model seed average; paired ordered selected contexts; excludes training-data/model-selection uncertainty
etth1_multi,sparse_vs_dense,"[{""head"": ""history_conv_sparse"", ""source"": ""white"", ""weight"": 1}, {""head"": ""history_conv_dense"", ""source"": ""white"", ""weight"": -1}]",history_conv_sparse/white -history_conv_dense/white,joint_energy_scaled,64,4,circular_moving_block,0.004118947885826572,-0.0001861683348692076,0.008209091558523595,Fixed trained-model seed average; paired ordered selected contexts; excludes training-data/model-selection uncertainty
etth1_multi,sparse_vs_dense,"[{""head"": ""history_conv_sparse"", ""source"": ""white"", ""weight"": 1}, {""head"": ""history_conv_dense"", ""source"": ""white"", ""weight"": -1}]",history_conv_sparse/white -history_conv_dense/white,joint_energy_scaled,64,8,circular_moving_block,0.004118947885826572,-0.0001396854574175888,0.008143352270618947,Fixed trained-model seed average; paired ordered selected contexts; excludes training-data/model-selection uncertainty
etth1_multi,sparse_vs_dense,"[{""head"": ""dictionary_topk"", ""source"": ""white"", ""weight"": 1}, {""head"": ""dictionary_dense"", ""source"": ""white"", ""weight"": -1}]",dictionary_topk/white -dictionary_dense/white,fair_crps,64,4,circular_moving_block,0.08068568456418708,0.0713832293988422,0.0900273280194268,Fixed trained-model seed average; paired ordered selected contexts; excludes training-data/model-selection uncertainty
etth1_multi,sparse_vs_dense,"[{""head"": ""dictionary_topk"", ""source"": ""white"", ""weight"": 1}, {""head"": ""dictionary_dense"", ""source"": ""white"", ""weight"": -1}]",dictionary_topk/white -dictionary_dense/white,fair_crps,64,8,circular_moving_block,0.08068568456418708,0.07055991505744828,0.0913637752235658,Fixed trained-model seed average; paired ordered selected contexts; excludes training-data/model-selection uncertainty
etth1_multi,sparse_vs_dense,"[{""head"": ""dictionary_topk"", ""source"": ""white"", ""weight"": 1}, {""head"": ""dictionary_dense"", ""source"": ""white"", ""weight"": -1}]",dictionary_topk/white -dictionary_dense/white,joint_energy_scaled,64,4,circular_moving_block,0.08757136088188268,0.07666766165505684,0.09799915951058795,Fixed trained-model seed average; paired ordered selected contexts; excludes training-data/model-selection uncertainty
etth1_multi,sparse_vs_dense,"[{""head"": ""dictionary_topk"", ""source"": ""white"", ""weight"": 1}, {""head"": ""dictionary_dense"", ""source"": ""white"", ""weight"": -1}]",dictionary_topk/white -dictionary_dense/white,joint_energy_scaled,64,8,circular_moving_block,0.08757136088188268,0.07684052442553316,0.09828870337921122,Fixed trained-model seed average; paired ordered selected contexts; excludes training-data/model-selection uncertainty
etth1_multi,sparse_vs_dense,"[{""head"": ""moe_topk"", ""source"": ""white"", ""weight"": 1}, {""head"": ""moe_dense"", ""source"": ""white"", ""weight"": -1}]",moe_topk/white -moe_dense/white,fair_crps,64,4,circular_moving_block,0.027630841729552054,0.022634979089473484,0.03240359738666108,Fixed trained-model seed average; paired ordered selected contexts; excludes training-data/model-selection uncertainty
etth1_multi,sparse_vs_dense,"[{""head"": ""moe_topk"", ""source"": ""white"", ""weight"": 1}, {""head"": ""moe_dense"", ""source"": ""white"", ""weight"": -1}]",moe_topk/white -moe_dense/white,fair_crps,64,8,circular_moving_block,0.027630841729552054,0.022997144564156444,0.0322203203905544,Fixed trained-model seed average; paired ordered selected contexts; excludes training-data/model-selection uncertainty
etth1_multi,sparse_vs_dense,"[{""head"": ""moe_topk"", ""source"": ""white"", ""weight"": 1}, {""head"": ""moe_dense"", ""source"": ""white"", ""weight"": -1}]",moe_topk/white -moe_dense/white,joint_energy_scaled,64,4,circular_moving_block,0.03386300766085734,0.027081190946198853,0.040531748430570884,Fixed trained-model seed average; paired ordered selected contexts; excludes training-data/model-selection uncertainty
etth1_multi,sparse_vs_dense,"[{""head"": ""moe_topk"", ""source"": ""white"", ""weight"": 1}, {""head"": ""moe_dense"", ""source"": ""white"", ""weight"": -1}]",moe_topk/white -moe_dense/white,joint_energy_scaled,64,8,circular_moving_block,0.03386300766085734,0.027520256409644585,0.04013356079340042,Fixed trained-model seed average; paired ordered selected contexts; excludes training-data/model-selection uncertainty
etth1_multi,whitened_vs_balanced,"[{""head"": ""mlp_whitened"", ""source"": ""white"", ""weight"": 1}, {""head"": ""mlp_balanced"", ""source"": ""white"", ""weight"": -1}]",mlp_whitened/white -mlp_balanced/white,fair_crps,64,4,circular_moving_block,0.002754632768690121,-0.008600582974693046,0.01316324240661143,Fixed trained-model seed average; paired ordered selected contexts; excludes training-data/model-selection uncertainty
etth1_multi,whitened_vs_balanced,"[{""head"": ""mlp_whitened"", ""source"": ""white"", ""weight"": 1}, {""head"": ""mlp_balanced"", ""source"": ""white"", ""weight"": -1}]",mlp_whitened/white -mlp_balanced/white,fair_crps,64,8,circular_moving_block,0.002754632768690121,-0.01006452182930959,0.013389440599896954,Fixed trained-model seed average; paired ordered selected contexts; excludes training-data/model-selection uncertainty
etth1_multi,whitened_vs_balanced,"[{""head"": ""mlp_whitened"", ""source"": ""white"", ""weight"": 1}, {""head"": ""mlp_balanced"", ""source"": ""white"", ""weight"": -1}]",mlp_whitened/white -mlp_balanced/white,joint_energy_scaled,64,4,circular_moving_block,-0.013227744110020763,-0.02875913585486384,0.0024071170804312427,Fixed trained-model seed average; paired ordered selected contexts; excludes training-data/model-selection uncertainty
etth1_multi,whitened_vs_balanced,"[{""head"": ""mlp_whitened"", ""source"": ""white"", ""weight"": 1}, {""head"": ""mlp_balanced"", ""source"": ""white"", ""weight"": -1}]",mlp_whitened/white -mlp_balanced/white,joint_energy_scaled,64,8,circular_moving_block,-0.013227744110020763,-0.029239222424932106,0.002056992669334458,Fixed trained-model seed average; paired ordered selected contexts; excludes training-data/model-selection uncertainty
etth1_multi,l0_vs_unet,"[{""head"": ""unet_l0"", ""source"": ""white"", ""weight"": 1}, {""head"": ""unet"", ""source"": ""white"", ""weight"": -1}]",unet_l0/white -unet/white,fair_crps,64,4,circular_moving_block,0.07349701879156369,0.04751512510874181,0.10128303286271552,Fixed trained-model seed average; paired ordered selected contexts; excludes training-data/model-selection uncertainty
etth1_multi,l0_vs_unet,"[{""head"": ""unet_l0"", ""source"": ""white"", ""weight"": 1}, {""head"": ""unet"", ""source"": ""white"", ""weight"": -1}]",unet_l0/white -unet/white,fair_crps,64,8,circular_moving_block,0.07349701879156369,0.043517737905374165,0.10486328479998434,Fixed trained-model seed average; paired ordered selected contexts; excludes training-data/model-selection uncertainty
etth1_multi,l0_vs_unet,"[{""head"": ""unet_l0"", ""source"": ""white"", ""weight"": 1}, {""head"": ""unet"", ""source"": ""white"", ""weight"": -1}]",unet_l0/white -unet/white,joint_energy_scaled,64,4,circular_moving_block,0.05812319518466146,0.02238935643324462,0.0954671352083319,Fixed trained-model seed average; paired ordered selected contexts; excludes training-data/model-selection uncertainty
etth1_multi,l0_vs_unet,"[{""head"": ""unet_l0"", ""source"": ""white"", ""weight"": 1}, {""head"": ""unet"", ""source"": ""white"", ""weight"": -1}]",unet_l0/white -unet/white,joint_energy_scaled,64,8,circular_moving_block,0.05812319518466146,0.02078172280119181,0.09797404651202776,Fixed trained-model seed average; paired ordered selected contexts; excludes training-data/model-selection uncertainty
etth1_multi,new_vs_mlp,"[{""head"": ""mlp_whitened"", ""source"": ""gp"", ""weight"": 1}, {""head"": ""mlp"", ""source"": ""gp"", ""weight"": -1}]",mlp_whitened/gp -mlp/gp,fair_crps,64,4,circular_moving_block,0.15474535035660425,0.13982282871034268,0.16863882197623287,Fixed trained-model seed average; paired ordered selected contexts; excludes training-data/model-selection uncertainty
etth1_multi,new_vs_mlp,"[{""head"": ""mlp_whitened"", ""source"": ""gp"", ""weight"": 1}, {""head"": ""mlp"", ""source"": ""gp"", ""weight"": -1}]",mlp_whitened/gp -mlp/gp,fair_crps,64,8,circular_moving_block,0.15474535035660425,0.13956413525902814,0.16902225864861367,Fixed trained-model seed average; paired ordered selected contexts; excludes training-data/model-selection uncertainty
etth1_multi,new_vs_mlp,"[{""head"": ""mlp_whitened"", ""source"": ""gp"", ""weight"": 1}, {""head"": ""mlp"", ""source"": ""gp"", ""weight"": -1}]",mlp_whitened/gp -mlp/gp,joint_energy_scaled,64,4,circular_moving_block,0.16211047746875898,0.14264740863630662,0.17971034445624473,Fixed trained-model seed average; paired ordered selected contexts; excludes training-data/model-selection uncertainty
etth1_multi,new_vs_mlp,"[{""head"": ""mlp_whitened"", ""source"": ""gp"", ""weight"": 1}, {""head"": ""mlp"", ""source"": ""gp"", ""weight"": -1}]",mlp_whitened/gp -mlp/gp,joint_energy_scaled,64,8,circular_moving_block,0.16211047746875898,0.143198737881798,0.1790997761469381,Fixed trained-model seed average; paired ordered selected contexts; excludes training-data/model-selection uncertainty
etth1_multi,new_vs_mlp,"[{""head"": ""mlp_balanced"", ""source"": ""gp"", ""weight"": 1}, {""head"": ""mlp"", ""source"": ""gp"", ""weight"": -1}]",mlp_balanced/gp -mlp/gp,fair_crps,64,4,circular_moving_block,0.19895833850086858,0.18053564244766843,0.21568803972680547,Fixed trained-model seed average; paired ordered selected contexts; excludes training-data/model-selection uncertainty
etth1_multi,new_vs_mlp,"[{""head"": ""mlp_balanced"", ""source"": ""gp"", ""weight"": 1}, {""head"": ""mlp"", ""source"": ""gp"", ""weight"": -1}]",mlp_balanced/gp -mlp/gp,fair_crps,64,8,circular_moving_block,0.19895833850086858,0.18458292685498448,0.21206794423817912,Fixed trained-model seed average; paired ordered selected contexts; excludes training-data/model-selection uncertainty
etth1_multi,new_vs_mlp,"[{""head"": ""mlp_balanced"", ""source"": ""gp"", ""weight"": 1}, {""head"": ""mlp"", ""source"": ""gp"", ""weight"": -1}]",mlp_balanced/gp -mlp/gp,joint_energy_scaled,64,4,circular_moving_block,0.22805968010816513,0.2012487168401601,0.25304707806709514,Fixed trained-model seed average; paired ordered selected contexts; excludes training-data/model-selection uncertainty
etth1_multi,new_vs_mlp,"[{""head"": ""mlp_balanced"", ""source"": ""gp"", ""weight"": 1}, {""head"": ""mlp"", ""source"": ""gp"", ""weight"": -1}]",mlp_balanced/gp -mlp/gp,joint_energy_scaled,64,8,circular_moving_block,0.22805968010816513,0.2076803295979259,0.24670130136056329,Fixed trained-model seed average; paired ordered selected contexts; excludes training-data/model-selection uncertainty
etth1_multi,new_vs_mlp,"[{""head"": ""history_dense_ae"", ""source"": ""gp"", ""weight"": 1}, {""head"": ""mlp"", ""source"": ""gp"", ""weight"": -1}]",history_dense_ae/gp -mlp/gp,fair_crps,64,4,circular_moving_block,0.015754112109740058,0.007569812342350436,0.024845170999338514,Fixed trained-model seed average; paired ordered selected contexts; excludes training-data/model-selection uncertainty
etth1_multi,new_vs_mlp,"[{""head"": ""history_dense_ae"", ""source"": ""gp"", ""weight"": 1}, {""head"": ""mlp"", ""source"": ""gp"", ""weight"": -1}]",history_dense_ae/gp -mlp/gp,fair_crps,64,8,circular_moving_block,0.015754112109740058,0.006862933799640454,0.0264754777894044,Fixed trained-model seed average; paired ordered selected contexts; excludes training-data/model-selection uncertainty
etth1_multi,new_vs_mlp,"[{""head"": ""history_dense_ae"", ""source"": ""gp"", ""weight"": 1}, {""head"": ""mlp"", ""source"": ""gp"", ""weight"": -1}]",history_dense_ae/gp -mlp/gp,joint_energy_scaled,64,4,circular_moving_block,0.020388974902424053,0.009798009522200071,0.03138001077957951,Fixed trained-model seed average; paired ordered selected contexts; excludes training-data/model-selection uncertainty
etth1_multi,new_vs_mlp,"[{""head"": ""history_dense_ae"", ""source"": ""gp"", ""weight"": 1}, {""head"": ""mlp"", ""source"": ""gp"", ""weight"": -1}]",history_dense_ae/gp -mlp/gp,joint_energy_scaled,64,8,circular_moving_block,0.020388974902424053,0.00875566425232476,0.03352403488404946,Fixed trained-model seed average; paired ordered selected contexts; excludes training-data/model-selection uncertainty
etth1_multi,new_vs_mlp,"[{""head"": ""history_topk_ae"", ""source"": ""gp"", ""weight"": 1}, {""head"": ""mlp"", ""source"": ""gp"", ""weight"": -1}]",history_topk_ae/gp -mlp/gp,fair_crps,64,4,circular_moving_block,0.06133724504874204,0.04616649352305323,0.07552602662673505,Fixed trained-model seed average; paired ordered selected contexts; excludes training-data/model-selection uncertainty
etth1_multi,new_vs_mlp,"[{""head"": ""history_topk_ae"", ""source"": ""gp"", ""weight"": 1}, {""head"": ""mlp"", ""source"": ""gp"", ""weight"": -1}]",history_topk_ae/gp -mlp/gp,fair_crps,64,8,circular_moving_block,0.06133724504874204,0.04798115076707102,0.0742993836412133,Fixed trained-model seed average; paired ordered selected contexts; excludes training-data/model-selection uncertainty
etth1_multi,new_vs_mlp,"[{""head"": ""history_topk_ae"", ""source"": ""gp"", ""weight"": 1}, {""head"": ""mlp"", ""source"": ""gp"", ""weight"": -1}]",history_topk_ae/gp -mlp/gp,joint_energy_scaled,64,4,circular_moving_block,0.08662294452684952,0.061961472152919535,0.11032782772322325,Fixed trained-model seed average; paired ordered selected contexts; excludes training-data/model-selection uncertainty
etth1_multi,new_vs_mlp,"[{""head"": ""history_topk_ae"", ""source"": ""gp"", ""weight"": 1}, {""head"": ""mlp"", ""source"": ""gp"", ""weight"": -1}]",history_topk_ae/gp -mlp/gp,joint_energy_scaled,64,8,circular_moving_block,0.08662294452684952,0.06654613592402146,0.10763090924882444,Fixed trained-model seed average; paired ordered selected contexts; excludes training-data/model-selection uncertainty
etth1_multi,new_vs_mlp,"[{""head"": ""history_conv_dense"", ""source"": ""gp"", ""weight"": 1}, {""head"": ""mlp"", ""source"": ""gp"", ""weight"": -1}]",history_conv_dense/gp -mlp/gp,fair_crps,64,4,circular_moving_block,0.011176809002241338,0.0018916880356960866,0.02071509980685867,Fixed trained-model seed average; paired ordered selected contexts; excludes training-data/model-selection uncertainty
etth1_multi,new_vs_mlp,"[{""head"": ""history_conv_dense"", ""source"": ""gp"", ""weight"": 1}, {""head"": ""mlp"", ""source"": ""gp"", ""weight"": -1}]",history_conv_dense/gp -mlp/gp,fair_crps,64,8,circular_moving_block,0.011176809002241338,0.0021079085839791063,0.02132936787346437,Fixed trained-model seed average; paired ordered selected contexts; excludes training-data/model-selection uncertainty
etth1_multi,new_vs_mlp,"[{""head"": ""history_conv_dense"", ""source"": ""gp"", ""weight"": 1}, {""head"": ""mlp"", ""source"": ""gp"", ""weight"": -1}]",history_conv_dense/gp -mlp/gp,joint_energy_scaled,64,4,circular_moving_block,0.019800272382413137,0.006113532802145408,0.03389510585857428,Fixed trained-model seed average; paired ordered selected contexts; excludes training-data/model-selection uncertainty
etth1_multi,new_vs_mlp,"[{""head"": ""history_conv_dense"", ""source"": ""gp"", ""weight"": 1}, {""head"": ""mlp"", ""source"": ""gp"", ""weight"": -1}]",history_conv_dense/gp -mlp/gp,joint_energy_scaled,64,8,circular_moving_block,0.019800272382413137,0.006748175771456001,0.03384791228019847,Fixed trained-model seed average; paired ordered selected contexts; excludes training-data/model-selection uncertainty
etth1_multi,new_vs_mlp,"[{""head"": ""history_conv_sparse"", ""source"": ""gp"", ""weight"": 1}, {""head"": ""mlp"", ""source"": ""gp"", ""weight"": -1}]",history_conv_sparse/gp -mlp/gp,fair_crps,64,4,circular_moving_block,0.011268325536878794,0.001404557219952307,0.02132838100777915,Fixed trained-model seed average; paired ordered selected contexts; excludes training-data/model-selection uncertainty
etth1_multi,new_vs_mlp,"[{""head"": ""history_conv_sparse"", ""source"": ""gp"", ""weight"": 1}, {""head"": ""mlp"", ""source"": ""gp"", ""weight"": -1}]",history_conv_sparse/gp -mlp/gp,fair_crps,64,8,circular_moving_block,0.011268325536878794,0.002274706486319847,0.021354370748879973,Fixed trained-model seed average; paired ordered selected contexts; excludes training-data/model-selection uncertainty
etth1_multi,new_vs_mlp,"[{""head"": ""history_conv_sparse"", ""source"": ""gp"", ""weight"": 1}, {""head"": ""mlp"", ""source"": ""gp"", ""weight"": -1}]",history_conv_sparse/gp -mlp/gp,joint_energy_scaled,64,4,circular_moving_block,0.02300528717795046,0.007873629935126343,0.03868866264193911,Fixed trained-model seed average; paired ordered selected contexts; excludes training-data/model-selection uncertainty
etth1_multi,new_vs_mlp,"[{""head"": ""history_conv_sparse"", ""source"": ""gp"", ""weight"": 1}, {""head"": ""mlp"", ""source"": ""gp"", ""weight"": -1}]",history_conv_sparse/gp -mlp/gp,joint_energy_scaled,64,8,circular_moving_block,0.02300528717795046,0.009222521551183416,0.03832475314004951,Fixed trained-model seed average; paired ordered selected contexts; excludes training-data/model-selection uncertainty
etth1_multi,new_vs_mlp,"[{""head"": ""dictionary_dense"", ""source"": ""gp"", ""weight"": 1}, {""head"": ""mlp"", ""source"": ""gp"", ""weight"": -1}]",dictionary_dense/gp -mlp/gp,fair_crps,64,4,circular_moving_block,0.036563095021659595,0.022445211548337674,0.05024524548709272,Fixed trained-model seed average; paired ordered selected contexts; excludes training-data/model-selection uncertainty
etth1_multi,new_vs_mlp,"[{""head"": ""dictionary_dense"", ""source"": ""gp"", ""weight"": 1}, {""head"": ""mlp"", ""source"": ""gp"", ""weight"": -1}]",dictionary_dense/gp -mlp/gp,fair_crps,64,8,circular_moving_block,0.036563095021659595,0.02412321386486672,0.04927363150431137,Fixed trained-model seed average; paired ordered selected contexts; excludes training-data/model-selection uncertainty
etth1_multi,new_vs_mlp,"[{""head"": ""dictionary_dense"", ""source"": ""gp"", ""weight"": 1}, {""head"": ""mlp"", ""source"": ""gp"", ""weight"": -1}]",dictionary_dense/gp -mlp/gp,joint_energy_scaled,64,4,circular_moving_block,0.05060220315737501,0.03185970223097512,0.0688556385260216,Fixed trained-model seed average; paired ordered selected contexts; excludes training-data/model-selection uncertainty
etth1_multi,new_vs_mlp,"[{""head"": ""dictionary_dense"", ""source"": ""gp"", ""weight"": 1}, {""head"": ""mlp"", ""source"": ""gp"", ""weight"": -1}]",dictionary_dense/gp -mlp/gp,joint_energy_scaled,64,8,circular_moving_block,0.05060220315737501,0.03494923190231487,0.06598366945240305,Fixed trained-model seed average; paired ordered selected contexts; excludes training-data/model-selection uncertainty
etth1_multi,new_vs_mlp,"[{""head"": ""dictionary_topk"", ""source"": ""gp"", ""weight"": 1}, {""head"": ""mlp"", ""source"": ""gp"", ""weight"": -1}]",dictionary_topk/gp -mlp/gp,fair_crps,64,4,circular_moving_block,0.10387471402553297,0.08282314253492105,0.1241765204189996,Fixed trained-model seed average; paired ordered selected contexts; excludes training-data/model-selection uncertainty
etth1_multi,new_vs_mlp,"[{""head"": ""dictionary_topk"", ""source"": ""gp"", ""weight"": 1}, {""head"": ""mlp"", ""source"": ""gp"", ""weight"": -1}]",dictionary_topk/gp -mlp/gp,fair_crps,64,8,circular_moving_block,0.10387471402553297,0.084917638411604,0.12277355468619362,Fixed trained-model seed average; paired ordered selected contexts; excludes training-data/model-selection uncertainty
etth1_multi,new_vs_mlp,"[{""head"": ""dictionary_topk"", ""source"": ""gp"", ""weight"": 1}, {""head"": ""mlp"", ""source"": ""gp"", ""weight"": -1}]",dictionary_topk/gp -mlp/gp,joint_energy_scaled,64,4,circular_moving_block,0.11131384473257182,0.08563037077716983,0.13590503162857365,Fixed trained-model seed average; paired ordered selected contexts; excludes training-data/model-selection uncertainty
etth1_multi,new_vs_mlp,"[{""head"": ""dictionary_topk"", ""source"": ""gp"", ""weight"": 1}, {""head"": ""mlp"", ""source"": ""gp"", ""weight"": -1}]",dictionary_topk/gp -mlp/gp,joint_energy_scaled,64,8,circular_moving_block,0.11131384473257182,0.08636990205825956,0.13501302004668167,Fixed trained-model seed average; paired ordered selected contexts; excludes training-data/model-selection uncertainty
etth1_multi,new_vs_mlp,"[{""head"": ""unet_l0"", ""source"": ""gp"", ""weight"": 1}, {""head"": ""mlp"", ""source"": ""gp"", ""weight"": -1}]",unet_l0/gp -mlp/gp,fair_crps,64,4,circular_moving_block,0.13744220265598867,0.11346948458578666,0.16230583290398218,Fixed trained-model seed average; paired ordered selected contexts; excludes training-data/model-selection uncertainty
etth1_multi,new_vs_mlp,"[{""head"": ""unet_l0"", ""source"": ""gp"", ""weight"": 1}, {""head"": ""mlp"", ""source"": ""gp"", ""weight"": -1}]",unet_l0/gp -mlp/gp,fair_crps,64,8,circular_moving_block,0.13744220265598867,0.11023189237653581,0.16673655844432964,Fixed trained-model seed average; paired ordered selected contexts; excludes training-data/model-selection uncertainty
etth1_multi,new_vs_mlp,"[{""head"": ""unet_l0"", ""source"": ""gp"", ""weight"": 1}, {""head"": ""mlp"", ""source"": ""gp"", ""weight"": -1}]",unet_l0/gp -mlp/gp,joint_energy_scaled,64,4,circular_moving_block,0.16480477823039325,0.1353865343519369,0.19512027802723766,Fixed trained-model seed average; paired ordered selected contexts; excludes training-data/model-selection uncertainty
etth1_multi,new_vs_mlp,"[{""head"": ""unet_l0"", ""source"": ""gp"", ""weight"": 1}, {""head"": ""mlp"", ""source"": ""gp"", ""weight"": -1}]",unet_l0/gp -mlp/gp,joint_energy_scaled,64,8,circular_moving_block,0.16480477823039325,0.131258640298704,0.20106637073551495,Fixed trained-model seed average; paired ordered selected contexts; excludes training-data/model-selection uncertainty
etth1_multi,new_vs_mlp,"[{""head"": ""moe_dense"", ""source"": ""gp"", ""weight"": 1}, {""head"": ""mlp"", ""source"": ""gp"", ""weight"": -1}]",moe_dense/gp -mlp/gp,fair_crps,64,4,circular_moving_block,-0.018410916559192823,-0.024357471177219283,-0.012968717138846076,Fixed trained-model seed average; paired ordered selected contexts; excludes training-data/model-selection uncertainty
etth1_multi,new_vs_mlp,"[{""head"": ""moe_dense"", ""source"": ""gp"", ""weight"": 1}, {""head"": ""mlp"", ""source"": ""gp"", ""weight"": -1}]",moe_dense/gp -mlp/gp,fair_crps,64,8,circular_moving_block,-0.018410916559192823,-0.02317630615815273,-0.013666652875579062,Fixed trained-model seed average; paired ordered selected contexts; excludes training-data/model-selection uncertainty
etth1_multi,new_vs_mlp,"[{""head"": ""moe_dense"", ""source"": ""gp"", ""weight"": 1}, {""head"": ""mlp"", ""source"": ""gp"", ""weight"": -1}]",moe_dense/gp -mlp/gp,joint_energy_scaled,64,4,circular_moving_block,-0.016597871336067965,-0.026200909653470373,-0.00769740064914473,Fixed trained-model seed average; paired ordered selected contexts; excludes training-data/model-selection uncertainty
etth1_multi,new_vs_mlp,"[{""head"": ""moe_dense"", ""source"": ""gp"", ""weight"": 1}, {""head"": ""mlp"", ""source"": ""gp"", ""weight"": -1}]",moe_dense/gp -mlp/gp,joint_energy_scaled,64,8,circular_moving_block,-0.016597871336067965,-0.02382090882540708,-0.008833069830449545,Fixed trained-model seed average; paired ordered selected contexts; excludes training-data/model-selection uncertainty
etth1_multi,new_vs_mlp,"[{""head"": ""moe_topk"", ""source"": ""gp"", ""weight"": 1}, {""head"": ""mlp"", ""source"": ""gp"", ""weight"": -1}]",moe_topk/gp -mlp/gp,fair_crps,64,4,circular_moving_block,-0.034953480821404995,-0.042277193688690234,-0.027676669675716078,Fixed trained-model seed average; paired ordered selected contexts; excludes training-data/model-selection uncertainty
etth1_multi,new_vs_mlp,"[{""head"": ""moe_topk"", ""source"": ""gp"", ""weight"": 1}, {""head"": ""mlp"", ""source"": ""gp"", ""weight"": -1}]",moe_topk/gp -mlp/gp,fair_crps,64,8,circular_moving_block,-0.034953480821404995,-0.04259681800779184,-0.0277026800660657,Fixed trained-model seed average; paired ordered selected contexts; excludes training-data/model-selection uncertainty
etth1_multi,new_vs_mlp,"[{""head"": ""moe_topk"", ""source"": ""gp"", ""weight"": 1}, {""head"": ""mlp"", ""source"": ""gp"", ""weight"": -1}]",moe_topk/gp -mlp/gp,joint_energy_scaled,64,4,circular_moving_block,-0.03870267361090913,-0.04814998330790733,-0.029278209646271036,Fixed trained-model seed average; paired ordered selected contexts; excludes training-data/model-selection uncertainty
etth1_multi,new_vs_mlp,"[{""head"": ""moe_topk"", ""source"": ""gp"", ""weight"": 1}, {""head"": ""mlp"", ""source"": ""gp"", ""weight"": -1}]",moe_topk/gp -mlp/gp,joint_energy_scaled,64,8,circular_moving_block,-0.03870267361090913,-0.04854190422726326,-0.029551171835506197,Fixed trained-model seed average; paired ordered selected contexts; excludes training-data/model-selection uncertainty
etth1_multi,sparse_vs_dense,"[{""head"": ""history_topk_ae"", ""source"": ""gp"", ""weight"": 1}, {""head"": ""history_dense_ae"", ""source"": ""gp"", ""weight"": -1}]",history_topk_ae/gp -history_dense_ae/gp,fair_crps,64,4,circular_moving_block,0.045583132939001986,0.0331225602744275,0.057656712008095454,Fixed trained-model seed average; paired ordered selected contexts; excludes training-data/model-selection uncertainty
etth1_multi,sparse_vs_dense,"[{""head"": ""history_topk_ae"", ""source"": ""gp"", ""weight"": 1}, {""head"": ""history_dense_ae"", ""source"": ""gp"", ""weight"": -1}]",history_topk_ae/gp -history_dense_ae/gp,fair_crps,64,8,circular_moving_block,0.045583132939001986,0.033421179730975414,0.05750675918530317,Fixed trained-model seed average; paired ordered selected contexts; excludes training-data/model-selection uncertainty
etth1_multi,sparse_vs_dense,"[{""head"": ""history_topk_ae"", ""source"": ""gp"", ""weight"": 1}, {""head"": ""history_dense_ae"", ""source"": ""gp"", ""weight"": -1}]",history_topk_ae/gp -history_dense_ae/gp,joint_energy_scaled,64,4,circular_moving_block,0.06623396962442546,0.04688648671401431,0.08443708207875791,Fixed trained-model seed average; paired ordered selected contexts; excludes training-data/model-selection uncertainty
etth1_multi,sparse_vs_dense,"[{""head"": ""history_topk_ae"", ""source"": ""gp"", ""weight"": 1}, {""head"": ""history_dense_ae"", ""source"": ""gp"", ""weight"": -1}]",history_topk_ae/gp -history_dense_ae/gp,joint_energy_scaled,64,8,circular_moving_block,0.06623396962442546,0.04972921651824744,0.0812777923356116,Fixed trained-model seed average; paired ordered selected contexts; excludes training-data/model-selection uncertainty
etth1_multi,sparse_vs_dense,"[{""head"": ""history_conv_sparse"", ""source"": ""gp"", ""weight"": 1}, {""head"": ""history_conv_dense"", ""source"": ""gp"", ""weight"": -1}]",history_conv_sparse/gp -history_conv_dense/gp,fair_crps,64,4,circular_moving_block,9.151653463745522e-05,-0.0016789579048624096,0.0017446361961399005,Fixed trained-model seed average; paired ordered selected contexts; excludes training-data/model-selection uncertainty
etth1_multi,sparse_vs_dense,"[{""head"": ""history_conv_sparse"", ""source"": ""gp"", ""weight"": 1}, {""head"": ""history_conv_dense"", ""source"": ""gp"", ""weight"": -1}]",history_conv_sparse/gp -history_conv_dense/gp,fair_crps,64,8,circular_moving_block,9.151653463745522e-05,-0.0015060095120511573,0.0015884930914770385,Fixed trained-model seed average; paired ordered selected contexts; excludes training-data/model-selection uncertainty
etth1_multi,sparse_vs_dense,"[{""head"": ""history_conv_sparse"", ""source"": ""gp"", ""weight"": 1}, {""head"": ""history_conv_dense"", ""source"": ""gp"", ""weight"": -1}]",history_conv_sparse/gp -history_conv_dense/gp,joint_energy_scaled,64,4,circular_moving_block,0.003205014795537317,0.0007606684003778378,0.005658053252728092,Fixed trained-model seed average; paired ordered selected contexts; excludes training-data/model-selection uncertainty
etth1_multi,sparse_vs_dense,"[{""head"": ""history_conv_sparse"", ""source"": ""gp"", ""weight"": 1}, {""head"": ""history_conv_dense"", ""source"": ""gp"", ""weight"": -1}]",history_conv_sparse/gp -history_conv_dense/gp,joint_energy_scaled,64,8,circular_moving_block,0.003205014795537317,0.0012496895031944562,0.005101683111132019,Fixed trained-model seed average; paired ordered selected contexts; excludes training-data/model-selection uncertainty
etth1_multi,sparse_vs_dense,"[{""head"": ""dictionary_topk"", ""source"": ""gp"", ""weight"": 1}, {""head"": ""dictionary_dense"", ""source"": ""gp"", ""weight"": -1}]",dictionary_topk/gp -dictionary_dense/gp,fair_crps,64,4,circular_moving_block,0.06731161900387338,0.05055890181980356,0.08352902367551807,Fixed trained-model seed average; paired ordered selected contexts; excludes training-data/model-selection uncertainty
etth1_multi,sparse_vs_dense,"[{""head"": ""dictionary_topk"", ""source"": ""gp"", ""weight"": 1}, {""head"": ""dictionary_dense"", ""source"": ""gp"", ""weight"": -1}]",dictionary_topk/gp -dictionary_dense/gp,fair_crps,64,8,circular_moving_block,0.06731161900387338,0.04882680355236946,0.08526985805322973,Fixed trained-model seed average; paired ordered selected contexts; excludes training-data/model-selection uncertainty
etth1_multi,sparse_vs_dense,"[{""head"": ""dictionary_topk"", ""source"": ""gp"", ""weight"": 1}, {""head"": ""dictionary_dense"", ""source"": ""gp"", ""weight"": -1}]",dictionary_topk/gp -dictionary_dense/gp,joint_energy_scaled,64,4,circular_moving_block,0.06071164157519681,0.04062650733059717,0.07957235807042816,Fixed trained-model seed average; paired ordered selected contexts; excludes training-data/model-selection uncertainty
etth1_multi,sparse_vs_dense,"[{""head"": ""dictionary_topk"", ""source"": ""gp"", ""weight"": 1}, {""head"": ""dictionary_dense"", ""source"": ""gp"", ""weight"": -1}]",dictionary_topk/gp -dictionary_dense/gp,joint_energy_scaled,64,8,circular_moving_block,0.06071164157519681,0.03752295958168976,0.0821195346221185,Fixed trained-model seed average; paired ordered selected contexts; excludes training-data/model-selection uncertainty
etth1_multi,sparse_vs_dense,"[{""head"": ""moe_topk"", ""source"": ""gp"", ""weight"": 1}, {""head"": ""moe_dense"", ""source"": ""gp"", ""weight"": -1}]",moe_topk/gp -moe_dense/gp,fair_crps,64,4,circular_moving_block,-0.016542564262212175,-0.022764402187423732,-0.010838095400539188,Fixed trained-model seed average; paired ordered selected contexts; excludes training-data/model-selection uncertainty
etth1_multi,sparse_vs_dense,"[{""head"": ""moe_topk"", ""source"": ""gp"", ""weight"": 1}, {""head"": ""moe_dense"", ""source"": ""gp"", ""weight"": -1}]",moe_topk/gp -moe_dense/gp,fair_crps,64,8,circular_moving_block,-0.016542564262212175,-0.022861264594025616,-0.01086974185819562,Fixed trained-model seed average; paired ordered selected contexts; excludes training-data/model-selection uncertainty
etth1_multi,sparse_vs_dense,"[{""head"": ""moe_topk"", ""source"": ""gp"", ""weight"": 1}, {""head"": ""moe_dense"", ""source"": ""gp"", ""weight"": -1}]",moe_topk/gp -moe_dense/gp,joint_energy_scaled,64,4,circular_moving_block,-0.022104802274841164,-0.03166227592577496,-0.012892943295179867,Fixed trained-model seed average; paired ordered selected contexts; excludes training-data/model-selection uncertainty
etth1_multi,sparse_vs_dense,"[{""head"": ""moe_topk"", ""source"": ""gp"", ""weight"": 1}, {""head"": ""moe_dense"", ""source"": ""gp"", ""weight"": -1}]",moe_topk/gp -moe_dense/gp,joint_energy_scaled,64,8,circular_moving_block,-0.022104802274841164,-0.031918150317506916,-0.01330738986690141,Fixed trained-model seed average; paired ordered selected contexts; excludes training-data/model-selection uncertainty
etth1_multi,whitened_vs_balanced,"[{""head"": ""mlp_whitened"", ""source"": ""gp"", ""weight"": 1}, {""head"": ""mlp_balanced"", ""source"": ""gp"", ""weight"": -1}]",mlp_whitened/gp -mlp_balanced/gp,fair_crps,64,4,circular_moving_block,-0.044212988144264345,-0.055055654025065,-0.03250153232519583,Fixed trained-model seed average; paired ordered selected contexts; excludes training-data/model-selection uncertainty
etth1_multi,whitened_vs_balanced,"[{""head"": ""mlp_whitened"", ""source"": ""gp"", ""weight"": 1}, {""head"": ""mlp_balanced"", ""source"": ""gp"", ""weight"": -1}]",mlp_whitened/gp -mlp_balanced/gp,fair_crps,64,8,circular_moving_block,-0.044212988144264345,-0.055542462202639926,-0.03232794503595324,Fixed trained-model seed average; paired ordered selected contexts; excludes training-data/model-selection uncertainty
etth1_multi,whitened_vs_balanced,"[{""head"": ""mlp_whitened"", ""source"": ""gp"", ""weight"": 1}, {""head"": ""mlp_balanced"", ""source"": ""gp"", ""weight"": -1}]",mlp_whitened/gp -mlp_balanced/gp,joint_energy_scaled,64,4,circular_moving_block,-0.06594920263940615,-0.08171180330296475,-0.049592617097555504,Fixed trained-model seed average; paired ordered selected contexts; excludes training-data/model-selection uncertainty
etth1_multi,whitened_vs_balanced,"[{""head"": ""mlp_whitened"", ""source"": ""gp"", ""weight"": 1}, {""head"": ""mlp_balanced"", ""source"": ""gp"", ""weight"": -1}]",mlp_whitened/gp -mlp_balanced/gp,joint_energy_scaled,64,8,circular_moving_block,-0.06594920263940615,-0.08157161782407854,-0.05047536937988662,Fixed trained-model seed average; paired ordered selected contexts; excludes training-data/model-selection uncertainty
etth1_multi,l0_vs_unet,"[{""head"": ""unet_l0"", ""source"": ""gp"", ""weight"": 1}, {""head"": ""unet"", ""source"": ""gp"", ""weight"": -1}]",unet_l0/gp -unet/gp,fair_crps,64,4,circular_moving_block,0.07427434265961566,0.04797344281748209,0.10017531465001146,Fixed trained-model seed average; paired ordered selected contexts; excludes training-data/model-selection uncertainty
etth1_multi,l0_vs_unet,"[{""head"": ""unet_l0"", ""source"": ""gp"", ""weight"": 1}, {""head"": ""unet"", ""source"": ""gp"", ""weight"": -1}]",unet_l0/gp -unet/gp,fair_crps,64,8,circular_moving_block,0.07427434265961566,0.041579550503947536,0.10606090171298885,Fixed trained-model seed average; paired ordered selected contexts; excludes training-data/model-selection uncertainty
etth1_multi,l0_vs_unet,"[{""head"": ""unet_l0"", ""source"": ""gp"", ""weight"": 1}, {""head"": ""unet"", ""source"": ""gp"", ""weight"": -1}]",unet_l0/gp -unet/gp,joint_energy_scaled,64,4,circular_moving_block,0.05316536530767408,0.01262166641544331,0.09329971953340331,Fixed trained-model seed average; paired ordered selected contexts; excludes training-data/model-selection uncertainty
etth1_multi,l0_vs_unet,"[{""head"": ""unet_l0"", ""source"": ""gp"", ""weight"": 1}, {""head"": ""unet"", ""source"": ""gp"", ""weight"": -1}]",unet_l0/gp -unet/gp,joint_energy_scaled,64,8,circular_moving_block,0.05316536530767408,0.007281993141358092,0.09890376919957566,Fixed trained-model seed average; paired ordered selected contexts; excludes training-data/model-selection uncertainty
etth1_multi,gp_vs_white,"[{""head"": ""mlp"", ""source"": ""gp"", ""weight"": 1}, {""head"": ""mlp"", ""source"": ""white"", ""weight"": -1}]",mlp/gp -mlp/white,fair_crps,64,4,circular_moving_block,0.012905737451862376,-0.0029940442061696057,0.02878462704381929,Fixed trained-model seed average; paired ordered selected contexts; excludes training-data/model-selection uncertainty
etth1_multi,gp_vs_white,"[{""head"": ""mlp"", ""source"": ""gp"", ""weight"": 1}, {""head"": ""mlp"", ""source"": ""white"", ""weight"": -1}]",mlp/gp -mlp/white,fair_crps,64,8,circular_moving_block,0.012905737451862376,-0.006382519066487422,0.03138405430393084,Fixed trained-model seed average; paired ordered selected contexts; excludes training-data/model-selection uncertainty
etth1_multi,gp_vs_white,"[{""head"": ""mlp"", ""source"": ""gp"", ""weight"": 1}, {""head"": ""mlp"", ""source"": ""white"", ""weight"": -1}]",mlp/gp -mlp/white,joint_energy_scaled,64,4,circular_moving_block,0.03731279823407119,0.015796230231045573,0.05824834722529783,Fixed trained-model seed average; paired ordered selected contexts; excludes training-data/model-selection uncertainty
etth1_multi,gp_vs_white,"[{""head"": ""mlp"", ""source"": ""gp"", ""weight"": 1}, {""head"": ""mlp"", ""source"": ""white"", ""weight"": -1}]",mlp/gp -mlp/white,joint_energy_scaled,64,8,circular_moving_block,0.03731279823407119,0.013323339459542564,0.059863637952348635,Fixed trained-model seed average; paired ordered selected contexts; excludes training-data/model-selection uncertainty
etth1_multi,gp_vs_white,"[{""head"": ""mlp_balanced"", ""source"": ""gp"", ""weight"": 1}, {""head"": ""mlp_balanced"", ""source"": ""white"", ""weight"": -1}]",mlp_balanced/gp -mlp_balanced/white,fair_crps,64,4,circular_moving_block,0.04994823919319709,0.039084198562863666,0.060488566125494726,Fixed trained-model seed average; paired ordered selected contexts; excludes training-data/model-selection uncertainty
etth1_multi,gp_vs_white,"[{""head"": ""mlp_balanced"", ""source"": ""gp"", ""weight"": 1}, {""head"": ""mlp_balanced"", ""source"": ""white"", ""weight"": -1}]",mlp_balanced/gp -mlp_balanced/white,fair_crps,64,8,circular_moving_block,0.04994823919319709,0.03624606632799315,0.06287548908398627,Fixed trained-model seed average; paired ordered selected contexts; excludes training-data/model-selection uncertainty
etth1_multi,gp_vs_white,"[{""head"": ""mlp_balanced"", ""source"": ""gp"", ""weight"": 1}, {""head"": ""mlp_balanced"", ""source"": ""white"", ""weight"": -1}]",mlp_balanced/gp -mlp_balanced/white,joint_energy_scaled,64,4,circular_moving_block,0.049617400086246544,0.03873472926282856,0.06038018971931835,Fixed trained-model seed average; paired ordered selected contexts; excludes training-data/model-selection uncertainty
etth1_multi,gp_vs_white,"[{""head"": ""mlp_balanced"", ""source"": ""gp"", ""weight"": 1}, {""head"": ""mlp_balanced"", ""source"": ""white"", ""weight"": -1}]",mlp_balanced/gp -mlp_balanced/white,joint_energy_scaled,64,8,circular_moving_block,0.049617400086246544,0.03722054766480483,0.06190561958391028,Fixed trained-model seed average; paired ordered selected contexts; excludes training-data/model-selection uncertainty
etth1_multi,source_head_interaction,"[{""head"": ""mlp_balanced"", ""source"": ""gp"", ""weight"": 1}, {""head"": ""mlp"", ""source"": ""gp"", ""weight"": -1}, {""head"": ""mlp_balanced"", ""source"": ""white"", ""weight"": -1}, {""head"": ""mlp"", ""source"": ""white"", ""weight"": 1}]",mlp_balanced/gp -mlp/gp -mlp_balanced/white +mlp/white,fair_crps,64,4,circular_moving_block,0.037042501741334714,0.014391146270890286,0.05989652280650023,Fixed trained-model seed average; paired ordered selected contexts; excludes training-data/model-selection uncertainty
etth1_multi,source_head_interaction,"[{""head"": ""mlp_balanced"", ""source"": ""gp"", ""weight"": 1}, {""head"": ""mlp"", ""source"": ""gp"", ""weight"": -1}, {""head"": ""mlp_balanced"", ""source"": ""white"", ""weight"": -1}, {""head"": ""mlp"", ""source"": ""white"", ""weight"": 1}]",mlp_balanced/gp -mlp/gp -mlp_balanced/white +mlp/white,fair_crps,64,8,circular_moving_block,0.037042501741334714,0.008910986008277421,0.0657912730328382,Fixed trained-model seed average; paired ordered selected contexts; excludes training-data/model-selection uncertainty
etth1_multi,source_head_interaction,"[{""head"": ""mlp_balanced"", ""source"": ""gp"", ""weight"": 1}, {""head"": ""mlp"", ""source"": ""gp"", ""weight"": -1}, {""head"": ""mlp_balanced"", ""source"": ""white"", ""weight"": -1}, {""head"": ""mlp"", ""source"": ""white"", ""weight"": 1}]",mlp_balanced/gp -mlp/gp -mlp_balanced/white +mlp/white,joint_energy_scaled,64,4,circular_moving_block,0.01230460185217536,-0.014177435842393438,0.03860099795269326,Fixed trained-model seed average; paired ordered selected contexts; excludes training-data/model-selection uncertainty
etth1_multi,source_head_interaction,"[{""head"": ""mlp_balanced"", ""source"": ""gp"", ""weight"": 1}, {""head"": ""mlp"", ""source"": ""gp"", ""weight"": -1}, {""head"": ""mlp_balanced"", ""source"": ""white"", ""weight"": -1}, {""head"": ""mlp"", ""source"": ""white"", ""weight"": 1}]",mlp_balanced/gp -mlp/gp -mlp_balanced/white +mlp/white,joint_energy_scaled,64,8,circular_moving_block,0.01230460185217536,-0.01760019033191823,0.04258337482754856,Fixed trained-model seed average; paired ordered selected contexts; excludes training-data/model-selection uncertainty
etth1_multi,gp_vs_white,"[{""head"": ""mlp_whitened"", ""source"": ""gp"", ""weight"": 1}, {""head"": ""mlp_whitened"", ""source"": ""white"", ""weight"": -1}]",mlp_whitened/gp -mlp_whitened/white,fair_crps,64,4,circular_moving_block,0.002980618280242625,-0.006657740434809729,0.012940875932375544,Fixed trained-model seed average; paired ordered selected contexts; excludes training-data/model-selection uncertainty
etth1_multi,gp_vs_white,"[{""head"": ""mlp_whitened"", ""source"": ""gp"", ""weight"": 1}, {""head"": ""mlp_whitened"", ""source"": ""white"", ""weight"": -1}]",mlp_whitened/gp -mlp_whitened/white,fair_crps,64,8,circular_moving_block,0.002980618280242625,-0.006365281521225342,0.012757689329522863,Fixed trained-model seed average; paired ordered selected contexts; excludes training-data/model-selection uncertainty
etth1_multi,gp_vs_white,"[{""head"": ""mlp_whitened"", ""source"": ""gp"", ""weight"": 1}, {""head"": ""mlp_whitened"", ""source"": ""white"", ""weight"": -1}]",mlp_whitened/gp -mlp_whitened/white,joint_energy_scaled,64,4,circular_moving_block,-0.0031040584431388475,-0.01463889547446619,0.008633000090776912,Fixed trained-model seed average; paired ordered selected contexts; excludes training-data/model-selection uncertainty
etth1_multi,gp_vs_white,"[{""head"": ""mlp_whitened"", ""source"": ""gp"", ""weight"": 1}, {""head"": ""mlp_whitened"", ""source"": ""white"", ""weight"": -1}]",mlp_whitened/gp -mlp_whitened/white,joint_energy_scaled,64,8,circular_moving_block,-0.0031040584431388475,-0.01333153574890363,0.007786966063187895,Fixed trained-model seed average; paired ordered selected contexts; excludes training-data/model-selection uncertainty
etth1_multi,source_head_interaction,"[{""head"": ""mlp_whitened"", ""source"": ""gp"", ""weight"": 1}, {""head"": ""mlp"", ""source"": ""gp"", ""weight"": -1}, {""head"": ""mlp_whitened"", ""source"": ""white"", ""weight"": -1}, {""head"": ""mlp"", ""source"": ""white"", ""weight"": 1}]",mlp_whitened/gp -mlp/gp -mlp_whitened/white +mlp/white,fair_crps,64,4,circular_moving_block,-0.009925119171619751,-0.028705483680217053,0.009134184012825985,Fixed trained-model seed average; paired ordered selected contexts; excludes training-data/model-selection uncertainty
etth1_multi,source_head_interaction,"[{""head"": ""mlp_whitened"", ""source"": ""gp"", ""weight"": 1}, {""head"": ""mlp"", ""source"": ""gp"", ""weight"": -1}, {""head"": ""mlp_whitened"", ""source"": ""white"", ""weight"": -1}, {""head"": ""mlp"", ""source"": ""white"", ""weight"": 1}]",mlp_whitened/gp -mlp/gp -mlp_whitened/white +mlp/white,fair_crps,64,8,circular_moving_block,-0.009925119171619751,-0.032100609780902095,0.012327016299167201,Fixed trained-model seed average; paired ordered selected contexts; excludes training-data/model-selection uncertainty
etth1_multi,source_head_interaction,"[{""head"": ""mlp_whitened"", ""source"": ""gp"", ""weight"": 1}, {""head"": ""mlp"", ""source"": ""gp"", ""weight"": -1}, {""head"": ""mlp_whitened"", ""source"": ""white"", ""weight"": -1}, {""head"": ""mlp"", ""source"": ""white"", ""weight"": 1}]",mlp_whitened/gp -mlp/gp -mlp_whitened/white +mlp/white,joint_energy_scaled,64,4,circular_moving_block,-0.04041685667721003,-0.06336284286988558,-0.017419878334545613,Fixed trained-model seed average; paired ordered selected contexts; excludes training-data/model-selection uncertainty
etth1_multi,source_head_interaction,"[{""head"": ""mlp_whitened"", ""source"": ""gp"", ""weight"": 1}, {""head"": ""mlp"", ""source"": ""gp"", ""weight"": -1}, {""head"": ""mlp_whitened"", ""source"": ""white"", ""weight"": -1}, {""head"": ""mlp"", ""source"": ""white"", ""weight"": 1}]",mlp_whitened/gp -mlp/gp -mlp_whitened/white +mlp/white,joint_energy_scaled,64,8,circular_moving_block,-0.04041685667721003,-0.06557399432545606,-0.014896954368756937,Fixed trained-model seed average; paired ordered selected contexts; excludes training-data/model-selection uncertainty
etth1_multi,gp_vs_white,"[{""head"": ""sparse_mlp"", ""source"": ""gp"", ""weight"": 1}, {""head"": ""sparse_mlp"", ""source"": ""white"", ""weight"": -1}]",sparse_mlp/gp -sparse_mlp/white,fair_crps,64,4,circular_moving_block,0.016626729082386278,0.005259757513900465,0.028662455815514076,Fixed trained-model seed average; paired ordered selected contexts; excludes training-data/model-selection uncertainty
etth1_multi,gp_vs_white,"[{""head"": ""sparse_mlp"", ""source"": ""gp"", ""weight"": 1}, {""head"": ""sparse_mlp"", ""source"": ""white"", ""weight"": -1}]",sparse_mlp/gp -sparse_mlp/white,fair_crps,64,8,circular_moving_block,0.016626729082386278,0.006168684174034168,0.028297429516595946,Fixed trained-model seed average; paired ordered selected contexts; excludes training-data/model-selection uncertainty
etth1_multi,gp_vs_white,"[{""head"": ""sparse_mlp"", ""source"": ""gp"", ""weight"": 1}, {""head"": ""sparse_mlp"", ""source"": ""white"", ""weight"": -1}]",sparse_mlp/gp -sparse_mlp/white,joint_energy_scaled,64,4,circular_moving_block,0.04334131608030949,0.023051934510901106,0.06442183004766235,Fixed trained-model seed average; paired ordered selected contexts; excludes training-data/model-selection uncertainty
etth1_multi,gp_vs_white,"[{""head"": ""sparse_mlp"", ""source"": ""gp"", ""weight"": 1}, {""head"": ""sparse_mlp"", ""source"": ""white"", ""weight"": -1}]",sparse_mlp/gp -sparse_mlp/white,joint_energy_scaled,64,8,circular_moving_block,0.04334131608030949,0.026371857014558155,0.060876488126996815,Fixed trained-model seed average; paired ordered selected contexts; excludes training-data/model-selection uncertainty
etth1_multi,source_head_interaction,"[{""head"": ""sparse_mlp"", ""source"": ""gp"", ""weight"": 1}, {""head"": ""mlp"", ""source"": ""gp"", ""weight"": -1}, {""head"": ""sparse_mlp"", ""source"": ""white"", ""weight"": -1}, {""head"": ""mlp"", ""source"": ""white"", ""weight"": 1}]",sparse_mlp/gp -mlp/gp -sparse_mlp/white +mlp/white,fair_crps,64,4,circular_moving_block,0.0037209916305238995,-0.009811836417941899,0.016800269619982367,Fixed trained-model seed average; paired ordered selected contexts; excludes training-data/model-selection uncertainty
etth1_multi,source_head_interaction,"[{""head"": ""sparse_mlp"", ""source"": ""gp"", ""weight"": 1}, {""head"": ""mlp"", ""source"": ""gp"", ""weight"": -1}, {""head"": ""sparse_mlp"", ""source"": ""white"", ""weight"": -1}, {""head"": ""mlp"", ""source"": ""white"", ""weight"": 1}]",sparse_mlp/gp -mlp/gp -sparse_mlp/white +mlp/white,fair_crps,64,8,circular_moving_block,0.0037209916305238995,-0.013017572233410202,0.020361840861912395,Fixed trained-model seed average; paired ordered selected contexts; excludes training-data/model-selection uncertainty
etth1_multi,source_head_interaction,"[{""head"": ""sparse_mlp"", ""source"": ""gp"", ""weight"": 1}, {""head"": ""mlp"", ""source"": ""gp"", ""weight"": -1}, {""head"": ""sparse_mlp"", ""source"": ""white"", ""weight"": -1}, {""head"": ""mlp"", ""source"": ""white"", ""weight"": 1}]",sparse_mlp/gp -mlp/gp -sparse_mlp/white +mlp/white,joint_energy_scaled,64,4,circular_moving_block,0.006028517846238306,-0.01016430458507733,0.0210087622848263,Fixed trained-model seed average; paired ordered selected contexts; excludes training-data/model-selection uncertainty
etth1_multi,source_head_interaction,"[{""head"": ""sparse_mlp"", ""source"": ""gp"", ""weight"": 1}, {""head"": ""mlp"", ""source"": ""gp"", ""weight"": -1}, {""head"": ""sparse_mlp"", ""source"": ""white"", ""weight"": -1}, {""head"": ""mlp"", ""source"": ""white"", ""weight"": 1}]",sparse_mlp/gp -mlp/gp -sparse_mlp/white +mlp/white,joint_energy_scaled,64,8,circular_moving_block,0.006028517846238306,-0.012416580938607272,0.02402012348783585,Fixed trained-model seed average; paired ordered selected contexts; excludes training-data/model-selection uncertainty
etth1_multi,gp_vs_white,"[{""head"": ""s4"", ""source"": ""gp"", ""weight"": 1}, {""head"": ""s4"", ""source"": ""white"", ""weight"": -1}]",s4/gp -s4/white,fair_crps,64,4,circular_moving_block,-0.0011469438924667165,-0.009436521267215371,0.00640497236172412,Fixed trained-model seed average; paired ordered selected contexts; excludes training-data/model-selection uncertainty
etth1_multi,gp_vs_white,"[{""head"": ""s4"", ""source"": ""gp"", ""weight"": 1}, {""head"": ""s4"", ""source"": ""white"", ""weight"": -1}]",s4/gp -s4/white,fair_crps,64,8,circular_moving_block,-0.0011469438924667165,-0.008797548370905612,0.005993289936919891,Fixed trained-model seed average; paired ordered selected contexts; excludes training-data/model-selection uncertainty
etth1_multi,gp_vs_white,"[{""head"": ""s4"", ""source"": ""gp"", ""weight"": 1}, {""head"": ""s4"", ""source"": ""white"", ""weight"": -1}]",s4/gp -s4/white,joint_energy_scaled,64,4,circular_moving_block,-0.006375876283623615,-0.020764129095536713,0.00696975210936924,Fixed trained-model seed average; paired ordered selected contexts; excludes training-data/model-selection uncertainty
etth1_multi,gp_vs_white,"[{""head"": ""s4"", ""source"": ""gp"", ""weight"": 1}, {""head"": ""s4"", ""source"": ""white"", ""weight"": -1}]",s4/gp -s4/white,joint_energy_scaled,64,8,circular_moving_block,-0.006375876283623615,-0.019380339451254527,0.005511563531774037,Fixed trained-model seed average; paired ordered selected contexts; excludes training-data/model-selection uncertainty
etth1_multi,source_head_interaction,"[{""head"": ""s4"", ""source"": ""gp"", ""weight"": 1}, {""head"": ""mlp"", ""source"": ""gp"", ""weight"": -1}, {""head"": ""s4"", ""source"": ""white"", ""weight"": -1}, {""head"": ""mlp"", ""source"": ""white"", ""weight"": 1}]",s4/gp -mlp/gp -s4/white +mlp/white,fair_crps,64,4,circular_moving_block,-0.01405268134432909,-0.02842708037703051,-0.0005962349548908747,Fixed trained-model seed average; paired ordered selected contexts; excludes training-data/model-selection uncertainty
etth1_multi,source_head_interaction,"[{""head"": ""s4"", ""source"": ""gp"", ""weight"": 1}, {""head"": ""mlp"", ""source"": ""gp"", ""weight"": -1}, {""head"": ""s4"", ""source"": ""white"", ""weight"": -1}, {""head"": ""mlp"", ""source"": ""white"", ""weight"": 1}]",s4/gp -mlp/gp -s4/white +mlp/white,fair_crps,64,8,circular_moving_block,-0.01405268134432909,-0.02995518970946094,0.001334844988255432,Fixed trained-model seed average; paired ordered selected contexts; excludes training-data/model-selection uncertainty
etth1_multi,source_head_interaction,"[{""head"": ""s4"", ""source"": ""gp"", ""weight"": 1}, {""head"": ""mlp"", ""source"": ""gp"", ""weight"": -1}, {""head"": ""s4"", ""source"": ""white"", ""weight"": -1}, {""head"": ""mlp"", ""source"": ""white"", ""weight"": 1}]",s4/gp -mlp/gp -s4/white +mlp/white,joint_energy_scaled,64,4,circular_moving_block,-0.0436886745176948,-0.06647039909242898,-0.02240511451637995,Fixed trained-model seed average; paired ordered selected contexts; excludes training-data/model-selection uncertainty
etth1_multi,source_head_interaction,"[{""head"": ""s4"", ""source"": ""gp"", ""weight"": 1}, {""head"": ""mlp"", ""source"": ""gp"", ""weight"": -1}, {""head"": ""s4"", ""source"": ""white"", ""weight"": -1}, {""head"": ""mlp"", ""source"": ""white"", ""weight"": 1}]",s4/gp -mlp/gp -s4/white +mlp/white,joint_energy_scaled,64,8,circular_moving_block,-0.0436886745176948,-0.06855823163998795,-0.0207318295759494,Fixed trained-model seed average; paired ordered selected contexts; excludes training-data/model-selection uncertainty
etth1_multi,gp_vs_white,"[{""head"": ""unet"", ""source"": ""gp"", ""weight"": 1}, {""head"": ""unet"", ""source"": ""white"", ""weight"": -1}]",unet/gp -unet/white,fair_crps,64,4,circular_moving_block,0.0556772435038853,0.04399736719125053,0.06697714101396228,Fixed trained-model seed average; paired ordered selected contexts; excludes training-data/model-selection uncertainty
etth1_multi,gp_vs_white,"[{""head"": ""unet"", ""source"": ""gp"", ""weight"": 1}, {""head"": ""unet"", ""source"": ""white"", ""weight"": -1}]",unet/gp -unet/white,fair_crps,64,8,circular_moving_block,0.0556772435038853,0.04701037347611624,0.06436341570269333,Fixed trained-model seed average; paired ordered selected contexts; excludes training-data/model-selection uncertainty
etth1_multi,gp_vs_white,"[{""head"": ""unet"", ""source"": ""gp"", ""weight"": 1}, {""head"": ""unet"", ""source"": ""white"", ""weight"": -1}]",unet/gp -unet/white,joint_energy_scaled,64,4,circular_moving_block,0.07825373650089554,0.05674959258907097,0.09990424161898818,Fixed trained-model seed average; paired ordered selected contexts; excludes training-data/model-selection uncertainty
etth1_multi,gp_vs_white,"[{""head"": ""unet"", ""source"": ""gp"", ""weight"": 1}, {""head"": ""unet"", ""source"": ""white"", ""weight"": -1}]",unet/gp -unet/white,joint_energy_scaled,64,8,circular_moving_block,0.07825373650089554,0.05820608907563967,0.09815866707695917,Fixed trained-model seed average; paired ordered selected contexts; excludes training-data/model-selection uncertainty
etth1_multi,source_head_interaction,"[{""head"": ""unet"", ""source"": ""gp"", ""weight"": 1}, {""head"": ""mlp"", ""source"": ""gp"", ""weight"": -1}, {""head"": ""unet"", ""source"": ""white"", ""weight"": -1}, {""head"": ""mlp"", ""source"": ""white"", ""weight"": 1}]",unet/gp -mlp/gp -unet/white +mlp/white,fair_crps,64,4,circular_moving_block,0.04277150605202294,0.026267143812274758,0.05983218063315572,Fixed trained-model seed average; paired ordered selected contexts; excludes training-data/model-selection uncertainty
etth1_multi,source_head_interaction,"[{""head"": ""unet"", ""source"": ""gp"", ""weight"": 1}, {""head"": ""mlp"", ""source"": ""gp"", ""weight"": -1}, {""head"": ""unet"", ""source"": ""white"", ""weight"": -1}, {""head"": ""mlp"", ""source"": ""white"", ""weight"": 1}]",unet/gp -mlp/gp -unet/white +mlp/white,fair_crps,64,8,circular_moving_block,0.04277150605202294,0.022006982972347384,0.06408053791368058,Fixed trained-model seed average; paired ordered selected contexts; excludes training-data/model-selection uncertainty
etth1_multi,source_head_interaction,"[{""head"": ""unet"", ""source"": ""gp"", ""weight"": 1}, {""head"": ""mlp"", ""source"": ""gp"", ""weight"": -1}, {""head"": ""unet"", ""source"": ""white"", ""weight"": -1}, {""head"": ""mlp"", ""source"": ""white"", ""weight"": 1}]",unet/gp -mlp/gp -unet/white +mlp/white,joint_energy_scaled,64,4,circular_moving_block,0.04094093826682435,0.013044438319815508,0.06882209287444511,Fixed trained-model seed average; paired ordered selected contexts; excludes training-data/model-selection uncertainty
etth1_multi,source_head_interaction,"[{""head"": ""unet"", ""source"": ""gp"", ""weight"": 1}, {""head"": ""mlp"", ""source"": ""gp"", ""weight"": -1}, {""head"": ""unet"", ""source"": ""white"", ""weight"": -1}, {""head"": ""mlp"", ""source"": ""white"", ""weight"": 1}]",unet/gp -mlp/gp -unet/white +mlp/white,joint_energy_scaled,64,8,circular_moving_block,0.04094093826682435,0.006711787005401026,0.07605700263056601,Fixed trained-model seed average; paired ordered selected contexts; excludes training-data/model-selection uncertainty
etth1_multi,gp_vs_white,"[{""head"": ""unet_l0"", ""source"": ""gp"", ""weight"": 1}, {""head"": ""unet_l0"", ""source"": ""white"", ""weight"": -1}]",unet_l0/gp -unet_l0/white,fair_crps,64,4,circular_moving_block,0.05645456737193728,0.044029351104761666,0.0691865768748068,Fixed trained-model seed average; paired ordered selected contexts; excludes training-data/model-selection uncertainty
etth1_multi,gp_vs_white,"[{""head"": ""unet_l0"", ""source"": ""gp"", ""weight"": 1}, {""head"": ""unet_l0"", ""source"": ""white"", ""weight"": -1}]",unet_l0/gp -unet_l0/white,fair_crps,64,8,circular_moving_block,0.05645456737193728,0.04572533267418549,0.06618685601316741,Fixed trained-model seed average; paired ordered selected contexts; excludes training-data/model-selection uncertainty
etth1_multi,gp_vs_white,"[{""head"": ""unet_l0"", ""source"": ""gp"", ""weight"": 1}, {""head"": ""unet_l0"", ""source"": ""white"", ""weight"": -1}]",unet_l0/gp -unet_l0/white,joint_energy_scaled,64,4,circular_moving_block,0.07329590662390814,0.054390908880987854,0.09182294147723684,Fixed trained-model seed average; paired ordered selected contexts; excludes training-data/model-selection uncertainty
etth1_multi,gp_vs_white,"[{""head"": ""unet_l0"", ""source"": ""gp"", ""weight"": 1}, {""head"": ""unet_l0"", ""source"": ""white"", ""weight"": -1}]",unet_l0/gp -unet_l0/white,joint_energy_scaled,64,8,circular_moving_block,0.07329590662390814,0.05653956274396652,0.08830708798808139,Fixed trained-model seed average; paired ordered selected contexts; excludes training-data/model-selection uncertainty
etth1_multi,source_head_interaction,"[{""head"": ""unet_l0"", ""source"": ""gp"", ""weight"": 1}, {""head"": ""mlp"", ""source"": ""gp"", ""weight"": -1}, {""head"": ""unet_l0"", ""source"": ""white"", ""weight"": -1}, {""head"": ""mlp"", ""source"": ""white"", ""weight"": 1}]",unet_l0/gp -mlp/gp -unet_l0/white +mlp/white,fair_crps,64,4,circular_moving_block,0.0435488299200749,0.027669987131392924,0.05775222206722934,Fixed trained-model seed average; paired ordered selected contexts; excludes training-data/model-selection uncertainty
etth1_multi,source_head_interaction,"[{""head"": ""unet_l0"", ""source"": ""gp"", ""weight"": 1}, {""head"": ""mlp"", ""source"": ""gp"", ""weight"": -1}, {""head"": ""unet_l0"", ""source"": ""white"", ""weight"": -1}, {""head"": ""mlp"", ""source"": ""white"", ""weight"": 1}]",unet_l0/gp -mlp/gp -unet_l0/white +mlp/white,fair_crps,64,8,circular_moving_block,0.0435488299200749,0.02533618852992617,0.060807143490258536,Fixed trained-model seed average; paired ordered selected contexts; excludes training-data/model-selection uncertainty
etth1_multi,source_head_interaction,"[{""head"": ""unet_l0"", ""source"": ""gp"", ""weight"": 1}, {""head"": ""mlp"", ""source"": ""gp"", ""weight"": -1}, {""head"": ""unet_l0"", ""source"": ""white"", ""weight"": -1}, {""head"": ""mlp"", ""source"": ""white"", ""weight"": 1}]",unet_l0/gp -mlp/gp -unet_l0/white +mlp/white,joint_energy_scaled,64,4,circular_moving_block,0.03598310838983697,0.013793856561766744,0.056657697541211194,Fixed trained-model seed average; paired ordered selected contexts; excludes training-data/model-selection uncertainty
etth1_multi,source_head_interaction,"[{""head"": ""unet_l0"", ""source"": ""gp"", ""weight"": 1}, {""head"": ""mlp"", ""source"": ""gp"", ""weight"": -1}, {""head"": ""unet_l0"", ""source"": ""white"", ""weight"": -1}, {""head"": ""mlp"", ""source"": ""white"", ""weight"": 1}]",unet_l0/gp -mlp/gp -unet_l0/white +mlp/white,joint_energy_scaled,64,8,circular_moving_block,0.03598310838983697,0.009720921386161747,0.06184885327542916,Fixed trained-model seed average; paired ordered selected contexts; excludes training-data/model-selection uncertainty
etth1_multi,gp_vs_white,"[{""head"": ""history_dense_ae"", ""source"": ""gp"", ""weight"": 1}, {""head"": ""history_dense_ae"", ""source"": ""white"", ""weight"": -1}]",history_dense_ae/gp -history_dense_ae/white,fair_crps,64,4,circular_moving_block,-0.026320928323242343,-0.04374016777950631,-0.009954672974112663,Fixed trained-model seed average; paired ordered selected contexts; excludes training-data/model-selection uncertainty
etth1_multi,gp_vs_white,"[{""head"": ""history_dense_ae"", ""source"": ""gp"", ""weight"": 1}, {""head"": ""history_dense_ae"", ""source"": ""white"", ""weight"": -1}]",history_dense_ae/gp -history_dense_ae/white,fair_crps,64,8,circular_moving_block,-0.026320928323242343,-0.044942242189515466,-0.009356577764553025,Fixed trained-model seed average; paired ordered selected contexts; excludes training-data/model-selection uncertainty
etth1_multi,gp_vs_white,"[{""head"": ""history_dense_ae"", ""source"": ""gp"", ""weight"": 1}, {""head"": ""history_dense_ae"", ""source"": ""white"", ""weight"": -1}]",history_dense_ae/gp -history_dense_ae/white,joint_energy_scaled,64,4,circular_moving_block,-0.006921001162176111,-0.03220314842645504,0.017192644163216978,Fixed trained-model seed average; paired ordered selected contexts; excludes training-data/model-selection uncertainty
etth1_multi,gp_vs_white,"[{""head"": ""history_dense_ae"", ""source"": ""gp"", ""weight"": 1}, {""head"": ""history_dense_ae"", ""source"": ""white"", ""weight"": -1}]",history_dense_ae/gp -history_dense_ae/white,joint_energy_scaled,64,8,circular_moving_block,-0.006921001162176111,-0.031197746631289488,0.014610206179114398,Fixed trained-model seed average; paired ordered selected contexts; excludes training-data/model-selection uncertainty
etth1_multi,source_head_interaction,"[{""head"": ""history_dense_ae"", ""source"": ""gp"", ""weight"": 1}, {""head"": ""mlp"", ""source"": ""gp"", ""weight"": -1}, {""head"": ""history_dense_ae"", ""source"": ""white"", ""weight"": -1}, {""head"": ""mlp"", ""source"": ""white"", ""weight"": 1}]",history_dense_ae/gp -mlp/gp -history_dense_ae/white +mlp/white,fair_crps,64,4,circular_moving_block,-0.03922666577510472,-0.04657115191436538,-0.031523615351844655,Fixed trained-model seed average; paired ordered selected contexts; excludes training-data/model-selection uncertainty
etth1_multi,source_head_interaction,"[{""head"": ""history_dense_ae"", ""source"": ""gp"", ""weight"": 1}, {""head"": ""mlp"", ""source"": ""gp"", ""weight"": -1}, {""head"": ""history_dense_ae"", ""source"": ""white"", ""weight"": -1}, {""head"": ""mlp"", ""source"": ""white"", ""weight"": 1}]",history_dense_ae/gp -mlp/gp -history_dense_ae/white +mlp/white,fair_crps,64,8,circular_moving_block,-0.03922666577510472,-0.046229669863572555,-0.03166453565005856,Fixed trained-model seed average; paired ordered selected contexts; excludes training-data/model-selection uncertainty
etth1_multi,source_head_interaction,"[{""head"": ""history_dense_ae"", ""source"": ""gp"", ""weight"": 1}, {""head"": ""mlp"", ""source"": ""gp"", ""weight"": -1}, {""head"": ""history_dense_ae"", ""source"": ""white"", ""weight"": -1}, {""head"": ""mlp"", ""source"": ""white"", ""weight"": 1}]",history_dense_ae/gp -mlp/gp -history_dense_ae/white +mlp/white,joint_energy_scaled,64,4,circular_moving_block,-0.044233799396247296,-0.05403766532908774,-0.033756417173986426,Fixed trained-model seed average; paired ordered selected contexts; excludes training-data/model-selection uncertainty
etth1_multi,source_head_interaction,"[{""head"": ""history_dense_ae"", ""source"": ""gp"", ""weight"": 1}, {""head"": ""mlp"", ""source"": ""gp"", ""weight"": -1}, {""head"": ""history_dense_ae"", ""source"": ""white"", ""weight"": -1}, {""head"": ""mlp"", ""source"": ""white"", ""weight"": 1}]",history_dense_ae/gp -mlp/gp -history_dense_ae/white +mlp/white,joint_energy_scaled,64,8,circular_moving_block,-0.044233799396247296,-0.05302428351066972,-0.03428123097329182,Fixed trained-model seed average; paired ordered selected contexts; excludes training-data/model-selection uncertainty
etth1_multi,gp_vs_white,"[{""head"": ""history_topk_ae"", ""source"": ""gp"", ""weight"": 1}, {""head"": ""history_topk_ae"", ""source"": ""white"", ""weight"": -1}]",history_topk_ae/gp -history_topk_ae/white,fair_crps,64,4,circular_moving_block,-0.027135463148483235,-0.04152347663544365,-0.012325328243023268,Fixed trained-model seed average; paired ordered selected contexts; excludes training-data/model-selection uncertainty
etth1_multi,gp_vs_white,"[{""head"": ""history_topk_ae"", ""source"": ""gp"", ""weight"": 1}, {""head"": ""history_topk_ae"", ""source"": ""white"", ""weight"": -1}]",history_topk_ae/gp -history_topk_ae/white,fair_crps,64,8,circular_moving_block,-0.027135463148483235,-0.03958818030919904,-0.01460728596384879,Fixed trained-model seed average; paired ordered selected contexts; excludes training-data/model-selection uncertainty
etth1_multi,gp_vs_white,"[{""head"": ""history_topk_ae"", ""source"": ""gp"", ""weight"": 1}, {""head"": ""history_topk_ae"", ""source"": ""white"", ""weight"": -1}]",history_topk_ae/gp -history_topk_ae/white,joint_energy_scaled,64,4,circular_moving_block,0.0028785599935401505,-0.024514348726547095,0.02961871298784698,Fixed trained-model seed average; paired ordered selected contexts; excludes training-data/model-selection uncertainty
etth1_multi,gp_vs_white,"[{""head"": ""history_topk_ae"", ""source"": ""gp"", ""weight"": 1}, {""head"": ""history_topk_ae"", ""source"": ""white"", ""weight"": -1}]",history_topk_ae/gp -history_topk_ae/white,joint_energy_scaled,64,8,circular_moving_block,0.0028785599935401505,-0.019429076528753718,0.024948907669517843,Fixed trained-model seed average; paired ordered selected contexts; excludes training-data/model-selection uncertainty
etth1_multi,source_head_interaction,"[{""head"": ""history_topk_ae"", ""source"": ""gp"", ""weight"": 1}, {""head"": ""mlp"", ""source"": ""gp"", ""weight"": -1}, {""head"": ""history_topk_ae"", ""source"": ""white"", ""weight"": -1}, {""head"": ""mlp"", ""source"": ""white"", ""weight"": 1}]",history_topk_ae/gp -mlp/gp -history_topk_ae/white +mlp/white,fair_crps,64,4,circular_moving_block,-0.040041200600345606,-0.0562965404183043,-0.023175266530742554,Fixed trained-model seed average; paired ordered selected contexts; excludes training-data/model-selection uncertainty
etth1_multi,source_head_interaction,"[{""head"": ""history_topk_ae"", ""source"": ""gp"", ""weight"": 1}, {""head"": ""mlp"", ""source"": ""gp"", ""weight"": -1}, {""head"": ""history_topk_ae"", ""source"": ""white"", ""weight"": -1}, {""head"": ""mlp"", ""source"": ""white"", ""weight"": 1}]",history_topk_ae/gp -mlp/gp -history_topk_ae/white +mlp/white,fair_crps,64,8,circular_moving_block,-0.040041200600345606,-0.05867369101738065,-0.020624112988651935,Fixed trained-model seed average; paired ordered selected contexts; excludes training-data/model-selection uncertainty
etth1_multi,source_head_interaction,"[{""head"": ""history_topk_ae"", ""source"": ""gp"", ""weight"": 1}, {""head"": ""mlp"", ""source"": ""gp"", ""weight"": -1}, {""head"": ""history_topk_ae"", ""source"": ""white"", ""weight"": -1}, {""head"": ""mlp"", ""source"": ""white"", ""weight"": 1}]",history_topk_ae/gp -mlp/gp -history_topk_ae/white +mlp/white,joint_energy_scaled,64,4,circular_moving_block,-0.03443423824053103,-0.05468937554712384,-0.014463142812018345,Fixed trained-model seed average; paired ordered selected contexts; excludes training-data/model-selection uncertainty
etth1_multi,source_head_interaction,"[{""head"": ""history_topk_ae"", ""source"": ""gp"", ""weight"": 1}, {""head"": ""mlp"", ""source"": ""gp"", ""weight"": -1}, {""head"": ""history_topk_ae"", ""source"": ""white"", ""weight"": -1}, {""head"": ""mlp"", ""source"": ""white"", ""weight"": 1}]",history_topk_ae/gp -mlp/gp -history_topk_ae/white +mlp/white,joint_energy_scaled,64,8,circular_moving_block,-0.03443423824053103,-0.05477978788975036,-0.013425395532764624,Fixed trained-model seed average; paired ordered selected contexts; excludes training-data/model-selection uncertainty
etth1_multi,gp_vs_white,"[{""head"": ""history_conv_dense"", ""source"": ""gp"", ""weight"": 1}, {""head"": ""history_conv_dense"", ""source"": ""white"", ""weight"": -1}]",history_conv_dense/gp -history_conv_dense/white,fair_crps,64,4,circular_moving_block,-0.005428437582665847,-0.02178231398040792,0.011590480462004423,Fixed trained-model seed average; paired ordered selected contexts; excludes training-data/model-selection uncertainty
etth1_multi,gp_vs_white,"[{""head"": ""history_conv_dense"", ""source"": ""gp"", ""weight"": 1}, {""head"": ""history_conv_dense"", ""source"": ""white"", ""weight"": -1}]",history_conv_dense/gp -history_conv_dense/white,fair_crps,64,8,circular_moving_block,-0.005428437582665847,-0.01997332816296635,0.0103248314957023,Fixed trained-model seed average; paired ordered selected contexts; excludes training-data/model-selection uncertainty
etth1_multi,gp_vs_white,"[{""head"": ""history_conv_dense"", ""source"": ""gp"", ""weight"": 1}, {""head"": ""history_conv_dense"", ""source"": ""white"", ""weight"": -1}]",history_conv_dense/gp -history_conv_dense/white,joint_energy_scaled,64,4,circular_moving_block,0.022987153595143257,-0.00430875687412202,0.05140911216265754,Fixed trained-model seed average; paired ordered selected contexts; excludes training-data/model-selection uncertainty
etth1_multi,gp_vs_white,"[{""head"": ""history_conv_dense"", ""source"": ""gp"", ""weight"": 1}, {""head"": ""history_conv_dense"", ""source"": ""white"", ""weight"": -1}]",history_conv_dense/gp -history_conv_dense/white,joint_energy_scaled,64,8,circular_moving_block,0.022987153595143257,-0.0006039486199266904,0.047503135365565385,Fixed trained-model seed average; paired ordered selected contexts; excludes training-data/model-selection uncertainty
etth1_multi,source_head_interaction,"[{""head"": ""history_conv_dense"", ""source"": ""gp"", ""weight"": 1}, {""head"": ""mlp"", ""source"": ""gp"", ""weight"": -1}, {""head"": ""history_conv_dense"", ""source"": ""white"", ""weight"": -1}, {""head"": ""mlp"", ""source"": ""white"", ""weight"": 1}]",history_conv_dense/gp -mlp/gp -history_conv_dense/white +mlp/white,fair_crps,64,4,circular_moving_block,-0.018334175034528225,-0.030061224745192405,-0.007540152859911054,Fixed trained-model seed average; paired ordered selected contexts; excludes training-data/model-selection uncertainty
etth1_multi,source_head_interaction,"[{""head"": ""history_conv_dense"", ""source"": ""gp"", ""weight"": 1}, {""head"": ""mlp"", ""source"": ""gp"", ""weight"": -1}, {""head"": ""history_conv_dense"", ""source"": ""white"", ""weight"": -1}, {""head"": ""mlp"", ""source"": ""white"", ""weight"": 1}]",history_conv_dense/gp -mlp/gp -history_conv_dense/white +mlp/white,fair_crps,64,8,circular_moving_block,-0.018334175034528225,-0.030808016818128545,-0.006756047084546751,Fixed trained-model seed average; paired ordered selected contexts; excludes training-data/model-selection uncertainty
etth1_multi,source_head_interaction,"[{""head"": ""history_conv_dense"", ""source"": ""gp"", ""weight"": 1}, {""head"": ""mlp"", ""source"": ""gp"", ""weight"": -1}, {""head"": ""history_conv_dense"", ""source"": ""white"", ""weight"": -1}, {""head"": ""mlp"", ""source"": ""white"", ""weight"": 1}]",history_conv_dense/gp -mlp/gp -history_conv_dense/white +mlp/white,joint_energy_scaled,64,4,circular_moving_block,-0.014325644638927925,-0.030872505254176626,0.0008777836031174155,Fixed trained-model seed average; paired ordered selected contexts; excludes training-data/model-selection uncertainty
etth1_multi,source_head_interaction,"[{""head"": ""history_conv_dense"", ""source"": ""gp"", ""weight"": 1}, {""head"": ""mlp"", ""source"": ""gp"", ""weight"": -1}, {""head"": ""history_conv_dense"", ""source"": ""white"", ""weight"": -1}, {""head"": ""mlp"", ""source"": ""white"", ""weight"": 1}]",history_conv_dense/gp -mlp/gp -history_conv_dense/white +mlp/white,joint_energy_scaled,64,8,circular_moving_block,-0.014325644638927925,-0.030714230073971484,0.0007945607797885105,Fixed trained-model seed average; paired ordered selected contexts; excludes training-data/model-selection uncertainty
etth1_multi,gp_vs_white,"[{""head"": ""history_conv_sparse"", ""source"": ""gp"", ""weight"": 1}, {""head"": ""history_conv_sparse"", ""source"": ""white"", ""weight"": -1}]",history_conv_sparse/gp -history_conv_sparse/white,fair_crps,64,4,circular_moving_block,-0.009628968555082874,-0.025100283092932153,0.006543455294960349,Fixed trained-model seed average; paired ordered selected contexts; excludes training-data/model-selection uncertainty
etth1_multi,gp_vs_white,"[{""head"": ""history_conv_sparse"", ""source"": ""gp"", ""weight"": 1}, {""head"": ""history_conv_sparse"", ""source"": ""white"", ""weight"": -1}]",history_conv_sparse/gp -history_conv_sparse/white,fair_crps,64,8,circular_moving_block,-0.009628968555082874,-0.023197536335318236,0.005341951291357951,Fixed trained-model seed average; paired ordered selected contexts; excludes training-data/model-selection uncertainty
etth1_multi,gp_vs_white,"[{""head"": ""history_conv_sparse"", ""source"": ""gp"", ""weight"": 1}, {""head"": ""history_conv_sparse"", ""source"": ""white"", ""weight"": -1}]",history_conv_sparse/gp -history_conv_sparse/white,joint_energy_scaled,64,4,circular_moving_block,0.022073220504854007,-0.004335064356349613,0.0497551876123658,Fixed trained-model seed average; paired ordered selected contexts; excludes training-data/model-selection uncertainty
etth1_multi,gp_vs_white,"[{""head"": ""history_conv_sparse"", ""source"": ""gp"", ""weight"": 1}, {""head"": ""history_conv_sparse"", ""source"": ""white"", ""weight"": -1}]",history_conv_sparse/gp -history_conv_sparse/white,joint_energy_scaled,64,8,circular_moving_block,0.022073220504854007,-0.0007878356411146839,0.04627344367947535,Fixed trained-model seed average; paired ordered selected contexts; excludes training-data/model-selection uncertainty
etth1_multi,source_head_interaction,"[{""head"": ""history_conv_sparse"", ""source"": ""gp"", ""weight"": 1}, {""head"": ""mlp"", ""source"": ""gp"", ""weight"": -1}, {""head"": ""history_conv_sparse"", ""source"": ""white"", ""weight"": -1}, {""head"": ""mlp"", ""source"": ""white"", ""weight"": 1}]",history_conv_sparse/gp -mlp/gp -history_conv_sparse/white +mlp/white,fair_crps,64,4,circular_moving_block,-0.02253470600694525,-0.03496114655710778,-0.010570909185420467,Fixed trained-model seed average; paired ordered selected contexts; excludes training-data/model-selection uncertainty
etth1_multi,source_head_interaction,"[{""head"": ""history_conv_sparse"", ""source"": ""gp"", ""weight"": 1}, {""head"": ""mlp"", ""source"": ""gp"", ""weight"": -1}, {""head"": ""history_conv_sparse"", ""source"": ""white"", ""weight"": -1}, {""head"": ""mlp"", ""source"": ""white"", ""weight"": 1}]",history_conv_sparse/gp -mlp/gp -history_conv_sparse/white +mlp/white,fair_crps,64,8,circular_moving_block,-0.02253470600694525,-0.036749069562911775,-0.008929326134280626,Fixed trained-model seed average; paired ordered selected contexts; excludes training-data/model-selection uncertainty
etth1_multi,source_head_interaction,"[{""head"": ""history_conv_sparse"", ""source"": ""gp"", ""weight"": 1}, {""head"": ""mlp"", ""source"": ""gp"", ""weight"": -1}, {""head"": ""history_conv_sparse"", ""source"": ""white"", ""weight"": -1}, {""head"": ""mlp"", ""source"": ""white"", ""weight"": 1}]",history_conv_sparse/gp -mlp/gp -history_conv_sparse/white +mlp/white,joint_energy_scaled,64,4,circular_moving_block,-0.01523957772921718,-0.03186254555845773,0.000509360115698885,Fixed trained-model seed average; paired ordered selected contexts; excludes training-data/model-selection uncertainty
etth1_multi,source_head_interaction,"[{""head"": ""history_conv_sparse"", ""source"": ""gp"", ""weight"": 1}, {""head"": ""mlp"", ""source"": ""gp"", ""weight"": -1}, {""head"": ""history_conv_sparse"", ""source"": ""white"", ""weight"": -1}, {""head"": ""mlp"", ""source"": ""white"", ""weight"": 1}]",history_conv_sparse/gp -mlp/gp -history_conv_sparse/white +mlp/white,joint_energy_scaled,64,8,circular_moving_block,-0.01523957772921718,-0.03240018665805858,0.0013401590566499357,Fixed trained-model seed average; paired ordered selected contexts; excludes training-data/model-selection uncertainty
etth1_multi,gp_vs_white,"[{""head"": ""dictionary_dense"", ""source"": ""gp"", ""weight"": 1}, {""head"": ""dictionary_dense"", ""source"": ""white"", ""weight"": -1}]",dictionary_dense/gp -dictionary_dense/white,fair_crps,64,4,circular_moving_block,0.010997489548264794,-0.0030837406769225395,0.024505026489686006,Fixed trained-model seed average; paired ordered selected contexts; excludes training-data/model-selection uncertainty
etth1_multi,gp_vs_white,"[{""head"": ""dictionary_dense"", ""source"": ""gp"", ""weight"": 1}, {""head"": ""dictionary_dense"", ""source"": ""white"", ""weight"": -1}]",dictionary_dense/gp -dictionary_dense/white,fair_crps,64,8,circular_moving_block,0.010997489548264794,-0.0021755464170577364,0.02332583573708771,Fixed trained-model seed average; paired ordered selected contexts; excludes training-data/model-selection uncertainty
etth1_multi,gp_vs_white,"[{""head"": ""dictionary_dense"", ""source"": ""gp"", ""weight"": 1}, {""head"": ""dictionary_dense"", ""source"": ""white"", ""weight"": -1}]",dictionary_dense/gp -dictionary_dense/white,joint_energy_scaled,64,4,circular_moving_block,0.0377796892102059,0.013948752245909973,0.06105785233122803,Fixed trained-model seed average; paired ordered selected contexts; excludes training-data/model-selection uncertainty
etth1_multi,gp_vs_white,"[{""head"": ""dictionary_dense"", ""source"": ""gp"", ""weight"": 1}, {""head"": ""dictionary_dense"", ""source"": ""white"", ""weight"": -1}]",dictionary_dense/gp -dictionary_dense/white,joint_energy_scaled,64,8,circular_moving_block,0.0377796892102059,0.01669079376836709,0.057199855566589304,Fixed trained-model seed average; paired ordered selected contexts; excludes training-data/model-selection uncertainty
etth1_multi,source_head_interaction,"[{""head"": ""dictionary_dense"", ""source"": ""gp"", ""weight"": 1}, {""head"": ""mlp"", ""source"": ""gp"", ""weight"": -1}, {""head"": ""dictionary_dense"", ""source"": ""white"", ""weight"": -1}, {""head"": ""mlp"", ""source"": ""white"", ""weight"": 1}]",dictionary_dense/gp -mlp/gp -dictionary_dense/white +mlp/white,fair_crps,64,4,circular_moving_block,-0.0019082479035975831,-0.016328320675193634,0.012023056905222715,Fixed trained-model seed average; paired ordered selected contexts; excludes training-data/model-selection uncertainty
etth1_multi,source_head_interaction,"[{""head"": ""dictionary_dense"", ""source"": ""gp"", ""weight"": 1}, {""head"": ""mlp"", ""source"": ""gp"", ""weight"": -1}, {""head"": ""dictionary_dense"", ""source"": ""white"", ""weight"": -1}, {""head"": ""mlp"", ""source"": ""white"", ""weight"": 1}]",dictionary_dense/gp -mlp/gp -dictionary_dense/white +mlp/white,fair_crps,64,8,circular_moving_block,-0.0019082479035975831,-0.01834752526690741,0.014497184997654431,Fixed trained-model seed average; paired ordered selected contexts; excludes training-data/model-selection uncertainty
etth1_multi,source_head_interaction,"[{""head"": ""dictionary_dense"", ""source"": ""gp"", ""weight"": 1}, {""head"": ""mlp"", ""source"": ""gp"", ""weight"": -1}, {""head"": ""dictionary_dense"", ""source"": ""white"", ""weight"": -1}, {""head"": ""mlp"", ""source"": ""white"", ""weight"": 1}]",dictionary_dense/gp -mlp/gp -dictionary_dense/white +mlp/white,joint_energy_scaled,64,4,circular_moving_block,0.0004668909761347149,-0.018648645515802354,0.019152941691506817,Fixed trained-model seed average; paired ordered selected contexts; excludes training-data/model-selection uncertainty
etth1_multi,source_head_interaction,"[{""head"": ""dictionary_dense"", ""source"": ""gp"", ""weight"": 1}, {""head"": ""mlp"", ""source"": ""gp"", ""weight"": -1}, {""head"": ""dictionary_dense"", ""source"": ""white"", ""weight"": -1}, {""head"": ""mlp"", ""source"": ""white"", ""weight"": 1}]",dictionary_dense/gp -mlp/gp -dictionary_dense/white +mlp/white,joint_energy_scaled,64,8,circular_moving_block,0.0004668909761347149,-0.020394113788838562,0.021582758652752613,Fixed trained-model seed average; paired ordered selected contexts; excludes training-data/model-selection uncertainty
etth1_multi,gp_vs_white,"[{""head"": ""dictionary_topk"", ""source"": ""gp"", ""weight"": 1}, {""head"": ""dictionary_topk"", ""source"": ""white"", ""weight"": -1}]",dictionary_topk/gp -dictionary_topk/white,fair_crps,64,4,circular_moving_block,-0.0023765760120489166,-0.022595665433108234,0.017018447768019813,Fixed trained-model seed average; paired ordered selected contexts; excludes training-data/model-selection uncertainty
etth1_multi,gp_vs_white,"[{""head"": ""dictionary_topk"", ""source"": ""gp"", ""weight"": 1}, {""head"": ""dictionary_topk"", ""source"": ""white"", ""weight"": -1}]",dictionary_topk/gp -dictionary_topk/white,fair_crps,64,8,circular_moving_block,-0.0023765760120489166,-0.0226373800838879,0.016000435245435412,Fixed trained-model seed average; paired ordered selected contexts; excludes training-data/model-selection uncertainty
etth1_multi,gp_vs_white,"[{""head"": ""dictionary_topk"", ""source"": ""gp"", ""weight"": 1}, {""head"": ""dictionary_topk"", ""source"": ""white"", ""weight"": -1}]",dictionary_topk/gp -dictionary_topk/white,joint_energy_scaled,64,4,circular_moving_block,0.010919969903520038,-0.016794992261469726,0.037933839849852456,Fixed trained-model seed average; paired ordered selected contexts; excludes training-data/model-selection uncertainty
etth1_multi,gp_vs_white,"[{""head"": ""dictionary_topk"", ""source"": ""gp"", ""weight"": 1}, {""head"": ""dictionary_topk"", ""source"": ""white"", ""weight"": -1}]",dictionary_topk/gp -dictionary_topk/white,joint_energy_scaled,64,8,circular_moving_block,0.010919969903520038,-0.0159143052084337,0.03628147109424014,Fixed trained-model seed average; paired ordered selected contexts; excludes training-data/model-selection uncertainty
etth1_multi,source_head_interaction,"[{""head"": ""dictionary_topk"", ""source"": ""gp"", ""weight"": 1}, {""head"": ""mlp"", ""source"": ""gp"", ""weight"": -1}, {""head"": ""dictionary_topk"", ""source"": ""white"", ""weight"": -1}, {""head"": ""mlp"", ""source"": ""white"", ""weight"": 1}]",dictionary_topk/gp -mlp/gp -dictionary_topk/white +mlp/white,fair_crps,64,4,circular_moving_block,-0.015282313463911292,-0.03326755464754821,0.00016833693865037137,Fixed trained-model seed average; paired ordered selected contexts; excludes training-data/model-selection uncertainty
etth1_multi,source_head_interaction,"[{""head"": ""dictionary_topk"", ""source"": ""gp"", ""weight"": 1}, {""head"": ""mlp"", ""source"": ""gp"", ""weight"": -1}, {""head"": ""dictionary_topk"", ""source"": ""white"", ""weight"": -1}, {""head"": ""mlp"", ""source"": ""white"", ""weight"": 1}]",dictionary_topk/gp -mlp/gp -dictionary_topk/white +mlp/white,fair_crps,64,8,circular_moving_block,-0.015282313463911292,-0.033187699137721564,0.0015165701750246771,Fixed trained-model seed average; paired ordered selected contexts; excludes training-data/model-selection uncertainty
etth1_multi,source_head_interaction,"[{""head"": ""dictionary_topk"", ""source"": ""gp"", ""weight"": 1}, {""head"": ""mlp"", ""source"": ""gp"", ""weight"": -1}, {""head"": ""dictionary_topk"", ""source"": ""white"", ""weight"": -1}, {""head"": ""mlp"", ""source"": ""white"", ""weight"": 1}]",dictionary_topk/gp -mlp/gp -dictionary_topk/white +mlp/white,joint_energy_scaled,64,4,circular_moving_block,-0.02639282833055115,-0.04501574312559487,-0.009293229651477119,Fixed trained-model seed average; paired ordered selected contexts; excludes training-data/model-selection uncertainty
etth1_multi,source_head_interaction,"[{""head"": ""dictionary_topk"", ""source"": ""gp"", ""weight"": 1}, {""head"": ""mlp"", ""source"": ""gp"", ""weight"": -1}, {""head"": ""dictionary_topk"", ""source"": ""white"", ""weight"": -1}, {""head"": ""mlp"", ""source"": ""white"", ""weight"": 1}]",dictionary_topk/gp -mlp/gp -dictionary_topk/white +mlp/white,joint_energy_scaled,64,8,circular_moving_block,-0.02639282833055115,-0.04484286119041112,-0.008421176514301605,Fixed trained-model seed average; paired ordered selected contexts; excludes training-data/model-selection uncertainty
etth1_multi,gp_vs_white,"[{""head"": ""moe_dense"", ""source"": ""gp"", ""weight"": 1}, {""head"": ""moe_dense"", ""source"": ""white"", ""weight"": -1}]",moe_dense/gp -moe_dense/white,fair_crps,64,4,circular_moving_block,-0.02037568002760622,-0.030476637187222228,-0.010090578637303142,Fixed trained-model seed average; paired ordered selected contexts; excludes training-data/model-selection uncertainty
etth1_multi,gp_vs_white,"[{""head"": ""moe_dense"", ""source"": ""gp"", ""weight"": 1}, {""head"": ""moe_dense"", ""source"": ""white"", ""weight"": -1}]",moe_dense/gp -moe_dense/white,fair_crps,64,8,circular_moving_block,-0.02037568002760622,-0.030979227940381972,-0.009146125498255993,Fixed trained-model seed average; paired ordered selected contexts; excludes training-data/model-selection uncertainty
etth1_multi,gp_vs_white,"[{""head"": ""moe_dense"", ""source"": ""gp"", ""weight"": 1}, {""head"": ""moe_dense"", ""source"": ""white"", ""weight"": -1}]",moe_dense/gp -moe_dense/white,joint_energy_scaled,64,4,circular_moving_block,0.002715651139194891,-0.013585113035889006,0.019250094670561074,Fixed trained-model seed average; paired ordered selected contexts; excludes training-data/model-selection uncertainty
etth1_multi,gp_vs_white,"[{""head"": ""moe_dense"", ""source"": ""gp"", ""weight"": 1}, {""head"": ""moe_dense"", ""source"": ""white"", ""weight"": -1}]",moe_dense/gp -moe_dense/white,joint_energy_scaled,64,8,circular_moving_block,0.002715651139194891,-0.013802728056102378,0.020336833107139424,Fixed trained-model seed average; paired ordered selected contexts; excludes training-data/model-selection uncertainty
etth1_multi,source_head_interaction,"[{""head"": ""moe_dense"", ""source"": ""gp"", ""weight"": 1}, {""head"": ""mlp"", ""source"": ""gp"", ""weight"": -1}, {""head"": ""moe_dense"", ""source"": ""white"", ""weight"": -1}, {""head"": ""mlp"", ""source"": ""white"", ""weight"": 1}]",moe_dense/gp -mlp/gp -moe_dense/white +mlp/white,fair_crps,64,4,circular_moving_block,-0.0332814174794686,-0.045564900016268985,-0.021851325706623757,Fixed trained-model seed average; paired ordered selected contexts; excludes training-data/model-selection uncertainty
etth1_multi,source_head_interaction,"[{""head"": ""moe_dense"", ""source"": ""gp"", ""weight"": 1}, {""head"": ""mlp"", ""source"": ""gp"", ""weight"": -1}, {""head"": ""moe_dense"", ""source"": ""white"", ""weight"": -1}, {""head"": ""mlp"", ""source"": ""white"", ""weight"": 1}]",moe_dense/gp -mlp/gp -moe_dense/white +mlp/white,fair_crps,64,8,circular_moving_block,-0.0332814174794686,-0.04641024073289582,-0.020422562919832587,Fixed trained-model seed average; paired ordered selected contexts; excludes training-data/model-selection uncertainty
etth1_multi,source_head_interaction,"[{""head"": ""moe_dense"", ""source"": ""gp"", ""weight"": 1}, {""head"": ""mlp"", ""source"": ""gp"", ""weight"": -1}, {""head"": ""moe_dense"", ""source"": ""white"", ""weight"": -1}, {""head"": ""mlp"", ""source"": ""white"", ""weight"": 1}]",moe_dense/gp -mlp/gp -moe_dense/white +mlp/white,joint_energy_scaled,64,4,circular_moving_block,-0.034597147094876296,-0.050170801903669814,-0.019305656926740824,Fixed trained-model seed average; paired ordered selected contexts; excludes training-data/model-selection uncertainty
etth1_multi,source_head_interaction,"[{""head"": ""moe_dense"", ""source"": ""gp"", ""weight"": 1}, {""head"": ""mlp"", ""source"": ""gp"", ""weight"": -1}, {""head"": ""moe_dense"", ""source"": ""white"", ""weight"": -1}, {""head"": ""mlp"", ""source"": ""white"", ""weight"": 1}]",moe_dense/gp -mlp/gp -moe_dense/white +mlp/white,joint_energy_scaled,64,8,circular_moving_block,-0.034597147094876296,-0.05003194740174566,-0.018278483643014966,Fixed trained-model seed average; paired ordered selected contexts; excludes training-data/model-selection uncertainty
etth1_multi,gp_vs_white,"[{""head"": ""moe_topk"", ""source"": ""gp"", ""weight"": 1}, {""head"": ""moe_topk"", ""source"": ""white"", ""weight"": -1}]",moe_topk/gp -moe_topk/white,fair_crps,64,4,circular_moving_block,-0.06454908601937046,-0.07358410316577775,-0.05491387965589231,Fixed trained-model seed average; paired ordered selected contexts; excludes training-data/model-selection uncertainty
etth1_multi,gp_vs_white,"[{""head"": ""moe_topk"", ""source"": ""gp"", ""weight"": 1}, {""head"": ""moe_topk"", ""source"": ""white"", ""weight"": -1}]",moe_topk/gp -moe_topk/white,fair_crps,64,8,circular_moving_block,-0.06454908601937046,-0.07285774204649222,-0.05508768521068092,Fixed trained-model seed average; paired ordered selected contexts; excludes training-data/model-selection uncertainty
etth1_multi,gp_vs_white,"[{""head"": ""moe_topk"", ""source"": ""gp"", ""weight"": 1}, {""head"": ""moe_topk"", ""source"": ""white"", ""weight"": -1}]",moe_topk/gp -moe_topk/white,joint_energy_scaled,64,4,circular_moving_block,-0.05325215879650361,-0.06903942193777309,-0.0370817751380576,Fixed trained-model seed average; paired ordered selected contexts; excludes training-data/model-selection uncertainty
etth1_multi,gp_vs_white,"[{""head"": ""moe_topk"", ""source"": ""gp"", ""weight"": 1}, {""head"": ""moe_topk"", ""source"": ""white"", ""weight"": -1}]",moe_topk/gp -moe_topk/white,joint_energy_scaled,64,8,circular_moving_block,-0.05325215879650361,-0.06778146393502504,-0.03742805291099513,Fixed trained-model seed average; paired ordered selected contexts; excludes training-data/model-selection uncertainty
etth1_multi,source_head_interaction,"[{""head"": ""moe_topk"", ""source"": ""gp"", ""weight"": 1}, {""head"": ""mlp"", ""source"": ""gp"", ""weight"": -1}, {""head"": ""moe_topk"", ""source"": ""white"", ""weight"": -1}, {""head"": ""mlp"", ""source"": ""white"", ""weight"": 1}]",moe_topk/gp -mlp/gp -moe_topk/white +mlp/white,fair_crps,64,4,circular_moving_block,-0.07745482347123284,-0.09201272860562032,-0.06388704259207313,Fixed trained-model seed average; paired ordered selected contexts; excludes training-data/model-selection uncertainty
etth1_multi,source_head_interaction,"[{""head"": ""moe_topk"", ""source"": ""gp"", ""weight"": 1}, {""head"": ""mlp"", ""source"": ""gp"", ""weight"": -1}, {""head"": ""moe_topk"", ""source"": ""white"", ""weight"": -1}, {""head"": ""mlp"", ""source"": ""white"", ""weight"": 1}]",moe_topk/gp -mlp/gp -moe_topk/white +mlp/white,fair_crps,64,8,circular_moving_block,-0.07745482347123284,-0.09427491740153149,-0.06148299201038254,Fixed trained-model seed average; paired ordered selected contexts; excludes training-data/model-selection uncertainty
etth1_multi,source_head_interaction,"[{""head"": ""moe_topk"", ""source"": ""gp"", ""weight"": 1}, {""head"": ""mlp"", ""source"": ""gp"", ""weight"": -1}, {""head"": ""moe_topk"", ""source"": ""white"", ""weight"": -1}, {""head"": ""mlp"", ""source"": ""white"", ""weight"": 1}]",moe_topk/gp -mlp/gp -moe_topk/white +mlp/white,joint_energy_scaled,64,4,circular_moving_block,-0.0905649570305748,-0.10861152094954196,-0.07356891415426957,Fixed trained-model seed average; paired ordered selected contexts; excludes training-data/model-selection uncertainty
etth1_multi,source_head_interaction,"[{""head"": ""moe_topk"", ""source"": ""gp"", ""weight"": 1}, {""head"": ""mlp"", ""source"": ""gp"", ""weight"": -1}, {""head"": ""moe_topk"", ""source"": ""white"", ""weight"": -1}, {""head"": ""mlp"", ""source"": ""white"", ""weight"": 1}]",moe_topk/gp -mlp/gp -moe_topk/white +mlp/white,joint_energy_scaled,64,8,circular_moving_block,-0.0905649570305748,-0.11123196552796422,-0.0707271834518037,Fixed trained-model seed average; paired ordered selected contexts; excludes training-data/model-selection uncertainty
exchange_multi,new_vs_mlp,"[{""head"": ""mlp_whitened"", ""source"": ""white"", ""weight"": 1}, {""head"": ""mlp"", ""source"": ""white"", ""weight"": -1}]",mlp_whitened/white -mlp/white,fair_crps,64,4,circular_moving_block,0.39340667132020646,0.33924387160567715,0.4520105647096658,Fixed trained-model seed average; paired ordered selected contexts; excludes training-data/model-selection uncertainty
exchange_multi,new_vs_mlp,"[{""head"": ""mlp_whitened"", ""source"": ""white"", ""weight"": 1}, {""head"": ""mlp"", ""source"": ""white"", ""weight"": -1}]",mlp_whitened/white -mlp/white,fair_crps,64,8,circular_moving_block,0.39340667132020646,0.3239173358867001,0.4678130830504447,Fixed trained-model seed average; paired ordered selected contexts; excludes training-data/model-selection uncertainty
exchange_multi,new_vs_mlp,"[{""head"": ""mlp_whitened"", ""source"": ""white"", ""weight"": 1}, {""head"": ""mlp"", ""source"": ""white"", ""weight"": -1}]",mlp_whitened/white -mlp/white,joint_energy_scaled,64,4,circular_moving_block,0.4660238586021305,0.40895994922296836,0.5270679043764136,Fixed trained-model seed average; paired ordered selected contexts; excludes training-data/model-selection uncertainty
exchange_multi,new_vs_mlp,"[{""head"": ""mlp_whitened"", ""source"": ""white"", ""weight"": 1}, {""head"": ""mlp"", ""source"": ""white"", ""weight"": -1}]",mlp_whitened/white -mlp/white,joint_energy_scaled,64,8,circular_moving_block,0.4660238586021305,0.3926643001546534,0.5439459890131543,Fixed trained-model seed average; paired ordered selected contexts; excludes training-data/model-selection uncertainty
exchange_multi,new_vs_mlp,"[{""head"": ""mlp_balanced"", ""source"": ""white"", ""weight"": 1}, {""head"": ""mlp"", ""source"": ""white"", ""weight"": -1}]",mlp_balanced/white -mlp/white,fair_crps,64,4,circular_moving_block,0.8001403942353269,0.6099460105530431,0.9979227878489881,Fixed trained-model seed average; paired ordered selected contexts; excludes training-data/model-selection uncertainty
exchange_multi,new_vs_mlp,"[{""head"": ""mlp_balanced"", ""source"": ""white"", ""weight"": 1}, {""head"": ""mlp"", ""source"": ""white"", ""weight"": -1}]",mlp_balanced/white -mlp/white,fair_crps,64,8,circular_moving_block,0.8001403942353269,0.5463133810925095,1.0544029159821822,Fixed trained-model seed average; paired ordered selected contexts; excludes training-data/model-selection uncertainty
exchange_multi,new_vs_mlp,"[{""head"": ""mlp_balanced"", ""source"": ""white"", ""weight"": 1}, {""head"": ""mlp"", ""source"": ""white"", ""weight"": -1}]",mlp_balanced/white -mlp/white,joint_energy_scaled,64,4,circular_moving_block,0.924244462805935,0.732330122142486,1.124366778813102,Fixed trained-model seed average; paired ordered selected contexts; excludes training-data/model-selection uncertainty
exchange_multi,new_vs_mlp,"[{""head"": ""mlp_balanced"", ""source"": ""white"", ""weight"": 1}, {""head"": ""mlp"", ""source"": ""white"", ""weight"": -1}]",mlp_balanced/white -mlp/white,joint_energy_scaled,64,8,circular_moving_block,0.924244462805935,0.6685575867393191,1.1805026447496572,Fixed trained-model seed average; paired ordered selected contexts; excludes training-data/model-selection uncertainty
exchange_multi,new_vs_mlp,"[{""head"": ""history_dense_ae"", ""source"": ""white"", ""weight"": 1}, {""head"": ""mlp"", ""source"": ""white"", ""weight"": -1}]",history_dense_ae/white -mlp/white,fair_crps,64,4,circular_moving_block,0.03027225991949585,0.0077448049986835014,0.05391679565512641,Fixed trained-model seed average; paired ordered selected contexts; excludes training-data/model-selection uncertainty
exchange_multi,new_vs_mlp,"[{""head"": ""history_dense_ae"", ""source"": ""white"", ""weight"": 1}, {""head"": ""mlp"", ""source"": ""white"", ""weight"": -1}]",history_dense_ae/white -mlp/white,fair_crps,64,8,circular_moving_block,0.03027225991949585,0.0005461215201432942,0.06095965559991173,Fixed trained-model seed average; paired ordered selected contexts; excludes training-data/model-selection uncertainty
exchange_multi,new_vs_mlp,"[{""head"": ""history_dense_ae"", ""source"": ""white"", ""weight"": 1}, {""head"": ""mlp"", ""source"": ""white"", ""weight"": -1}]",history_dense_ae/white -mlp/white,joint_energy_scaled,64,4,circular_moving_block,0.037186478294173604,0.011962291232807282,0.06358961530830651,Fixed trained-model seed average; paired ordered selected contexts; excludes training-data/model-selection uncertainty
exchange_multi,new_vs_mlp,"[{""head"": ""history_dense_ae"", ""source"": ""white"", ""weight"": 1}, {""head"": ""mlp"", ""source"": ""white"", ""weight"": -1}]",history_dense_ae/white -mlp/white,joint_energy_scaled,64,8,circular_moving_block,0.037186478294173604,0.003862357669372369,0.07060177197142635,Fixed trained-model seed average; paired ordered selected contexts; excludes training-data/model-selection uncertainty
exchange_multi,new_vs_mlp,"[{""head"": ""history_topk_ae"", ""source"": ""white"", ""weight"": 1}, {""head"": ""mlp"", ""source"": ""white"", ""weight"": -1}]",history_topk_ae/white -mlp/white,fair_crps,64,4,circular_moving_block,0.11060535803209334,0.08350443877041626,0.13833217539694462,Fixed trained-model seed average; paired ordered selected contexts; excludes training-data/model-selection uncertainty
exchange_multi,new_vs_mlp,"[{""head"": ""history_topk_ae"", ""source"": ""white"", ""weight"": 1}, {""head"": ""mlp"", ""source"": ""white"", ""weight"": -1}]",history_topk_ae/white -mlp/white,fair_crps,64,8,circular_moving_block,0.11060535803209334,0.07769748507075787,0.1450891671569621,Fixed trained-model seed average; paired ordered selected contexts; excludes training-data/model-selection uncertainty
exchange_multi,new_vs_mlp,"[{""head"": ""history_topk_ae"", ""source"": ""white"", ""weight"": 1}, {""head"": ""mlp"", ""source"": ""white"", ""weight"": -1}]",history_topk_ae/white -mlp/white,joint_energy_scaled,64,4,circular_moving_block,0.13536805197975355,0.10243015727695738,0.1688204994283393,Fixed trained-model seed average; paired ordered selected contexts; excludes training-data/model-selection uncertainty
exchange_multi,new_vs_mlp,"[{""head"": ""history_topk_ae"", ""source"": ""white"", ""weight"": 1}, {""head"": ""mlp"", ""source"": ""white"", ""weight"": -1}]",history_topk_ae/white -mlp/white,joint_energy_scaled,64,8,circular_moving_block,0.13536805197975355,0.0945039231686525,0.17862339576700362,Fixed trained-model seed average; paired ordered selected contexts; excludes training-data/model-selection uncertainty
exchange_multi,new_vs_mlp,"[{""head"": ""history_conv_dense"", ""source"": ""white"", ""weight"": 1}, {""head"": ""mlp"", ""source"": ""white"", ""weight"": -1}]",history_conv_dense/white -mlp/white,fair_crps,64,4,circular_moving_block,0.0029520542169871123,-0.01580922271997615,0.02292418295634514,Fixed trained-model seed average; paired ordered selected contexts; excludes training-data/model-selection uncertainty
exchange_multi,new_vs_mlp,"[{""head"": ""history_conv_dense"", ""source"": ""white"", ""weight"": 1}, {""head"": ""mlp"", ""source"": ""white"", ""weight"": -1}]",history_conv_dense/white -mlp/white,fair_crps,64,8,circular_moving_block,0.0029520542169871123,-0.022216526047345454,0.029073449495590507,Fixed trained-model seed average; paired ordered selected contexts; excludes training-data/model-selection uncertainty
exchange_multi,new_vs_mlp,"[{""head"": ""history_conv_dense"", ""source"": ""white"", ""weight"": 1}, {""head"": ""mlp"", ""source"": ""white"", ""weight"": -1}]",history_conv_dense/white -mlp/white,joint_energy_scaled,64,4,circular_moving_block,0.006023602176189908,-0.01633784770683924,0.02958811781023114,Fixed trained-model seed average; paired ordered selected contexts; excludes training-data/model-selection uncertainty
exchange_multi,new_vs_mlp,"[{""head"": ""history_conv_dense"", ""source"": ""white"", ""weight"": 1}, {""head"": ""mlp"", ""source"": ""white"", ""weight"": -1}]",history_conv_dense/white -mlp/white,joint_energy_scaled,64,8,circular_moving_block,0.006023602176189908,-0.02412226016099736,0.03693341777625451,Fixed trained-model seed average; paired ordered selected contexts; excludes training-data/model-selection uncertainty
exchange_multi,new_vs_mlp,"[{""head"": ""history_conv_sparse"", ""source"": ""white"", ""weight"": 1}, {""head"": ""mlp"", ""source"": ""white"", ""weight"": -1}]",history_conv_sparse/white -mlp/white,fair_crps,64,4,circular_moving_block,-0.047098601954486896,-0.06208875846451708,-0.03083053439804593,Fixed trained-model seed average; paired ordered selected contexts; excludes training-data/model-selection uncertainty
exchange_multi,new_vs_mlp,"[{""head"": ""history_conv_sparse"", ""source"": ""white"", ""weight"": 1}, {""head"": ""mlp"", ""source"": ""white"", ""weight"": -1}]",history_conv_sparse/white -mlp/white,fair_crps,64,8,circular_moving_block,-0.047098601954486896,-0.06643686484955247,-0.025837477248205166,Fixed trained-model seed average; paired ordered selected contexts; excludes training-data/model-selection uncertainty
exchange_multi,new_vs_mlp,"[{""head"": ""history_conv_sparse"", ""source"": ""white"", ""weight"": 1}, {""head"": ""mlp"", ""source"": ""white"", ""weight"": -1}]",history_conv_sparse/white -mlp/white,joint_energy_scaled,64,4,circular_moving_block,-0.05738061725711743,-0.07473892487847227,-0.03847535877490776,Fixed trained-model seed average; paired ordered selected contexts; excludes training-data/model-selection uncertainty
exchange_multi,new_vs_mlp,"[{""head"": ""history_conv_sparse"", ""source"": ""white"", ""weight"": 1}, {""head"": ""mlp"", ""source"": ""white"", ""weight"": -1}]",history_conv_sparse/white -mlp/white,joint_energy_scaled,64,8,circular_moving_block,-0.05738061725711743,-0.07990006066818704,-0.03239736910773206,Fixed trained-model seed average; paired ordered selected contexts; excludes training-data/model-selection uncertainty
exchange_multi,new_vs_mlp,"[{""head"": ""dictionary_dense"", ""source"": ""white"", ""weight"": 1}, {""head"": ""mlp"", ""source"": ""white"", ""weight"": -1}]",dictionary_dense/white -mlp/white,fair_crps,64,4,circular_moving_block,0.06827223194326248,0.05573636795794081,0.0813123911074595,Fixed trained-model seed average; paired ordered selected contexts; excludes training-data/model-selection uncertainty
exchange_multi,new_vs_mlp,"[{""head"": ""dictionary_dense"", ""source"": ""white"", ""weight"": 1}, {""head"": ""mlp"", ""source"": ""white"", ""weight"": -1}]",dictionary_dense/white -mlp/white,fair_crps,64,8,circular_moving_block,0.06827223194326248,0.05158155957572864,0.08519174943751101,Fixed trained-model seed average; paired ordered selected contexts; excludes training-data/model-selection uncertainty
exchange_multi,new_vs_mlp,"[{""head"": ""dictionary_dense"", ""source"": ""white"", ""weight"": 1}, {""head"": ""mlp"", ""source"": ""white"", ""weight"": -1}]",dictionary_dense/white -mlp/white,joint_energy_scaled,64,4,circular_moving_block,0.08604665280587787,0.06953281952294436,0.10271050753354297,Fixed trained-model seed average; paired ordered selected contexts; excludes training-data/model-selection uncertainty
exchange_multi,new_vs_mlp,"[{""head"": ""dictionary_dense"", ""source"": ""white"", ""weight"": 1}, {""head"": ""mlp"", ""source"": ""white"", ""weight"": -1}]",dictionary_dense/white -mlp/white,joint_energy_scaled,64,8,circular_moving_block,0.08604665280587787,0.06437664887641349,0.10786135194524954,Fixed trained-model seed average; paired ordered selected contexts; excludes training-data/model-selection uncertainty
exchange_multi,new_vs_mlp,"[{""head"": ""dictionary_topk"", ""source"": ""white"", ""weight"": 1}, {""head"": ""mlp"", ""source"": ""white"", ""weight"": -1}]",dictionary_topk/white -mlp/white,fair_crps,64,4,circular_moving_block,0.188089841835501,0.1627334509407925,0.2149151098964326,Fixed trained-model seed average; paired ordered selected contexts; excludes training-data/model-selection uncertainty
exchange_multi,new_vs_mlp,"[{""head"": ""dictionary_topk"", ""source"": ""white"", ""weight"": 1}, {""head"": ""mlp"", ""source"": ""white"", ""weight"": -1}]",dictionary_topk/white -mlp/white,fair_crps,64,8,circular_moving_block,0.188089841835501,0.1564211900610854,0.222241439206867,Fixed trained-model seed average; paired ordered selected contexts; excludes training-data/model-selection uncertainty
exchange_multi,new_vs_mlp,"[{""head"": ""dictionary_topk"", ""source"": ""white"", ""weight"": 1}, {""head"": ""mlp"", ""source"": ""white"", ""weight"": -1}]",dictionary_topk/white -mlp/white,joint_energy_scaled,64,4,circular_moving_block,0.22914754981183955,0.1994350263931609,0.2605622212433924,Fixed trained-model seed average; paired ordered selected contexts; excludes training-data/model-selection uncertainty
exchange_multi,new_vs_mlp,"[{""head"": ""dictionary_topk"", ""source"": ""white"", ""weight"": 1}, {""head"": ""mlp"", ""source"": ""white"", ""weight"": -1}]",dictionary_topk/white -mlp/white,joint_energy_scaled,64,8,circular_moving_block,0.22914754981183955,0.1917655124999924,0.26863265971557343,Fixed trained-model seed average; paired ordered selected contexts; excludes training-data/model-selection uncertainty
exchange_multi,new_vs_mlp,"[{""head"": ""unet_l0"", ""source"": ""white"", ""weight"": 1}, {""head"": ""mlp"", ""source"": ""white"", ""weight"": -1}]",unet_l0/white -mlp/white,fair_crps,64,4,circular_moving_block,0.23581319781284146,0.2023285965475855,0.26843407804159475,Fixed trained-model seed average; paired ordered selected contexts; excludes training-data/model-selection uncertainty
exchange_multi,new_vs_mlp,"[{""head"": ""unet_l0"", ""source"": ""white"", ""weight"": 1}, {""head"": ""mlp"", ""source"": ""white"", ""weight"": -1}]",unet_l0/white -mlp/white,fair_crps,64,8,circular_moving_block,0.23581319781284146,0.1906238807043803,0.2771524092641851,Fixed trained-model seed average; paired ordered selected contexts; excludes training-data/model-selection uncertainty
exchange_multi,new_vs_mlp,"[{""head"": ""unet_l0"", ""source"": ""white"", ""weight"": 1}, {""head"": ""mlp"", ""source"": ""white"", ""weight"": -1}]",unet_l0/white -mlp/white,joint_energy_scaled,64,4,circular_moving_block,0.27363954606135915,0.23207253892333218,0.31471295284358536,Fixed trained-model seed average; paired ordered selected contexts; excludes training-data/model-selection uncertainty
exchange_multi,new_vs_mlp,"[{""head"": ""unet_l0"", ""source"": ""white"", ""weight"": 1}, {""head"": ""mlp"", ""source"": ""white"", ""weight"": -1}]",unet_l0/white -mlp/white,joint_energy_scaled,64,8,circular_moving_block,0.27363954606135915,0.21688111778556038,0.32696195576859804,Fixed trained-model seed average; paired ordered selected contexts; excludes training-data/model-selection uncertainty
exchange_multi,new_vs_mlp,"[{""head"": ""moe_dense"", ""source"": ""white"", ""weight"": 1}, {""head"": ""mlp"", ""source"": ""white"", ""weight"": -1}]",moe_dense/white -mlp/white,fair_crps,64,4,circular_moving_block,-0.09864474224995393,-0.1125330327292257,-0.08501132416793573,Fixed trained-model seed average; paired ordered selected contexts; excludes training-data/model-selection uncertainty
exchange_multi,new_vs_mlp,"[{""head"": ""moe_dense"", ""source"": ""white"", ""weight"": 1}, {""head"": ""mlp"", ""source"": ""white"", ""weight"": -1}]",moe_dense/white -mlp/white,fair_crps,64,8,circular_moving_block,-0.09864474224995393,-0.1166355522967034,-0.08155533682107666,Fixed trained-model seed average; paired ordered selected contexts; excludes training-data/model-selection uncertainty
exchange_multi,new_vs_mlp,"[{""head"": ""moe_dense"", ""source"": ""white"", ""weight"": 1}, {""head"": ""mlp"", ""source"": ""white"", ""weight"": -1}]",moe_dense/white -mlp/white,joint_energy_scaled,64,4,circular_moving_block,-0.11857256922824146,-0.13598637799396956,-0.1012923973504443,Fixed trained-model seed average; paired ordered selected contexts; excludes training-data/model-selection uncertainty
exchange_multi,new_vs_mlp,"[{""head"": ""moe_dense"", ""source"": ""white"", ""weight"": 1}, {""head"": ""mlp"", ""source"": ""white"", ""weight"": -1}]",moe_dense/white -mlp/white,joint_energy_scaled,64,8,circular_moving_block,-0.11857256922824146,-0.14142186348362376,-0.09648341329388338,Fixed trained-model seed average; paired ordered selected contexts; excludes training-data/model-selection uncertainty
exchange_multi,new_vs_mlp,"[{""head"": ""moe_topk"", ""source"": ""white"", ""weight"": 1}, {""head"": ""mlp"", ""source"": ""white"", ""weight"": -1}]",moe_topk/white -mlp/white,fair_crps,64,4,circular_moving_block,-0.12435248013566833,-0.1433181835951957,-0.10506607183923293,Fixed trained-model seed average; paired ordered selected contexts; excludes training-data/model-selection uncertainty
exchange_multi,new_vs_mlp,"[{""head"": ""moe_topk"", ""source"": ""white"", ""weight"": 1}, {""head"": ""mlp"", ""source"": ""white"", ""weight"": -1}]",moe_topk/white -mlp/white,fair_crps,64,8,circular_moving_block,-0.12435248013566833,-0.1494294303271873,-0.0994025578430383,Fixed trained-model seed average; paired ordered selected contexts; excludes training-data/model-selection uncertainty
exchange_multi,new_vs_mlp,"[{""head"": ""moe_topk"", ""source"": ""white"", ""weight"": 1}, {""head"": ""mlp"", ""source"": ""white"", ""weight"": -1}]",moe_topk/white -mlp/white,joint_energy_scaled,64,4,circular_moving_block,-0.15034206971695974,-0.1740722514639382,-0.12585141021063354,Fixed trained-model seed average; paired ordered selected contexts; excludes training-data/model-selection uncertainty
exchange_multi,new_vs_mlp,"[{""head"": ""moe_topk"", ""source"": ""white"", ""weight"": 1}, {""head"": ""mlp"", ""source"": ""white"", ""weight"": -1}]",moe_topk/white -mlp/white,joint_energy_scaled,64,8,circular_moving_block,-0.15034206971695974,-0.18185117423643288,-0.11866932823594901,Fixed trained-model seed average; paired ordered selected contexts; excludes training-data/model-selection uncertainty
exchange_multi,sparse_vs_dense,"[{""head"": ""history_topk_ae"", ""source"": ""white"", ""weight"": 1}, {""head"": ""history_dense_ae"", ""source"": ""white"", ""weight"": -1}]",history_topk_ae/white -history_dense_ae/white,fair_crps,64,4,circular_moving_block,0.08033309811259748,0.0696125650038385,0.08935557243841868,Fixed trained-model seed average; paired ordered selected contexts; excludes training-data/model-selection uncertainty
exchange_multi,sparse_vs_dense,"[{""head"": ""history_topk_ae"", ""source"": ""white"", ""weight"": 1}, {""head"": ""history_dense_ae"", ""source"": ""white"", ""weight"": -1}]",history_topk_ae/white -history_dense_ae/white,fair_crps,64,8,circular_moving_block,0.08033309811259748,0.06816052663992471,0.0900951225228358,Fixed trained-model seed average; paired ordered selected contexts; excludes training-data/model-selection uncertainty
exchange_multi,sparse_vs_dense,"[{""head"": ""history_topk_ae"", ""source"": ""white"", ""weight"": 1}, {""head"": ""history_dense_ae"", ""source"": ""white"", ""weight"": -1}]",history_topk_ae/white -history_dense_ae/white,joint_energy_scaled,64,4,circular_moving_block,0.09818157368557993,0.08388530610786306,0.11041821011802504,Fixed trained-model seed average; paired ordered selected contexts; excludes training-data/model-selection uncertainty
exchange_multi,sparse_vs_dense,"[{""head"": ""history_topk_ae"", ""source"": ""white"", ""weight"": 1}, {""head"": ""history_dense_ae"", ""source"": ""white"", ""weight"": -1}]",history_topk_ae/white -history_dense_ae/white,joint_energy_scaled,64,8,circular_moving_block,0.09818157368557993,0.08165284528887777,0.11253072876825158,Fixed trained-model seed average; paired ordered selected contexts; excludes training-data/model-selection uncertainty
exchange_multi,sparse_vs_dense,"[{""head"": ""history_conv_sparse"", ""source"": ""white"", ""weight"": 1}, {""head"": ""history_conv_dense"", ""source"": ""white"", ""weight"": -1}]",history_conv_sparse/white -history_conv_dense/white,fair_crps,64,4,circular_moving_block,-0.05005065617147401,-0.06734956055234204,-0.03260952625223015,Fixed trained-model seed average; paired ordered selected contexts; excludes training-data/model-selection uncertainty
exchange_multi,sparse_vs_dense,"[{""head"": ""history_conv_sparse"", ""source"": ""white"", ""weight"": 1}, {""head"": ""history_conv_dense"", ""source"": ""white"", ""weight"": -1}]",history_conv_sparse/white -history_conv_dense/white,fair_crps,64,8,circular_moving_block,-0.05005065617147401,-0.07342212565343054,-0.02693301978682306,Fixed trained-model seed average; paired ordered selected contexts; excludes training-data/model-selection uncertainty
exchange_multi,sparse_vs_dense,"[{""head"": ""history_conv_sparse"", ""source"": ""white"", ""weight"": 1}, {""head"": ""history_conv_dense"", ""source"": ""white"", ""weight"": -1}]",history_conv_sparse/white -history_conv_dense/white,joint_energy_scaled,64,4,circular_moving_block,-0.06340421943330733,-0.08538990788947022,-0.041444658617120864,Fixed trained-model seed average; paired ordered selected contexts; excludes training-data/model-selection uncertainty
exchange_multi,sparse_vs_dense,"[{""head"": ""history_conv_sparse"", ""source"": ""white"", ""weight"": 1}, {""head"": ""history_conv_dense"", ""source"": ""white"", ""weight"": -1}]",history_conv_sparse/white -history_conv_dense/white,joint_energy_scaled,64,8,circular_moving_block,-0.06340421943330733,-0.09304221749300376,-0.034224805271619425,Fixed trained-model seed average; paired ordered selected contexts; excludes training-data/model-selection uncertainty
exchange_multi,sparse_vs_dense,"[{""head"": ""dictionary_topk"", ""source"": ""white"", ""weight"": 1}, {""head"": ""dictionary_dense"", ""source"": ""white"", ""weight"": -1}]",dictionary_topk/white -dictionary_dense/white,fair_crps,64,4,circular_moving_block,0.11981760989223855,0.10417434713386133,0.13592308997278718,Fixed trained-model seed average; paired ordered selected contexts; excludes training-data/model-selection uncertainty
exchange_multi,sparse_vs_dense,"[{""head"": ""dictionary_topk"", ""source"": ""white"", ""weight"": 1}, {""head"": ""dictionary_dense"", ""source"": ""white"", ""weight"": -1}]",dictionary_topk/white -dictionary_dense/white,fair_crps,64,8,circular_moving_block,0.11981760989223855,0.10287074014220873,0.13844884677951325,Fixed trained-model seed average; paired ordered selected contexts; excludes training-data/model-selection uncertainty
exchange_multi,sparse_vs_dense,"[{""head"": ""dictionary_topk"", ""source"": ""white"", ""weight"": 1}, {""head"": ""dictionary_dense"", ""source"": ""white"", ""weight"": -1}]",dictionary_topk/white -dictionary_dense/white,joint_energy_scaled,64,4,circular_moving_block,0.14310089700596168,0.1262638677938874,0.16137966480243876,Fixed trained-model seed average; paired ordered selected contexts; excludes training-data/model-selection uncertainty
exchange_multi,sparse_vs_dense,"[{""head"": ""dictionary_topk"", ""source"": ""white"", ""weight"": 1}, {""head"": ""dictionary_dense"", ""source"": ""white"", ""weight"": -1}]",dictionary_topk/white -dictionary_dense/white,joint_energy_scaled,64,8,circular_moving_block,0.14310089700596168,0.1248732182422381,0.16370323324956915,Fixed trained-model seed average; paired ordered selected contexts; excludes training-data/model-selection uncertainty
exchange_multi,sparse_vs_dense,"[{""head"": ""moe_topk"", ""source"": ""white"", ""weight"": 1}, {""head"": ""moe_dense"", ""source"": ""white"", ""weight"": -1}]",moe_topk/white -moe_dense/white,fair_crps,64,4,circular_moving_block,-0.02570773788571442,-0.03226214428282731,-0.01843109624827465,Fixed trained-model seed average; paired ordered selected contexts; excludes training-data/model-selection uncertainty
exchange_multi,sparse_vs_dense,"[{""head"": ""moe_topk"", ""source"": ""white"", ""weight"": 1}, {""head"": ""moe_dense"", ""source"": ""white"", ""weight"": -1}]",moe_topk/white -moe_dense/white,fair_crps,64,8,circular_moving_block,-0.02570773788571442,-0.03432654512834654,-0.01609573576015289,Fixed trained-model seed average; paired ordered selected contexts; excludes training-data/model-selection uncertainty
exchange_multi,sparse_vs_dense,"[{""head"": ""moe_topk"", ""source"": ""white"", ""weight"": 1}, {""head"": ""moe_dense"", ""source"": ""white"", ""weight"": -1}]",moe_topk/white -moe_dense/white,joint_energy_scaled,64,4,circular_moving_block,-0.03176950048871828,-0.03953635463506672,-0.023162272762969657,Fixed trained-model seed average; paired ordered selected contexts; excludes training-data/model-selection uncertainty
exchange_multi,sparse_vs_dense,"[{""head"": ""moe_topk"", ""source"": ""white"", ""weight"": 1}, {""head"": ""moe_dense"", ""source"": ""white"", ""weight"": -1}]",moe_topk/white -moe_dense/white,joint_energy_scaled,64,8,circular_moving_block,-0.03176950048871828,-0.04191901474241348,-0.020487301098391763,Fixed trained-model seed average; paired ordered selected contexts; excludes training-data/model-selection uncertainty
exchange_multi,whitened_vs_balanced,"[{""head"": ""mlp_whitened"", ""source"": ""white"", ""weight"": 1}, {""head"": ""mlp_balanced"", ""source"": ""white"", ""weight"": -1}]",mlp_whitened/white -mlp_balanced/white,fair_crps,64,4,circular_moving_block,-0.4067337229151205,-0.5560146446203938,-0.2641391036899748,Fixed trained-model seed average; paired ordered selected contexts; excludes training-data/model-selection uncertainty
exchange_multi,whitened_vs_balanced,"[{""head"": ""mlp_whitened"", ""source"": ""white"", ""weight"": 1}, {""head"": ""mlp_balanced"", ""source"": ""white"", ""weight"": -1}]",mlp_whitened/white -mlp_balanced/white,fair_crps,64,8,circular_moving_block,-0.4067337229151205,-0.5988192310604371,-0.21451865466262637,Fixed trained-model seed average; paired ordered selected contexts; excludes training-data/model-selection uncertainty
exchange_multi,whitened_vs_balanced,"[{""head"": ""mlp_whitened"", ""source"": ""white"", ""weight"": 1}, {""head"": ""mlp_balanced"", ""source"": ""white"", ""weight"": -1}]",mlp_whitened/white -mlp_balanced/white,joint_energy_scaled,64,4,circular_moving_block,-0.4582206042038045,-0.608942005528918,-0.31425211305857337,Fixed trained-model seed average; paired ordered selected contexts; excludes training-data/model-selection uncertainty
exchange_multi,whitened_vs_balanced,"[{""head"": ""mlp_whitened"", ""source"": ""white"", ""weight"": 1}, {""head"": ""mlp_balanced"", ""source"": ""white"", ""weight"": -1}]",mlp_whitened/white -mlp_balanced/white,joint_energy_scaled,64,8,circular_moving_block,-0.4582206042038045,-0.6510612191357408,-0.2668798325278354,Fixed trained-model seed average; paired ordered selected contexts; excludes training-data/model-selection uncertainty
exchange_multi,l0_vs_unet,"[{""head"": ""unet_l0"", ""source"": ""white"", ""weight"": 1}, {""head"": ""unet"", ""source"": ""white"", ""weight"": -1}]",unet_l0/white -unet/white,fair_crps,64,4,circular_moving_block,-0.006733434944653825,-0.026082282112194863,0.012403531451155548,Fixed trained-model seed average; paired ordered selected contexts; excludes training-data/model-selection uncertainty
exchange_multi,l0_vs_unet,"[{""head"": ""unet_l0"", ""source"": ""white"", ""weight"": 1}, {""head"": ""unet"", ""source"": ""white"", ""weight"": -1}]",unet_l0/white -unet/white,fair_crps,64,8,circular_moving_block,-0.006733434944653825,-0.03250255667130748,0.01760905366848629,Fixed trained-model seed average; paired ordered selected contexts; excludes training-data/model-selection uncertainty
exchange_multi,l0_vs_unet,"[{""head"": ""unet_l0"", ""source"": ""white"", ""weight"": 1}, {""head"": ""unet"", ""source"": ""white"", ""weight"": -1}]",unet_l0/white -unet/white,joint_energy_scaled,64,4,circular_moving_block,-0.012476035612450809,-0.03922038340953612,0.013310734382433197,Fixed trained-model seed average; paired ordered selected contexts; excludes training-data/model-selection uncertainty
exchange_multi,l0_vs_unet,"[{""head"": ""unet_l0"", ""source"": ""white"", ""weight"": 1}, {""head"": ""unet"", ""source"": ""white"", ""weight"": -1}]",unet_l0/white -unet/white,joint_energy_scaled,64,8,circular_moving_block,-0.012476035612450809,-0.047809810498037904,0.02097817186542772,Fixed trained-model seed average; paired ordered selected contexts; excludes training-data/model-selection uncertainty
exchange_multi,new_vs_mlp,"[{""head"": ""mlp_whitened"", ""source"": ""gp"", ""weight"": 1}, {""head"": ""mlp"", ""source"": ""gp"", ""weight"": -1}]",mlp_whitened/gp -mlp/gp,fair_crps,64,4,circular_moving_block,0.17884011496787333,0.14925380267714222,0.21014872613005403,Fixed trained-model seed average; paired ordered selected contexts; excludes training-data/model-selection uncertainty
exchange_multi,new_vs_mlp,"[{""head"": ""mlp_whitened"", ""source"": ""gp"", ""weight"": 1}, {""head"": ""mlp"", ""source"": ""gp"", ""weight"": -1}]",mlp_whitened/gp -mlp/gp,fair_crps,64,8,circular_moving_block,0.17884011496787333,0.14233042134329138,0.21860392167839332,Fixed trained-model seed average; paired ordered selected contexts; excludes training-data/model-selection uncertainty
exchange_multi,new_vs_mlp,"[{""head"": ""mlp_whitened"", ""source"": ""gp"", ""weight"": 1}, {""head"": ""mlp"", ""source"": ""gp"", ""weight"": -1}]",mlp_whitened/gp -mlp/gp,joint_energy_scaled,64,4,circular_moving_block,0.24521327203936133,0.21503468373918333,0.27548648504355033,Fixed trained-model seed average; paired ordered selected contexts; excludes training-data/model-selection uncertainty
exchange_multi,new_vs_mlp,"[{""head"": ""mlp_whitened"", ""source"": ""gp"", ""weight"": 1}, {""head"": ""mlp"", ""source"": ""gp"", ""weight"": -1}]",mlp_whitened/gp -mlp/gp,joint_energy_scaled,64,8,circular_moving_block,0.24521327203936133,0.20724530412802947,0.28400064592857505,Fixed trained-model seed average; paired ordered selected contexts; excludes training-data/model-selection uncertainty
exchange_multi,new_vs_mlp,"[{""head"": ""mlp_balanced"", ""source"": ""gp"", ""weight"": 1}, {""head"": ""mlp"", ""source"": ""gp"", ""weight"": -1}]",mlp_balanced/gp -mlp/gp,fair_crps,64,4,circular_moving_block,0.6994216101345088,0.513699068838178,0.8958919782789267,Fixed trained-model seed average; paired ordered selected contexts; excludes training-data/model-selection uncertainty
exchange_multi,new_vs_mlp,"[{""head"": ""mlp_balanced"", ""source"": ""gp"", ""weight"": 1}, {""head"": ""mlp"", ""source"": ""gp"", ""weight"": -1}]",mlp_balanced/gp -mlp/gp,fair_crps,64,8,circular_moving_block,0.6994216101345088,0.4575126791102916,0.9475045268331995,Fixed trained-model seed average; paired ordered selected contexts; excludes training-data/model-selection uncertainty
exchange_multi,new_vs_mlp,"[{""head"": ""mlp_balanced"", ""source"": ""gp"", ""weight"": 1}, {""head"": ""mlp"", ""source"": ""gp"", ""weight"": -1}]",mlp_balanced/gp -mlp/gp,joint_energy_scaled,64,4,circular_moving_block,0.8240785367414696,0.6376687126303116,1.0199438004584669,Fixed trained-model seed average; paired ordered selected contexts; excludes training-data/model-selection uncertainty
exchange_multi,new_vs_mlp,"[{""head"": ""mlp_balanced"", ""source"": ""gp"", ""weight"": 1}, {""head"": ""mlp"", ""source"": ""gp"", ""weight"": -1}]",mlp_balanced/gp -mlp/gp,joint_energy_scaled,64,8,circular_moving_block,0.8240785367414696,0.5803747626471963,1.0744028631079643,Fixed trained-model seed average; paired ordered selected contexts; excludes training-data/model-selection uncertainty
exchange_multi,new_vs_mlp,"[{""head"": ""history_dense_ae"", ""source"": ""gp"", ""weight"": 1}, {""head"": ""mlp"", ""source"": ""gp"", ""weight"": -1}]",history_dense_ae/gp -mlp/gp,fair_crps,64,4,circular_moving_block,0.0632908880320998,0.04553463949804305,0.08275218230087916,Fixed trained-model seed average; paired ordered selected contexts; excludes training-data/model-selection uncertainty
exchange_multi,new_vs_mlp,"[{""head"": ""history_dense_ae"", ""source"": ""gp"", ""weight"": 1}, {""head"": ""mlp"", ""source"": ""gp"", ""weight"": -1}]",history_dense_ae/gp -mlp/gp,fair_crps,64,8,circular_moving_block,0.0632908880320998,0.0397944597123106,0.0882067633018911,Fixed trained-model seed average; paired ordered selected contexts; excludes training-data/model-selection uncertainty
exchange_multi,new_vs_mlp,"[{""head"": ""history_dense_ae"", ""source"": ""gp"", ""weight"": 1}, {""head"": ""mlp"", ""source"": ""gp"", ""weight"": -1}]",history_dense_ae/gp -mlp/gp,joint_energy_scaled,64,4,circular_moving_block,0.08359999711578563,0.06329394190743791,0.10476577458019619,Fixed trained-model seed average; paired ordered selected contexts; excludes training-data/model-selection uncertainty
exchange_multi,new_vs_mlp,"[{""head"": ""history_dense_ae"", ""source"": ""gp"", ""weight"": 1}, {""head"": ""mlp"", ""source"": ""gp"", ""weight"": -1}]",history_dense_ae/gp -mlp/gp,joint_energy_scaled,64,8,circular_moving_block,0.08359999711578563,0.05666252938115369,0.11093216330029287,Fixed trained-model seed average; paired ordered selected contexts; excludes training-data/model-selection uncertainty
exchange_multi,new_vs_mlp,"[{""head"": ""history_topk_ae"", ""source"": ""gp"", ""weight"": 1}, {""head"": ""mlp"", ""source"": ""gp"", ""weight"": -1}]",history_topk_ae/gp -mlp/gp,fair_crps,64,4,circular_moving_block,0.14517810731004205,0.12034703318830743,0.16905576000600048,Fixed trained-model seed average; paired ordered selected contexts; excludes training-data/model-selection uncertainty
exchange_multi,new_vs_mlp,"[{""head"": ""history_topk_ae"", ""source"": ""gp"", ""weight"": 1}, {""head"": ""mlp"", ""source"": ""gp"", ""weight"": -1}]",history_topk_ae/gp -mlp/gp,fair_crps,64,8,circular_moving_block,0.14517810731004205,0.11534590900354011,0.1749756498245303,Fixed trained-model seed average; paired ordered selected contexts; excludes training-data/model-selection uncertainty
exchange_multi,new_vs_mlp,"[{""head"": ""history_topk_ae"", ""source"": ""gp"", ""weight"": 1}, {""head"": ""mlp"", ""source"": ""gp"", ""weight"": -1}]",history_topk_ae/gp -mlp/gp,joint_energy_scaled,64,4,circular_moving_block,0.18980737229778266,0.1550319479106992,0.22480940101293656,Fixed trained-model seed average; paired ordered selected contexts; excludes training-data/model-selection uncertainty
exchange_multi,new_vs_mlp,"[{""head"": ""history_topk_ae"", ""source"": ""gp"", ""weight"": 1}, {""head"": ""mlp"", ""source"": ""gp"", ""weight"": -1}]",history_topk_ae/gp -mlp/gp,joint_energy_scaled,64,8,circular_moving_block,0.18980737229778266,0.1459337152518409,0.23584929329702709,Fixed trained-model seed average; paired ordered selected contexts; excludes training-data/model-selection uncertainty
exchange_multi,new_vs_mlp,"[{""head"": ""history_conv_dense"", ""source"": ""gp"", ""weight"": 1}, {""head"": ""mlp"", ""source"": ""gp"", ""weight"": -1}]",history_conv_dense/gp -mlp/gp,fair_crps,64,4,circular_moving_block,0.0898103545342464,0.05553583918081464,0.12501669036620838,Fixed trained-model seed average; paired ordered selected contexts; excludes training-data/model-selection uncertainty
exchange_multi,new_vs_mlp,"[{""head"": ""history_conv_dense"", ""source"": ""gp"", ""weight"": 1}, {""head"": ""mlp"", ""source"": ""gp"", ""weight"": -1}]",history_conv_dense/gp -mlp/gp,fair_crps,64,8,circular_moving_block,0.0898103545342464,0.045703042143676376,0.13675062875070254,Fixed trained-model seed average; paired ordered selected contexts; excludes training-data/model-selection uncertainty
exchange_multi,new_vs_mlp,"[{""head"": ""history_conv_dense"", ""source"": ""gp"", ""weight"": 1}, {""head"": ""mlp"", ""source"": ""gp"", ""weight"": -1}]",history_conv_dense/gp -mlp/gp,joint_energy_scaled,64,4,circular_moving_block,0.12346220594811719,0.07964650353449813,0.16847139317650828,Fixed trained-model seed average; paired ordered selected contexts; excludes training-data/model-selection uncertainty
exchange_multi,new_vs_mlp,"[{""head"": ""history_conv_dense"", ""source"": ""gp"", ""weight"": 1}, {""head"": ""mlp"", ""source"": ""gp"", ""weight"": -1}]",history_conv_dense/gp -mlp/gp,joint_energy_scaled,64,8,circular_moving_block,0.12346220594811719,0.06751056302277923,0.1832010139513478,Fixed trained-model seed average; paired ordered selected contexts; excludes training-data/model-selection uncertainty
exchange_multi,new_vs_mlp,"[{""head"": ""history_conv_sparse"", ""source"": ""gp"", ""weight"": 1}, {""head"": ""mlp"", ""source"": ""gp"", ""weight"": -1}]",history_conv_sparse/gp -mlp/gp,fair_crps,64,4,circular_moving_block,0.09280865445301467,0.05819892074995788,0.12879607151968644,Fixed trained-model seed average; paired ordered selected contexts; excludes training-data/model-selection uncertainty
exchange_multi,new_vs_mlp,"[{""head"": ""history_conv_sparse"", ""source"": ""gp"", ""weight"": 1}, {""head"": ""mlp"", ""source"": ""gp"", ""weight"": -1}]",history_conv_sparse/gp -mlp/gp,fair_crps,64,8,circular_moving_block,0.09280865445301467,0.04807156925682287,0.140606613013183,Fixed trained-model seed average; paired ordered selected contexts; excludes training-data/model-selection uncertainty
exchange_multi,new_vs_mlp,"[{""head"": ""history_conv_sparse"", ""source"": ""gp"", ""weight"": 1}, {""head"": ""mlp"", ""source"": ""gp"", ""weight"": -1}]",history_conv_sparse/gp -mlp/gp,joint_energy_scaled,64,4,circular_moving_block,0.12665285315666375,0.08323350198400034,0.17127344382390697,Fixed trained-model seed average; paired ordered selected contexts; excludes training-data/model-selection uncertainty
exchange_multi,new_vs_mlp,"[{""head"": ""history_conv_sparse"", ""source"": ""gp"", ""weight"": 1}, {""head"": ""mlp"", ""source"": ""gp"", ""weight"": -1}]",history_conv_sparse/gp -mlp/gp,joint_energy_scaled,64,8,circular_moving_block,0.12665285315666375,0.07137184670615103,0.18581996029714917,Fixed trained-model seed average; paired ordered selected contexts; excludes training-data/model-selection uncertainty
exchange_multi,new_vs_mlp,"[{""head"": ""dictionary_dense"", ""source"": ""gp"", ""weight"": 1}, {""head"": ""mlp"", ""source"": ""gp"", ""weight"": -1}]",dictionary_dense/gp -mlp/gp,fair_crps,64,4,circular_moving_block,0.028240065866308655,0.017752110756711736,0.039269309126068914,Fixed trained-model seed average; paired ordered selected contexts; excludes training-data/model-selection uncertainty
exchange_multi,new_vs_mlp,"[{""head"": ""dictionary_dense"", ""source"": ""gp"", ""weight"": 1}, {""head"": ""mlp"", ""source"": ""gp"", ""weight"": -1}]",dictionary_dense/gp -mlp/gp,fair_crps,64,8,circular_moving_block,0.028240065866308655,0.014348954235349511,0.042760090049023834,Fixed trained-model seed average; paired ordered selected contexts; excludes training-data/model-selection uncertainty
exchange_multi,new_vs_mlp,"[{""head"": ""dictionary_dense"", ""source"": ""gp"", ""weight"": 1}, {""head"": ""mlp"", ""source"": ""gp"", ""weight"": -1}]",dictionary_dense/gp -mlp/gp,joint_energy_scaled,64,4,circular_moving_block,0.04343502465045701,0.03066482742986325,0.05712305280837772,Fixed trained-model seed average; paired ordered selected contexts; excludes training-data/model-selection uncertainty
exchange_multi,new_vs_mlp,"[{""head"": ""dictionary_dense"", ""source"": ""gp"", ""weight"": 1}, {""head"": ""mlp"", ""source"": ""gp"", ""weight"": -1}]",dictionary_dense/gp -mlp/gp,joint_energy_scaled,64,8,circular_moving_block,0.04343502465045701,0.026579085108015897,0.061260110670565054,Fixed trained-model seed average; paired ordered selected contexts; excludes training-data/model-selection uncertainty
exchange_multi,new_vs_mlp,"[{""head"": ""dictionary_topk"", ""source"": ""gp"", ""weight"": 1}, {""head"": ""mlp"", ""source"": ""gp"", ""weight"": -1}]",dictionary_topk/gp -mlp/gp,fair_crps,64,4,circular_moving_block,0.10155513917659573,0.06890842610876036,0.13568021209277548,Fixed trained-model seed average; paired ordered selected contexts; excludes training-data/model-selection uncertainty
exchange_multi,new_vs_mlp,"[{""head"": ""dictionary_topk"", ""source"": ""gp"", ""weight"": 1}, {""head"": ""mlp"", ""source"": ""gp"", ""weight"": -1}]",dictionary_topk/gp -mlp/gp,fair_crps,64,8,circular_moving_block,0.10155513917659573,0.05827396800790874,0.14772085818231545,Fixed trained-model seed average; paired ordered selected contexts; excludes training-data/model-selection uncertainty
exchange_multi,new_vs_mlp,"[{""head"": ""dictionary_topk"", ""source"": ""gp"", ""weight"": 1}, {""head"": ""mlp"", ""source"": ""gp"", ""weight"": -1}]",dictionary_topk/gp -mlp/gp,joint_energy_scaled,64,4,circular_moving_block,0.14351588134790536,0.10206727386391751,0.18702526228173658,Fixed trained-model seed average; paired ordered selected contexts; excludes training-data/model-selection uncertainty
exchange_multi,new_vs_mlp,"[{""head"": ""dictionary_topk"", ""source"": ""gp"", ""weight"": 1}, {""head"": ""mlp"", ""source"": ""gp"", ""weight"": -1}]",dictionary_topk/gp -mlp/gp,joint_energy_scaled,64,8,circular_moving_block,0.14351588134790536,0.08883572530607287,0.20247819027578012,Fixed trained-model seed average; paired ordered selected contexts; excludes training-data/model-selection uncertainty
exchange_multi,new_vs_mlp,"[{""head"": ""unet_l0"", ""source"": ""gp"", ""weight"": 1}, {""head"": ""mlp"", ""source"": ""gp"", ""weight"": -1}]",unet_l0/gp -mlp/gp,fair_crps,64,4,circular_moving_block,0.1823472022149808,0.15570441818737613,0.2120125558809557,Fixed trained-model seed average; paired ordered selected contexts; excludes training-data/model-selection uncertainty
exchange_multi,new_vs_mlp,"[{""head"": ""unet_l0"", ""source"": ""gp"", ""weight"": 1}, {""head"": ""mlp"", ""source"": ""gp"", ""weight"": -1}]",unet_l0/gp -mlp/gp,fair_crps,64,8,circular_moving_block,0.1823472022149808,0.14938571694974795,0.22137064736659784,Fixed trained-model seed average; paired ordered selected contexts; excludes training-data/model-selection uncertainty
exchange_multi,new_vs_mlp,"[{""head"": ""unet_l0"", ""source"": ""gp"", ""weight"": 1}, {""head"": ""mlp"", ""source"": ""gp"", ""weight"": -1}]",unet_l0/gp -mlp/gp,joint_energy_scaled,64,4,circular_moving_block,0.23308359337345463,0.20553371927867287,0.26228377138395137,Fixed trained-model seed average; paired ordered selected contexts; excludes training-data/model-selection uncertainty
exchange_multi,new_vs_mlp,"[{""head"": ""unet_l0"", ""source"": ""gp"", ""weight"": 1}, {""head"": ""mlp"", ""source"": ""gp"", ""weight"": -1}]",unet_l0/gp -mlp/gp,joint_energy_scaled,64,8,circular_moving_block,0.23308359337345463,0.1976680257962523,0.27140997139305095,Fixed trained-model seed average; paired ordered selected contexts; excludes training-data/model-selection uncertainty
exchange_multi,new_vs_mlp,"[{""head"": ""moe_dense"", ""source"": ""gp"", ""weight"": 1}, {""head"": ""mlp"", ""source"": ""gp"", ""weight"": -1}]",moe_dense/gp -mlp/gp,fair_crps,64,4,circular_moving_block,-0.13515883236492032,-0.15686840280350547,-0.11394540218398758,Fixed trained-model seed average; paired ordered selected contexts; excludes training-data/model-selection uncertainty
exchange_multi,new_vs_mlp,"[{""head"": ""moe_dense"", ""source"": ""gp"", ""weight"": 1}, {""head"": ""mlp"", ""source"": ""gp"", ""weight"": -1}]",moe_dense/gp -mlp/gp,fair_crps,64,8,circular_moving_block,-0.13515883236492032,-0.16368726936430966,-0.10801085977923156,Fixed trained-model seed average; paired ordered selected contexts; excludes training-data/model-selection uncertainty
exchange_multi,new_vs_mlp,"[{""head"": ""moe_dense"", ""source"": ""gp"", ""weight"": 1}, {""head"": ""mlp"", ""source"": ""gp"", ""weight"": -1}]",moe_dense/gp -mlp/gp,joint_energy_scaled,64,4,circular_moving_block,-0.1386731831262068,-0.16189512770064715,-0.11691581934441887,Fixed trained-model seed average; paired ordered selected contexts; excludes training-data/model-selection uncertainty
exchange_multi,new_vs_mlp,"[{""head"": ""moe_dense"", ""source"": ""gp"", ""weight"": 1}, {""head"": ""mlp"", ""source"": ""gp"", ""weight"": -1}]",moe_dense/gp -mlp/gp,joint_energy_scaled,64,8,circular_moving_block,-0.1386731831262068,-0.16951614841246596,-0.11053094415029072,Fixed trained-model seed average; paired ordered selected contexts; excludes training-data/model-selection uncertainty
exchange_multi,new_vs_mlp,"[{""head"": ""moe_topk"", ""source"": ""gp"", ""weight"": 1}, {""head"": ""mlp"", ""source"": ""gp"", ""weight"": -1}]",moe_topk/gp -mlp/gp,fair_crps,64,4,circular_moving_block,-0.1502684047156277,-0.17179356628955073,-0.12896643437428273,Fixed trained-model seed average; paired ordered selected contexts; excludes training-data/model-selection uncertainty
exchange_multi,new_vs_mlp,"[{""head"": ""moe_topk"", ""source"": ""gp"", ""weight"": 1}, {""head"": ""mlp"", ""source"": ""gp"", ""weight"": -1}]",moe_topk/gp -mlp/gp,fair_crps,64,8,circular_moving_block,-0.1502684047156277,-0.1781414785734619,-0.12318123701797044,Fixed trained-model seed average; paired ordered selected contexts; excludes training-data/model-selection uncertainty
exchange_multi,new_vs_mlp,"[{""head"": ""moe_topk"", ""source"": ""gp"", ""weight"": 1}, {""head"": ""mlp"", ""source"": ""gp"", ""weight"": -1}]",moe_topk/gp -mlp/gp,joint_energy_scaled,64,4,circular_moving_block,-0.15971732933768143,-0.1844830550408549,-0.1359439432797105,Fixed trained-model seed average; paired ordered selected contexts; excludes training-data/model-selection uncertainty
exchange_multi,new_vs_mlp,"[{""head"": ""moe_topk"", ""source"": ""gp"", ""weight"": 1}, {""head"": ""mlp"", ""source"": ""gp"", ""weight"": -1}]",moe_topk/gp -mlp/gp,joint_energy_scaled,64,8,circular_moving_block,-0.15971732933768143,-0.1922800131808533,-0.12961243668614902,Fixed trained-model seed average; paired ordered selected contexts; excludes training-data/model-selection uncertainty
exchange_multi,sparse_vs_dense,"[{""head"": ""history_topk_ae"", ""source"": ""gp"", ""weight"": 1}, {""head"": ""history_dense_ae"", ""source"": ""gp"", ""weight"": -1}]",history_topk_ae/gp -history_dense_ae/gp,fair_crps,64,4,circular_moving_block,0.08188721927794225,0.06261270002209739,0.10001268725171597,Fixed trained-model seed average; paired ordered selected contexts; excludes training-data/model-selection uncertainty
exchange_multi,sparse_vs_dense,"[{""head"": ""history_topk_ae"", ""source"": ""gp"", ""weight"": 1}, {""head"": ""history_dense_ae"", ""source"": ""gp"", ""weight"": -1}]",history_topk_ae/gp -history_dense_ae/gp,fair_crps,64,8,circular_moving_block,0.08188721927794225,0.05885854750466367,0.10387739657593455,Fixed trained-model seed average; paired ordered selected contexts; excludes training-data/model-selection uncertainty
exchange_multi,sparse_vs_dense,"[{""head"": ""history_topk_ae"", ""source"": ""gp"", ""weight"": 1}, {""head"": ""history_dense_ae"", ""source"": ""gp"", ""weight"": -1}]",history_topk_ae/gp -history_dense_ae/gp,joint_energy_scaled,64,4,circular_moving_block,0.10620737518199705,0.08340642270981764,0.1275810254745626,Fixed trained-model seed average; paired ordered selected contexts; excludes training-data/model-selection uncertainty
exchange_multi,sparse_vs_dense,"[{""head"": ""history_topk_ae"", ""source"": ""gp"", ""weight"": 1}, {""head"": ""history_dense_ae"", ""source"": ""gp"", ""weight"": -1}]",history_topk_ae/gp -history_dense_ae/gp,joint_energy_scaled,64,8,circular_moving_block,0.10620737518199705,0.07892598763739521,0.1331787283643139,Fixed trained-model seed average; paired ordered selected contexts; excludes training-data/model-selection uncertainty
exchange_multi,sparse_vs_dense,"[{""head"": ""history_conv_sparse"", ""source"": ""gp"", ""weight"": 1}, {""head"": ""history_conv_dense"", ""source"": ""gp"", ""weight"": -1}]",history_conv_sparse/gp -history_conv_dense/gp,fair_crps,64,4,circular_moving_block,0.0029982999187682753,0.0014255347631663847,0.004474775591185483,Fixed trained-model seed average; paired ordered selected contexts; excludes training-data/model-selection uncertainty
exchange_multi,sparse_vs_dense,"[{""head"": ""history_conv_sparse"", ""source"": ""gp"", ""weight"": 1}, {""head"": ""history_conv_dense"", ""source"": ""gp"", ""weight"": -1}]",history_conv_sparse/gp -history_conv_dense/gp,fair_crps,64,8,circular_moving_block,0.0029982999187682753,0.0009638690619233937,0.00480382776506663,Fixed trained-model seed average; paired ordered selected contexts; excludes training-data/model-selection uncertainty
exchange_multi,sparse_vs_dense,"[{""head"": ""history_conv_sparse"", ""source"": ""gp"", ""weight"": 1}, {""head"": ""history_conv_dense"", ""source"": ""gp"", ""weight"": -1}]",history_conv_sparse/gp -history_conv_dense/gp,joint_energy_scaled,64,4,circular_moving_block,0.0031906472085465524,0.0012350755494767271,0.005251431547554023,Fixed trained-model seed average; paired ordered selected contexts; excludes training-data/model-selection uncertainty
exchange_multi,sparse_vs_dense,"[{""head"": ""history_conv_sparse"", ""source"": ""gp"", ""weight"": 1}, {""head"": ""history_conv_dense"", ""source"": ""gp"", ""weight"": -1}]",history_conv_sparse/gp -history_conv_dense/gp,joint_energy_scaled,64,8,circular_moving_block,0.0031906472085465524,0.000743738330873533,0.0056069483569409625,Fixed trained-model seed average; paired ordered selected contexts; excludes training-data/model-selection uncertainty
exchange_multi,sparse_vs_dense,"[{""head"": ""dictionary_topk"", ""source"": ""gp"", ""weight"": 1}, {""head"": ""dictionary_dense"", ""source"": ""gp"", ""weight"": -1}]",dictionary_topk/gp -dictionary_dense/gp,fair_crps,64,4,circular_moving_block,0.07331507331028707,0.04127795670694601,0.10549822288467578,Fixed trained-model seed average; paired ordered selected contexts; excludes training-data/model-selection uncertainty
exchange_multi,sparse_vs_dense,"[{""head"": ""dictionary_topk"", ""source"": ""gp"", ""weight"": 1}, {""head"": ""dictionary_dense"", ""source"": ""gp"", ""weight"": -1}]",dictionary_topk/gp -dictionary_dense/gp,fair_crps,64,8,circular_moving_block,0.07331507331028707,0.0319659190681519,0.11634281029329333,Fixed trained-model seed average; paired ordered selected contexts; excludes training-data/model-selection uncertainty
exchange_multi,sparse_vs_dense,"[{""head"": ""dictionary_topk"", ""source"": ""gp"", ""weight"": 1}, {""head"": ""dictionary_dense"", ""source"": ""gp"", ""weight"": -1}]",dictionary_topk/gp -dictionary_dense/gp,joint_energy_scaled,64,4,circular_moving_block,0.10008085669744834,0.0624600046007116,0.13816499213804853,Fixed trained-model seed average; paired ordered selected contexts; excludes training-data/model-selection uncertainty
exchange_multi,sparse_vs_dense,"[{""head"": ""dictionary_topk"", ""source"": ""gp"", ""weight"": 1}, {""head"": ""dictionary_dense"", ""source"": ""gp"", ""weight"": -1}]",dictionary_topk/gp -dictionary_dense/gp,joint_energy_scaled,64,8,circular_moving_block,0.10008085669744834,0.051683037808850155,0.15126665260804917,Fixed trained-model seed average; paired ordered selected contexts; excludes training-data/model-selection uncertainty
exchange_multi,sparse_vs_dense,"[{""head"": ""moe_topk"", ""source"": ""gp"", ""weight"": 1}, {""head"": ""moe_dense"", ""source"": ""gp"", ""weight"": -1}]",moe_topk/gp -moe_dense/gp,fair_crps,64,4,circular_moving_block,-0.015109572350707364,-0.02413546350240334,-0.005915212844416112,Fixed trained-model seed average; paired ordered selected contexts; excludes training-data/model-selection uncertainty
exchange_multi,sparse_vs_dense,"[{""head"": ""moe_topk"", ""source"": ""gp"", ""weight"": 1}, {""head"": ""moe_dense"", ""source"": ""gp"", ""weight"": -1}]",moe_topk/gp -moe_dense/gp,fair_crps,64,8,circular_moving_block,-0.015109572350707364,-0.027010456351223313,-0.0030525883899682866,Fixed trained-model seed average; paired ordered selected contexts; excludes training-data/model-selection uncertainty
exchange_multi,sparse_vs_dense,"[{""head"": ""moe_topk"", ""source"": ""gp"", ""weight"": 1}, {""head"": ""moe_dense"", ""source"": ""gp"", ""weight"": -1}]",moe_topk/gp -moe_dense/gp,joint_energy_scaled,64,4,circular_moving_block,-0.021044146211474622,-0.030543053735112447,-0.011151637294123431,Fixed trained-model seed average; paired ordered selected contexts; excludes training-data/model-selection uncertainty
exchange_multi,sparse_vs_dense,"[{""head"": ""moe_topk"", ""source"": ""gp"", ""weight"": 1}, {""head"": ""moe_dense"", ""source"": ""gp"", ""weight"": -1}]",moe_topk/gp -moe_dense/gp,joint_energy_scaled,64,8,circular_moving_block,-0.021044146211474622,-0.033223943778713676,-0.008527832370341574,Fixed trained-model seed average; paired ordered selected contexts; excludes training-data/model-selection uncertainty
exchange_multi,whitened_vs_balanced,"[{""head"": ""mlp_whitened"", ""source"": ""gp"", ""weight"": 1}, {""head"": ""mlp_balanced"", ""source"": ""gp"", ""weight"": -1}]",mlp_whitened/gp -mlp_balanced/gp,fair_crps,64,4,circular_moving_block,-0.5205814951666354,-0.6968231766939118,-0.35069157654778027,Fixed trained-model seed average; paired ordered selected contexts; excludes training-data/model-selection uncertainty
exchange_multi,whitened_vs_balanced,"[{""head"": ""mlp_whitened"", ""source"": ""gp"", ""weight"": 1}, {""head"": ""mlp_balanced"", ""source"": ""gp"", ""weight"": -1}]",mlp_whitened/gp -mlp_balanced/gp,fair_crps,64,8,circular_moving_block,-0.5205814951666354,-0.7479915972973942,-0.2952209911140328,Fixed trained-model seed average; paired ordered selected contexts; excludes training-data/model-selection uncertainty
exchange_multi,whitened_vs_balanced,"[{""head"": ""mlp_whitened"", ""source"": ""gp"", ""weight"": 1}, {""head"": ""mlp_balanced"", ""source"": ""gp"", ""weight"": -1}]",mlp_whitened/gp -mlp_balanced/gp,joint_energy_scaled,64,4,circular_moving_block,-0.5788652647021083,-0.7642834671609322,-0.39993062438970267,Fixed trained-model seed average; paired ordered selected contexts; excludes training-data/model-selection uncertainty
exchange_multi,whitened_vs_balanced,"[{""head"": ""mlp_whitened"", ""source"": ""gp"", ""weight"": 1}, {""head"": ""mlp_balanced"", ""source"": ""gp"", ""weight"": -1}]",mlp_whitened/gp -mlp_balanced/gp,joint_energy_scaled,64,8,circular_moving_block,-0.5788652647021083,-0.8188306547191715,-0.339939256797369,Fixed trained-model seed average; paired ordered selected contexts; excludes training-data/model-selection uncertainty
exchange_multi,l0_vs_unet,"[{""head"": ""unet_l0"", ""source"": ""gp"", ""weight"": 1}, {""head"": ""unet"", ""source"": ""gp"", ""weight"": -1}]",unet_l0/gp -unet/gp,fair_crps,64,4,circular_moving_block,-0.02517147821351054,-0.03844258224285526,-0.011793262985450536,Fixed trained-model seed average; paired ordered selected contexts; excludes training-data/model-selection uncertainty
exchange_multi,l0_vs_unet,"[{""head"": ""unet_l0"", ""source"": ""gp"", ""weight"": 1}, {""head"": ""unet"", ""source"": ""gp"", ""weight"": -1}]",unet_l0/gp -unet/gp,fair_crps,64,8,circular_moving_block,-0.02517147821351054,-0.043025260169772865,-0.007745776015527595,Fixed trained-model seed average; paired ordered selected contexts; excludes training-data/model-selection uncertainty
exchange_multi,l0_vs_unet,"[{""head"": ""unet_l0"", ""source"": ""gp"", ""weight"": 1}, {""head"": ""unet"", ""source"": ""gp"", ""weight"": -1}]",unet_l0/gp -unet/gp,joint_energy_scaled,64,4,circular_moving_block,-0.03230476152056552,-0.050225394780985325,-0.014871958551293725,Fixed trained-model seed average; paired ordered selected contexts; excludes training-data/model-selection uncertainty
exchange_multi,l0_vs_unet,"[{""head"": ""unet_l0"", ""source"": ""gp"", ""weight"": 1}, {""head"": ""unet"", ""source"": ""gp"", ""weight"": -1}]",unet_l0/gp -unet/gp,joint_energy_scaled,64,8,circular_moving_block,-0.03230476152056552,-0.0558449679421169,-0.009193990173654307,Fixed trained-model seed average; paired ordered selected contexts; excludes training-data/model-selection uncertainty
exchange_multi,gp_vs_white,"[{""head"": ""mlp"", ""source"": ""gp"", ""weight"": 1}, {""head"": ""mlp"", ""source"": ""white"", ""weight"": -1}]",mlp/gp -mlp/white,fair_crps,64,4,circular_moving_block,0.07151917764715568,0.054016838977651215,0.08783249401132982,Fixed trained-model seed average; paired ordered selected contexts; excludes training-data/model-selection uncertainty
exchange_multi,gp_vs_white,"[{""head"": ""mlp"", ""source"": ""gp"", ""weight"": 1}, {""head"": ""mlp"", ""source"": ""white"", ""weight"": -1}]",mlp/gp -mlp/white,fair_crps,64,8,circular_moving_block,0.07151917764715568,0.051137781009959866,0.09149580938919703,Fixed trained-model seed average; paired ordered selected contexts; excludes training-data/model-selection uncertainty
exchange_multi,gp_vs_white,"[{""head"": ""mlp"", ""source"": ""gp"", ""weight"": 1}, {""head"": ""mlp"", ""source"": ""white"", ""weight"": -1}]",mlp/gp -mlp/white,joint_energy_scaled,64,4,circular_moving_block,0.06325850368812956,0.046213497203116134,0.0802518624773934,Fixed trained-model seed average; paired ordered selected contexts; excludes training-data/model-selection uncertainty
exchange_multi,gp_vs_white,"[{""head"": ""mlp"", ""source"": ""gp"", ""weight"": 1}, {""head"": ""mlp"", ""source"": ""white"", ""weight"": -1}]",mlp/gp -mlp/white,joint_energy_scaled,64,8,circular_moving_block,0.06325850368812956,0.04388604052104341,0.08447032878145944,Fixed trained-model seed average; paired ordered selected contexts; excludes training-data/model-selection uncertainty
exchange_multi,gp_vs_white,"[{""head"": ""mlp_balanced"", ""source"": ""gp"", ""weight"": 1}, {""head"": ""mlp_balanced"", ""source"": ""white"", ""weight"": -1}]",mlp_balanced/gp -mlp_balanced/white,fair_crps,64,4,circular_moving_block,-0.02919960645366245,-0.052137227446633544,-0.006961715558707548,Fixed trained-model seed average; paired ordered selected contexts; excludes training-data/model-selection uncertainty
exchange_multi,gp_vs_white,"[{""head"": ""mlp_balanced"", ""source"": ""gp"", ""weight"": 1}, {""head"": ""mlp_balanced"", ""source"": ""white"", ""weight"": -1}]",mlp_balanced/gp -mlp_balanced/white,fair_crps,64,8,circular_moving_block,-0.02919960645366245,-0.057107393314326224,-0.0013642503043036734,Fixed trained-model seed average; paired ordered selected contexts; excludes training-data/model-selection uncertainty
exchange_multi,gp_vs_white,"[{""head"": ""mlp_balanced"", ""source"": ""gp"", ""weight"": 1}, {""head"": ""mlp_balanced"", ""source"": ""white"", ""weight"": -1}]",mlp_balanced/gp -mlp_balanced/white,joint_energy_scaled,64,4,circular_moving_block,-0.03690742237633589,-0.060057126826614834,-0.015103606020128372,Fixed trained-model seed average; paired ordered selected contexts; excludes training-data/model-selection uncertainty
exchange_multi,gp_vs_white,"[{""head"": ""mlp_balanced"", ""source"": ""gp"", ""weight"": 1}, {""head"": ""mlp_balanced"", ""source"": ""white"", ""weight"": -1}]",mlp_balanced/gp -mlp_balanced/white,joint_energy_scaled,64,8,circular_moving_block,-0.03690742237633589,-0.06366649107158008,-0.010688574966390363,Fixed trained-model seed average; paired ordered selected contexts; excludes training-data/model-selection uncertainty
exchange_multi,source_head_interaction,"[{""head"": ""mlp_balanced"", ""source"": ""gp"", ""weight"": 1}, {""head"": ""mlp"", ""source"": ""gp"", ""weight"": -1}, {""head"": ""mlp_balanced"", ""source"": ""white"", ""weight"": -1}, {""head"": ""mlp"", ""source"": ""white"", ""weight"": 1}]",mlp_balanced/gp -mlp/gp -mlp_balanced/white +mlp/white,fair_crps,64,4,circular_moving_block,-0.10071878410081814,-0.11925086327633949,-0.08203501792239937,Fixed trained-model seed average; paired ordered selected contexts; excludes training-data/model-selection uncertainty
exchange_multi,source_head_interaction,"[{""head"": ""mlp_balanced"", ""source"": ""gp"", ""weight"": 1}, {""head"": ""mlp"", ""source"": ""gp"", ""weight"": -1}, {""head"": ""mlp_balanced"", ""source"": ""white"", ""weight"": -1}, {""head"": ""mlp"", ""source"": ""white"", ""weight"": 1}]",mlp_balanced/gp -mlp/gp -mlp_balanced/white +mlp/white,fair_crps,64,8,circular_moving_block,-0.10071878410081814,-0.11957963105383494,-0.0806623670530898,Fixed trained-model seed average; paired ordered selected contexts; excludes training-data/model-selection uncertainty
exchange_multi,source_head_interaction,"[{""head"": ""mlp_balanced"", ""source"": ""gp"", ""weight"": 1}, {""head"": ""mlp"", ""source"": ""gp"", ""weight"": -1}, {""head"": ""mlp_balanced"", ""source"": ""white"", ""weight"": -1}, {""head"": ""mlp"", ""source"": ""white"", ""weight"": 1}]",mlp_balanced/gp -mlp/gp -mlp_balanced/white +mlp/white,joint_energy_scaled,64,4,circular_moving_block,-0.10016592606446545,-0.120052063164142,-0.08043277938468375,Fixed trained-model seed average; paired ordered selected contexts; excludes training-data/model-selection uncertainty
exchange_multi,source_head_interaction,"[{""head"": ""mlp_balanced"", ""source"": ""gp"", ""weight"": 1}, {""head"": ""mlp"", ""source"": ""gp"", ""weight"": -1}, {""head"": ""mlp_balanced"", ""source"": ""white"", ""weight"": -1}, {""head"": ""mlp"", ""source"": ""white"", ""weight"": 1}]",mlp_balanced/gp -mlp/gp -mlp_balanced/white +mlp/white,joint_energy_scaled,64,8,circular_moving_block,-0.10016592606446545,-0.11975962289273548,-0.07907440855573883,Fixed trained-model seed average; paired ordered selected contexts; excludes training-data/model-selection uncertainty
exchange_multi,gp_vs_white,"[{""head"": ""mlp_whitened"", ""source"": ""gp"", ""weight"": 1}, {""head"": ""mlp_whitened"", ""source"": ""white"", ""weight"": -1}]",mlp_whitened/gp -mlp_whitened/white,fair_crps,64,4,circular_moving_block,-0.1430473787051774,-0.19157055697153658,-0.09771296866230927,Fixed trained-model seed average; paired ordered selected contexts; excludes training-data/model-selection uncertainty
exchange_multi,gp_vs_white,"[{""head"": ""mlp_whitened"", ""source"": ""gp"", ""weight"": 1}, {""head"": ""mlp_whitened"", ""source"": ""white"", ""weight"": -1}]",mlp_whitened/gp -mlp_whitened/white,fair_crps,64,8,circular_moving_block,-0.1430473787051774,-0.2031223374240458,-0.08433762270516072,Fixed trained-model seed average; paired ordered selected contexts; excludes training-data/model-selection uncertainty
exchange_multi,gp_vs_white,"[{""head"": ""mlp_whitened"", ""source"": ""gp"", ""weight"": 1}, {""head"": ""mlp_whitened"", ""source"": ""white"", ""weight"": -1}]",mlp_whitened/gp -mlp_whitened/white,joint_energy_scaled,64,4,circular_moving_block,-0.15755208287463968,-0.21359860388354499,-0.10291264783949672,Fixed trained-model seed average; paired ordered selected contexts; excludes training-data/model-selection uncertainty
exchange_multi,gp_vs_white,"[{""head"": ""mlp_whitened"", ""source"": ""gp"", ""weight"": 1}, {""head"": ""mlp_whitened"", ""source"": ""white"", ""weight"": -1}]",mlp_whitened/gp -mlp_whitened/white,joint_energy_scaled,64,8,circular_moving_block,-0.15755208287463968,-0.22876920346572946,-0.0865299048057045,Fixed trained-model seed average; paired ordered selected contexts; excludes training-data/model-selection uncertainty
exchange_multi,source_head_interaction,"[{""head"": ""mlp_whitened"", ""source"": ""gp"", ""weight"": 1}, {""head"": ""mlp"", ""source"": ""gp"", ""weight"": -1}, {""head"": ""mlp_whitened"", ""source"": ""white"", ""weight"": -1}, {""head"": ""mlp"", ""source"": ""white"", ""weight"": 1}]",mlp_whitened/gp -mlp/gp -mlp_whitened/white +mlp/white,fair_crps,64,4,circular_moving_block,-0.21456655635233307,-0.25025549918905976,-0.17880852790486848,Fixed trained-model seed average; paired ordered selected contexts; excludes training-data/model-selection uncertainty
exchange_multi,source_head_interaction,"[{""head"": ""mlp_whitened"", ""source"": ""gp"", ""weight"": 1}, {""head"": ""mlp"", ""source"": ""gp"", ""weight"": -1}, {""head"": ""mlp_whitened"", ""source"": ""white"", ""weight"": -1}, {""head"": ""mlp"", ""source"": ""white"", ""weight"": 1}]",mlp_whitened/gp -mlp/gp -mlp_whitened/white +mlp/white,fair_crps,64,8,circular_moving_block,-0.21456655635233307,-0.25918869554222146,-0.16815470221700607,Fixed trained-model seed average; paired ordered selected contexts; excludes training-data/model-selection uncertainty
exchange_multi,source_head_interaction,"[{""head"": ""mlp_whitened"", ""source"": ""gp"", ""weight"": 1}, {""head"": ""mlp"", ""source"": ""gp"", ""weight"": -1}, {""head"": ""mlp_whitened"", ""source"": ""white"", ""weight"": -1}, {""head"": ""mlp"", ""source"": ""white"", ""weight"": 1}]",mlp_whitened/gp -mlp/gp -mlp_whitened/white +mlp/white,joint_energy_scaled,64,4,circular_moving_block,-0.22081058656276925,-0.2666475200388002,-0.1750923669462773,Fixed trained-model seed average; paired ordered selected contexts; excludes training-data/model-selection uncertainty
exchange_multi,source_head_interaction,"[{""head"": ""mlp_whitened"", ""source"": ""gp"", ""weight"": 1}, {""head"": ""mlp"", ""source"": ""gp"", ""weight"": -1}, {""head"": ""mlp_whitened"", ""source"": ""white"", ""weight"": -1}, {""head"": ""mlp"", ""source"": ""white"", ""weight"": 1}]",mlp_whitened/gp -mlp/gp -mlp_whitened/white +mlp/white,joint_energy_scaled,64,8,circular_moving_block,-0.22081058656276925,-0.2778625275465746,-0.16091056717165822,Fixed trained-model seed average; paired ordered selected contexts; excludes training-data/model-selection uncertainty
exchange_multi,gp_vs_white,"[{""head"": ""sparse_mlp"", ""source"": ""gp"", ""weight"": 1}, {""head"": ""sparse_mlp"", ""source"": ""white"", ""weight"": -1}]",sparse_mlp/gp -sparse_mlp/white,fair_crps,64,4,circular_moving_block,0.01741816326660922,0.01005403409170017,0.024442361251237756,Fixed trained-model seed average; paired ordered selected contexts; excludes training-data/model-selection uncertainty
exchange_multi,gp_vs_white,"[{""head"": ""sparse_mlp"", ""source"": ""gp"", ""weight"": 1}, {""head"": ""sparse_mlp"", ""source"": ""white"", ""weight"": -1}]",sparse_mlp/gp -sparse_mlp/white,fair_crps,64,8,circular_moving_block,0.01741816326660922,0.009831424037262082,0.02531074396967759,Fixed trained-model seed average; paired ordered selected contexts; excludes training-data/model-selection uncertainty
exchange_multi,gp_vs_white,"[{""head"": ""sparse_mlp"", ""source"": ""gp"", ""weight"": 1}, {""head"": ""sparse_mlp"", ""source"": ""white"", ""weight"": -1}]",sparse_mlp/gp -sparse_mlp/white,joint_energy_scaled,64,4,circular_moving_block,0.0167730651792098,0.007592141117882008,0.02601684071957581,Fixed trained-model seed average; paired ordered selected contexts; excludes training-data/model-selection uncertainty
exchange_multi,gp_vs_white,"[{""head"": ""sparse_mlp"", ""source"": ""gp"", ""weight"": 1}, {""head"": ""sparse_mlp"", ""source"": ""white"", ""weight"": -1}]",sparse_mlp/gp -sparse_mlp/white,joint_energy_scaled,64,8,circular_moving_block,0.0167730651792098,0.006452207718521177,0.02760139629478195,Fixed trained-model seed average; paired ordered selected contexts; excludes training-data/model-selection uncertainty
exchange_multi,source_head_interaction,"[{""head"": ""sparse_mlp"", ""source"": ""gp"", ""weight"": 1}, {""head"": ""mlp"", ""source"": ""gp"", ""weight"": -1}, {""head"": ""sparse_mlp"", ""source"": ""white"", ""weight"": -1}, {""head"": ""mlp"", ""source"": ""white"", ""weight"": 1}]",sparse_mlp/gp -mlp/gp -sparse_mlp/white +mlp/white,fair_crps,64,4,circular_moving_block,-0.05410101438054646,-0.06503236956450625,-0.04210698450347724,Fixed trained-model seed average; paired ordered selected contexts; excludes training-data/model-selection uncertainty
exchange_multi,source_head_interaction,"[{""head"": ""sparse_mlp"", ""source"": ""gp"", ""weight"": 1}, {""head"": ""mlp"", ""source"": ""gp"", ""weight"": -1}, {""head"": ""sparse_mlp"", ""source"": ""white"", ""weight"": -1}, {""head"": ""mlp"", ""source"": ""white"", ""weight"": 1}]",sparse_mlp/gp -mlp/gp -sparse_mlp/white +mlp/white,fair_crps,64,8,circular_moving_block,-0.05410101438054646,-0.06785265465616797,-0.03937846584469875,Fixed trained-model seed average; paired ordered selected contexts; excludes training-data/model-selection uncertainty
exchange_multi,source_head_interaction,"[{""head"": ""sparse_mlp"", ""source"": ""gp"", ""weight"": 1}, {""head"": ""mlp"", ""source"": ""gp"", ""weight"": -1}, {""head"": ""sparse_mlp"", ""source"": ""white"", ""weight"": -1}, {""head"": ""mlp"", ""source"": ""white"", ""weight"": 1}]",sparse_mlp/gp -mlp/gp -sparse_mlp/white +mlp/white,joint_energy_scaled,64,4,circular_moving_block,-0.04648543850891977,-0.0561144997567111,-0.03671740828926301,Fixed trained-model seed average; paired ordered selected contexts; excludes training-data/model-selection uncertainty
exchange_multi,source_head_interaction,"[{""head"": ""sparse_mlp"", ""source"": ""gp"", ""weight"": 1}, {""head"": ""mlp"", ""source"": ""gp"", ""weight"": -1}, {""head"": ""sparse_mlp"", ""source"": ""white"", ""weight"": -1}, {""head"": ""mlp"", ""source"": ""white"", ""weight"": 1}]",sparse_mlp/gp -mlp/gp -sparse_mlp/white +mlp/white,joint_energy_scaled,64,8,circular_moving_block,-0.04648543850891977,-0.058360230511753805,-0.03516790140376198,Fixed trained-model seed average; paired ordered selected contexts; excludes training-data/model-selection uncertainty
exchange_multi,gp_vs_white,"[{""head"": ""s4"", ""source"": ""gp"", ""weight"": 1}, {""head"": ""s4"", ""source"": ""white"", ""weight"": -1}]",s4/gp -s4/white,fair_crps,64,4,circular_moving_block,0.09006776891044663,0.03694096201624288,0.14122509655118248,Fixed trained-model seed average; paired ordered selected contexts; excludes training-data/model-selection uncertainty
exchange_multi,gp_vs_white,"[{""head"": ""s4"", ""source"": ""gp"", ""weight"": 1}, {""head"": ""s4"", ""source"": ""white"", ""weight"": -1}]",s4/gp -s4/white,fair_crps,64,8,circular_moving_block,0.09006776891044663,0.02059452521575415,0.15672741615818617,Fixed trained-model seed average; paired ordered selected contexts; excludes training-data/model-selection uncertainty
exchange_multi,gp_vs_white,"[{""head"": ""s4"", ""source"": ""gp"", ""weight"": 1}, {""head"": ""s4"", ""source"": ""white"", ""weight"": -1}]",s4/gp -s4/white,joint_energy_scaled,64,4,circular_moving_block,0.11143934104678879,0.051696859504930005,0.16875672975002495,Fixed trained-model seed average; paired ordered selected contexts; excludes training-data/model-selection uncertainty
exchange_multi,gp_vs_white,"[{""head"": ""s4"", ""source"": ""gp"", ""weight"": 1}, {""head"": ""s4"", ""source"": ""white"", ""weight"": -1}]",s4/gp -s4/white,joint_energy_scaled,64,8,circular_moving_block,0.11143934104678879,0.0334491031627738,0.18619385101079708,Fixed trained-model seed average; paired ordered selected contexts; excludes training-data/model-selection uncertainty
exchange_multi,source_head_interaction,"[{""head"": ""s4"", ""source"": ""gp"", ""weight"": 1}, {""head"": ""mlp"", ""source"": ""gp"", ""weight"": -1}, {""head"": ""s4"", ""source"": ""white"", ""weight"": -1}, {""head"": ""mlp"", ""source"": ""white"", ""weight"": 1}]",s4/gp -mlp/gp -s4/white +mlp/white,fair_crps,64,4,circular_moving_block,0.018548591263290955,-0.02236254680271116,0.059709790541554515,Fixed trained-model seed average; paired ordered selected contexts; excludes training-data/model-selection uncertainty
exchange_multi,source_head_interaction,"[{""head"": ""s4"", ""source"": ""gp"", ""weight"": 1}, {""head"": ""mlp"", ""source"": ""gp"", ""weight"": -1}, {""head"": ""s4"", ""source"": ""white"", ""weight"": -1}, {""head"": ""mlp"", ""source"": ""white"", ""weight"": 1}]",s4/gp -mlp/gp -s4/white +mlp/white,fair_crps,64,8,circular_moving_block,0.018548591263290955,-0.0364081580516832,0.07313703291313468,Fixed trained-model seed average; paired ordered selected contexts; excludes training-data/model-selection uncertainty
exchange_multi,source_head_interaction,"[{""head"": ""s4"", ""source"": ""gp"", ""weight"": 1}, {""head"": ""mlp"", ""source"": ""gp"", ""weight"": -1}, {""head"": ""s4"", ""source"": ""white"", ""weight"": -1}, {""head"": ""mlp"", ""source"": ""white"", ""weight"": 1}]",s4/gp -mlp/gp -s4/white +mlp/white,joint_energy_scaled,64,4,circular_moving_block,0.04818083735865923,-0.0005257361705866012,0.09612628647702501,Fixed trained-model seed average; paired ordered selected contexts; excludes training-data/model-selection uncertainty
exchange_multi,source_head_interaction,"[{""head"": ""s4"", ""source"": ""gp"", ""weight"": 1}, {""head"": ""mlp"", ""source"": ""gp"", ""weight"": -1}, {""head"": ""s4"", ""source"": ""white"", ""weight"": -1}, {""head"": ""mlp"", ""source"": ""white"", ""weight"": 1}]",s4/gp -mlp/gp -s4/white +mlp/white,joint_energy_scaled,64,8,circular_moving_block,0.04818083735865923,-0.016148071605790328,0.112769887303826,Fixed trained-model seed average; paired ordered selected contexts; excludes training-data/model-selection uncertainty
exchange_multi,gp_vs_white,"[{""head"": ""unet"", ""source"": ""gp"", ""weight"": 1}, {""head"": ""unet"", ""source"": ""white"", ""weight"": -1}]",unet/gp -unet/white,fair_crps,64,4,circular_moving_block,0.0364912253181517,0.025938158967826072,0.04748242119648057,Fixed trained-model seed average; paired ordered selected contexts; excludes training-data/model-selection uncertainty
exchange_multi,gp_vs_white,"[{""head"": ""unet"", ""source"": ""gp"", ""weight"": 1}, {""head"": ""unet"", ""source"": ""white"", ""weight"": -1}]",unet/gp -unet/white,fair_crps,64,8,circular_moving_block,0.0364912253181517,0.022623997139512936,0.05025307494062859,Fixed trained-model seed average; paired ordered selected contexts; excludes training-data/model-selection uncertainty
exchange_multi,gp_vs_white,"[{""head"": ""unet"", ""source"": ""gp"", ""weight"": 1}, {""head"": ""unet"", ""source"": ""white"", ""weight"": -1}]",unet/gp -unet/white,joint_energy_scaled,64,4,circular_moving_block,0.04253127690833976,0.031416333278548335,0.054000588014469726,Fixed trained-model seed average; paired ordered selected contexts; excludes training-data/model-selection uncertainty
exchange_multi,gp_vs_white,"[{""head"": ""unet"", ""source"": ""gp"", ""weight"": 1}, {""head"": ""unet"", ""source"": ""white"", ""weight"": -1}]",unet/gp -unet/white,joint_energy_scaled,64,8,circular_moving_block,0.04253127690833976,0.02820138828652934,0.05703566167071699,Fixed trained-model seed average; paired ordered selected contexts; excludes training-data/model-selection uncertainty
exchange_multi,source_head_interaction,"[{""head"": ""unet"", ""source"": ""gp"", ""weight"": 1}, {""head"": ""mlp"", ""source"": ""gp"", ""weight"": -1}, {""head"": ""unet"", ""source"": ""white"", ""weight"": -1}, {""head"": ""mlp"", ""source"": ""white"", ""weight"": 1}]",unet/gp -mlp/gp -unet/white +mlp/white,fair_crps,64,4,circular_moving_block,-0.03502795232900398,-0.057661320476769744,-0.010464172932044087,Fixed trained-model seed average; paired ordered selected contexts; excludes training-data/model-selection uncertainty
exchange_multi,source_head_interaction,"[{""head"": ""unet"", ""source"": ""gp"", ""weight"": 1}, {""head"": ""mlp"", ""source"": ""gp"", ""weight"": -1}, {""head"": ""unet"", ""source"": ""white"", ""weight"": -1}, {""head"": ""mlp"", ""source"": ""white"", ""weight"": 1}]",unet/gp -mlp/gp -unet/white +mlp/white,fair_crps,64,8,circular_moving_block,-0.03502795232900398,-0.06405896564321112,-0.0042062924699069635,Fixed trained-model seed average; paired ordered selected contexts; excludes training-data/model-selection uncertainty
exchange_multi,source_head_interaction,"[{""head"": ""unet"", ""source"": ""gp"", ""weight"": 1}, {""head"": ""mlp"", ""source"": ""gp"", ""weight"": -1}, {""head"": ""unet"", ""source"": ""white"", ""weight"": -1}, {""head"": ""mlp"", ""source"": ""white"", ""weight"": 1}]",unet/gp -mlp/gp -unet/white +mlp/white,joint_energy_scaled,64,4,circular_moving_block,-0.02072722677978981,-0.044605291734862294,0.0035543992406495274,Fixed trained-model seed average; paired ordered selected contexts; excludes training-data/model-selection uncertainty
exchange_multi,source_head_interaction,"[{""head"": ""unet"", ""source"": ""gp"", ""weight"": 1}, {""head"": ""mlp"", ""source"": ""gp"", ""weight"": -1}, {""head"": ""unet"", ""source"": ""white"", ""weight"": -1}, {""head"": ""mlp"", ""source"": ""white"", ""weight"": 1}]",unet/gp -mlp/gp -unet/white +mlp/white,joint_energy_scaled,64,8,circular_moving_block,-0.02072722677978981,-0.05103294818297613,0.009784618133595203,Fixed trained-model seed average; paired ordered selected contexts; excludes training-data/model-selection uncertainty
exchange_multi,gp_vs_white,"[{""head"": ""unet_l0"", ""source"": ""gp"", ""weight"": 1}, {""head"": ""unet_l0"", ""source"": ""white"", ""weight"": -1}]",unet_l0/gp -unet_l0/white,fair_crps,64,4,circular_moving_block,0.01805318204929498,0.004052180023324205,0.03245046822441462,Fixed trained-model seed average; paired ordered selected contexts; excludes training-data/model-selection uncertainty
exchange_multi,gp_vs_white,"[{""head"": ""unet_l0"", ""source"": ""gp"", ""weight"": 1}, {""head"": ""unet_l0"", ""source"": ""white"", ""weight"": -1}]",unet_l0/gp -unet_l0/white,fair_crps,64,8,circular_moving_block,0.01805318204929498,-0.00031277719127639975,0.03654108928181062,Fixed trained-model seed average; paired ordered selected contexts; excludes training-data/model-selection uncertainty
exchange_multi,gp_vs_white,"[{""head"": ""unet_l0"", ""source"": ""gp"", ""weight"": 1}, {""head"": ""unet_l0"", ""source"": ""white"", ""weight"": -1}]",unet_l0/gp -unet_l0/white,joint_energy_scaled,64,4,circular_moving_block,0.02270255100022504,0.005140216975070543,0.04084361749665388,Fixed trained-model seed average; paired ordered selected contexts; excludes training-data/model-selection uncertainty
exchange_multi,gp_vs_white,"[{""head"": ""unet_l0"", ""source"": ""gp"", ""weight"": 1}, {""head"": ""unet_l0"", ""source"": ""white"", ""weight"": -1}]",unet_l0/gp -unet_l0/white,joint_energy_scaled,64,8,circular_moving_block,0.02270255100022504,-0.00037169938651207595,0.046179619282039334,Fixed trained-model seed average; paired ordered selected contexts; excludes training-data/model-selection uncertainty
exchange_multi,source_head_interaction,"[{""head"": ""unet_l0"", ""source"": ""gp"", ""weight"": 1}, {""head"": ""mlp"", ""source"": ""gp"", ""weight"": -1}, {""head"": ""unet_l0"", ""source"": ""white"", ""weight"": -1}, {""head"": ""mlp"", ""source"": ""white"", ""weight"": 1}]",unet_l0/gp -mlp/gp -unet_l0/white +mlp/white,fair_crps,64,4,circular_moving_block,-0.0534659955978607,-0.08019235568022905,-0.025096124079361785,Fixed trained-model seed average; paired ordered selected contexts; excludes training-data/model-selection uncertainty
exchange_multi,source_head_interaction,"[{""head"": ""unet_l0"", ""source"": ""gp"", ""weight"": 1}, {""head"": ""mlp"", ""source"": ""gp"", ""weight"": -1}, {""head"": ""unet_l0"", ""source"": ""white"", ""weight"": -1}, {""head"": ""mlp"", ""source"": ""white"", ""weight"": 1}]",unet_l0/gp -mlp/gp -unet_l0/white +mlp/white,fair_crps,64,8,circular_moving_block,-0.0534659955978607,-0.08784724663045639,-0.01856987703613685,Fixed trained-model seed average; paired ordered selected contexts; excludes training-data/model-selection uncertainty
exchange_multi,source_head_interaction,"[{""head"": ""unet_l0"", ""source"": ""gp"", ""weight"": 1}, {""head"": ""mlp"", ""source"": ""gp"", ""weight"": -1}, {""head"": ""unet_l0"", ""source"": ""white"", ""weight"": -1}, {""head"": ""mlp"", ""source"": ""white"", ""weight"": 1}]",unet_l0/gp -mlp/gp -unet_l0/white +mlp/white,joint_energy_scaled,64,4,circular_moving_block,-0.04055595268790452,-0.07186424801988936,-0.009219996584396052,Fixed trained-model seed average; paired ordered selected contexts; excludes training-data/model-selection uncertainty
exchange_multi,source_head_interaction,"[{""head"": ""unet_l0"", ""source"": ""gp"", ""weight"": 1}, {""head"": ""mlp"", ""source"": ""gp"", ""weight"": -1}, {""head"": ""unet_l0"", ""source"": ""white"", ""weight"": -1}, {""head"": ""mlp"", ""source"": ""white"", ""weight"": 1}]",unet_l0/gp -mlp/gp -unet_l0/white +mlp/white,joint_energy_scaled,64,8,circular_moving_block,-0.04055595268790452,-0.0802287566243888,-0.001850435189671931,Fixed trained-model seed average; paired ordered selected contexts; excludes training-data/model-selection uncertainty
exchange_multi,gp_vs_white,"[{""head"": ""history_dense_ae"", ""source"": ""gp"", ""weight"": 1}, {""head"": ""history_dense_ae"", ""source"": ""white"", ""weight"": -1}]",history_dense_ae/gp -history_dense_ae/white,fair_crps,64,4,circular_moving_block,0.10453780575975961,0.08983691256079822,0.11845553889304321,Fixed trained-model seed average; paired ordered selected contexts; excludes training-data/model-selection uncertainty
exchange_multi,gp_vs_white,"[{""head"": ""history_dense_ae"", ""source"": ""gp"", ""weight"": 1}, {""head"": ""history_dense_ae"", ""source"": ""white"", ""weight"": -1}]",history_dense_ae/gp -history_dense_ae/white,fair_crps,64,8,circular_moving_block,0.10453780575975961,0.08811094639049437,0.12108230223715877,Fixed trained-model seed average; paired ordered selected contexts; excludes training-data/model-selection uncertainty
exchange_multi,gp_vs_white,"[{""head"": ""history_dense_ae"", ""source"": ""gp"", ""weight"": 1}, {""head"": ""history_dense_ae"", ""source"": ""white"", ""weight"": -1}]",history_dense_ae/gp -history_dense_ae/white,joint_energy_scaled,64,4,circular_moving_block,0.10967202250974159,0.09214586317559124,0.12784078804199722,Fixed trained-model seed average; paired ordered selected contexts; excludes training-data/model-selection uncertainty
exchange_multi,gp_vs_white,"[{""head"": ""history_dense_ae"", ""source"": ""gp"", ""weight"": 1}, {""head"": ""history_dense_ae"", ""source"": ""white"", ""weight"": -1}]",history_dense_ae/gp -history_dense_ae/white,joint_energy_scaled,64,8,circular_moving_block,0.10967202250974159,0.0882296130444295,0.13238235735858345,Fixed trained-model seed average; paired ordered selected contexts; excludes training-data/model-selection uncertainty
exchange_multi,source_head_interaction,"[{""head"": ""history_dense_ae"", ""source"": ""gp"", ""weight"": 1}, {""head"": ""mlp"", ""source"": ""gp"", ""weight"": -1}, {""head"": ""history_dense_ae"", ""source"": ""white"", ""weight"": -1}, {""head"": ""mlp"", ""source"": ""white"", ""weight"": 1}]",history_dense_ae/gp -mlp/gp -history_dense_ae/white +mlp/white,fair_crps,64,4,circular_moving_block,0.033018628112603934,0.023705643918974912,0.043339123769947356,Fixed trained-model seed average; paired ordered selected contexts; excludes training-data/model-selection uncertainty
exchange_multi,source_head_interaction,"[{""head"": ""history_dense_ae"", ""source"": ""gp"", ""weight"": 1}, {""head"": ""mlp"", ""source"": ""gp"", ""weight"": -1}, {""head"": ""history_dense_ae"", ""source"": ""white"", ""weight"": -1}, {""head"": ""mlp"", ""source"": ""white"", ""weight"": 1}]",history_dense_ae/gp -mlp/gp -history_dense_ae/white +mlp/white,fair_crps,64,8,circular_moving_block,0.033018628112603934,0.021902884224802712,0.04557594233941217,Fixed trained-model seed average; paired ordered selected contexts; excludes training-data/model-selection uncertainty
exchange_multi,source_head_interaction,"[{""head"": ""history_dense_ae"", ""source"": ""gp"", ""weight"": 1}, {""head"": ""mlp"", ""source"": ""gp"", ""weight"": -1}, {""head"": ""history_dense_ae"", ""source"": ""white"", ""weight"": -1}, {""head"": ""mlp"", ""source"": ""white"", ""weight"": 1}]",history_dense_ae/gp -mlp/gp -history_dense_ae/white +mlp/white,joint_energy_scaled,64,4,circular_moving_block,0.04641351882161202,0.03712430250294822,0.05646388233418962,Fixed trained-model seed average; paired ordered selected contexts; excludes training-data/model-selection uncertainty
exchange_multi,source_head_interaction,"[{""head"": ""history_dense_ae"", ""source"": ""gp"", ""weight"": 1}, {""head"": ""mlp"", ""source"": ""gp"", ""weight"": -1}, {""head"": ""history_dense_ae"", ""source"": ""white"", ""weight"": -1}, {""head"": ""mlp"", ""source"": ""white"", ""weight"": 1}]",history_dense_ae/gp -mlp/gp -history_dense_ae/white +mlp/white,joint_energy_scaled,64,8,circular_moving_block,0.04641351882161202,0.03654343235189286,0.05795587713742971,Fixed trained-model seed average; paired ordered selected contexts; excludes training-data/model-selection uncertainty
exchange_multi,gp_vs_white,"[{""head"": ""history_topk_ae"", ""source"": ""gp"", ""weight"": 1}, {""head"": ""history_topk_ae"", ""source"": ""white"", ""weight"": -1}]",history_topk_ae/gp -history_topk_ae/white,fair_crps,64,4,circular_moving_block,0.10609192692510439,0.08508964631460826,0.12632731367024802,Fixed trained-model seed average; paired ordered selected contexts; excludes training-data/model-selection uncertainty
exchange_multi,gp_vs_white,"[{""head"": ""history_topk_ae"", ""source"": ""gp"", ""weight"": 1}, {""head"": ""history_topk_ae"", ""source"": ""white"", ""weight"": -1}]",history_topk_ae/gp -history_topk_ae/white,fair_crps,64,8,circular_moving_block,0.10609192692510439,0.08028837212281333,0.13164172374773764,Fixed trained-model seed average; paired ordered selected contexts; excludes training-data/model-selection uncertainty
exchange_multi,gp_vs_white,"[{""head"": ""history_topk_ae"", ""source"": ""gp"", ""weight"": 1}, {""head"": ""history_topk_ae"", ""source"": ""white"", ""weight"": -1}]",history_topk_ae/gp -history_topk_ae/white,joint_energy_scaled,64,4,circular_moving_block,0.1176978240061587,0.09159449974904009,0.14435254284796445,Fixed trained-model seed average; paired ordered selected contexts; excludes training-data/model-selection uncertainty
exchange_multi,gp_vs_white,"[{""head"": ""history_topk_ae"", ""source"": ""gp"", ""weight"": 1}, {""head"": ""history_topk_ae"", ""source"": ""white"", ""weight"": -1}]",history_topk_ae/gp -history_topk_ae/white,joint_energy_scaled,64,8,circular_moving_block,0.1176978240061587,0.08488808181228132,0.15236245922127745,Fixed trained-model seed average; paired ordered selected contexts; excludes training-data/model-selection uncertainty
exchange_multi,source_head_interaction,"[{""head"": ""history_topk_ae"", ""source"": ""gp"", ""weight"": 1}, {""head"": ""mlp"", ""source"": ""gp"", ""weight"": -1}, {""head"": ""history_topk_ae"", ""source"": ""white"", ""weight"": -1}, {""head"": ""mlp"", ""source"": ""white"", ""weight"": 1}]",history_topk_ae/gp -mlp/gp -history_topk_ae/white +mlp/white,fair_crps,64,4,circular_moving_block,0.034572749277948706,0.02138253599176318,0.04738949474065437,Fixed trained-model seed average; paired ordered selected contexts; excludes training-data/model-selection uncertainty
exchange_multi,source_head_interaction,"[{""head"": ""history_topk_ae"", ""source"": ""gp"", ""weight"": 1}, {""head"": ""mlp"", ""source"": ""gp"", ""weight"": -1}, {""head"": ""history_topk_ae"", ""source"": ""white"", ""weight"": -1}, {""head"": ""mlp"", ""source"": ""white"", ""weight"": 1}]",history_topk_ae/gp -mlp/gp -history_topk_ae/white +mlp/white,fair_crps,64,8,circular_moving_block,0.034572749277948706,0.019304269983251323,0.04925716792211618,Fixed trained-model seed average; paired ordered selected contexts; excludes training-data/model-selection uncertainty
exchange_multi,source_head_interaction,"[{""head"": ""history_topk_ae"", ""source"": ""gp"", ""weight"": 1}, {""head"": ""mlp"", ""source"": ""gp"", ""weight"": -1}, {""head"": ""history_topk_ae"", ""source"": ""white"", ""weight"": -1}, {""head"": ""mlp"", ""source"": ""white"", ""weight"": 1}]",history_topk_ae/gp -mlp/gp -history_topk_ae/white +mlp/white,joint_energy_scaled,64,4,circular_moving_block,0.054439320318029144,0.036635973564853985,0.07304050909259024,Fixed trained-model seed average; paired ordered selected contexts; excludes training-data/model-selection uncertainty
exchange_multi,source_head_interaction,"[{""head"": ""history_topk_ae"", ""source"": ""gp"", ""weight"": 1}, {""head"": ""mlp"", ""source"": ""gp"", ""weight"": -1}, {""head"": ""history_topk_ae"", ""source"": ""white"", ""weight"": -1}, {""head"": ""mlp"", ""source"": ""white"", ""weight"": 1}]",history_topk_ae/gp -mlp/gp -history_topk_ae/white +mlp/white,joint_energy_scaled,64,8,circular_moving_block,0.054439320318029144,0.033256585948928684,0.07696749117497331,Fixed trained-model seed average; paired ordered selected contexts; excludes training-data/model-selection uncertainty
exchange_multi,gp_vs_white,"[{""head"": ""history_conv_dense"", ""source"": ""gp"", ""weight"": 1}, {""head"": ""history_conv_dense"", ""source"": ""white"", ""weight"": -1}]",history_conv_dense/gp -history_conv_dense/white,fair_crps,64,4,circular_moving_block,0.15837747796441495,0.1246180664013064,0.1879888715125946,Fixed trained-model seed average; paired ordered selected contexts; excludes training-data/model-selection uncertainty
exchange_multi,gp_vs_white,"[{""head"": ""history_conv_dense"", ""source"": ""gp"", ""weight"": 1}, {""head"": ""history_conv_dense"", ""source"": ""white"", ""weight"": -1}]",history_conv_dense/gp -history_conv_dense/white,fair_crps,64,8,circular_moving_block,0.15837747796441495,0.11735645906496331,0.1964678946842939,Fixed trained-model seed average; paired ordered selected contexts; excludes training-data/model-selection uncertainty
exchange_multi,gp_vs_white,"[{""head"": ""history_conv_dense"", ""source"": ""gp"", ""weight"": 1}, {""head"": ""history_conv_dense"", ""source"": ""white"", ""weight"": -1}]",history_conv_dense/gp -history_conv_dense/white,joint_energy_scaled,64,4,circular_moving_block,0.18069710746005685,0.14229152440845125,0.21518955400731354,Fixed trained-model seed average; paired ordered selected contexts; excludes training-data/model-selection uncertainty
exchange_multi,gp_vs_white,"[{""head"": ""history_conv_dense"", ""source"": ""gp"", ""weight"": 1}, {""head"": ""history_conv_dense"", ""source"": ""white"", ""weight"": -1}]",history_conv_dense/gp -history_conv_dense/white,joint_energy_scaled,64,8,circular_moving_block,0.18069710746005685,0.13399810895771685,0.2252838638033157,Fixed trained-model seed average; paired ordered selected contexts; excludes training-data/model-selection uncertainty
exchange_multi,source_head_interaction,"[{""head"": ""history_conv_dense"", ""source"": ""gp"", ""weight"": 1}, {""head"": ""mlp"", ""source"": ""gp"", ""weight"": -1}, {""head"": ""history_conv_dense"", ""source"": ""white"", ""weight"": -1}, {""head"": ""mlp"", ""source"": ""white"", ""weight"": 1}]",history_conv_dense/gp -mlp/gp -history_conv_dense/white +mlp/white,fair_crps,64,4,circular_moving_block,0.08685830031725929,0.06777083797237549,0.10593967097583182,Fixed trained-model seed average; paired ordered selected contexts; excludes training-data/model-selection uncertainty
exchange_multi,source_head_interaction,"[{""head"": ""history_conv_dense"", ""source"": ""gp"", ""weight"": 1}, {""head"": ""mlp"", ""source"": ""gp"", ""weight"": -1}, {""head"": ""history_conv_dense"", ""source"": ""white"", ""weight"": -1}, {""head"": ""mlp"", ""source"": ""white"", ""weight"": 1}]",history_conv_dense/gp -mlp/gp -history_conv_dense/white +mlp/white,fair_crps,64,8,circular_moving_block,0.08685830031725929,0.06324777589048931,0.11206192493118634,Fixed trained-model seed average; paired ordered selected contexts; excludes training-data/model-selection uncertainty
exchange_multi,source_head_interaction,"[{""head"": ""history_conv_dense"", ""source"": ""gp"", ""weight"": 1}, {""head"": ""mlp"", ""source"": ""gp"", ""weight"": -1}, {""head"": ""history_conv_dense"", ""source"": ""white"", ""weight"": -1}, {""head"": ""mlp"", ""source"": ""white"", ""weight"": 1}]",history_conv_dense/gp -mlp/gp -history_conv_dense/white +mlp/white,joint_energy_scaled,64,4,circular_moving_block,0.11743860377192729,0.09170923037284252,0.14313480189478184,Fixed trained-model seed average; paired ordered selected contexts; excludes training-data/model-selection uncertainty
exchange_multi,source_head_interaction,"[{""head"": ""history_conv_dense"", ""source"": ""gp"", ""weight"": 1}, {""head"": ""mlp"", ""source"": ""gp"", ""weight"": -1}, {""head"": ""history_conv_dense"", ""source"": ""white"", ""weight"": -1}, {""head"": ""mlp"", ""source"": ""white"", ""weight"": 1}]",history_conv_dense/gp -mlp/gp -history_conv_dense/white +mlp/white,joint_energy_scaled,64,8,circular_moving_block,0.11743860377192729,0.08600186782493809,0.15113261127291067,Fixed trained-model seed average; paired ordered selected contexts; excludes training-data/model-selection uncertainty
exchange_multi,gp_vs_white,"[{""head"": ""history_conv_sparse"", ""source"": ""gp"", ""weight"": 1}, {""head"": ""history_conv_sparse"", ""source"": ""white"", ""weight"": -1}]",history_conv_sparse/gp -history_conv_sparse/white,fair_crps,64,4,circular_moving_block,0.21142643405465725,0.16141613483283387,0.2577453328659584,Fixed trained-model seed average; paired ordered selected contexts; excludes training-data/model-selection uncertainty
exchange_multi,gp_vs_white,"[{""head"": ""history_conv_sparse"", ""source"": ""gp"", ""weight"": 1}, {""head"": ""history_conv_sparse"", ""source"": ""white"", ""weight"": -1}]",history_conv_sparse/gp -history_conv_sparse/white,fair_crps,64,8,circular_moving_block,0.21142643405465725,0.14803224846696753,0.27267868197039896,Fixed trained-model seed average; paired ordered selected contexts; excludes training-data/model-selection uncertainty
exchange_multi,gp_vs_white,"[{""head"": ""history_conv_sparse"", ""source"": ""gp"", ""weight"": 1}, {""head"": ""history_conv_sparse"", ""source"": ""white"", ""weight"": -1}]",history_conv_sparse/gp -history_conv_sparse/white,joint_energy_scaled,64,4,circular_moving_block,0.24729197410191073,0.18850373770441134,0.3025008515363717,Fixed trained-model seed average; paired ordered selected contexts; excludes training-data/model-selection uncertainty
exchange_multi,gp_vs_white,"[{""head"": ""history_conv_sparse"", ""source"": ""gp"", ""weight"": 1}, {""head"": ""history_conv_sparse"", ""source"": ""white"", ""weight"": -1}]",history_conv_sparse/gp -history_conv_sparse/white,joint_energy_scaled,64,8,circular_moving_block,0.24729197410191073,0.17320099245508888,0.3204439344449229,Fixed trained-model seed average; paired ordered selected contexts; excludes training-data/model-selection uncertainty
exchange_multi,source_head_interaction,"[{""head"": ""history_conv_sparse"", ""source"": ""gp"", ""weight"": 1}, {""head"": ""mlp"", ""source"": ""gp"", ""weight"": -1}, {""head"": ""history_conv_sparse"", ""source"": ""white"", ""weight"": -1}, {""head"": ""mlp"", ""source"": ""white"", ""weight"": 1}]",history_conv_sparse/gp -mlp/gp -history_conv_sparse/white +mlp/white,fair_crps,64,4,circular_moving_block,0.13990725640750157,0.10388317167868281,0.17536728953417383,Fixed trained-model seed average; paired ordered selected contexts; excludes training-data/model-selection uncertainty
exchange_multi,source_head_interaction,"[{""head"": ""history_conv_sparse"", ""source"": ""gp"", ""weight"": 1}, {""head"": ""mlp"", ""source"": ""gp"", ""weight"": -1}, {""head"": ""history_conv_sparse"", ""source"": ""white"", ""weight"": -1}, {""head"": ""mlp"", ""source"": ""white"", ""weight"": 1}]",history_conv_sparse/gp -mlp/gp -history_conv_sparse/white +mlp/white,fair_crps,64,8,circular_moving_block,0.13990725640750157,0.09361698549537129,0.18792666720385606,Fixed trained-model seed average; paired ordered selected contexts; excludes training-data/model-selection uncertainty
exchange_multi,source_head_interaction,"[{""head"": ""history_conv_sparse"", ""source"": ""gp"", ""weight"": 1}, {""head"": ""mlp"", ""source"": ""gp"", ""weight"": -1}, {""head"": ""history_conv_sparse"", ""source"": ""white"", ""weight"": -1}, {""head"": ""mlp"", ""source"": ""white"", ""weight"": 1}]",history_conv_sparse/gp -mlp/gp -history_conv_sparse/white +mlp/white,joint_energy_scaled,64,4,circular_moving_block,0.18403347041378115,0.13811660162561878,0.2295042172827285,Fixed trained-model seed average; paired ordered selected contexts; excludes training-data/model-selection uncertainty
exchange_multi,source_head_interaction,"[{""head"": ""history_conv_sparse"", ""source"": ""gp"", ""weight"": 1}, {""head"": ""mlp"", ""source"": ""gp"", ""weight"": -1}, {""head"": ""history_conv_sparse"", ""source"": ""white"", ""weight"": -1}, {""head"": ""mlp"", ""source"": ""white"", ""weight"": 1}]",history_conv_sparse/gp -mlp/gp -history_conv_sparse/white +mlp/white,joint_energy_scaled,64,8,circular_moving_block,0.18403347041378115,0.12505888392123019,0.24538912899733348,Fixed trained-model seed average; paired ordered selected contexts; excludes training-data/model-selection uncertainty
exchange_multi,gp_vs_white,"[{""head"": ""dictionary_dense"", ""source"": ""gp"", ""weight"": 1}, {""head"": ""dictionary_dense"", ""source"": ""white"", ""weight"": -1}]",dictionary_dense/gp -dictionary_dense/white,fair_crps,64,4,circular_moving_block,0.03148701157020187,0.021200293520966133,0.0407762286714524,Fixed trained-model seed average; paired ordered selected contexts; excludes training-data/model-selection uncertainty
exchange_multi,gp_vs_white,"[{""head"": ""dictionary_dense"", ""source"": ""gp"", ""weight"": 1}, {""head"": ""dictionary_dense"", ""source"": ""white"", ""weight"": -1}]",dictionary_dense/gp -dictionary_dense/white,fair_crps,64,8,circular_moving_block,0.03148701157020187,0.020181133966008635,0.041955334640447976,Fixed trained-model seed average; paired ordered selected contexts; excludes training-data/model-selection uncertainty
exchange_multi,gp_vs_white,"[{""head"": ""dictionary_dense"", ""source"": ""gp"", ""weight"": 1}, {""head"": ""dictionary_dense"", ""source"": ""white"", ""weight"": -1}]",dictionary_dense/gp -dictionary_dense/white,joint_energy_scaled,64,4,circular_moving_block,0.020646875532708706,0.010769411086849551,0.030304115328940402,Fixed trained-model seed average; paired ordered selected contexts; excludes training-data/model-selection uncertainty
exchange_multi,gp_vs_white,"[{""head"": ""dictionary_dense"", ""source"": ""gp"", ""weight"": 1}, {""head"": ""dictionary_dense"", ""source"": ""white"", ""weight"": -1}]",dictionary_dense/gp -dictionary_dense/white,joint_energy_scaled,64,8,circular_moving_block,0.020646875532708706,0.010592267594152372,0.03020975650242718,Fixed trained-model seed average; paired ordered selected contexts; excludes training-data/model-selection uncertainty
exchange_multi,source_head_interaction,"[{""head"": ""dictionary_dense"", ""source"": ""gp"", ""weight"": 1}, {""head"": ""mlp"", ""source"": ""gp"", ""weight"": -1}, {""head"": ""dictionary_dense"", ""source"": ""white"", ""weight"": -1}, {""head"": ""mlp"", ""source"": ""white"", ""weight"": 1}]",dictionary_dense/gp -mlp/gp -dictionary_dense/white +mlp/white,fair_crps,64,4,circular_moving_block,-0.04003216607695381,-0.05251474835132302,-0.02705149733136833,Fixed trained-model seed average; paired ordered selected contexts; excludes training-data/model-selection uncertainty
exchange_multi,source_head_interaction,"[{""head"": ""dictionary_dense"", ""source"": ""gp"", ""weight"": 1}, {""head"": ""mlp"", ""source"": ""gp"", ""weight"": -1}, {""head"": ""dictionary_dense"", ""source"": ""white"", ""weight"": -1}, {""head"": ""mlp"", ""source"": ""white"", ""weight"": 1}]",dictionary_dense/gp -mlp/gp -dictionary_dense/white +mlp/white,fair_crps,64,8,circular_moving_block,-0.04003216607695381,-0.056421690309483886,-0.023233253689499512,Fixed trained-model seed average; paired ordered selected contexts; excludes training-data/model-selection uncertainty
exchange_multi,source_head_interaction,"[{""head"": ""dictionary_dense"", ""source"": ""gp"", ""weight"": 1}, {""head"": ""mlp"", ""source"": ""gp"", ""weight"": -1}, {""head"": ""dictionary_dense"", ""source"": ""white"", ""weight"": -1}, {""head"": ""mlp"", ""source"": ""white"", ""weight"": 1}]",dictionary_dense/gp -mlp/gp -dictionary_dense/white +mlp/white,joint_energy_scaled,64,4,circular_moving_block,-0.04261162815542087,-0.05814603484282747,-0.02764917477147514,Fixed trained-model seed average; paired ordered selected contexts; excludes training-data/model-selection uncertainty
exchange_multi,source_head_interaction,"[{""head"": ""dictionary_dense"", ""source"": ""gp"", ""weight"": 1}, {""head"": ""mlp"", ""source"": ""gp"", ""weight"": -1}, {""head"": ""dictionary_dense"", ""source"": ""white"", ""weight"": -1}, {""head"": ""mlp"", ""source"": ""white"", ""weight"": 1}]",dictionary_dense/gp -mlp/gp -dictionary_dense/white +mlp/white,joint_energy_scaled,64,8,circular_moving_block,-0.04261162815542087,-0.06314621953253888,-0.022955479299519733,Fixed trained-model seed average; paired ordered selected contexts; excludes training-data/model-selection uncertainty
exchange_multi,gp_vs_white,"[{""head"": ""dictionary_topk"", ""source"": ""gp"", ""weight"": 1}, {""head"": ""dictionary_topk"", ""source"": ""white"", ""weight"": -1}]",dictionary_topk/gp -dictionary_topk/white,fair_crps,64,4,circular_moving_block,-0.015015525011749617,-0.037146839043689185,0.0064082942806855244,Fixed trained-model seed average; paired ordered selected contexts; excludes training-data/model-selection uncertainty
exchange_multi,gp_vs_white,"[{""head"": ""dictionary_topk"", ""source"": ""gp"", ""weight"": 1}, {""head"": ""dictionary_topk"", ""source"": ""white"", ""weight"": -1}]",dictionary_topk/gp -dictionary_topk/white,fair_crps,64,8,circular_moving_block,-0.015015525011749617,-0.04350905167408299,0.013474280076283441,Fixed trained-model seed average; paired ordered selected contexts; excludes training-data/model-selection uncertainty
exchange_multi,gp_vs_white,"[{""head"": ""dictionary_topk"", ""source"": ""gp"", ""weight"": 1}, {""head"": ""dictionary_topk"", ""source"": ""white"", ""weight"": -1}]",dictionary_topk/gp -dictionary_topk/white,joint_energy_scaled,64,4,circular_moving_block,-0.022373164775804637,-0.049025059781736,0.004598075200809418,Fixed trained-model seed average; paired ordered selected contexts; excludes training-data/model-selection uncertainty
exchange_multi,gp_vs_white,"[{""head"": ""dictionary_topk"", ""source"": ""gp"", ""weight"": 1}, {""head"": ""dictionary_topk"", ""source"": ""white"", ""weight"": -1}]",dictionary_topk/gp -dictionary_topk/white,joint_energy_scaled,64,8,circular_moving_block,-0.022373164775804637,-0.05681800404988466,0.013898287162733345,Fixed trained-model seed average; paired ordered selected contexts; excludes training-data/model-selection uncertainty
exchange_multi,source_head_interaction,"[{""head"": ""dictionary_topk"", ""source"": ""gp"", ""weight"": 1}, {""head"": ""mlp"", ""source"": ""gp"", ""weight"": -1}, {""head"": ""dictionary_topk"", ""source"": ""white"", ""weight"": -1}, {""head"": ""mlp"", ""source"": ""white"", ""weight"": 1}]",dictionary_topk/gp -mlp/gp -dictionary_topk/white +mlp/white,fair_crps,64,4,circular_moving_block,-0.08653470265890528,-0.09927215438069036,-0.07237737241290569,Fixed trained-model seed average; paired ordered selected contexts; excludes training-data/model-selection uncertainty
exchange_multi,source_head_interaction,"[{""head"": ""dictionary_topk"", ""source"": ""gp"", ""weight"": 1}, {""head"": ""mlp"", ""source"": ""gp"", ""weight"": -1}, {""head"": ""dictionary_topk"", ""source"": ""white"", ""weight"": -1}, {""head"": ""mlp"", ""source"": ""white"", ""weight"": 1}]",dictionary_topk/gp -mlp/gp -dictionary_topk/white +mlp/white,fair_crps,64,8,circular_moving_block,-0.08653470265890528,-0.10129847460953553,-0.06871365165978896,Fixed trained-model seed average; paired ordered selected contexts; excludes training-data/model-selection uncertainty
exchange_multi,source_head_interaction,"[{""head"": ""dictionary_topk"", ""source"": ""gp"", ""weight"": 1}, {""head"": ""mlp"", ""source"": ""gp"", ""weight"": -1}, {""head"": ""dictionary_topk"", ""source"": ""white"", ""weight"": -1}, {""head"": ""mlp"", ""source"": ""white"", ""weight"": 1}]",dictionary_topk/gp -mlp/gp -dictionary_topk/white +mlp/white,joint_energy_scaled,64,4,circular_moving_block,-0.0856316684639342,-0.10508694809306501,-0.06474600811480778,Fixed trained-model seed average; paired ordered selected contexts; excludes training-data/model-selection uncertainty
exchange_multi,source_head_interaction,"[{""head"": ""dictionary_topk"", ""source"": ""gp"", ""weight"": 1}, {""head"": ""mlp"", ""source"": ""gp"", ""weight"": -1}, {""head"": ""dictionary_topk"", ""source"": ""white"", ""weight"": -1}, {""head"": ""mlp"", ""source"": ""white"", ""weight"": 1}]",dictionary_topk/gp -mlp/gp -dictionary_topk/white +mlp/white,joint_energy_scaled,64,8,circular_moving_block,-0.0856316684639342,-0.10885415466261603,-0.05848505188120249,Fixed trained-model seed average; paired ordered selected contexts; excludes training-data/model-selection uncertainty
exchange_multi,gp_vs_white,"[{""head"": ""moe_dense"", ""source"": ""gp"", ""weight"": 1}, {""head"": ""moe_dense"", ""source"": ""white"", ""weight"": -1}]",moe_dense/gp -moe_dense/white,fair_crps,64,4,circular_moving_block,0.03500508753218927,0.023366352842311415,0.045411287509715174,Fixed trained-model seed average; paired ordered selected contexts; excludes training-data/model-selection uncertainty
exchange_multi,gp_vs_white,"[{""head"": ""moe_dense"", ""source"": ""gp"", ""weight"": 1}, {""head"": ""moe_dense"", ""source"": ""white"", ""weight"": -1}]",moe_dense/gp -moe_dense/white,fair_crps,64,8,circular_moving_block,0.03500508753218927,0.022787049763279676,0.04620788602600466,Fixed trained-model seed average; paired ordered selected contexts; excludes training-data/model-selection uncertainty
exchange_multi,gp_vs_white,"[{""head"": ""moe_dense"", ""source"": ""gp"", ""weight"": 1}, {""head"": ""moe_dense"", ""source"": ""white"", ""weight"": -1}]",moe_dense/gp -moe_dense/white,joint_energy_scaled,64,4,circular_moving_block,0.04315788979016424,0.029575065035390875,0.05531205628015502,Fixed trained-model seed average; paired ordered selected contexts; excludes training-data/model-selection uncertainty
exchange_multi,gp_vs_white,"[{""head"": ""moe_dense"", ""source"": ""gp"", ""weight"": 1}, {""head"": ""moe_dense"", ""source"": ""white"", ""weight"": -1}]",moe_dense/gp -moe_dense/white,joint_energy_scaled,64,8,circular_moving_block,0.04315788979016424,0.028146070806661354,0.05689967696203987,Fixed trained-model seed average; paired ordered selected contexts; excludes training-data/model-selection uncertainty
exchange_multi,source_head_interaction,"[{""head"": ""moe_dense"", ""source"": ""gp"", ""weight"": 1}, {""head"": ""mlp"", ""source"": ""gp"", ""weight"": -1}, {""head"": ""moe_dense"", ""source"": ""white"", ""weight"": -1}, {""head"": ""mlp"", ""source"": ""white"", ""weight"": 1}]",moe_dense/gp -mlp/gp -moe_dense/white +mlp/white,fair_crps,64,4,circular_moving_block,-0.03651409011496641,-0.04725538643017714,-0.025061154537337694,Fixed trained-model seed average; paired ordered selected contexts; excludes training-data/model-selection uncertainty
exchange_multi,source_head_interaction,"[{""head"": ""moe_dense"", ""source"": ""gp"", ""weight"": 1}, {""head"": ""mlp"", ""source"": ""gp"", ""weight"": -1}, {""head"": ""moe_dense"", ""source"": ""white"", ""weight"": -1}, {""head"": ""mlp"", ""source"": ""white"", ""weight"": 1}]",moe_dense/gp -mlp/gp -moe_dense/white +mlp/white,fair_crps,64,8,circular_moving_block,-0.03651409011496641,-0.0501038846989593,-0.021801918478063828,Fixed trained-model seed average; paired ordered selected contexts; excludes training-data/model-selection uncertainty
exchange_multi,source_head_interaction,"[{""head"": ""moe_dense"", ""source"": ""gp"", ""weight"": 1}, {""head"": ""mlp"", ""source"": ""gp"", ""weight"": -1}, {""head"": ""moe_dense"", ""source"": ""white"", ""weight"": -1}, {""head"": ""mlp"", ""source"": ""white"", ""weight"": 1}]",moe_dense/gp -mlp/gp -moe_dense/white +mlp/white,joint_energy_scaled,64,4,circular_moving_block,-0.020100613897965334,-0.03067883414500902,-0.008284772689485471,Fixed trained-model seed average; paired ordered selected contexts; excludes training-data/model-selection uncertainty
exchange_multi,source_head_interaction,"[{""head"": ""moe_dense"", ""source"": ""gp"", ""weight"": 1}, {""head"": ""mlp"", ""source"": ""gp"", ""weight"": -1}, {""head"": ""moe_dense"", ""source"": ""white"", ""weight"": -1}, {""head"": ""mlp"", ""source"": ""white"", ""weight"": 1}]",moe_dense/gp -mlp/gp -moe_dense/white +mlp/white,joint_energy_scaled,64,8,circular_moving_block,-0.020100613897965334,-0.032583682808522696,-0.004975861766527181,Fixed trained-model seed average; paired ordered selected contexts; excludes training-data/model-selection uncertainty
exchange_multi,gp_vs_white,"[{""head"": ""moe_topk"", ""source"": ""gp"", ""weight"": 1}, {""head"": ""moe_topk"", ""source"": ""white"", ""weight"": -1}]",moe_topk/gp -moe_topk/white,fair_crps,64,4,circular_moving_block,0.04560325306719633,0.03307214460707691,0.05741157539505049,Fixed trained-model seed average; paired ordered selected contexts; excludes training-data/model-selection uncertainty
exchange_multi,gp_vs_white,"[{""head"": ""moe_topk"", ""source"": ""gp"", ""weight"": 1}, {""head"": ""moe_topk"", ""source"": ""white"", ""weight"": -1}]",moe_topk/gp -moe_topk/white,fair_crps,64,8,circular_moving_block,0.04560325306719633,0.030091748521625637,0.060544824802407,Fixed trained-model seed average; paired ordered selected contexts; excludes training-data/model-selection uncertainty
exchange_multi,gp_vs_white,"[{""head"": ""moe_topk"", ""source"": ""gp"", ""weight"": 1}, {""head"": ""moe_topk"", ""source"": ""white"", ""weight"": -1}]",moe_topk/gp -moe_topk/white,joint_energy_scaled,64,4,circular_moving_block,0.053883244067407896,0.03991819867981431,0.0670128267701728,Fixed trained-model seed average; paired ordered selected contexts; excludes training-data/model-selection uncertainty
exchange_multi,gp_vs_white,"[{""head"": ""moe_topk"", ""source"": ""gp"", ""weight"": 1}, {""head"": ""moe_topk"", ""source"": ""white"", ""weight"": -1}]",moe_topk/gp -moe_topk/white,joint_energy_scaled,64,8,circular_moving_block,0.053883244067407896,0.03624228909802715,0.07046337603439162,Fixed trained-model seed average; paired ordered selected contexts; excludes training-data/model-selection uncertainty
exchange_multi,source_head_interaction,"[{""head"": ""moe_topk"", ""source"": ""gp"", ""weight"": 1}, {""head"": ""mlp"", ""source"": ""gp"", ""weight"": -1}, {""head"": ""moe_topk"", ""source"": ""white"", ""weight"": -1}, {""head"": ""mlp"", ""source"": ""white"", ""weight"": 1}]",moe_topk/gp -mlp/gp -moe_topk/white +mlp/white,fair_crps,64,4,circular_moving_block,-0.02591592457995935,-0.03388039416682701,-0.017713095318651537,Fixed trained-model seed average; paired ordered selected contexts; excludes training-data/model-selection uncertainty
exchange_multi,source_head_interaction,"[{""head"": ""moe_topk"", ""source"": ""gp"", ""weight"": 1}, {""head"": ""mlp"", ""source"": ""gp"", ""weight"": -1}, {""head"": ""moe_topk"", ""source"": ""white"", ""weight"": -1}, {""head"": ""mlp"", ""source"": ""white"", ""weight"": 1}]",moe_topk/gp -mlp/gp -moe_topk/white +mlp/white,fair_crps,64,8,circular_moving_block,-0.02591592457995935,-0.03462058356792144,-0.01730940014223097,Fixed trained-model seed average; paired ordered selected contexts; excludes training-data/model-selection uncertainty
exchange_multi,source_head_interaction,"[{""head"": ""moe_topk"", ""source"": ""gp"", ""weight"": 1}, {""head"": ""mlp"", ""source"": ""gp"", ""weight"": -1}, {""head"": ""moe_topk"", ""source"": ""white"", ""weight"": -1}, {""head"": ""mlp"", ""source"": ""white"", ""weight"": 1}]",moe_topk/gp -mlp/gp -moe_topk/white +mlp/white,joint_energy_scaled,64,4,circular_moving_block,-0.00937525962072168,-0.0202663682646645,0.0017089227718476516,Fixed trained-model seed average; paired ordered selected contexts; excludes training-data/model-selection uncertainty
exchange_multi,source_head_interaction,"[{""head"": ""moe_topk"", ""source"": ""gp"", ""weight"": 1}, {""head"": ""mlp"", ""source"": ""gp"", ""weight"": -1}, {""head"": ""moe_topk"", ""source"": ""white"", ""weight"": -1}, {""head"": ""mlp"", ""source"": ""white"", ""weight"": 1}]",moe_topk/gp -mlp/gp -moe_topk/white +mlp/white,joint_energy_scaled,64,8,circular_moving_block,-0.00937525962072168,-0.021265342399301543,0.0031481965118656413,Fixed trained-model seed average; paired ordered selected contexts; excludes training-data/model-selection uncertainty
