dataset,head,source,seed,origin,best_step,seconds,fair_crps,joint_energy_scaled,channel_sum_crps_scaled,mean_forecast_mse,coverage_90,width_90,generated_roughness,target_roughness,roughness_ratio,velocity_velocity_mse,velocity_pc1_mse,velocity_pc2_mse,velocity_residual_mse,velocity_pc1_normalized_mse,velocity_pc2_normalized_mse,velocity_residual_normalized_mse,velocity_variance_floor,code_active_fraction,code_abs_mean,history_reconstruction_mse,routing_fraction,router_importance_min,router_importance_max,gate_expected_active_fraction,gate_eval_active_fraction,gate_eval_mean
gp_multi,mlp,gp,31,frozen_control,2000,8.181775375036523,0.32174772666312496,0.4195403836528089,0.4687242152825142,0.43804148337329457,0.8489583333333333,1.6630540078027687,0.10539981608077306,0.10521882547133463,1.0017201352384202,0.7212154269218445,15.378073998331061,6.109909673570739,0.28544246772960075,0.28412537620016676,0.443438498033091,0.28868591241834196,5.4124253890990655e-05,,,,,,,,,
gp_multi,mlp,gp,32,frozen_control,1500,9.757396374829113,0.33775830473400936,0.4351459943733109,0.49989440177985656,0.4720899991923647,0.8255208333333333,1.6290533153133993,0.10253877273242816,0.10521882547133463,0.9745287715681962,0.7450001239776611,16.145954551739298,6.085876355484833,0.2940907697817304,0.2983127413498978,0.44169423354406506,0.292557007176526,5.4124253890990655e-05,,,,,,,,,
gp_multi,mlp,gp,33,frozen_control,1750,8.934816166991368,0.33894025497717156,0.43795149833158714,0.5117663690692067,0.4677856311555618,0.8118489583333334,1.5752014694858834,0.10167502674306345,0.10521882547133463,0.9663197273644093,0.7480083107948303,16.311493218447044,6.338813348546674,0.2881324288785094,0.30137123462799736,0.46005162445370834,0.2933475721788429,5.4124253890990655e-05,,,,,,,,,
gp_multi,s4,gp,31,frozen_control,2000,26.52224758407101,0.3196181790390097,0.4180502685993847,0.4672814047233954,0.43701904900527744,0.8421223958333334,1.6659812115206212,0.10499660984275055,0.10521882547133463,0.997888062068849,0.7632196545600891,16.06103026164537,6.487428734246188,0.3062193150608334,0.2967436797187672,0.4708376731745705,27.833949968192556,5.4124253890990655e-05,,,,,,,,,
gp_multi,s4,gp,32,frozen_control,2000,26.626463916152716,0.33627456674342404,0.4352521469825448,0.4997740925164784,0.46420259196034747,0.7972005208333334,1.488906876668029,0.09450940043924194,0.10521882547133463,0.8982175957190255,0.7623926997184753,15.495338082914175,6.608272204756942,0.3150269312078063,0.2862919480446358,0.47960812149923093,30.254344593690085,5.4124253890990655e-05,,,,,,,,,
gp_multi,s4,gp,33,frozen_control,1750,25.239888875046745,0.33947217293411686,0.43574272141816744,0.5042492462465451,0.46950542657042926,0.8125,1.576922715290893,0.1001120320383336,0.10521882547133463,0.951465021490928,0.7965478897094727,16.956883485903003,6.406981639684337,0.32327030928131406,0.3132954686092327,0.46499906987443607,25.060835341374666,5.4124253890990655e-05,,,,,,,,,
gp_multi,sparse_mlp,gp,31,frozen_control,1750,8.609740749932826,0.33102331792491196,0.43059910784374106,0.4813171187699151,0.46237923828866173,0.8388671875,1.6735913195030054,0.12934361607153827,0.10521882547133463,1.2292820746870634,0.7427001595497131,15.742154780898444,6.288175532940017,0.2960712728403733,0.2908521346567482,0.45637648716102075,85.62079611498173,5.4124253890990655e-05,,,,,,,,,
gp_multi,sparse_mlp,gp,32,frozen_control,1750,9.927917249966413,0.3341690488561471,0.43525898505631344,0.48737476326063833,0.46454297270687334,0.8190104166666667,1.5924417511974571,0.1249919056115778,0.10521882547133463,1.1879234067826585,0.7481651306152344,16.199055134240414,6.331730809005083,0.2908943071948593,0.2992938279919061,0.4595375954640215,79.47767420374626,5.4124253890990655e-05,,,,,,,,,
gp_multi,sparse_mlp,gp,33,frozen_control,1750,9.647009667009115,0.33010642836304604,0.42764572858518823,0.4870398087388317,0.44670762451816026,0.8206380208333333,1.5634089263398816,0.12540443657724912,0.10521882547133463,1.1918441021888595,0.7458398342132568,15.760641097916444,6.3805403165236525,0.2969376237423315,0.29119368794735306,0.46308003976518586,85.05918917721561,5.4124253890990655e-05,,,,,,,,,
gp_multi,unet,gp,31,frozen_control,2000,21.128294334048405,0.32525966093070485,0.42342273117850365,0.47111617302113984,0.44728781767577686,0.8649088541666666,1.706932371030704,0.11157788321189943,0.10521882547133463,1.060436501852962,0.7305989265441895,15.318200802039243,6.059953337021057,0.2976215597944459,0.28301915871008543,0.43981282039948366,21.048389535517675,5.4124253890990655e-05,,,,,,,,,
gp_multi,unet,gp,32,frozen_control,2000,19.762271916028112,0.34840070155313285,0.44792434200784587,0.5328000863000009,0.49045050885705316,0.7991536458333334,1.5435198946706872,0.10163305051329544,0.10521882547133463,0.9659207851639051,0.7353795170783997,15.986521567469973,6.167254552201537,0.285748741263199,0.2953670566926935,0.44760041338184436,19.409285168434195,5.4124253890990655e-05,,,,,,,,,
gp_multi,unet,gp,33,frozen_control,1750,19.36898420797661,0.3321086646982179,0.4294713145395769,0.4904318362327177,0.45713406730665446,0.8134765625,1.5530905432013298,0.10302810525155401,0.10521882547133463,0.9791793891447929,0.740254819393158,15.119591663702016,6.282677437989557,0.3071731276006016,0.27934965522395444,0.45597745229845615,21.311697186073484,5.4124253890990655e-05,,,,,,,,,
gp_multi,mlp,white,31,frozen_control,1750,10.42356341611594,0.32454815828329653,0.4243196483964029,0.47568460824681386,0.4482198832422045,0.86328125,1.7302709921805994,0.11986537261406056,0.10521882547133463,1.1392008233993847,0.4047328233718872,6.31086752319799,3.6676181210106815,0.20540630829663858,0.2160113980460629,0.4047834074026871,0.13742419431220007,2.9215437612473772e-05,,,,,,,,,
gp_multi,mlp,white,32,frozen_control,2000,9.682603500084952,0.33140952872900964,0.43331513435029223,0.49554705848499786,0.46154001759448976,0.8453776041666666,1.7203191595794276,0.1166702989042916,0.10521882547133463,1.108834834276655,0.39754369854927063,6.335166527143903,3.6735441477614663,0.1972475427452383,0.21684311599833955,0.40543744422478706,0.12995960439677132,2.9215437612473772e-05,,,,,,,,,
gp_multi,mlp,white,33,frozen_control,2000,9.991288874996826,0.33036161522770424,0.4325876346499252,0.4880969730548287,0.45715740815620787,0.8352864583333333,1.6384107488256272,0.11694441991305729,0.10521882547133463,1.1114400810805205,0.40779808163642883,6.4142909508847,3.7813662465346742,0.20388369900442257,0.2195514246942536,0.4173374281093418,0.13763323926462007,2.9215437612473772e-05,,,,,,,,,
gp_multi,s4,white,31,frozen_control,2000,25.963634041836485,0.32665031792728944,0.43007309610476185,0.4916820954474468,0.44901200365878546,0.8424479166666666,1.5721249360597047,0.11242697088059433,0.10521882547133463,1.0685062333377164,0.3931272029876709,6.15411551870265,3.4312697687004836,0.20184173435665373,0.21064601531332527,0.3786983875817661,0.14476281816554085,2.9215437612473772e-05,,,,,,,,,
gp_multi,s4,white,32,frozen_control,2000,25.096857625059783,0.3470409341270857,0.45183818021476724,0.5278944291016467,0.48641097749559625,0.8040364583333333,1.5407566241788175,0.10898082450513458,0.10521882547133463,1.035754048925635,0.39434871077537537,6.116450257419326,3.5561316717625977,0.20122078527531145,0.20935679069916985,0.3924790007504944,0.13696442589094468,2.9215437612473772e-05,,,,,,,,,
gp_multi,s4,white,33,frozen_control,2000,25.624522999860346,0.32526703161313425,0.42533788454292937,0.47586510113642533,0.4290313281192917,0.7965494791666667,1.441957792860046,0.10582886073654992,0.10521882547133463,1.0057977767997561,0.3799215257167816,5.734281197340185,3.433086829495559,0.19714926228413376,0.1962757249575439,0.37889893083240467,0.13442673304448388,2.9215437612473772e-05,,,,,,,,,
gp_multi,sparse_mlp,white,31,frozen_control,1750,9.545537916943431,0.3252509140840749,0.42651579195985523,0.4772614200268347,0.45089996920388586,0.8623046875,1.7212391223588877,0.1280394130284031,0.10521882547133463,1.2168869254607448,0.41662970185279846,6.3517437077597245,3.663024044371354,0.217031693862992,0.21741052768101596,0.40427637370000064,0.16308415978822904,2.9215437612473772e-05,,,,,,,,,
gp_multi,sparse_mlp,white,32,frozen_control,2000,10.173262583091855,0.3331097477740826,0.4350152872442674,0.4927424459879649,0.4638847367667108,0.841796875,1.702802263043218,0.12335623158847334,0.10521882547133463,1.1723779564720573,0.40797314047813416,6.19727502474649,3.521657461816873,0.21442996339112508,0.21212329957024198,0.3886741912777185,0.15680742180267787,2.9215437612473772e-05,,,,,,,,,
gp_multi,sparse_mlp,white,33,frozen_control,2000,9.470749041996896,0.31882059908582305,0.41993976031521973,0.4721160654470277,0.43495229489476794,0.8564453125,1.6924021316581672,0.12132370279065363,0.10521882547133463,1.1530607973162232,0.4072355031967163,6.283996191614862,3.6229008533455556,0.20957406698103093,0.2150916332306403,0.39984810405920823,0.15479416873165358,2.9215437612473772e-05,,,,,,,,,
gp_multi,unet,white,31,frozen_control,1750,19.917782833101228,0.32337623977231567,0.42043024952943053,0.4704946166970507,0.4325498934961811,0.7952473958333334,1.4975631226470625,0.100765513133058,0.10521882547133463,0.9576757075710766,0.35371270775794983,5.566879307559884,3.404838979848256,0.1740541712188568,0.19054581284735092,0.37578130504510404,0.10774366830404357,2.9215437612473772e-05,,,,,,,,,
gp_multi,unet,white,32,frozen_control,2000,20.255026208003983,0.3261678846493933,0.42911860827065906,0.4914815644788185,0.44548383423321947,0.8141276041666666,1.5094556597030475,0.09992265446844992,0.10521882547133463,0.9496651765579005,0.344006210565567,5.532567725195473,3.3328856795585122,0.16623578906966452,0.18937137956247135,0.3678400469576548,0.10142076341304442,2.9215437612473772e-05,,,,,,,,,
gp_multi,unet,white,33,frozen_control,2000,19.77054087514989,0.31495114734986773,0.415387712258778,0.46389734436395735,0.4181875554852681,0.7965494791666666,1.4336965206412817,0.10027465156132015,0.10521882547133463,0.9530105578743469,0.34568509459495544,5.448569704398537,3.388052094972296,0.16861437122843492,0.18649625505086478,0.3739285896762817,0.10405284945564533,2.9215437612473772e-05,,,,,,,,,
gp_multi,dictionary_dense,gp,31,new,2000,10.254029833944514,0.3270896258610236,0.4256874700590672,0.47831292026704325,0.4518233653506039,0.8365885416666667,1.6682708554552272,0.10853356880209807,0.10521882547133463,1.0315033295222107,0.7328305840492249,15.859154321333907,6.156108642150297,0.2861001139174943,0.2930138187821517,0.4467914774275678,10.581449523745018,5.4124253890990655e-05,1.0,0.6837621331214905,,,,,,,
gp_multi,dictionary_dense,gp,32,new,1750,10.021322000073269,0.3375062034592422,0.43532411882419386,0.49931216513766824,0.46700783468865326,0.8167317708333334,1.5879490516246637,0.10644682809624315,0.10521882547133463,1.0116709402467439,0.7685343623161316,16.900606607833218,6.283876961022714,0.29793838854068155,0.3122556967135659,0.45606450999989484,8.85426905536424,5.4124253890990655e-05,1.0,0.6191414594650269,,,,,,,
gp_multi,dictionary_dense,gp,33,new,1750,8.597921957960352,0.33405340282684204,0.4315271170927275,0.5036039886778887,0.45544625508352476,0.8059895833333335,1.561340597507916,0.10355383511347233,0.10521882547133463,0.984175927165088,0.7387192845344543,15.638064712828736,6.339981179041924,0.2930539376697204,0.2889289660107776,0.460136382007983,11.213900957673893,5.4124253890990655e-05,1.0,0.639729380607605,,,,,,,
gp_multi,dictionary_topk,gp,31,new,2000,10.173740583937615,0.3404321502632462,0.43833878298215206,0.4977749564235072,0.4777006788015976,0.859375,1.7540649894382607,0.14245952275316667,0.10521882547133463,1.3539356870313835,0.8060991764068604,15.94746532359813,6.441066324714184,0.3544397997561597,0.29464545332518094,0.4674728317372253,226.85913511003235,5.4124253890990655e-05,0.125,0.2728574573993683,,,,,,,
gp_multi,dictionary_topk,gp,32,new,2000,8.667489875108004,0.3510080352632329,0.44922214572103947,0.5184185324598438,0.4889317975189902,0.8391927083333333,1.6759123125784525,0.1400810901217107,0.10521882547133463,1.3313310569112349,0.8038318753242493,15.634160237265828,6.741387479948378,0.3523561492569493,0.2888568268997097,0.48926921975596743,246.5550764699694,5.4124253890990655e-05,0.125,0.2483309507369995,,,,,,,
gp_multi,dictionary_topk,gp,33,new,1750,8.696134082973003,0.3422537322148401,0.44271387319253813,0.5032976174691726,0.47826663977254047,0.8528645833333334,1.7005441056062733,0.1370561825110801,0.10521882547133463,1.3025823268519483,0.8059356808662415,15.789695063406405,6.482488424845552,0.3567984674904145,0.291730489166793,0.47047912067584646,252.85175031709352,5.4124253890990655e-05,0.125,0.27646929025650024,,,,,,,
gp_multi,history_conv_dense,gp,31,new,2000,13.867330458015203,0.3779107504917273,0.47400875089365013,0.5556212287795457,0.5724667924367776,0.8541666666666667,1.9972095803613759,0.10520782327423082,0.10521882547133463,0.9998954350891628,0.9049169421195984,21.55268223526446,6.384836552190962,0.33692373817884497,0.3982074705117006,0.4633918473684551,0.30022217321602684,5.4124253890990655e-05,1.0,0.167986199259758,0.40453410148620605,,,,,,
gp_multi,history_conv_dense,gp,32,new,2000,12.587191209197044,0.38443135760851344,0.482087331169038,0.5713314193316537,0.585999192304425,0.8264973958333333,1.8452711175527952,0.09713341925629873,0.10521882547133463,0.9231562776070081,0.8884593844413757,21.012396362404743,6.367256308682382,0.33187818069580494,0.38822514587868334,0.4621159272332979,0.3010193605347675,5.4124253890990655e-05,1.0,0.17324185371398926,0.3705267906188965,,,,,,
gp_multi,history_conv_dense,gp,33,new,1750,13.667074457975104,0.3930908528060616,0.4892777962345311,0.5807443969916344,0.6027735958961805,0.8271484375,1.905637633327012,0.10172142146765281,0.10521882547133463,0.9667606629515682,0.9204540252685547,21.72240938324762,6.412710005335943,0.34884072302446634,0.4013433501919083,0.46541481707798643,0.3052831486711615,5.4124253890990655e-05,1.0,0.17239175736904144,0.4027298390865326,,,,,,
gp_multi,history_conv_sparse,gp,31,new,2000,15.85495641711168,0.38681774352093873,0.4834206373887853,0.5730862759386635,0.5895693728682903,0.853515625,2.0332096650129947,0.10548313200745017,0.10521882547133463,1.0025119700294274,0.9274032711982727,22.447463613288274,6.324988741810182,0.3422371204791547,0.41473945596550393,0.4590482769126397,0.3029990595160162,5.4124253890990655e-05,0.9049572944641113,0.15380781888961792,0.4074114263057709,,,,,,
gp_multi,history_conv_sparse,gp,32,new,2000,14.17753833392635,0.38848020182215,0.4864516289326252,0.5745425223486257,0.5898980646466381,0.8167317708333334,1.8634456082597086,0.09704868094477079,0.10521882547133463,0.9223509244665569,0.9160292148590088,21.906342334971765,6.354381434299241,0.3414930478071661,0.4047416963768663,0.4611815083525212,0.3027424884036797,5.4124253890990655e-05,0.8880901336669922,0.15542684495449066,0.3861335217952728,,,,,,
gp_multi,history_conv_sparse,gp,33,new,2000,14.471560582984239,0.3975348693835942,0.494594859390597,0.5910957385037071,0.6137256984357506,0.8141276041666666,1.8558718958860045,0.0994184942835836,0.10521882547133463,0.9448736368062648,0.9593446254730225,23.38365525646503,6.293107049278163,0.3559082694264886,0.4320365376964096,0.45673440148624755,0.30482587514653126,5.4124253890990655e-05,0.8973789215087891,0.15587124228477478,0.4114729166030884,,,,,,
gp_multi,history_dense_ae,gp,31,new,1750,11.095815083011985,0.34339268133783163,0.43943258618064296,0.4989080965581775,0.47984042508676816,0.83203125,1.7080602821487891,0.10420792304301346,0.10521882547133463,0.9903923806049653,0.7855045199394226,17.050275243840353,6.394967317722658,0.30997762497161224,0.31502097522084244,0.46412710724811146,0.30495875548502804,5.4124253890990655e-05,0.5993499755859375,0.38359326124191284,0.21839940547943115,,,,,,
gp_multi,history_dense_ae,gp,32,new,1750,10.33807804202661,0.34807102541522716,0.44446542605421896,0.5069194596856742,0.4848413288226034,0.8131510416666666,1.6326414066759258,0.10442413344903072,0.10521882547133463,0.9924472448847055,0.7935832142829895,17.510062792960817,6.196514629287219,0.31272648652134977,0.32351601240041267,0.44972402000263173,0.31028203847023705,5.4124253890990655e-05,0.6049041748046875,0.39548254013061523,0.22473075985908508,,,,,,
gp_multi,history_dense_ae,gp,33,new,1750,11.055056875105947,0.3412471063838083,0.44035255657060696,0.5043977925821574,0.4750530837229572,0.822265625,1.6234402186034893,0.10149899605007326,0.10521882547133463,0.9646467311852404,0.7917451858520508,17.194337547575973,6.593411748487918,0.3090439331598668,0.31768267110353804,0.47852959517722526,0.30843216938343315,5.4124253890990655e-05,0.596343994140625,0.3887161910533905,0.24412131309509277,,,,,,
gp_multi,history_topk_ae,gp,31,new,2000,11.234423582907766,0.37575566011351036,0.470341513403962,0.5334516390061521,0.5530091792223143,0.8333333333333334,1.9399647385000738,0.10691791268805402,0.10521882547133463,1.0161481294731074,0.894446074962616,20.25991734345679,6.40737739571211,0.3536112713550025,0.3743223395607711,0.46502779263269584,0.31998363377449307,5.4124253890990655e-05,0.125,0.11980263888835907,0.6025774478912354,,,,,,
gp_multi,history_topk_ae,gp,32,new,1750,10.335876458091661,0.37497673838112716,0.4722768464331031,0.5521857451092742,0.5621645373858462,0.8427734375,1.8681573980454669,0.10074393490127326,0.10521882547133463,0.9574706279982141,0.8935987949371338,20.456909992471633,6.5005400304627265,0.34641944285707515,0.3779619767816665,0.47178925082663925,0.31931751314422757,5.4124253890990655e-05,0.125,0.1088726595044136,0.657160758972168,,,,,,
gp_multi,history_topk_ae,gp,33,new,2000,10.597699458012357,0.3888629633135608,0.48266647949639613,0.5732368222848667,0.573346044128631,0.7985026041666666,1.7520600223177332,0.09889835141532646,0.10521882547133463,0.9399301975887377,0.9067268371582031,20.72486728692241,6.702248233893369,0.3499081164757581,0.3829127571654563,0.4864286133620863,0.3180558149580805,5.4124253890990655e-05,0.125,0.1231258288025856,0.539047360420227,,,,,,
gp_multi,mlp_balanced,gp,31,new,2000,9.42952449992299,0.6157004996235044,0.7085530471496844,0.9479398508908337,1.243788081050702,0.8284505208333333,2.9942452140860647,0.09721182477566498,0.10521882547133463,0.9239014438737387,1.936324954032898,51.803668058989516,13.520898272297133,0.6004137081758205,0.9571248439438087,0.9813053125581921,0.33100763510334863,5.4124253890990655e-05,,,,,,,,,
gp_multi,mlp_balanced,gp,32,new,2000,9.050448666093871,0.6153908900113885,0.708097873175344,0.9477158775133555,1.2427770913641285,0.828125,2.991404663986759,0.09700526672761466,0.10521882547133463,0.921938315630052,1.9352827072143555,51.82081222062544,13.521684327426666,0.5989364196347026,0.9574415995645043,0.9813623620277643,0.3199875706583426,5.4124253890990655e-05,,,,,,,,,
gp_multi,mlp_balanced,gp,33,new,2000,9.179892416810617,0.6159738178261362,0.7089331416137266,0.9481405063832997,1.244578707410596,0.8264973958333333,2.990646521594317,0.09580083225122667,0.10521882547133463,0.9104913671301743,1.9368635416030884,51.79878713073932,13.53149357466434,0.6008514422958126,0.9570346638877468,0.9820742870961046,0.3232649252948134,5.4124253890990655e-05,,,,,,,,,
gp_multi,mlp_whitened,gp,31,new,2000,9.347020999994129,0.3105841436883442,0.4069225241423333,0.4536660755149996,0.4176949878284194,0.8525390625,1.5361018886703106,0.09972000704214881,0.10521882547133463,0.9477392148738261,0.6645168662071228,14.141932567451516,6.180690383424058,0.2516127254749645,0.2612864206116204,0.4485755447889277,0.21032004605027055,5.4124253890990655e-05,,,,,,,,,
gp_multi,mlp_whitened,gp,32,new,2000,9.409031792078167,0.31045686397828687,0.40730279834231103,0.4595267541158188,0.41416373929893097,0.8193359375,1.4571195140217394,0.09716508192227089,0.10521882547133463,0.9234571996694844,0.6634545922279358,14.193230719928724,6.205436397667356,0.24885119691596125,0.2622342055470123,0.4503715345784036,0.2086855234502642,5.4124253890990655e-05,,,,,,,,,
gp_multi,mlp_whitened,gp,33,new,2000,9.356656041927636,0.30739967496916404,0.4037770159927303,0.456234749387803,0.41163004926117713,0.826171875,1.484996189397636,0.09759663846630688,0.10521882547133463,0.9275587142235845,0.6696260571479797,14.835472944880312,6.138074513869003,0.24279359347793647,0.2741002762783539,0.44548261572819026,0.21024876560728972,5.4124253890990655e-05,,,,,,,,,
gp_multi,moe_dense,gp,31,new,1750,6.694162332918495,0.33054605546558763,0.42885525827777005,0.47944529210552056,0.45827669581631597,0.8518880208333334,1.6993945848164969,0.1032417333535395,0.10521882547133463,0.9812097112000765,0.7392460703849792,15.672592696232492,6.124112736530581,0.2975458118867781,0.2895669052140283,0.44446931276569257,0.30567169800870336,5.4124253890990655e-05,,,,1.0,0.19997046887874603,0.341346800327301,,,
gp_multi,moe_dense,gp,32,new,2000,7.049086125101894,0.3450800274086283,0.4466393993670438,0.5223773261221509,0.4895224664721433,0.8177083333333333,1.5910968495947486,0.09942235696807668,0.10521882547133463,0.944910347770066,0.732758104801178,15.353597334982453,6.259514804559465,0.29476694208771553,0.2836731452392023,0.4542963794303644,0.2997639070901447,5.4124253890990655e-05,,,,1.0,0.15629050135612488,0.39396893978118896,,,
gp_multi,moe_dense,gp,33,new,1500,6.578133707866073,0.33488080071069526,0.43342347892923205,0.48963423386442106,0.4689131313857405,0.8330078125,1.6160330891780252,0.10128070694881647,0.10521882547133463,0.9625721109803583,0.7443509101867676,15.84606879448578,6.089377555177721,0.2998564461046994,0.29277205051917515,0.4419483398755946,0.2986012826389857,5.4124253890990655e-05,,,,1.0,0.23163163661956787,0.28286826610565186,,,
gp_multi,moe_topk,gp,31,new,2000,6.898774667177349,0.331035545444908,0.4307227006990661,0.4831716514465287,0.4655167049731297,0.8723958333333334,1.7587799028880604,0.10452602707028594,0.10521882547133463,0.9934156421349007,0.7203798890113831,14.969585719351976,6.1015944913333415,0.29363168300627135,0.2765781446059576,0.4428350076184662,0.30596125955037706,5.4124253890990655e-05,,,,0.5,0.13089977204799652,0.34560129046440125,,,
gp_multi,moe_topk,gp,32,new,2000,6.856999917188659,0.33928823886746035,0.439903928319665,0.5090461309138066,0.4757984792520117,0.8326822916666667,1.6046530624995625,0.09924975723602074,0.10521882547133463,0.943269959452835,0.7338390350341797,15.251457994101749,6.281196832769906,0.29764390666219415,0.28178601823905153,0.4558699945143219,0.3048589229958436,5.4124253890990655e-05,,,,0.5,0.16332438588142395,0.317627489566803,,,
gp_multi,moe_topk,gp,33,new,1500,6.749407833907753,0.3348563462439881,0.43302577303406975,0.48860317321366936,0.46983223604914703,0.8362630208333334,1.6312621199768236,0.10070764669107904,0.10521882547133463,0.9571257447510227,0.7546730637550354,16.183269959912487,6.207212920652981,0.30073533103040007,0.29900218102787185,0.4505004691660743,0.29917205627078336,5.4124253890990655e-05,,,,0.5,0.16166861355304718,0.33605843782424927,,,
gp_multi,unet_l0,gp,31,new,2000,29.97191408299841,0.3964133639419427,0.4841728596912228,0.526064034788739,0.5615699502775158,0.8271484375,1.995143565885659,0.10940010799972003,0.10521882547133463,1.0397389203847798,1.0024148225784302,19.98354884598985,6.89074092132021,0.46177437997747406,0.369216153745747,0.5001088342930663,21.655057164461624,5.4124253890990655e-05,,,,,,,0.8556357026100159,1.0,0.5557609796524048
gp_multi,unet_l0,gp,32,new,2000,27.528350667096674,0.36604849781334825,0.4548966977824397,0.5234754140832687,0.5064392879213977,0.8548177083333333,1.9200182135260322,0.1089589473669485,0.10521882547133463,1.0355461285455312,0.911582887172699,18.6455698949071,6.766027761298514,0.398790867899111,0.3444956475974772,0.49105753577646133,29.541566951862222,5.4124253890990655e-05,,,,,,,0.8565719723701477,1.0,0.5586521625518799
gp_multi,unet_l0,gp,33,new,2000,30.587251875083894,0.417036500466372,0.5043784779244206,0.507759829079927,0.6003334789149393,0.8450520833333333,2.1397213620902145,0.10309612871376178,0.10521882547133463,0.9798258843123929,1.0566352605819702,17.37980891185117,6.5628592932141645,0.582083064008889,0.32110944100689315,0.47631219171274847,9.556381655238189,5.4124253890990655e-05,,,,,,,0.8521178364753723,1.0,0.5466082692146301
gp_multi,dictionary_dense,white,31,new,1750,10.264263000106439,0.3242369096936337,0.4268758573385042,0.47815114777198553,0.4552827532902711,0.8815104166666667,1.8103353328853435,0.14249410059134107,0.10521882547133463,1.3542643148983027,0.4278709888458252,6.5868335337891235,3.8742901323154526,0.21905831392047387,0.22545729491235894,0.4275931433649629,0.15257835010636353,2.9215437612473772e-05,1.0,0.977489709854126,,,,,,,
gp_multi,dictionary_dense,white,32,new,1750,8.662762583000585,0.328321520802779,0.4300793810809132,0.4850296555305513,0.4600211608343142,0.8841145833333334,1.836198031223834,0.14945626916128246,0.10521882547133463,1.4204327836942041,0.4328683912754059,6.726326642434531,3.8657113440834365,0.2214270361205273,0.23023193188667726,0.42664632965171173,0.15518188754847745,2.9215437612473772e-05,1.0,0.9570866823196411,,,,,,,
gp_multi,dictionary_dense,white,33,new,2000,9.711618416942656,0.3203115721140031,0.4215116921652875,0.47105347535120634,0.43632672046751203,0.8665364583333333,1.7073490611295594,0.12337892580656495,0.10521882547133463,1.1725936423817789,0.3958226144313812,6.107716916116528,3.58365977927893,0.20235020636568835,0.2090578617076332,0.39551719087611686,0.1434951233843236,2.9215437612473772e-05,1.0,0.9751291275024414,,,,,,,
gp_multi,dictionary_topk,white,31,new,2000,11.32448250008747,0.37516803092101364,0.4663516290131905,0.524815420039125,0.5056960881832777,0.9202473958333334,2.478872590640462,0.6587740540552652,0.10521882547133463,6.260990379851169,0.8465781211853027,7.138221368192308,3.8983902196724793,0.6434595010205555,0.2443304619590769,0.4302529937521105,0.7494796765971209,2.9215437612473772e-05,0.125,0.27499809861183167,,,,,,,
gp_multi,dictionary_topk,white,32,new,2000,8.63507670792751,0.3895121817718504,0.4840981521617088,0.5522253748652975,0.5478549854602384,0.90625,2.420640946038775,0.6507161554537741,0.10521882547133463,6.184408089891219,0.8643264174461365,7.381928165580779,4.313101417708889,0.647666060447461,0.25267217501575273,0.47602335650268207,0.7414789604005902,2.9215437612473772e-05,0.125,0.265535831451416,,,,,,,
gp_multi,dictionary_topk,white,33,new,2000,9.768118625041097,0.3797291735081317,0.4718633073343693,0.5217307437143132,0.5204227132159764,0.9065755208333333,2.3762763948277894,0.6440273763645934,0.10521882547133463,6.120837915455058,0.8374573588371277,6.976630648385696,4.257449065340561,0.6296494529084471,0.23879945735972702,0.46988118245992233,0.7278202331595066,2.9215437612473772e-05,0.125,0.2667140066623688,,,,,,,
gp_multi,history_conv_dense,white,31,new,2000,14.576314541045576,0.398145837397315,0.4968491888366118,0.5747887747676138,0.6158911688480149,0.9104817708333334,2.471842830687253,0.15349481825716366,0.10521882547133463,1.4588151651529424,0.5010858178138733,8.63841978187765,3.914484142256098,0.24998295575375493,0.29567997222774456,0.4320292290653107,0.16715224325039588,2.9215437612473772e-05,1.0,0.22782045602798462,0.13838572800159454,,,,,,
gp_multi,history_conv_dense,white,32,new,1750,11.480795166222379,0.4005998774702066,0.5002283319450124,0.5848289909741595,0.6226725733229699,0.8707682291666666,2.198309212271715,0.15364257912702234,0.10521882547133463,1.4602194848571093,0.5110671520233154,8.686104393204133,4.201817649120762,0.2531152747574758,0.2973121439569171,0.4637413190736323,0.17226549274603767,2.9215437612473772e-05,1.0,0.22774481773376465,0.12331893295049667,,,,,,
gp_multi,history_conv_dense,white,33,new,2000,13.182855457998812,0.4110630787068083,0.5075073898238627,0.6044320267194032,0.6360891001996931,0.8333333333333333,2.1251959788615675,0.14499698114081588,0.10521882547133463,1.3780516983656907,0.4899683892726898,8.825164188977867,3.8730782411880034,0.23522259573915366,0.30207194929060005,0.4274593907757389,0.16468770611368005,2.9215437612473772e-05,1.0,0.23626290261745453,0.12343606352806091,,,,,,
gp_multi,history_conv_sparse,white,31,new,1750,16.402017750078812,0.40526039703054695,0.5040308825382904,0.5899686671075686,0.6314744121789154,0.8805338541666667,2.2499379562598314,0.14951990945101112,0.10521882547133463,1.4210376211787852,0.5025759339332581,8.490985734671634,3.994978235597259,0.25299304903001885,0.2906335290027056,0.440913107458148,0.17066578877038632,2.9215437612473772e-05,0.9450554847717285,0.21074342727661133,0.15278224647045135,,,,,,
gp_multi,history_conv_sparse,white,32,new,1750,13.154471915913746,0.404868860629474,0.504435254795951,0.5920768731149695,0.6302679765124642,0.8720703125,2.218655140879508,0.1536632703872777,0.10521882547133463,1.4604161346501732,0.5197765827178955,8.94310864210887,4.247175064750961,0.25563029202123755,0.3061090085568506,0.46874727352254114,0.17439252897673257,2.9215437612473772e-05,0.9350366592407227,0.21167054772377014,0.1339167356491089,,,,,,
gp_multi,history_conv_sparse,white,33,new,2000,15.212022125022486,0.41244338667231906,0.5091877461419356,0.6064104870247377,0.6397958215137276,0.8404947916666666,2.1615881486776156,0.1536222369417708,0.10521882547133463,1.4600261526738196,0.48854002356529236,8.740917111142268,3.8726789715404997,0.23557227100682757,0.2991882999353144,0.4274153246480625,0.16641823847898907,2.9215437612473772e-05,0.9480795860290527,0.22067736089229584,0.13297301530838013,,,,,,
gp_multi,history_dense_ae,white,31,new,1750,11.01701654214412,0.33917487195766904,0.4387468819521626,0.48633801159032664,0.4764542533421859,0.8785807291666666,1.8991134960157092,0.18958536733240408,0.10521882547133463,1.8018198405384587,0.43499258160591125,6.430130708033563,3.8317455564152687,0.23082103442911678,0.22009359549309523,0.4228976331370243,0.18733399489908747,2.9215437612473772e-05,0.6699371337890625,0.541909396648407,0.10276003926992416,,,,,,
gp_multi,history_dense_ae,white,32,new,2000,10.79702741606161,0.3451597415287437,0.4481191698915121,0.5141456477132066,0.4930764300031263,0.8580729166666667,1.8147641000446129,0.18162696079614937,0.10521882547133463,1.7261831234338485,0.4217905104160309,6.323902490228802,3.6310247314398523,0.22371778422771368,0.21645756514455766,0.40074471077992846,0.18403793316364125,2.9215437612473772e-05,0.7137298583984375,0.5984370708465576,0.07852815836668015,,,,,,
gp_multi,history_dense_ae,white,33,new,2000,10.496485166950151,0.33294790136020236,0.43211304030487513,0.48442262560010085,0.4527604281830623,0.8551432291666666,1.8041363846448122,0.15890853207604638,0.10521882547133463,1.5102671158341219,0.41793009638786316,6.424576390475805,3.5746746255331914,0.2187259085181075,0.21990347964984028,0.39452552788688644,0.16913860270414963,2.9215437612473772e-05,0.7042236328125,0.6030790209770203,0.0772981345653534,,,,,,
gp_multi,history_topk_ae,white,31,new,2000,11.382948541082442,0.3868404563476838,0.4858016180869727,0.5590075995717245,0.5843369561747334,0.8805338541666667,2.271076291642218,0.18881158253680927,0.10521882547133463,1.7944657877619847,0.47549280524253845,7.788382414807168,3.7631636196549936,0.2450458504994604,0.2665844858501059,0.4153284617750806,0.1939954036224767,2.9215437612473772e-05,0.125,0.20811912417411804,0.27506518363952637,,,,,,
gp_multi,history_topk_ae,white,32,new,2000,9.850969834020361,0.3869996500101818,0.48634681337774366,0.5659512273721466,0.582136524101054,0.8567708333333334,2.034215815007059,0.17608151540061323,0.10521882547133463,1.6734791954941954,0.4635287821292877,7.3130169280794695,3.7954960588239306,0.2421927980461833,0.25031344815307904,0.4188968907839426,0.19445834591981725,2.9215437612473772e-05,0.125,0.1974320113658905,0.2977146804332733,,,,,,
gp_multi,history_topk_ae,white,33,new,2000,10.669168290914968,0.3951153007148487,0.489547602629261,0.570500251925613,0.5889475870861169,0.8444010416666667,2.0857126499098966,0.15832095952545666,0.10521882547133463,1.5046828247345239,0.47184816002845764,7.734940758405659,3.815825828674836,0.2412596893729608,0.2647552592230609,0.4211406231575012,0.1779215205735841,2.9215437612473772e-05,0.125,0.20573225617408752,0.30020764470100403,,,,,,
gp_multi,mlp_balanced,white,31,new,2000,9.386872208910063,0.37716743703448685,0.47848340273860224,0.5759325719369701,0.5528555324961888,0.7958984375,1.652518682545792,0.1326728611191874,0.10521882547133463,1.2609232285655219,0.5079403519630432,9.570174660996367,4.418929929545363,0.22591371622802833,0.3275725247706131,0.487703314504885,0.13547795436674823,2.9215437612473772e-05,,,,,,,,,
gp_multi,mlp_balanced,white,32,new,1750,9.350565916858613,0.38205453530976097,0.4843470030081355,0.5809203981612394,0.5537730070148374,0.7594401041666667,1.528710633718752,0.1247976558467864,0.10521882547133463,1.1860772564961366,0.5344353318214417,10.346207057564769,4.5038079048736845,0.23484519277752208,0.35413493355127323,0.49707102808172043,0.1391922055083506,2.9215437612473772e-05,,,,,,,,,
gp_multi,mlp_balanced,white,33,new,2000,9.521171041065827,0.38667677292004415,0.4882561235294596,0.5961867845245707,0.5610118722604901,0.7444661458333333,1.495770169887978,0.12489928221781763,0.10521882547133463,1.187043113799485,0.5164160132408142,9.908406034611875,4.395233607455506,0.227920202172296,0.33914967032297333,0.48508802641273197,0.13495426591116735,2.9215437612473772e-05,,,,,,,,,
gp_multi,mlp_whitened,white,31,new,2000,10.100540708051994,0.35540123301707083,0.4519161306343496,0.5424023826009157,0.5012749306300264,0.84765625,1.7992616985336465,0.11319302341546714,0.10521882547133463,1.075786798687512,0.4323185384273529,7.728765520705389,4.300697978896006,0.18960487732047265,0.2645438902275942,0.474654428206296,0.10520861049830828,2.9215437612473772e-05,,,,,,,,,
gp_multi,mlp_whitened,white,32,new,2000,10.646539625013247,0.337268889037121,0.4365898473415796,0.5029360112270187,0.46870085150727353,0.8502604166666667,1.6996091910923985,0.11452506771879092,0.10521882547133463,1.0884465513254722,0.4292398691177368,7.435500125077711,4.374935994717238,0.19115385862864287,0.2545058617195952,0.48284784311794776,0.10709679481674284,2.9215437612473772e-05,,,,,,,,,
gp_multi,mlp_whitened,white,33,new,2000,9.01613050000742,0.33891564019197573,0.4366114018912757,0.503644005821463,0.4669435590852893,0.857421875,1.7398931302247793,0.11053937864109886,0.10521882547133463,1.0505665516216367,0.42520299553871155,7.639712427612017,4.226043416748167,0.18573888417713025,0.2614957382787988,0.46641504039455994,0.10343663161491069,2.9215437612473772e-05,,,,,,,,,
gp_multi,moe_dense,white,31,new,2000,6.523672416806221,0.34099229501224115,0.44022023489902273,0.4916611999661766,0.47234281553574925,0.8818359375,1.925667950039184,0.2836500658181599,0.10521882547133463,2.6958109876966487,0.47659650444984436,6.025784962138969,3.4172655189967407,0.2920343902345977,0.20625345552127586,0.3771527828524392,0.3217131031976342,2.9215437612473772e-05,,,,1.0,0.09755851328372955,0.47839564085006714,,,
gp_multi,moe_dense,white,32,new,2000,6.5871188750024885,0.33832654870982576,0.4379495211111224,0.4925327336336589,0.46830998598784146,0.8766276041666667,1.8615240308123484,0.27216162278567013,0.10521882547133463,2.586624794246698,0.4860999882221222,6.403347910141329,3.5654640045308397,0.29052144951764514,0.21917686105127399,0.3935089807899386,0.31426877613142135,2.9215437612473772e-05,,,,1.0,0.016696950420737267,0.526649534702301,,,
gp_multi,moe_dense,white,33,new,2000,6.620740333106369,0.3340540789525206,0.4329127419200255,0.48717922415836434,0.45725406035852767,0.8675130208333333,1.7932787317394512,0.2781112040142912,0.10521882547133463,2.643169630229893,0.4805828332901001,6.281304690892795,3.5646855114735816,0.2874344731008634,0.2149995072540327,0.39342306097441826,0.31130549565777843,2.9215437612473772e-05,,,,1.0,0.12993809580802917,0.5043056011199951,,,
gp_multi,moe_topk,white,31,new,2000,6.59733762498945,0.3398285142017595,0.43862076187138943,0.4920328747283319,0.4714935132346697,0.8876953125,1.9270934891997304,0.29169913672675357,0.10521882547133463,2.7723093792395814,0.4849833548069,6.267618842349767,3.468081667964466,0.2944239368155521,0.21453106147120504,0.38276120042797734,0.3300715739239346,2.9215437612473772e-05,,,,0.5,0.13844437897205353,0.45740604400634766,,,
gp_multi,moe_topk,white,32,new,2000,6.760592957958579,0.3418189728101064,0.44148994421287485,0.4956047442789532,0.4765111251124007,0.8697916666666667,1.87504908909652,0.3011566116140607,0.10521882547133463,2.8621932459805546,0.5091171264648438,6.804093708382843,3.637954842668573,0.30425158574361666,0.23289378028956098,0.4015095652288611,0.33618909235350397,2.9215437612473772e-05,,,,0.5,0.1598123162984848,0.42523112893104553,,,
gp_multi,moe_topk,white,33,new,2000,6.619971290929243,0.3356279679624791,0.43457770250395855,0.4892975146488888,0.45865819947065734,0.8678385416666667,1.812484780962067,0.3374242206516461,0.10521882547133463,3.2068806997239534,0.5049174427986145,6.201845900981868,3.5849238374569254,0.31411451799889145,0.2122797537126036,0.39565670097764927,0.3563713368700808,2.9215437612473772e-05,,,,0.5,0.15450002253055573,0.4437786340713501,,,
gp_multi,unet_l0,white,31,new,2000,31.55883379210718,0.37639079910168505,0.4667998101705597,0.51309817440916,0.5191714903054718,0.849609375,2.0001492978134574,0.2627886517140199,0.10521882547133463,2.4975440519967878,0.5711120963096619,6.262328664543732,3.679642252421661,0.37981325106987773,0.21434998672996014,0.4061104727412815,0.37729473488196347,2.9215437612473772e-05,,,,,,,0.8612471222877502,1.0,0.5704615116119385
gp_multi,unet_l0,white,32,new,2000,30.232939583947882,0.4088773997359662,0.5011617963077699,0.5572849130524602,0.5904243313374444,0.8570963541666667,2.1830648585127994,0.5555812062057044,0.10521882547133463,5.28024527661226,0.7523372769355774,6.790978350700717,3.643282724944948,0.5582158199159537,0.2324448615413261,0.4020975867378936,0.6705441901240315,2.9215437612473772e-05,,,,,,,0.8563998341560364,1.0,0.5573694109916687
gp_multi,unet_l0,white,33,new,2000,30.80538845900446,0.4199644922191368,0.511613068962011,0.5220345252562,0.5988350083660026,0.8167317708333334,2.068293524770646,0.607675343923558,0.10521882547133463,5.775348101458428,0.8189322352409363,6.42255840185675,3.6438233161493363,0.6357035822122332,0.219834406968273,0.4021572500786516,0.7251933340210704,2.9215437612473772e-05,,,,,,,0.855865478515625,1.0,0.5559656620025635
etth1_uni,mlp,gp,31,frozen_control,2000,10.671683499822393,0.18702240716245533,0.21208443803209479,0.18702240716245533,0.12823434655267393,0.7272135416666666,0.7052762105598351,0.04204186345937753,0.04652195363047523,0.903699440339863,0.612281322479248,9.893493362453432,3.987509353679829,0.03698855015048995,0.27010596674397197,0.5379489743565136,0.3791663265789021,3.662819256351814e-05,,,,,,,,,
etth1_uni,mlp,gp,32,frozen_control,1500,8.84562375000678,0.21493871760756947,0.23207846814905034,0.21493871760756947,0.13692474520507505,0.6165364583333334,0.5805580422595085,0.03996115519009397,0.04652195363047523,0.8589741417032093,0.6194661259651184,11.373274034008473,2.7992309898104004,0.03157639357574091,0.31050601293759467,0.37764010222717653,0.37051115451758676,3.662819256351814e-05,,,,,,,,,
etth1_uni,mlp,gp,33,frozen_control,1500,9.777312708087265,0.18300293484277022,0.202535315024867,0.18300293484277022,0.11306064512789901,0.728515625,0.6833031577464983,0.039525682765800055,0.04652195363047523,0.8496135626580369,0.5509796738624573,9.603238264063233,2.7734582283570384,0.038491643708955504,0.26218160362158044,0.37416313719451105,0.37785822689839466,3.662819256351814e-05,,,,,,,,,
etth1_uni,s4,gp,31,frozen_control,2000,28.48888629116118,0.13807468436236092,0.1594580818219738,0.13807468436236092,0.06816261421397182,0.8385416666666667,0.6930999997161962,0.034909575267805776,0.04652195363047523,0.7503892795451627,0.401883989572525,5.383841580415788,3.3342240601303956,0.04214323499132924,0.1469862748777323,0.44981522407382285,0.5658371350582856,3.662819256351814e-05,,,,,,,,,
etth1_uni,s4,gp,32,frozen_control,1750,27.972643499961123,0.1658219341908564,0.18649294861812996,0.1658219341908564,0.09456492168825403,0.7265625,0.644365136237866,0.030833861735315975,0.04652195363047523,0.6627808879272339,0.47685685753822327,7.881660436321034,2.677492217734794,0.04024601214709886,0.21518016272992968,0.3612165049967255,0.6812318792387315,3.662819256351814e-05,,,,,,,,,
etth1_uni,s4,gp,33,frozen_control,1000,28.304738499922678,0.12725434599308916,0.1456869360221011,0.12725434599308916,0.055501549762464235,0.8307291666666667,0.6354625727983754,0.02924296893137501,0.04652195363047523,0.6285842843929658,0.34664595127105713,5.102276492295007,2.40107086740373,0.03709797616552374,0.13929916097953737,0.3239249104920977,0.6828854646695799,3.662819256351814e-05,,,,,,,,,
etth1_uni,sparse_mlp,gp,31,frozen_control,2000,8.56672600004822,0.22161639201464342,0.2505672140559301,0.22161639201464342,0.15722465414721595,0.6204427083333333,0.6241985668876926,0.07218213939809769,0.04652195363047523,1.5515715434360688,0.8848146200180054,15.602605232851806,4.660802762473499,0.044188212883388825,0.4259725676006213,0.6287819897994255,1.1214808289665092,3.662819256351814e-05,,,,,,,,,
etth1_uni,sparse_mlp,gp,32,frozen_control,1750,8.478125457884744,0.1610117265771202,0.18290369644860385,0.1610117265771202,0.11101271608756949,0.794921875,0.6933473086979878,0.06352359900697396,0.04652195363047523,1.3654542436360932,0.4405188262462616,6.565681520236658,3.149937639467378,0.038946901540551346,0.1792521295952809,0.42495341631605144,0.8479933315780127,3.662819256351814e-05,,,,,,,,,
etth1_uni,sparse_mlp,gp,33,frozen_control,1500,10.41079912497662,0.2191514411399626,0.24630151876004708,0.2191514411399626,0.16435658709947729,0.6549479166666666,0.6027153127835543,0.08207835414210106,0.04652195363047523,1.7642929356331636,0.713487982749939,12.223012555460073,3.9380722774533736,0.04375571032539102,0.33370504248233784,0.5312794917064819,1.222217594305992,3.662819256351814e-05,,,,,,,,,
etth1_uni,unet,gp,31,frozen_control,1750,18.457927166949958,0.1887872955706114,0.20774670988545632,0.1887872955706114,0.10225110301374468,0.6282552083333334,0.5929599696823666,0.04604177588047921,0.04652195363047523,0.9896784697863275,0.5449342727661133,9.833874251833057,2.4103634773708986,0.0379175143316292,0.26847828308153115,0.3251785627239903,0.3051762773377665,3.662819256351814e-05,,,,,,,,,
etth1_uni,unet,gp,32,frozen_control,750,21.124955042032525,0.179880566196629,0.19710249261052132,0.179880566196629,0.09713759535990174,0.75,0.7334789958445376,0.04691911705409122,0.04652195363047523,1.0085371183413891,0.475591242313385,8.556737683239117,2.0099803478080145,0.03852142433328768,0.23361069941959597,0.271163468389669,0.40480935462421286,3.662819256351814e-05,,,,,,,,,
etth1_uni,unet,gp,33,frozen_control,1250,19.119731375016272,0.2317875654915917,0.25146701265193494,0.2317875654915917,0.14532642905208804,0.5611979166666666,0.6091827375063076,0.04604639124709533,0.04652195363047523,0.9897776781440155,0.7524460554122925,14.778244277795514,2.3569920029897613,0.04197588514623688,0.4034663804982482,0.31797829625270746,0.42168613892637075,3.662819256351814e-05,,,,,,,,,
etth1_uni,mlp,white,31,frozen_control,1750,8.577043000143021,0.17357084320034705,0.1931365234955879,0.17357084320034705,0.0964127352739946,0.7858072916666667,0.7898821582685058,0.09918584780682424,0.04652195363047523,2.1320224123573857,0.21410346031188965,1.9296235645786888,0.5122731074675111,0.12257211031986935,0.08074916602332699,0.33864893724068623,0.11492585774519264,2.3896513854040982e-05,,,,,,,,,
etth1_uni,mlp,white,32,frozen_control,2000,9.30012070806697,0.1404448243965276,0.15848742334809485,0.1404448243965276,0.06431701615424706,0.837890625,0.7208718553662492,0.09310477098434286,0.04652195363047523,2.001308279610866,0.19371554255485535,1.6472340239714964,0.5312817931793778,0.11230259540790176,0.06893198037306783,0.35121502966449,0.10662211072331457,2.3896513854040982e-05,,,,,,,,,
etth1_uni,mlp,white,33,frozen_control,1750,9.186716250143945,0.11264940938215354,0.12937904507016804,0.11264940938215354,0.041343083521516666,0.9264322916666666,0.787514907375089,0.09510782471360195,0.04652195363047523,2.0443643762049466,0.17750045657157898,1.2170150572472638,0.45603553262296975,0.11758909603437474,0.05092856073822092,0.3014719028102671,0.1110509647911666,2.3896513854040982e-05,,,,,,,,,
etth1_uni,s4,white,31,frozen_control,2000,28.40525208413601,0.1574255376582459,0.17890675945600537,0.1574255376582459,0.08618342880995164,0.7747395833333335,0.6448686684172723,0.06734012733582147,0.04652195363047523,1.4474913902091342,0.22850508987903595,2.2310059714119563,0.7735298352286516,0.11270847442912184,0.093361148200899,0.5113582048434183,0.10637324978858932,2.3896513854040982e-05,,,,,,,,,
etth1_uni,s4,white,32,frozen_control,2000,27.89386337506585,0.1875455434942716,0.20543362496681364,0.1875455434942716,0.10786717851928876,0.6946614583333334,0.667863664790002,0.08793627463475549,0.04652195363047523,1.890210272191813,0.2556392252445221,2.9900650503619715,0.5177800492160378,0.11943163640782534,0.12512557558082227,0.3422894171788279,0.11328258313144023,2.3896513854040982e-05,,,,,,,,,
etth1_uni,s4,white,33,frozen_control,2000,28.487988707842305,0.16637270231966284,0.18680838094845909,0.16637270231966284,0.10874451020725245,0.7819010416666667,0.6887294450803135,0.09308652894329182,0.04652195363047523,2.000916162779403,0.2334783375263214,2.442598883439719,0.5682052317392269,0.11784889825106361,0.10221569967732624,0.3756240471305448,0.11163253126438018,2.3896513854040982e-05,,,,,,,,,
etth1_uni,sparse_mlp,white,31,frozen_control,1750,8.580756542040035,0.1485656245224548,0.1675887478185242,0.1485656245224548,0.07397458785937228,0.8489583333333334,0.8016372507070628,0.09902532757576449,0.04652195363047523,2.1285719933931526,0.19601695239543915,1.4996768962611147,0.520877811749251,0.12199327178521915,0.06275714128935649,0.3443372584072749,0.11382825900060656,2.3896513854040982e-05,,,,,,,,,
etth1_uni,sparse_mlp,white,32,frozen_control,2000,10.323434458114207,0.15726302785246615,0.17482916762725476,0.15726302785246615,0.07766751456695428,0.8274739583333334,0.773925155052325,0.0933330621298568,0.04652195363047523,2.006215449832634,0.19537431001663208,1.8027435105066762,0.4886452983411692,0.10898157266930018,0.0754396026766819,0.32302927590511843,0.10351924419872072,2.3896513854040982e-05,,,,,,,,,
etth1_uni,sparse_mlp,white,33,frozen_control,1750,9.335051374975592,0.11677462593768234,0.13367021189659734,0.11677462593768234,0.04402074499241464,0.9244791666666667,0.8069944973109159,0.09883845269257069,0.04652195363047523,2.1245550751726037,0.1785946935415268,1.2183616196361435,0.44213408641817326,0.11935350517663844,0.05098491048015836,0.2922820587315176,0.11312521863183851,2.3896513854040982e-05,,,,,,,,,
etth1_uni,unet,white,31,frozen_control,1750,21.724085583118722,0.24820082925653705,0.27206233999298846,0.24820082925653705,0.19637115691576804,0.6582031249999999,0.6738932525754535,0.08341568570024363,0.04652195363047523,1.7930391823786254,0.3114853501319885,4.162529299957696,0.7533787346357584,0.11635183275409729,0.17418981385244184,0.4980368949785506,0.10923607993489835,2.3896513854040982e-05,,,,,,,,,
etth1_uni,unet,white,32,frozen_control,2000,19.405194124905393,0.19428205555158118,0.21463710415394538,0.19428205555158118,0.11726922226272243,0.6829427083333333,0.6312939660077519,0.07924743713233115,0.04652195363047523,1.7034417290768797,0.25775834918022156,3.2218847101282884,0.5356648138255483,0.11039326326356648,0.134826557957677,0.35411251786383635,0.10388788711125524,2.3896513854040982e-05,,,,,,,,,
etth1_uni,unet,white,33,frozen_control,1500,21.683825416024774,0.17105018090143292,0.18854135410069267,0.17105018090143292,0.09425875218926712,0.708984375,0.6307810002706294,0.07943994449432586,0.04652195363047523,1.707579718713424,0.2295909821987152,2.6027221965832874,0.472725287781971,0.11066983730203071,0.10891639728207293,0.31250501730527597,0.10422115628996499,2.3896513854040982e-05,,,,,,,,,
etth1_uni,dictionary_dense,gp,31,new,2000,11.682072708848864,0.21537952559687468,0.24181481133162325,0.21537952559687468,0.14911212179132066,0.638671875,0.5941564137767272,0.04740078978956381,0.04652195363047523,1.0188907836087278,0.7279033064842224,12.195843343369145,4.499149263601064,0.03521297901790104,0.33296328564997946,0.6069735559610654,0.40561219350252564,3.662819256351814e-05,1.0,0.3437442481517792,,,,,,,
etth1_uni,dictionary_dense,gp,32,new,1750,15.741751000052318,0.10292056586418354,0.11953850938995111,0.10292056586418354,0.037660384525635394,0.9153645833333333,0.6768364619844457,0.049988088851260604,0.04652195363047523,1.0745053668278195,0.30769848823547363,4.081511971379477,2.4852246488515,0.03718304146134153,0.11143088658556095,0.33527797236674206,0.4939028834121865,3.662819256351814e-05,1.0,0.31351208686828613,,,,,,,
etth1_uni,dictionary_dense,gp,33,new,1750,10.370812833076343,0.1764402790504786,0.19442538936110965,0.1764402790504786,0.10052905870517834,0.701171875,0.6393836348198116,0.04981586742706381,0.04652195363047523,1.0708034280493075,0.5494546890258789,9.990473797190958,2.375167745632781,0.037330508390396304,0.27275366590546757,0.3204303587422806,0.4616382347312676,3.662819256351814e-05,1.0,0.33278948068618774,,,,,,,
etth1_uni,dictionary_topk,gp,31,new,2000,10.508153459057212,0.17215763723027927,0.19589796874426166,0.17215763723027927,0.10397906505744435,0.7545572916666667,0.7172135156568402,0.08448020117785034,0.04652195363047523,1.8159211852726176,0.600665271282196,9.58414319050003,3.75941441333771,0.04874587147317431,0.2616602818683956,0.5071770241666744,1.1525689550651352,3.662819256351814e-05,0.125,0.1983860284090042,,,,,,,
etth1_uni,dictionary_topk,gp,32,new,1750,14.550374042009935,0.15448446676149374,0.17714592839589868,0.15448446676149374,0.09054215679551408,0.84765625,0.807045817225253,0.11169949178122845,0.04652195363047523,2.4010060426193545,0.45738887786865234,6.468002908595192,3.286839166556511,0.0555677988020973,0.17658536924471002,0.4434225983425402,1.9738119816964657,3.662819256351814e-05,0.125,0.1825980693101883,,,,,,,
etth1_uni,dictionary_topk,gp,33,new,1750,10.651606833795086,0.21163865018250522,0.23302568552336203,0.21163865018250522,0.141149847675059,0.6829427083333333,0.703986316445571,0.09920607317089099,0.04652195363047523,2.132457161169256,0.7358102798461914,14.040100039871751,2.498246748719534,0.050959110467553054,0.3833140282727398,0.33703476455119474,1.4467539644595522,3.662819256351814e-05,0.125,0.19118262827396393,,,,,,,
etth1_uni,history_conv_dense,gp,31,new,2000,13.179841458797455,0.22004541794534688,0.2491797598499715,0.22004541794534688,0.1667704487746142,0.6653645833333334,0.6801845311562222,0.043098938747927765,0.04652195363047523,0.9264215146737701,0.688920259475708,10.97749968838182,4.785473131875866,0.03505060366393053,0.29970082933645664,0.6456010844783533,0.38580523405399864,3.662819256351814e-05,1.0,0.06400339305400848,0.009119565598666668,,,,,,
etth1_uni,history_conv_dense,gp,32,new,1750,15.639923832844943,0.1625369561311471,0.18450218076033967,0.1625369561311471,0.10115949325339105,0.8177083333333333,0.7730796844004241,0.042598533965128416,0.04652195363047523,0.9156651997783538,0.46250009536743164,7.112569038987079,3.1673879667472575,0.03727478090196922,0.19418291051770958,0.4273076140946055,0.37869513748746825,3.662819256351814e-05,1.0,0.06945963203907013,0.0075332182459533215,,,,,,
etth1_uni,history_conv_dense,gp,33,new,1500,15.91266008419916,0.20843317657624932,0.22970184965709223,0.20843317657624932,0.12871194260060442,0.646484375,0.6525981838613915,0.03981780000519748,0.04652195363047523,0.8558926893197786,0.6047422885894775,10.559844659914688,2.9491065254750755,0.04567565776448252,0.28829827302022937,0.39785958851315617,0.39890093300487045,3.662819256351814e-05,1.0,0.06606923043727875,0.007072483189404011,,,,,,
etth1_uni,history_conv_sparse,gp,31,new,1750,21.2660835001152,0.24066173069165098,0.26587424951968097,0.24066173069165098,0.1781759182851695,0.6048177083333333,0.6189455572799791,0.04143521911468586,0.04652195363047523,0.8906594818396192,0.7925152778625488,14.229804989403572,3.9228253294529996,0.03944254093253919,0.3884932341318017,0.5292225485594272,0.37858810685570066,3.662819256351814e-05,0.643764317035675,0.04941428825259209,0.020393678918480873,,,,,,
etth1_uni,history_conv_sparse,gp,32,new,1500,17.61309341690503,0.2064759940627231,0.2265806414670314,0.2064759940627231,0.13869938883142457,0.6861979166666667,0.6762953561176497,0.04065836543986734,0.04652195363047523,0.8739608349816415,0.5750378370285034,9.853743208566701,3.1845845480999295,0.03466274642137465,0.2690207329089199,0.42962757938636614,0.37295997478741677,3.662819256351814e-05,0.765387773513794,0.05396765470504761,0.01829581893980503,,,,,,
etth1_uni,history_conv_sparse,gp,33,new,1500,16.54195495788008,0.2199448157075639,0.24317125036093715,0.2199448157075639,0.1614799126119651,0.6490885416666665,0.6242414456364713,0.04099454250613037,0.04652195363047523,0.8811870376672227,0.7103334069252014,12.602630611495895,3.549093821845046,0.04073985528827326,0.34406913717190013,0.4788029850248923,0.4096193749043378,3.662819256351814e-05,0.7074119448661804,0.051449574530124664,0.016539838165044785,,,,,,
etth1_uni,history_dense_ae,gp,31,new,2000,12.140601082937792,0.2106015663446399,0.2397116032743617,0.2106015663446399,0.1624576706125463,0.708984375,0.6654656648766831,0.04616281637504471,0.04652195363047523,0.9922802628134847,0.7006111145019531,10.350585218455223,5.653744840528828,0.03683345299354948,0.28258520265519343,0.7627383332478372,0.39416613352554447,3.662819256351814e-05,0.5013241767883301,0.20055235922336578,0.026094507426023483,,,,,,
etth1_uni,history_dense_ae,gp,32,new,1750,15.74083104194142,0.1459139618038416,0.16504820258303665,0.1459139618038416,0.08076805164391106,0.8333333333333334,0.7328007192204798,0.04242796327292561,0.04652195363047523,0.9119987438604091,0.3997080326080322,5.80247603674952,2.919735108929075,0.0395810178887182,0.15841557092087624,0.3938971342579109,0.36755920654559665,3.662819256351814e-05,0.5422404408454895,0.23522132635116577,0.024230720475316048,,,,,,
etth1_uni,history_dense_ae,gp,33,new,1500,12.482332792133093,0.23905672059445626,0.26145124471079184,0.23905672059445626,0.1705203973992272,0.5944010416666667,0.5846117710637069,0.038317906326127464,0.04652195363047523,0.8236521327218398,0.8406865000724792,15.57668356013742,3.766354955458447,0.03788352454013755,0.4252648703079025,0.5081133624129742,0.37918417272690497,3.662819256351814e-05,0.5327065587043762,0.21743573248386383,0.027672279626131058,,,,,,
etth1_uni,history_topk_ae,gp,31,new,2000,11.619305124972016,0.20866977018280175,0.23758056926691734,0.20866977018280175,0.1498239006160737,0.6946614583333333,0.6775873081563987,0.045580039660189475,0.04652195363047523,0.9797533444582445,0.6797358393669128,10.232540116297951,5.278583946035197,0.0364789254085171,0.2793624091211536,0.7121259332480038,0.37439879051002306,3.662819256351814e-05,0.125,0.08936436474323273,0.025578336790204048,,,,,,
etth1_uni,history_topk_ae,gp,32,new,1500,14.0012278330978,0.22062848999576584,0.23930560590509992,0.22062848999576584,0.15221944640355883,0.6295572916666667,0.6567170533909423,0.03908763280473383,0.04652195363047523,0.8401975788722814,0.6562656164169312,12.114378654955962,2.87028245373969,0.034805151422561055,0.3307391876885004,0.38722554987309044,0.3600075272198608,3.662819256351814e-05,0.125,0.09500732272863388,0.036739811301231384,,,,,,
etth1_uni,history_topk_ae,gp,33,new,1500,12.988950500031933,0.25380806476632056,0.2761560937109606,0.25380806476632056,0.19551531155554744,0.5690104166666667,0.5881598325012116,0.03939693105068094,0.04652195363047523,0.84684601518697,0.8406275510787964,15.798266829414157,3.4534387597499685,0.04197062276380052,0.4313143981106321,0.4658983024318425,0.38633863267456564,3.662819256351814e-05,0.125,0.10718721151351929,0.03747935593128204,,,,,,
etth1_uni,mlp_balanced,gp,31,new,2000,11.258438917109743,0.7265635473092982,0.7347595318773485,0.7265635473092982,1.3288294150076592,0.6119791666666667,2.419579564720334,0.07316373053459464,0.04652195363047523,1.5726710687116787,2.075167655944824,46.32402524444899,2.753741835189894,0.033011673929675155,1.2647095584669374,0.37150322782715445,0.12504054671123746,3.662819256351814e-05,,,,,,,,,
etth1_uni,mlp_balanced,gp,32,new,2000,11.572295291814953,0.5160852414092927,0.5290288728960245,0.5160852414092927,0.7549851320512209,0.794921875,2.1810239596618883,0.0749335008458037,0.04652195363047523,1.6107126850476214,1.4857141971588135,32.347835331688216,2.562945494475125,0.03392535385970239,0.8831403645045488,0.3457631764078977,0.12558014895708597,3.662819256351814e-05,,,,,,,,,
etth1_uni,mlp_balanced,gp,33,new,2000,10.068505791947246,0.8857985439079239,0.8898345297087717,0.8857985439079239,1.787070960681984,0.4251302083333333,2.413574315650233,0.08161588409119433,0.04652195363047523,1.7543520364486596,2.5242693424224854,57.254654726450184,2.5075364394634994,0.03728495334596554,1.5631307667492198,0.3382880229550136,0.13956817227411117,3.662819256351814e-05,,,,,,,,,
etth1_uni,mlp_whitened,gp,31,new,2000,10.311020208988339,0.13026243061532874,0.14674158994264572,0.13026243061532874,0.05689754336754346,0.9322916666666666,0.8377543268559899,0.060459001437859275,0.04652195363047523,1.299580020178995,0.39737051725387573,6.781485750133321,2.1008287500638576,0.029753540240036104,0.185143881680029,0.2834196916309657,0.08235297257982353,3.662819256351814e-05,,,,,,,,,
etth1_uni,mlp_whitened,gp,32,new,2000,10.70706404093653,0.15254782798921435,0.16686027515542318,0.15254782798921435,0.07211747197391169,0.8385416666666666,0.7716512501848531,0.061519092710193,0.04652195363047523,1.3223669237719535,0.4114220440387726,7.487529475605235,1.7439305836178214,0.029212235946693123,0.20441984579558126,0.23527108919265752,0.08395214235734343,3.662819256351814e-05,,,,,,,,,
etth1_uni,mlp_whitened,gp,33,new,2000,10.578575875144452,0.11344670523704789,0.1296354895933198,0.11344670523704789,0.04106235022395864,0.951171875,0.8308630727235746,0.06822338160023007,0.04652195363047523,1.4664771419990161,0.3335503041744232,5.371878929602231,1.9159504473619622,0.03260810463858593,0.14665967806865385,0.2584780339449526,0.08509752931112126,3.662819256351814e-05,,,,,,,,,
etth1_uni,moe_dense,gp,31,new,2000,7.333875791868195,0.23949509702923977,0.2657766487464678,0.23949509702923977,0.16370908163818673,0.6243489583333333,0.6553382064545682,0.04193791574791406,0.04652195363047523,0.9014650605825312,0.6969560384750366,12.28125690397148,3.568925186868383,0.0398527853894287,0.3352951932496847,0.4814784050748914,0.3945464079416464,3.662819256351814e-05,,,,1.0,0.2436629831790924,0.2532378137111664,,,
etth1_uni,moe_dense,gp,32,new,1500,9.325031541055068,0.1645184418988751,0.18610620168432362,0.1645184418988751,0.08723059709703268,0.7486979166666666,0.654949608114839,0.039473512907791344,0.04652195363047523,0.84849215966574,0.43089959025382996,6.927237887866855,2.7079310703032777,0.03211003178253144,0.18912311536677945,0.3653229654630047,0.36991252451383794,3.662819256351814e-05,,,,1.0,0.19933933019638062,0.28625816106796265,,,
etth1_uni,moe_dense,gp,33,new,1750,7.424425916979089,0.18593058386827147,0.20564049036759202,0.18593058386827147,0.11321781517939,0.7291666666666667,0.6924193964863661,0.04037614945398514,0.04652195363047523,0.8678945380216332,0.5613717436790466,10.186528521159383,2.4658747764218294,0.03729635827386104,0.27810622933399165,0.33266750976861303,0.38682465093302576,3.662819256351814e-05,,,,1.0,0.1887722611427307,0.2992337942123413,,,
etth1_uni,moe_topk,gp,31,new,1750,8.450269958935678,0.20283777479268517,0.2236930571903234,0.20283777479268517,0.11812943615651096,0.6555989583333333,0.6300781822006684,0.03995128095717203,0.04652195363047523,0.8587618928152893,0.5546801090240479,9.890683799610398,2.4997218385200686,0.04190534932155208,0.27002926181679976,0.33723376672897,0.38881009247616966,3.662819256351814e-05,,,,0.5,0.20559926331043243,0.3072178065776825,,,
etth1_uni,moe_topk,gp,32,new,1500,8.269936625147238,0.18429614614905543,0.20493565057124813,0.18429614614905543,0.10666322590033127,0.7291666666666666,0.6912758237095356,0.03997334990589993,0.04652195363047523,0.8592362698997771,0.470803439617157,7.866034063515217,2.6797155387193965,0.0342514998434586,0.21475354127492016,0.36151644993409054,0.3744906479650615,3.662819256351814e-05,,,,0.5,0.16250665485858917,0.29732948541641235,,,
etth1_uni,moe_topk,gp,33,new,1750,8.39171150000766,0.17068472508970822,0.18976937458856624,0.17068472508970822,0.09531453236118428,0.744140625,0.6753757202570947,0.03775895686600922,0.04652195363047523,0.8116373866396355,0.49434012174606323,8.647609089496488,2.4263142682127983,0.03592000000162166,0.23609161370712975,0.3273304602651601,0.3773249251990585,3.662819256351814e-05,,,,0.5,0.18267418444156647,0.2973557114601135,,,
etth1_uni,unet_l0,gp,31,new,1000,34.46397320809774,0.19967329656378646,0.21589006030690955,0.19967329656378646,0.10920276465029821,0.6549479166666667,0.6740343412119425,0.051711275005563155,0.04652195363047523,1.111545646090162,0.47521981596946716,8.380328623595817,1.959270262502029,0.048439862819535606,0.22879448962880755,0.2643222459722942,0.9899145339449723,3.662819256351814e-05,,,,,,,0.8435439467430115,1.0,0.5262950658798218
etth1_uni,unet_l0,gp,32,new,2000,34.11842670897022,0.21903241138235402,0.233456637504591,0.21903241138235402,0.11627926334109333,0.515625,0.5567388006085214,0.039202758144305655,0.04652195363047523,0.8426722242942314,0.6029808521270752,11.745326151298567,1.8788079983444472,0.03851849755428743,0.32066354710051864,0.2534672012216081,0.6279692238623851,3.662819256351814e-05,,,,,,,0.8482939004898071,1.0,0.5378008484840393
etth1_uni,unet_l0,gp,33,new,1250,31.931307249935344,0.21539426674140655,0.22901074920504993,0.21539426674140655,0.117269353969756,0.5286458333333335,0.5604993700627043,0.042023013654334536,0.04652195363047523,0.9032942594828269,0.5339572429656982,9.980197026614151,1.895236472439412,0.04270639696228909,0.27247309594398267,0.2556835423021558,0.6905958596129036,3.662819256351814e-05,,,,,,,0.8451259136199951,1.0,0.5300318002700806
etth1_uni,dictionary_dense,white,31,new,1750,10.744605583138764,0.15951753423802062,0.17947934521744702,0.15951753423802062,0.0832598588337436,0.8190104166666667,0.7881554071993189,0.09341744805619881,0.04652195363047523,2.0080293445588158,0.2042928785085678,1.6559509355505195,0.5501263934377364,0.12258871707442988,0.06929675791477394,0.3636726499400642,0.11477204273315987,2.3896513854040982e-05,1.0,0.3669394552707672,,,,,,,
etth1_uni,dictionary_dense,white,32,new,2000,11.472230541985482,0.1439963152091397,0.16210213266354315,0.1439963152091397,0.06874598365801425,0.8561197916666667,0.7610928937394723,0.09471726489729682,0.04652195363047523,2.035969203908285,0.19731095433235168,1.6827000542246582,0.5208474869103484,0.11508706437340611,0.0704161311772306,0.34431721153322153,0.10856850591424494,2.3896513854040982e-05,1.0,0.3591167628765106,,,,,,,
etth1_uni,dictionary_dense,white,33,new,1750,11.497960207983851,0.12499271011816526,0.1428453164966481,0.12499271011816526,0.052298844075196166,0.9029947916666667,0.7743622557383636,0.09595310661725505,0.04652195363047523,2.0625339034429295,0.19054973125457764,1.3530403187267042,0.5128394698011827,0.12305970927072901,0.05662082456842969,0.3390233430011979,0.11552449521571778,2.3896513854040982e-05,1.0,0.3657204508781433,,,,,,,
etth1_uni,dictionary_topk,white,31,new,1750,11.37163058295846,0.2176522072898234,0.2540681026509783,0.2176522072898234,0.14314052857033682,0.96484375,1.566212260541014,0.43461824322101306,0.04652195363047523,9.342218228262597,0.48833632469177246,2.6626727091631843,0.8673267143805672,0.3722760379720782,0.11142515286650974,0.5733646091973768,0.3611817153702768,2.3896513854040982e-05,0.125,0.17713385820388794,,,,,,,
etth1_uni,dictionary_topk,white,32,new,2000,14.089185999939218,0.21335527778619567,0.24812025608479388,0.21335527778619567,0.14270210126794147,0.9446614583333334,1.5226419636798103,0.423719250031097,0.04652195363047523,9.107941884743429,0.5275852084159851,3.587711088099369,0.6979407354923122,0.38074511749355255,0.1501353339659908,0.461388436921695,0.36668928663270056,2.3896513854040982e-05,0.125,0.18168841302394867,,,,,,,
etth1_uni,dictionary_topk,white,33,new,2000,12.844771250151098,0.23450222364348883,0.27049219379393624,0.23450222364348883,0.1672458245754514,0.9446614583333334,1.4906923963436154,0.40260994724355004,0.04652195363047523,8.65419260853679,0.5006451606750488,3.2434823318600845,0.7541858892419699,0.3644461769156744,0.13573035597037936,0.49857048154711703,0.3530121460515929,2.3896513854040982e-05,0.125,0.18281111121177673,,,,,,,
etth1_uni,history_conv_dense,white,31,new,2000,14.354251957964152,0.15239954914769338,0.1741565923597107,0.15239954914769338,0.07744472077764704,0.8828125,0.8507702017591934,0.09281305728690432,0.04652195363047523,1.9950378271755356,0.2098260223865509,1.6030960491227206,0.7411324428401737,0.1223452617343984,0.06708493376541748,0.48994122561535425,0.11522118489674758,2.3896513854040982e-05,1.0,0.0663967877626419,0.0038501264061778784,,,,,,
etth1_uni,history_conv_dense,white,32,new,2000,18.76441075000912,0.1582439174575334,0.1773251549399912,0.1582439174575334,0.08265208009147869,0.8541666666666667,0.838036022150239,0.10317690904680207,0.04652195363047523,2.217811183647579,0.2028978019952774,1.729525050398248,0.5547729256721945,0.11751132703479614,0.07237562185690025,0.3667443380301005,0.1107719834480862,2.3896513854040982e-05,1.0,0.07049427181482315,0.0029015871696174145,,,,,,
etth1_uni,history_conv_dense,white,33,new,1750,14.149046916980296,0.12314568778336242,0.1397335220667737,0.12314568778336242,0.04887695189475658,0.9244791666666666,0.8316746655681375,0.09595219911264631,0.04652195363047523,2.062514396424459,0.17909571528434753,1.3027505733875013,0.46582449607609316,0.11498737411044786,0.054516344155664434,0.30794310346820597,0.10870285745313944,2.3896513854040982e-05,1.0,0.06745434552431107,0.0033850406762212515,,,,,,
etth1_uni,history_conv_sparse,white,31,new,1750,16.71730445791036,0.16005951398096116,0.18068490905934728,0.16005951398096116,0.08463477414836126,0.8411458333333333,0.842683186505883,0.10192283595227744,0.04652195363047523,2.1908545965599915,0.21729688346385956,1.741794078454886,0.5991053583208436,0.13064660328583286,0.07288904520105734,0.3960512272321878,0.12139471108356692,2.3896513854040982e-05,0.6891055107116699,0.05330017954111099,0.010853051207959652,,,,,,
etth1_uni,history_conv_sparse,white,32,new,2000,20.363944000098854,0.15877425003163836,0.17830086830401604,0.15877425003163836,0.08264494576525595,0.865234375,0.8446835693720156,0.10329495509474484,0.04652195363047523,2.220348610361866,0.21045589447021484,1.8397614219307428,0.6147537173234002,0.11801937912712228,0.07698869522006169,0.4063959048436563,0.11128939871838271,2.3896513854040982e-05,0.8235676884651184,0.058396365493535995,0.008059444837272167,,,,,,
etth1_uni,history_conv_sparse,white,33,new,1750,16.524493750184774,0.12590664413549224,0.14262182926782913,0.12590664413549224,0.05179752156801791,0.9108072916666667,0.814205616169814,0.09451230437807484,0.04652195363047523,2.031563530817899,0.17802725732326508,1.3351427798079745,0.45781252953041845,0.11271358467561185,0.05587186432142265,0.3026466240779176,0.10682905626313044,2.3896513854040982e-05,0.7536773085594177,0.055331528186798096,0.008973553776741028,,,,,,
etth1_uni,history_dense_ae,white,31,new,2000,10.80580333294347,0.17817659756819595,0.20455562907998265,0.17817659756819595,0.1050345528229425,0.791015625,0.8026976043451972,0.09036086216787739,0.04652195363047523,1.942327334006982,0.22783544659614563,1.7035947246115817,0.9388888499951952,0.12843488471282194,0.0712905127089698,0.6206722675914974,0.12046598919516484,2.3896513854040982e-05,0.5446239113807678,0.22620385885238647,0.022303029894828796,,,,,,
etth1_uni,history_dense_ae,white,32,new,1750,11.877759542083368,0.14086451666275585,0.1618182277512819,0.14086451666275585,0.06857164899927201,0.8404947916666667,0.7410417945432376,0.08895380382405758,0.04652195363047523,1.9120822941061193,0.19631440937519073,1.4239535951277804,0.661377082885934,0.11937342112907635,0.059588340116271184,0.43721726354505447,0.11177915989077469,2.3896513854040982e-05,0.5619703531265259,0.2526792287826538,0.02017415687441826,,,,,,
etth1_uni,history_dense_ae,white,33,new,1750,13.957336541032419,0.16940882767801932,0.18354504985507158,0.16940882767801932,0.08575138709187846,0.7467447916666666,0.7492685999232587,0.08671995114314482,0.04652195363047523,1.8640651214255328,0.21131423115730286,2.05027255074373,0.5128513802957941,0.11401897725996733,0.08579797719728988,0.3390312166847534,0.1081693127545028,2.3896513854040982e-05,0.5222457647323608,0.22328852117061615,0.021892491728067398,,,,,,
etth1_uni,history_topk_ae,white,31,new,1750,11.483293500030413,0.22017302186574939,0.23871664606142767,0.22017302186574939,0.13901691438196334,0.6634114583333334,0.7396938512273891,0.09576665235181281,0.04652195363047523,2.0585260264968483,0.24633435904979706,2.76931263188884,0.4838632813139726,0.12085676655809095,0.11588772524744398,0.3198680227366028,0.11236699263965116,2.3896513854040982e-05,0.125,0.09981801360845566,0.026025082916021347,,,,,,
etth1_uni,history_topk_ae,white,32,new,2000,13.840475249802694,0.2089200782673185,0.22842267161054264,0.2089200782673185,0.12697298165422202,0.6829427083333334,0.7059941398213596,0.09223275980678844,0.04652195363047523,1.9825642005362676,0.24755600094795227,2.921892565047185,0.5989638350503397,0.11002218352971065,0.12227275421402453,0.39595767029068074,0.10378019115589572,2.3896513854040982e-05,0.125,0.10739494860172272,0.02507525309920311,,,,,,
etth1_uni,history_topk_ae,white,33,new,1500,11.94411858310923,0.1650571234807316,0.18041334176667873,0.1650571234807316,0.08287388361581441,0.7786458333333333,0.7560165394237022,0.09437386914436027,0.04652195363047523,2.0285878339068417,0.2069852650165558,1.9676450214519545,0.4480920865500329,0.1159958776361572,0.08234025404166721,0.2962207203230049,0.10953735062735342,2.3896513854040982e-05,0.125,0.11315647512674332,0.029054515063762665,,,,,,
etth1_uni,mlp_balanced,white,31,new,2000,9.07332087494433,0.1322857487471933,0.1521751016038853,0.1322857487471933,0.058722739815763335,0.9466145833333334,0.9560050696917718,0.08140009974694412,0.04652195363047523,1.7497137027715275,0.20310944318771362,1.6554290518293817,0.6148556164493295,0.1183791746150238,0.06927491859024629,0.4064632674090509,0.11117625211378962,2.3896513854040982e-05,,,,,,,,,
etth1_uni,mlp_balanced,white,32,new,2000,11.488672124920413,0.13406889003125314,0.15211758256624222,0.13406889003125314,0.060973213952351585,0.9453125,0.9562987571795474,0.0902465654089808,0.04652195363047523,1.939870499115557,0.1909540742635727,1.749286643746561,0.5195278711563897,0.10518558688116188,0.07320258739124622,0.3434448517194233,0.09921108806523238,2.3896513854040982e-05,,,,,,,,,
etth1_uni,mlp_balanced,white,33,new,1750,13.447416959097609,0.11303102313876445,0.1298507295632256,0.11303102313876445,0.03858086842571,0.9850260416666666,0.9654517960974317,0.09743884295506217,0.04652195363047523,2.0944701447626373,0.19342681765556335,1.5198851402735705,0.5092886251290496,0.11877588306688626,0.06360279786235651,0.3366759822731103,0.11148254844327353,2.3896513854040982e-05,,,,,,,,,
etth1_uni,mlp_whitened,white,31,new,2000,9.197909333975986,0.16304341955378254,0.18484544845432338,0.16304341955378254,0.09034505105652685,0.9036458333333333,0.9937041873158979,0.08592189827714823,0.04652195363047523,1.8469107931199003,0.22229072451591492,2.011738500239123,0.7243374664195268,0.11813188959871841,0.08418543861781458,0.4788385523870994,0.11092637718778774,2.3896513854040982e-05,,,,,,,,,
etth1_uni,mlp_whitened,white,32,new,2000,12.49378216615878,0.11582088242949841,0.13342593242038575,0.11582088242949841,0.04166465517318739,0.9830729166666667,0.9630528077352134,0.0871232875149071,0.04652195363047523,1.87273492869472,0.17236679792404175,1.364922490333766,0.5324130490487032,0.10179397501080535,0.05711805908889731,0.351962870205619,0.09646462961661494,2.3896513854040982e-05,,,,,,,,,
etth1_uni,mlp_whitened,white,33,new,1750,10.915915332967415,0.10630556440087974,0.12308018435243283,0.10630556440087974,0.031056654549424,0.99609375,0.9818913998539452,0.0900353863355774,0.04652195363047523,1.93533115678525,0.18325403332710266,1.3910831584528527,0.4837181161781733,0.11469523600891102,0.058212807397327364,0.3197720582632658,0.10747674062152274,2.3896513854040982e-05,,,,,,,,,
etth1_uni,moe_dense,white,31,new,1750,7.560810709139332,0.13759109700930505,0.15699659394103,0.13759109700930505,0.06438145215027762,0.8990885416666667,0.8417419025263748,0.12067278340739153,0.04652195363047523,2.5938889919778036,0.21336761116981506,1.590214838339413,0.514250864775083,0.13710714696783877,0.06654589234448113,0.3399563754031935,0.12999383195756703,2.3896513854040982e-05,,,,1.0,0.16989770531654358,0.3889797329902649,,,
etth1_uni,moe_dense,white,32,new,2000,9.108904083957896,0.14389223653002248,0.16158467338852409,0.14389223653002248,0.06665168192425086,0.884765625,0.8333106718305847,0.12037036941481583,0.04652195363047523,2.5873885342589,0.211123988032341,1.6872526114946442,0.47889278722078443,0.13185592270967242,0.07060664253373193,0.3165821728302108,0.12570718445284584,2.3896513854040982e-05,,,,1.0,0.065153107047081,0.4289381206035614,,,
etth1_uni,moe_dense,white,33,new,2000,7.45634508295916,0.12033249489319786,0.13924377841206137,0.12033249489319786,0.04742882223271719,0.9407552083333334,0.8339294052532448,0.12934986469817095,0.04652195363047523,2.7804048326430872,0.20860759913921356,1.2429282286453436,0.48655809331616945,0.1489589130945968,0.05201295202459668,0.32164948502166973,0.14225631624282167,2.3896513854040982e-05,,,,1.0,0.07868176698684692,0.4100765287876129,,,
etth1_uni,moe_topk,white,31,new,1750,7.648571124998853,0.13598916091324068,0.15415603693017513,0.13598916091324068,0.062319230557946366,0.8899739583333333,0.8134652448282547,0.11623739790002219,0.04652195363047523,2.49854936925689,0.2046266496181488,1.5687541571552663,0.4361277156123613,0.13209807423565387,0.06564782489768836,0.28831142068628174,0.12550809836070967,2.3896513854040982e-05,,,,0.5,0.1493091732263565,0.4126763343811035,,,
etth1_uni,moe_topk,white,32,new,2000,8.18496199999936,0.13441947373280055,0.15273006746366063,0.13441947373280055,0.06093975499431677,0.9069010416666667,0.8433877453449288,0.11355379135965371,0.04652195363047523,2.440864634826251,0.21316836774349213,1.613216768643383,0.49261586847089944,0.136827632759593,0.06750845660989929,0.32565410499544506,0.1302782364062638,2.3896513854040982e-05,,,,0.5,0.11367487162351608,0.4289046823978424,,,
etth1_uni,moe_topk,white,33,new,2000,8.28345508291386,0.1204512282638478,0.14066339080460086,0.1204512282638478,0.048507921233670696,0.953125,0.8600883997255248,0.12069022343191294,0.04652195363047523,2.5942638692811073,0.21374550461769104,1.3114874258666964,0.5689770772406585,0.14770125043292956,0.054881956166376936,0.3761342918710232,0.1410540184183169,2.3896513854040982e-05,,,,0.5,0.1677190214395523,0.3891039490699768,,,
etth1_uni,unet_l0,white,31,new,2000,35.198260915931314,0.17741949593387113,0.19199146394010488,0.17741949593387113,0.09519679891110813,0.7278645833333333,0.7433655347784073,0.07252634977126232,0.04652195363047523,1.5589704238850437,0.24527519941329956,2.6804428312396245,0.4500401985799984,0.1252782752713392,0.11216878108713553,0.2975085608497799,0.119001100996128,2.3896513854040982e-05,,,,,,,0.8526076078414917,1.0,0.5487198233604431
etth1_uni,unet_l0,white,32,new,2000,38.67898904206231,0.16177464222919394,0.17685928389638073,0.16177464222919394,0.08123075906667676,0.8326822916666667,0.806375315293917,0.07521867369995483,0.04652195363047523,1.6168425405652178,0.22256788611412048,2.121109443382635,0.47374041320885624,0.12485360341068151,0.0887622963055738,0.3131760873692115,0.11823027860400952,2.3896513854040982e-05,,,,,,,0.8517303466796875,1.0,0.5467582941055298
etth1_uni,unet_l0,white,33,new,2000,34.05712729203515,0.2626580360667537,0.2773929900393761,0.2626580360667537,0.17923407403030853,0.556640625,0.7639156790928305,0.09483567006227728,0.04652195363047523,2.0385143499251734,0.3298468589782715,4.681646636916121,0.5026163698635746,0.12418464536066119,0.19591337320210994,0.3322651472678881,0.11728882181354262,2.3896513854040982e-05,,,,,,,0.8516972064971924,1.0,0.5466851592063904
etth1_multi,mlp,gp,31,frozen_control,500,9.252709124935791,0.38600205648147834,0.5245430578820096,0.6443805843487456,0.5503050957152535,0.7467447916666667,1.4222584167163839,0.14609594578714222,0.2526314928219294,0.5782966492230636,1.1099586486816406,23.32634930284865,25.682958400892687,0.8280948044056169,0.22560407477917807,0.5456527369866809,1.1391944769138005,0.00010339507088105811,,,,,,,,,
etth1_multi,mlp,gp,32,frozen_control,500,9.459789167158306,0.356315820088654,0.47988177918144403,0.5680291231002546,0.46120677911012603,0.740048363095238,1.3402000768092248,0.15595754550730978,0.2526314928219294,0.6173321614231148,1.0314902067184448,22.296953733680642,23.795060948838607,0.7662551016057946,0.21564813045420933,0.5055430114720499,1.1275128400751881,0.00010339507088105811,,,,,,,,,
etth1_multi,mlp,gp,33,frozen_control,1250,8.90077816718258,0.38276183156169075,0.5163279567194325,0.6366129038882762,0.5219521204592772,0.6897321428571428,1.2539882242221925,0.17153973522533356,0.2526314928219294,0.6790116834176552,1.1258549690246582,32.54751013726344,22.31162906579276,0.8089427138075908,0.31478783137258926,0.47402644494250495,1.120745758403929,0.00010339507088105811,,,,,,,,,
etth1_multi,s4,gp,31,frozen_control,750,27.523241666844115,0.3971167069320431,0.54227590241112,0.6522882976289835,0.6048529144303777,0.7815290178571429,1.653559837232958,0.10719800927650355,0.2526314928219294,0.42432559804435566,0.9999347925186157,28.219888927564437,19.575953442950702,0.7240554890315116,0.2729326329301283,0.4159050685881505,1.3407076217375304,0.00010339507088105811,,,,,,,,,
etth1_multi,s4,gp,32,frozen_control,1250,26.980834875022992,0.38750796407345245,0.5106448576069752,0.5823803245338862,0.528330539714778,0.732421875,1.4789442484421382,0.11981852247659493,0.2526314928219294,0.47428181315878365,1.0376756191253662,30.9461310649444,21.165618701806682,0.736251492813938,0.2992998679844583,0.4496786388228497,1.375399220916333,0.00010339507088105811,,,,,,,,,
etth1_multi,s4,gp,33,frozen_control,750,26.915647291811183,0.42538044501464267,0.5729829035997742,0.7560413661075687,0.6529210268225283,0.7196800595238095,1.5314072029185966,0.11558721211899996,0.2526314928219294,0.4575328706167014,1.2152934074401855,45.3998416586494,23.745262171835545,0.8133987348707433,0.43909096702371536,0.5044850009988731,1.455495957417125,0.00010339507088105811,,,,,,,,,
etth1_multi,sparse_mlp,gp,31,frozen_control,500,9.555770125007257,0.3653796945068909,0.4972302168859212,0.5839975180576351,0.5002781412569313,0.7732514880952381,1.4471359525027536,0.25661340173024644,0.2526314928219294,1.0157617281354694,1.013822078704834,21.651651718433747,17.727233186848782,0.7888146584700718,0.2094070010681748,0.3766276904949139,6.396634329888158,0.00010339507088105811,,,,,,,,,
etth1_multi,sparse_mlp,gp,32,frozen_control,1250,11.009835958015174,0.4002323959251474,0.5356341614354232,0.6307277267769699,0.5414098263180278,0.6622953869047619,1.244324794493535,0.2802156758913109,0.2526314928219294,1.109187428539737,1.1465283632278442,22.086359382238285,26.502568552413432,0.8676375146703834,0.213611337504141,0.563065938201998,8.790609364373575,0.00010339507088105811,,,,,,,,,
etth1_multi,sparse_mlp,gp,33,frozen_control,1250,9.276657375041395,0.3596252258497865,0.49860091638957327,0.5834134581233139,0.49285229340638853,0.7418154761904763,1.288732090801226,0.2982286598936411,0.2526314928219294,1.1804888478565554,0.9700201749801636,20.84875999976357,22.85624408393345,0.7184239978929544,0.2016417206555931,0.4855971787580528,7.3900059317816735,0.00010339507088105811,,,,,,,,,
etth1_multi,unet,gp,31,frozen_control,500,22.299178084125742,0.43745991147418184,0.6285255984635564,0.7119843971455901,0.7450487278028611,0.693359375,1.302114350235342,0.1171382452624983,0.2526314928219294,0.46367237890275503,1.269667625427246,26.51309578473275,16.694344273334927,1.024679061434385,0.2564251425025129,0.3546832301307821,1.441153693269163,0.00010339507088105811,,,,,,,,,
etth1_multi,unet,gp,32,frozen_control,750,19.977422916097566,0.4289175138787752,0.5898623051253631,0.6574260945841401,0.6695144368377772,0.6613653273809523,1.3742150195516252,0.1453332264386095,0.2526314928219294,0.5752775507725376,1.1573753356933594,26.303599409239627,31.526750332599466,0.8229439802316796,0.2543989687815807,0.6698082572403622,1.374043388857362,0.00010339507088105811,,,,,,,,,
etth1_multi,unet,gp,33,frozen_control,750,20.252742415992543,0.4482058627679852,0.6372831289621241,0.716845677345325,0.7588527657471626,0.6656436011904763,1.3134856713014622,0.13638845600956542,0.2526314928219294,0.5398711557537309,1.0423941612243652,18.28139131511344,14.065371282088366,0.8600930698188762,0.17681105259015373,0.29882882715484277,1.3550016705461179,0.00010339507088105811,,,,,,,,,
etth1_multi,mlp,white,31,frozen_control,750,8.554389375029132,0.3517807807888891,0.4597473176204274,0.5398244929969261,0.4474077428055449,0.9284784226190476,2.4214188848229563,0.8112331572006324,0.2526314928219294,3.211132341969893,1.0715099573135376,4.907415897170043,5.626553973817986,1.0209619986660747,0.07990872067564612,0.2119239922787814,0.9482117541028596,6.14127701667195e-05,,,,,,,,,
etth1_multi,mlp,white,32,frozen_control,750,9.12546566594392,0.365456221656693,0.47066859558550156,0.5984740150226636,0.4684685001916476,0.9219680059523809,2.4446804789430017,0.8227894468734103,0.2526314928219294,3.2568760041859233,1.0891035795211792,6.204307328443438,3.613137692014909,1.043084012972584,0.10102633884777347,0.1360887264047974,0.9586486678014909,6.14127701667195e-05,,,,,,,,,
etth1_multi,mlp,white,33,frozen_control,750,8.88540666596964,0.36912549333065386,0.47839848587474354,0.566994560363993,0.4866633517966849,0.9214099702380953,2.435610920284321,0.8004800097467828,0.2526314928219294,3.1685677854542527,1.0932536125183105,5.81754294789899,4.416525066534234,1.0447744225402464,0.09472855453525207,0.16634828857140244,0.9512962720672146,6.14127701667195e-05,,,,,,,,,
etth1_multi,s4,white,31,frozen_control,1750,25.81912620807998,0.4458373823781947,0.588705546480216,0.7206098313268936,0.6785591416933457,0.6628534226190477,1.4265152869328166,0.36077476533816555,0.2526314928219294,1.4280672663105478,1.0110952854156494,18.425225796082763,10.115911485020753,0.8513425783335878,0.30002271101048084,0.38101551276680673,0.6977112406259307,6.14127701667195e-05,,,,,,,,,
etth1_multi,s4,white,32,frozen_control,1000,27.96698679192923,0.3783726897596411,0.5257442917782923,0.582197592574007,0.5578665519016109,0.7496279761904763,1.4005074139415306,0.38697365409118833,0.2526314928219294,1.5317712363119815,0.9273988008499146,8.363400871403863,5.373165350831223,0.8558219212522286,0.136183416717719,0.20238011714112952,0.7109063411055881,6.14127701667195e-05,,,,,,,,,
etth1_multi,s4,white,33,frozen_control,1250,26.818138292059302,0.38923587555970257,0.5305814542102318,0.6844032471471317,0.5582754045390105,0.7112165178571428,1.3850849148977342,0.3668084321047721,0.2526314928219294,1.4519505387371547,0.8831599950790405,9.258882754239183,8.174688026397273,0.7887789671069362,0.1507647795255572,0.3078993874846111,0.6887013971836684,6.14127701667195e-05,,,,,,,,,
etth1_multi,sparse_mlp,white,31,frozen_control,1500,8.71544795902446,0.37221999218401847,0.4861299862643529,0.635409344161751,0.5101220697506683,0.8936941964285714,2.233779753309224,0.7219869747676346,0.2526314928219294,2.8578660827394806,1.074727177619934,7.99751253384624,4.75681559809644,1.0108424009371328,0.13022556240558925,0.17916532157577905,1.1675897520421141,6.14127701667195e-05,,,,,,,,,
etth1_multi,sparse_mlp,white,32,frozen_control,1500,9.562370375031605,0.33940595587611133,0.4429822906171088,0.5224550646879619,0.41791291928212393,0.9189918154761905,2.238548316556181,0.7304758512664564,0.2526314928219294,2.8914678970026184,1.0208638906478882,5.176646547924217,3.3553044477611524,0.9817661154759634,0.08429267290615591,0.12637744473599852,1.1221543553211264,6.14127701667195e-05,,,,,,,,,
etth1_multi,sparse_mlp,white,33,frozen_control,1500,9.256587875075638,0.36373118097453616,0.4723290695885276,0.5272607779422744,0.4782906196900166,0.9033668154761905,2.2276321139953454,0.7216976759527199,0.2526314928219294,2.856720941206716,1.0487403869628906,4.529366408128366,3.5530486483244506,1.0126865688455777,0.07375284319258565,0.13382547431651165,1.1723915286380726,6.14127701667195e-05,,,,,,,,,
etth1_multi,unet,white,31,frozen_control,1500,20.50058479211293,0.3711902809420464,0.5420725112564043,0.6631881424473258,0.5657900137764071,0.7058221726190477,1.1672864327147958,0.2678067900451456,0.2526314928219294,1.06006890532018,0.9253415465354919,6.510180248316541,5.558981742712148,0.863784441888746,0.1060069466113174,0.20937888615347455,0.6720777925177897,6.14127701667195e-05,,,,,,,,,
etth1_multi,unet,white,32,frozen_control,1250,21.643893499858677,0.42533048048497246,0.5840235842978299,0.7408441300190881,0.6616405680055792,0.677734375,1.3463553689067265,0.300540271817632,0.2526314928219294,1.1896389815084205,0.9126750826835632,6.955753924232464,3.830519588424152,0.858693594932209,0.11326233787125094,0.14427640922994212,0.6847397321207171,6.14127701667195e-05,,,,,,,,,
etth1_multi,unet,white,33,frozen_control,1500,20.06016895803623,0.3510307961822674,0.494813727494123,0.6158900275474264,0.49282228069035816,0.718563988095238,1.210161960983595,0.2735297021466665,0.2526314928219294,1.082722106778142,0.8197305202484131,5.476994767841929,4.012536229392531,0.7724410124170282,0.08918332055325513,0.15113206073434202,0.665458331378661,6.14127701667195e-05,,,,,,,,,
etth1_multi,dictionary_dense,gp,31,new,1250,10.71928383409977,0.38971131407085835,0.5538987102235895,0.6211940041240716,0.6030010734951831,0.7411644345238095,1.3560607176424788,0.20246123671908756,0.2526314928219294,0.8014093352240726,1.0820820331573486,28.49401924863029,17.939067780132827,0.8154018305088625,0.2755839229648458,0.38112826725128485,4.513329676212408,0.00010339507088105811,1.0,2.19049072265625,,,,,,,
etth1_multi,dictionary_dense,gp,32,new,1750,10.608973499853164,0.4158032295014342,0.5604895110975903,0.7339693774878457,0.585512114119858,0.6392299107142858,1.2130785530981145,0.20846686214295326,0.2526314928219294,0.8251816106311568,1.305497407913208,44.61574027371338,29.007769675494078,0.8777112144831954,0.4315074199720573,0.6162907197156241,4.18167714996121,0.00010339507088105811,1.0,2.351516008377075,,,,,,,
etth1_multi,dictionary_dense,gp,33,new,2000,8.690446499967948,0.4292544496245093,0.5581711819338313,0.68538712880839,0.5641698222751333,0.5704985119047619,1.1120275112526106,0.1965292390423368,0.2526314928219294,0.7779285030820088,1.331416130065918,29.26282705862326,22.350138388137015,1.036535862553115,0.2830195560510437,0.47484460291358643,3.767425561249681,0.00010339507088105811,1.0,2.010967493057251,,,,,,,
etth1_multi,dictionary_topk,gp,31,new,1250,14.704417291097343,0.4816446218002226,0.615042713107367,0.6993339964395291,0.7726665101271322,0.751860119047619,1.9120109023501433,0.3605958613353573,0.2526314928219294,1.4273591043913436,1.5896151065826416,30.2739656559763,30.403443915068422,1.2432405679448852,0.2927989255000594,0.6459428126279062,20.976160501541756,0.00010339507088105811,0.125,0.5437126755714417,,,,,,,
etth1_multi,dictionary_topk,gp,32,new,2000,11.242433291859925,0.46048982173046116,0.6092983373421506,0.7304743105777576,0.7432175753377259,0.7362351190476191,1.6893555920400851,0.25733332188921887,0.2526314928219294,1.0186114130695636,1.5350481271743774,40.617373729706976,27.1722453330771,1.1451714874339498,0.3928366544323153,0.5772936982038542,8.34593453280708,0.00010339507088105811,0.125,0.5367246866226196,,,,,,,
etth1_multi,dictionary_topk,gp,33,new,1500,8.8287644169759,0.49456940667773824,0.6303532775310839,0.6946348289787492,0.7978652084859258,0.7108444940476191,1.7846670774153586,0.2976351410147474,0.2526314928219294,1.1781395014933447,1.4896039962768555,33.341562162454174,23.528893665777275,1.1649579480377568,0.32246761744386326,0.4998880980375573,12.773510968627189,0.00010339507088105811,0.125,0.5159028768539429,,,,,,,
etth1_multi,history_conv_dense,gp,31,new,2000,19.495139708044007,0.36872234989242536,0.5248828153954435,0.6493612235121358,0.5334205031106959,0.7197730654761905,1.2023201232711012,0.15021784015686268,0.2526314928219294,0.5946124866654914,0.9403577446937561,20.95363058141679,18.136396534511295,0.7162053660786071,0.20265599126597703,0.3853206571322357,1.1127429576765926,0.00010339507088105811,1.0,0.2622605264186859,0.8896946907043457,,,,,,
etth1_multi,history_conv_dense,gp,32,new,1250,14.431902499869466,0.3839526751572986,0.5165555219042188,0.6108513163578952,0.5248427289195151,0.6896391369047619,1.306671441843867,0.14821304853877415,0.2526314928219294,0.5866768504718611,1.0557968616485596,18.660638534884317,33.082793761047974,0.7568097842372495,0.1804789955253363,0.7028675077499746,1.1229984844346592,0.00010339507088105811,1.0,0.25038906931877136,0.9202792644500732,,,,,,
etth1_multi,history_conv_dense,gp,33,new,1250,12.706896791933104,0.4059351100888232,0.5387152736304631,0.6578339623407339,0.5690246218748819,0.673828125,1.3543568811280373,0.15352174984597505,0.2526314928219294,0.6076904669766838,1.05125892162323,20.772958860044206,28.115150298355232,0.7694179181859847,0.20090859924977134,0.5973263855209221,1.1167186402626414,0.00010339507088105811,1.0,0.23938807845115662,0.9720305800437927,,,,,,
etth1_multi,history_conv_sparse,gp,31,new,2000,18.639272542204708,0.36873833414788715,0.532214938360849,0.6493058066255553,0.546339898469449,0.7180059523809523,1.1860622141731714,0.1476431056315592,0.2526314928219294,0.5844208256950266,0.9502042531967163,21.92309787835806,16.051101217811137,0.7328922758647989,0.21203233086011986,0.3410170734398134,1.114195633380052,0.00010339507088105811,0.927155077457428,0.23775538802146912,0.9117386937141418,,,,,,
etth1_multi,history_conv_sparse,gp,32,new,1250,17.655162958195433,0.3922807301915985,0.5254107448919816,0.6143257428824482,0.542084225199382,0.6824776785714286,1.3142859185641929,0.14430035133307195,0.2526314928219294,0.5711890854193065,1.0294671058654785,18.678138001903367,29.915926010205208,0.7491350019298612,0.18064824408689664,0.6355851476359565,1.1232860822345305,0.00010339507088105811,0.926821231842041,0.2266121357679367,0.9432732462882996,,,,,,
etth1_multi,history_conv_sparse,gp,33,new,1250,15.621771499980241,0.3978656204029739,0.5321429720639069,0.650248669474764,0.5545163980343676,0.6797805059523809,1.3285640169636714,0.15848437203303012,0.2526314928219294,0.6273341864972467,1.0437865257263184,20.084749390834364,27.242567005178095,0.7712579498571752,0.1942524843755765,0.5787877321952831,1.1141424397770923,0.00010339507088105811,0.9209011793136597,0.21441936492919922,0.9948052167892456,,,,,,
etth1_multi,history_dense_ae,gp,31,new,500,14.710150375030935,0.42138675474797893,0.5559174565032408,0.6303490604111843,0.6093543839927291,0.7024739583333333,1.460647754946412,0.1256299970605256,0.2526314928219294,0.49728557456246175,1.1947349309921265,26.96058121727111,22.216187733472985,0.9128837624225737,0.26075306092962175,0.4719987258850255,1.1522919333266475,0.00010339507088105811,0.49894067645072937,1.1398612260818481,1.1109951734542847,,,,,,
etth1_multi,history_dense_ae,gp,32,new,750,12.472253875108436,0.35843800383305885,0.4877596724954115,0.5935354929279617,0.47907596187662727,0.7489769345238095,1.3532888316120257,0.15738140151043872,0.2526314928219294,0.6229682600235872,1.0574209690093994,24.1001358072214,27.907235445046357,0.7568635605155086,0.23308786000974174,0.5929090864311012,1.1307735173640223,0.00010339507088105811,0.5177436470985413,1.2559571266174316,0.9225818514823914,,,,,,
etth1_multi,history_dense_ae,gp,33,new,500,10.181375958025455,0.3925172858800055,0.538242589491506,0.6268835353869044,0.578831930290653,0.7571614583333333,1.4710157951864629,0.1543215810604533,0.2526314928219294,0.6108564666133246,1.2017720937728882,20.33169142043331,22.629119548262125,0.9574511267985599,0.19664081901759262,0.48077175628952673,1.1567727206388438,0.00010339507088105811,0.4940413236618042,1.1186184883117676,1.1495190858840942,,,,,,
etth1_multi,history_topk_ae,gp,31,new,750,14.05565308383666,0.44588603809629734,0.6036303777415403,0.6592325031057775,0.7021598555428256,0.6914992559523809,1.4186300905973757,0.12212529145078392,0.2526314928219294,0.4834127767944811,1.2324528694152832,33.32053540076553,22.344979766761046,0.9119673381806112,0.322264254154787,0.4747350043296173,1.1478534638962463,0.00010339507088105811,0.125,0.5238499641418457,1.1695184707641602,,,,,,
etth1_multi,history_topk_ae,gp,32,new,750,12.104386457940564,0.4503814476874538,0.6107988758000709,0.6886325316007332,0.7098468888200793,0.6707589285714286,1.3907876622082418,0.13854317283615253,0.2526314928219294,0.5484002460999844,1.2898372411727905,26.17437024318592,23.032052253279296,1.0089531801316893,0.2531491106891928,0.4893323484877536,1.163359765545516,0.00010339507088105811,0.125,0.5484191179275513,1.154576063156128,,,,,,
etth1_multi,history_topk_ae,gp,33,new,1250,9.530138083966449,0.412823957494298,0.5661923738218234,0.655591401814933,0.6097976793925507,0.6707589285714286,1.2620604564599398,0.15048170184570397,0.2526314928219294,0.5956569395398892,1.2818650007247925,30.540787084385407,30.91907628150158,0.9270690712297273,0.2953795265493691,0.6568977893728513,1.1514847004401896,0.00010339507088105811,0.125,0.5673012137413025,0.8890894055366516,,,,,,
etth1_multi,mlp_balanced,gp,31,new,2000,12.331694499822333,0.5710561035046222,0.7322653990274353,0.7057075165421038,1.1241240221169688,0.8630022321428572,3.0351380773251764,0.18154136928214865,0.2526314928219294,0.7186014983892386,1.995434284210205,49.618979997070305,37.122636394952615,1.4969357996326096,0.4798969580875877,0.7886968407955373,0.9833798646782431,0.00010339507088105811,,,,,,,,,
etth1_multi,mlp_balanced,gp,32,new,2000,11.87879033293575,0.5760549025983686,0.7368947339425471,0.7230756479516094,1.1371903100826974,0.8615141369047619,3.039924398282268,0.19115839303902368,0.2526314928219294,0.7566688970712141,2.0057640075683594,49.69436112047128,37.19008600284661,1.5065297059058664,0.4806260172463912,0.7901298557380355,0.9963342214175899,0.00010339507088105811,,,,,,,,,
etth1_multi,mlp_balanced,gp,33,new,2000,9.43837987515144,0.574843717531438,0.7357717011373992,0.7091493642708828,1.133950922368693,0.8589099702380953,3.0292051962601754,0.17187914361579035,0.2526314928219294,0.6803551754212274,1.9978978633880615,49.669986767425435,37.18481606098905,1.4987474280883601,0.4803902772557113,0.7900178920711769,0.9767938336659705,0.00010339507088105811,,,,,,,,,
etth1_multi,mlp_whitened,gp,31,new,1000,11.683524207910523,0.5409968958934073,0.6840961511980665,0.652009111383983,0.9807396487310265,0.8316592261904763,2.781178520813705,0.1838357637104598,0.2526314928219294,0.727683479430804,1.9753963947296143,60.31320838901344,37.28342962150825,1.4112648008386777,0.5833276951702614,0.792113007375317,0.9355204697976318,0.00010339507088105811,,,,,,,,,
etth1_multi,mlp_whitened,gp,32,new,500,11.710944082820788,0.527152450759069,0.6672145278487918,0.7676707248016069,0.94448527288357,0.8745349702380952,2.779369824468412,0.18653001272775552,0.2526314928219294,0.7383482187600167,1.948750615119934,65.83008838141093,35.14978786008121,1.363916873276746,0.636684977537657,0.7467822690429573,0.9375169395390498,0.00010339507088105811,,,,,,,,,
etth1_multi,mlp_whitened,gp,33,new,1500,8.982004542136565,0.5211664125491596,0.6557735471423048,0.7485132143462814,0.9163192257045242,0.8762090773809523,2.876250755963632,0.19768374463004026,0.2526314928219294,0.7824984225912809,1.8192555904388428,75.41210156485653,34.987478190291256,1.176116542445551,0.7293587684814089,0.7433338845469868,0.9031967095123308,0.00010339507088105811,,,,,,,,,
etth1_multi,moe_dense,gp,31,new,2000,7.980578124988824,0.33435661759189694,0.4716899320903484,0.5691270722885724,0.44981389313129827,0.7669270833333333,1.2619436104743802,0.1528408024425998,0.2526314928219294,0.6049950492527533,0.9292499423027039,19.512713013263006,24.956747155119608,0.6725574579827094,0.18871995393000612,0.5302238620221513,1.1262541740303214,0.00010339507088105811,,,,1.0,0.044630687683820724,0.5447195172309875,,,
etth1_multi,moe_dense,gp,32,new,500,7.411318915896118,0.38267589111398276,0.5163477302758024,0.6261692176848247,0.5506290587109688,0.8000372023809523,1.6198783695468526,0.14408377503743944,0.2526314928219294,0.5703318039568358,1.164689540863037,19.170999246729483,34.971782586396905,0.8525605653652684,0.18541502107758207,0.743000420267291,1.1708854020940993,0.00010339507088105811,,,,1.0,0.15388886630535126,0.42952799797058105,,,
etth1_multi,moe_dense,gp,33,new,1250,6.05204795813188,0.3528144497483649,0.4829215174085315,0.6410021402711951,0.47694025013293606,0.7716703869047619,1.4075415049940558,0.18706761683513654,0.2526314928219294,0.7404762357438689,1.0203611850738525,27.299170486852926,26.603895033018123,0.7079374480360819,0.26402777476942674,0.5652186914248999,1.1424944404665638,0.00010339507088105811,,,,1.0,0.06715038418769836,0.6370077729225159,,,
etth1_multi,moe_topk,gp,31,new,2000,9.270422749919817,0.34130368910191106,0.47152713113262545,0.6081030892636604,0.4445074591152106,0.7433035714285714,1.2433508576004133,0.16515045620256055,0.2526314928219294,0.6537207786638422,0.9062877297401428,20.438215994839656,21.72126747449709,0.6632339972767409,0.1976710864519937,0.46148379260962186,1.122627600273642,0.00010339507088105811,,,,0.5,0.04951852932572365,0.6288006901741028,,,
etth1_multi,moe_topk,gp,32,new,2000,8.012363707879558,0.34256564206016693,0.4654097912584487,0.6236834010221405,0.4442960845389158,0.7568824404761905,1.3245650213051414,0.17000871165422704,0.2526314928219294,0.6729513797159876,0.8817726969718933,26.890682455010246,15.60516655575325,0.6363973017890515,0.26007702519924086,0.33154287404771143,1.146595619777401,0.00010339507088105811,,,,0.5,0.19225430488586426,0.36263301968574524,,,
etth1_multi,moe_topk,gp,33,new,2000,6.268607749836519,0.33634993450553013,0.4677078505590846,0.5857025010722918,0.44176504026628044,0.7735305059523809,1.2673039513598643,0.1572192230663335,0.2526314928219294,0.6223263034634859,0.8801034092903137,21.368279719764743,18.48843769847453,0.6506063599965689,0.2066663288460436,0.3928000223069984,1.1385316299646888,0.00010339507088105811,,,,0.5,0.06132829561829567,0.723205029964447,,,
etth1_multi,unet_l0,gp,31,new,2000,37.77472620806657,0.5113076057226765,0.6720870357218952,0.7703691760396657,0.8811794049223967,0.6467633928571429,1.6171391426749633,0.13094574948611487,0.2526314928219294,0.5183271017537535,1.2058275938034058,23.069824434560093,29.24605528612753,0.9051997564565668,0.22312305836221893,0.6213532671681857,1.604825945250827,0.00010339507088105811,,,,,,,0.8717054128646851,1.0,0.5990397930145264
etth1_multi,unet_l0,gp,32,new,2000,36.57826295820996,0.5440512243384359,0.7037492974042776,0.8179178226800905,0.9797342802591344,0.6361607142857143,1.8211247785984321,0.13757170873243524,0.2526314928219294,0.5445548660451626,1.260934829711914,21.17380914814024,36.915674235010364,0.9261902071049548,0.20478547930488689,0.7842997823545892,1.4631691241556217,0.00010339507088105811,,,,,,,0.8713726997375488,1.0,0.5977122187614441
etth1_multi,unet_l0,gp,33,new,2000,31.344615666894242,0.48204748603867675,0.639330795347893,0.7237139587005449,0.8092145100645824,0.6693638392857143,1.6172337930324479,0.1330470317403462,0.2526314928219294,0.5266446801789915,1.137365698814392,18.45130205221898,25.393358907654964,0.8869444484211938,0.17845436823042252,0.5394999895637194,1.4655253414351102,0.00010339507088105811,,,,,,,0.8717083930969238,1.0,0.5989274382591248
etth1_multi,dictionary_dense,white,31,new,1250,13.140516124898568,0.4032370815227676,0.5272720757662014,0.6173735850854729,0.5912978639077944,0.9171316964285715,2.635979210978561,0.9287107361382608,0.2526314928219294,3.676147917127951,1.3024259805679321,5.625904185504946,6.817507867567693,1.2431575137605537,0.09160805106547217,0.2567812361544912,1.3707149141577002,6.14127701667195e-05,1.0,2.0356574058532715,,,,,,,
etth1_multi,dictionary_dense,white,32,new,1500,13.733848124975339,0.4003971542669733,0.5178322955063372,0.6206637184276393,0.5687443091048421,0.9158296130952381,2.6006850426622425,0.9148292504087301,0.2526314928219294,3.621200350716208,1.2720541954040527,7.488559733552032,4.467476777542114,1.2153558686288428,0.12193815249210488,0.16826738328914093,1.370685236920634,6.14127701667195e-05,1.0,1.9889999628067017,,,,,,,
etth1_multi,dictionary_dense,white,33,new,1500,9.299081917153671,0.39814228876226665,0.5141159643518547,0.614803189406891,0.562532206579273,0.9250372023809524,2.6069198009894015,0.9202506215398325,0.2526314928219294,3.6426599520926835,1.2581236362457275,6.603732132245316,3.781145003063258,1.2107222488633973,0.10753027610247709,0.14241671690396773,1.3631475159266313,6.14127701667195e-05,1.0,1.9571242332458496,,,,,,,
etth1_multi,dictionary_topk,white,31,new,2000,12.989595416001976,0.4734957019708781,0.5985983082869706,0.6915152217591417,0.7578363019145653,0.9137834821428572,3.0045303573675843,1.1082144643178884,0.2526314928219294,4.386683750070019,1.6637054681777954,8.914303152718277,5.898260107895247,1.5945178929082764,0.14515390086651833,0.22215779594053042,1.701051132395511,6.14127701667195e-05,0.125,0.4444941580295563,,,,,,,
etth1_multi,dictionary_topk,white,32,new,2000,13.739704999839887,0.45697470358163245,0.5825355088734394,0.6745486638918077,0.7137674683101134,0.9158296130952381,2.952901849732914,1.0977195443479375,0.2526314928219294,4.345141344359942,1.6709370613098145,17.23636676758529,5.797732349579188,1.5523090939043427,0.280664212358327,0.21837142083841452,1.4953349966662313,6.14127701667195e-05,0.125,0.4287347197532654,,,,,,,
etth1_multi,dictionary_topk,white,33,new,2000,9.575800249818712,0.5133631726920582,0.6408006011096314,0.810674268392492,0.8706214411631081,0.8915550595238095,2.9784894881866943,1.0990820913284582,0.2526314928219294,4.3505347613298575,1.7993276119232178,22.04961882124083,5.489627528807637,1.6551070760213797,0.35903963884680534,0.2067666616977253,1.5792199728697192,6.14127701667195e-05,0.125,0.431588351726532,,,,,,,
etth1_multi,history_conv_dense,white,31,new,1500,16.248492500046268,0.3868242841827858,0.49933300822441135,0.5976745385317324,0.5316171304030909,0.9165736607142857,2.4702534586984646,0.787474835147976,0.2526314928219294,3.117088951784162,1.0841248035430908,4.909432516197808,5.1382735852902,1.03665819100476,0.07994155780418293,0.19353292560284474,0.948455377533881,6.14127701667195e-05,1.0,0.324160099029541,0.6855345964431763,,,,,,
etth1_multi,history_conv_dense,white,32,new,1000,16.88476691697724,0.38825530658964813,0.4990219159929391,0.5848486197153846,0.5288361426301418,0.9174107142857144,2.509790334600785,0.7861132724071851,0.2526314928219294,3.1116994307645056,1.0936918258666992,5.052934906904991,4.346024980200364,1.0502485654240954,0.08227824429980284,0.1636929048638266,0.9483028456809607,6.14127701667195e-05,1.0,0.299660861492157,0.7635986804962158,,,,,,
etth1_multi,history_conv_dense,white,33,new,1250,14.357963749906048,0.39981585711411083,0.5128372259273455,0.6111418932387898,0.5634870837688922,0.9094122023809524,2.494568078702536,0.7874655849645671,0.2526314928219294,3.1170523364623524,1.106204628944397,4.977019218974663,6.039124601601111,1.0531700413025051,0.08104208954364647,0.22746345301151716,0.9478057339455129,6.14127701667195e-05,1.0,0.3195921778678894,0.705515444278717,,,,,,
etth1_multi,history_conv_sparse,white,31,new,1000,17.373431166866794,0.38483066510173314,0.4942843414570533,0.6140181810026819,0.519419949716436,0.9154575892857143,2.5007826292786315,0.7850899948642893,0.2526314928219294,3.1076489557763494,1.0844156742095947,6.091964847509472,3.806505618722838,1.0378516282494654,0.09919703721182731,0.1433719237574406,0.9469939155836395,6.14127701667195e-05,0.931731641292572,0.2535601258277893,0.8595190048217773,,,,,,
etth1_multi,history_conv_sparse,white,32,new,750,17.569164874963462,0.40542901323652036,0.5190568245477112,0.6431257159998229,0.5744816360635039,0.9069010416666667,2.5252149536464206,0.7820962062903818,0.2526314928219294,3.0957985386313354,1.1170872449874878,5.975165691052525,3.3762849604785954,1.0742120627703917,0.097295166377148,0.12716767513915933,0.9499401333499516,6.14127701667195e-05,0.9347910284996033,0.24636565148830414,0.8836709856987,,,,,,
etth1_multi,history_conv_sparse,white,33,new,1250,17.383357499958947,0.3975119120694546,0.5102078277974111,0.6081575619464743,0.5575597291949845,0.9122023809523809,2.498023371330827,0.7878484958290528,0.2526314928219294,3.1185680258176602,1.100926399230957,4.969409391782594,6.232920030521652,1.0467067174865483,0.08091817676180305,0.2347627522226027,0.9458550261207611,6.14127701667195e-05,0.9495001435279846,0.2946836054325104,0.735202968120575,,,,,,
etth1_multi,history_dense_ae,white,31,new,1000,12.390225000213832,0.42340473816225344,0.5434361570528999,0.7032764722800573,0.6254561235386122,0.9274553571428572,2.8265111000917136,0.9715609235755862,0.2526314928219294,3.84576330022482,1.3513386249542236,8.393299036698835,5.748349422692207,1.2824291928872664,0.1366702562661355,0.2165114143291019,1.0401548386252903,6.14127701667195e-05,0.5525688529014587,1.3869471549987793,0.6667272448539734,,,,,,
etth1_multi,history_dense_ae,white,32,new,750,12.123933124821633,0.41322220246738595,0.5287696981790717,0.668706857052328,0.5860827039362593,0.9301525297619048,2.815299550298959,1.0010232927053269,0.2526314928219294,3.962385217787994,1.3460991382598877,7.881817730980081,5.447400694844366,1.2820208388666763,0.1283416740456915,0.20517618922088932,1.0458295418124688,6.14127701667195e-05,0.5311175584793091,1.3321146965026855,0.742131233215332,,,,,,
etth1_multi,history_dense_ae,white,33,new,750,11.459332915954292,0.414677888801131,0.5304768667447152,0.6259908092949975,0.5920743644637607,0.9242931547619048,2.7953723463006273,0.9799962904883288,0.2526314928219294,3.8791533056375194,1.3261289596557617,6.320360545476182,5.7320644815731265,1.269501401855579,0.10291606335812678,0.2158980424940427,1.0339453458822871,6.14127701667195e-05,0.5094015002250671,1.1840853691101074,0.7849368453025818,,,,,,
etth1_multi,history_topk_ae,white,31,new,250,11.824988583102822,0.4925399987980853,0.6162517140128043,0.7098708654251349,0.805548680894383,0.8976004464285714,2.93228816872709,1.0071922078699624,0.2526314928219294,3.98680384863931,1.4861801862716675,7.743568028470343,4.916548576022868,1.42782017686381,0.126090518428799,0.18518165955783109,1.0702419214472148,6.14127701667195e-05,0.125,0.4649483263492584,1.4742515087127686,,,,,,
etth1_multi,history_topk_ae,white,32,new,1500,12.83437529206276,0.46355012794724065,0.5970317366401332,0.7460422428686047,0.7679525209754694,0.8991815476190476,2.7979317182561942,0.9790732854268985,0.2526314928219294,3.8754997426904767,1.436265468597412,17.655583454394023,9.213502637974457,1.291707831283895,0.28749042595642177,0.3470263097086562,1.0404320578465795,6.14127701667195e-05,0.125,0.5250065326690674,0.7561719417572021,,,,,,
etth1_multi,history_topk_ae,white,33,new,1000,11.411283750087023,0.434407705978173,0.5587024967298767,0.7086316446102988,0.664268129069745,0.9093191964285714,2.8266289135124154,0.9695876822815104,0.2526314928219294,3.8379525507729824,1.3263988494873047,13.962537763712495,5.631318600263576,1.2243443315369331,0.22735560903388466,0.21210345179570153,1.0250948154454604,6.14127701667195e-05,0.125,0.5013360977172852,0.9913949370384216,,,,,,
etth1_multi,mlp_balanced,white,31,new,750,11.565030040917918,0.5552885722205227,0.7156645954289264,0.6986743748975175,1.0628766070522406,0.8107328869047619,2.556559930107116,0.8590164844556811,0.2526314928219294,3.4002747435022678,1.755828857421875,7.1997815480275635,4.338412498462988,1.707476162785944,0.11723590270365677,0.1634061809599165,0.9549298795954525,6.14127701667195e-05,,,,,,,,,
etth1_multi,mlp_balanced,white,32,new,1250,13.900932415854186,0.5111464542086135,0.6735762013818563,0.7172847159818004,0.9533802870944452,0.8538876488095237,2.5056968634316847,0.8392209236777943,0.2526314928219294,3.3219172887100425,1.6704137325286865,8.643719138601474,4.281898332280893,1.612673911312998,0.14074791147079105,0.16127757652932764,0.938976314060514,6.14127701667195e-05,,,,,,,,,
etth1_multi,mlp_balanced,white,33,new,2000,10.026015709154308,0.5056749796257015,0.6668388370378593,0.7078681251749144,0.9367480956254537,0.8517485119047619,2.512492900179034,0.8377935256787308,0.2526314928219294,3.316267169704216,1.6684536933898926,8.480800317734992,5.119328806740882,1.6066270987127804,0.13809506222747894,0.19281937106809913,0.9417318397657156,6.14127701667195e-05,,,,,,,,,
etth1_multi,mlp_whitened,white,31,new,750,17.018192457966506,0.5355801243504104,0.6841696812235647,0.7500540076872042,0.9917544881694789,0.8949032738095237,3.0836595848799875,0.9035916949157652,0.2526314928219294,3.5767183450587194,1.7402772903442383,16.80212107245811,12.145193937296435,1.5868632229385538,0.27359327753567825,0.4574483774915929,0.9183700044361235,6.14127701667195e-05,,,,,,,,,
etth1_multi,mlp_whitened,white,32,new,750,15.45523358299397,0.5116629983436605,0.6530500828966033,0.6433419199114785,0.9013374535669614,0.8777901785714286,2.96895339652784,0.9081152276446505,0.2526314928219294,3.5946240015481647,1.6841856241226196,13.175092862635491,11.504782192024226,1.5558032199671723,0.21453344030677304,0.4333272876750112,0.9235574647571717,6.14127701667195e-05,,,,,,,,,
etth1_multi,mlp_whitened,white,33,new,1250,10.18266045791097,0.5331307816668373,0.6791766373984117,0.7881675165702309,0.9765658883759767,0.8885788690476191,2.984724486516236,0.902376064682731,0.2526314928219294,3.5719064737458623,1.7497203350067139,20.60991276603509,13.955881558367704,1.5625738019341522,0.335596533263108,0.525647874237344,0.9226301696235364,6.14127701667195e-05,,,,,,,,,
etth1_multi,moe_dense,white,31,new,1750,10.93382495897822,0.3942320217481762,0.5050322966979568,0.6449052674189578,0.5460782964829456,0.9202938988095237,2.5981759684389125,0.9227317582379392,0.2526314928219294,3.6524811215375217,1.194082498550415,7.195252387944231,4.42529485883616,1.1384658028727572,0.11716215322010415,0.16667860254416944,0.9953044589618739,6.14127701667195e-05,,,,1.0,0.1474403738975525,0.3173691928386688,,,
etth1_multi,moe_dense,white,32,new,2000,7.462771249935031,0.37099466443342377,0.4819712546482126,0.5901726366309583,0.48809329911002464,0.9357328869047619,2.5845689748157556,0.9177683878922906,0.2526314928219294,3.6328344405548503,1.1722458600997925,6.388532708828781,5.575916972485194,1.11429422849497,0.10402612830337399,0.2100167510918299,0.9932215307275306,6.14127701667195e-05,,,,1.0,0.09160476177930832,0.4469025731086731,,,
etth1_multi,moe_dense,white,33,new,2000,7.1414869169238955,0.3657473123554634,0.4758086750109282,0.5298994063636318,0.47437391630450176,0.9340587797619047,2.559760476642172,0.9218104767874815,0.2526314928219294,3.648834381219572,1.1638092994689941,5.709283291907532,3.3445392758680916,1.1232899768633122,0.09296573459246882,0.12597197484878855,0.9880413363378258,6.14127701667195e-05,,,,1.0,0.18714524805545807,0.32044970989227295,,,
etth1_multi,moe_topk,white,31,new,2000,9.029347124975175,0.4170892176400598,0.539363535589891,0.6251293928099257,0.6143387463764747,0.9322916666666667,2.784799948440691,0.9820956989523109,0.2526314928219294,3.8874634669738253,1.4148308038711548,7.152066532768065,5.0172089050299284,1.358567961115619,0.11645894678504302,0.1889730279311796,1.0610778190060697,6.14127701667195e-05,,,,0.5,0.1006898581981659,0.4342588782310486,,,
etth1_multi,moe_topk,white,32,new,2000,8.580293250037357,0.41035398955548563,0.5258949218601248,0.7142250034704893,0.5881850609002413,0.9234561011904762,2.727439735300437,0.9704920902705355,0.2526314928219294,3.8415325002833254,1.2866640090942383,10.53139894362557,5.044392335950723,1.2083359619317888,0.1714854893377321,0.18999689106861256,1.0261952176217695,6.14127701667195e-05,,,,0.5,0.07945717126131058,0.6228356957435608,,,
etth1_multi,moe_topk,white,33,new,2000,7.142126499908045,0.3864233165301741,0.49914279188965377,0.5602473834484157,0.5220222679643525,0.9324776785714286,2.673665938361829,0.9746512260391805,0.2526314928219294,3.8579957516467513,1.2683234214782715,6.671368798855514,5.831974908935916,1.2082831942390497,0.108631621415945,0.21966116584370354,1.0207293518163414,6.14127701667195e-05,,,,0.5,0.10202191025018692,0.41295677423477173,,,
etth1_multi,unet_l0,white,31,new,2000,42.472657250007614,0.4809088647629927,0.6253896655015221,0.8805730735812182,0.7853648628205583,0.6735491071428572,1.6836806303354463,0.4646626312037197,0.2526314928219294,1.8392902088863607,1.045125961303711,10.27951305499752,7.036613805818034,0.953403785181221,0.16738396634920308,0.2650338549655913,0.796083188196664,6.14127701667195e-05,,,,,,,0.8728329539299011,1.0,0.6033316254615784
etth1_multi,unet_l0,white,32,new,2000,32.80784399993718,0.45844307062021405,0.5954392188033215,0.7062453069895197,0.7151097436403462,0.6826636904761906,1.6539712271729967,0.488083361538205,0.2526314928219294,1.931997298065435,1.070682406425476,7.71648648742211,5.4672968088626925,1.0041618589388555,0.12564954270054715,0.20592557577849066,0.8352063053619803,6.14127701667195e-05,,,,,,,0.8723074197769165,1.0,0.601698100566864
etth1_multi,unet_l0,white,33,new,2000,27.547007333952934,0.42869067860077065,0.574450524297498,0.6581966743922338,0.6746152818066709,0.7001488095238094,1.6023955698591301,0.40485934510023847,0.2526314928219294,1.6025687873586243,0.9031973481178284,5.123445891137082,2.9028194114497285,0.8657282735565116,0.08342639286956564,0.10933460896338493,0.7491218888523721,6.14127701667195e-05,,,,,,,0.8742274045944214,1.0,0.6073362827301025
exchange_multi,mlp,gp,31,frozen_control,750,9.607564332894981,0.3903895836712734,0.4401878885410496,0.21413929763369416,0.3215295233187808,0.35107421875,0.7269325730036478,0.04560605239902174,0.02610434002776823,1.7470678190105078,1.231981873512268,24.439780842366304,16.548685591161906,0.9262318269080247,0.18937394799885243,0.3265982846429083,2.530934242314938,0.00012905566526243833,,,,,,,,,
exchange_multi,mlp,gp,32,frozen_control,1250,9.656931875040755,0.3482454975668069,0.41516526103800133,0.36502066784243914,0.26330058791314376,0.3350830078125,0.49638299592782853,0.045303300074256946,0.02610434002776823,1.7354700416124682,1.366930365562439,36.31523788007992,48.6342059511656,0.7144257926088511,0.2813920474256737,0.9598253680705392,2.4690891698699393,0.00012905566526243833,,,,,,,,,
exchange_multi,mlp,gp,33,frozen_control,1000,9.637402124935761,0.4169526642476194,0.4800941533814264,0.26351647554881985,0.3530169560779971,0.3065185546875,0.5939251039686326,0.0442174558301114,0.02610434002776823,1.6938737306928857,1.5758188962936401,37.66355606301439,37.058577748963366,1.0077991574599336,0.291839618093669,0.7313733684433059,2.5469424723402097,0.00012905566526243833,,,,,,,,,
exchange_multi,s4,gp,31,frozen_control,250,26.21692516701296,0.43339707659573057,0.5130365560094233,0.23180829351473378,0.5080997902455376,0.6109619140625,1.396132149811777,0.04692691957091975,0.02610434002776823,1.7976673427101284,0.9845803380012512,21.85342242532157,10.382283760238064,0.7443695573895213,0.16933330575517175,0.20490062779249404,2.870664540926946,0.00012905566526243833,,,,,,,,,
exchange_multi,s4,gp,32,frozen_control,750,24.237959916936234,0.3838902982328465,0.4490290101872903,0.318473525593997,0.39011382764623864,0.5732421875,1.1800227517365995,0.04061271331131688,0.02610434002776823,1.5557839527111397,0.9312015175819397,29.05207071794174,8.702809044027155,0.6463406308782184,0.22511271131618696,0.1717551819869033,3.0003016927383563,0.00012905566526243833,,,,,,,,,
exchange_multi,s4,gp,33,frozen_control,250,27.727329875109717,0.4590733926746338,0.5523973740052892,0.3002439586078559,0.5852245890041841,0.5960693359375,1.4428090202503654,0.04880063298957964,0.02610434002776823,1.8694451933153053,1.1834863424301147,39.606453105284636,13.244561609701293,0.7828193771530793,0.3068943391577874,0.2613894063517614,2.947420597321057,0.00012905566526243833,,,,,,,,,
exchange_multi,sparse_mlp,gp,31,frozen_control,750,9.919923125067726,0.3291971378183568,0.3961505680513594,0.4305582220240429,0.2859193921572486,0.538330078125,0.8814613839519645,0.2607796590568114,0.02610434002776823,9.989896652411424,1.1798045635223389,47.69997187140707,18.76325710400508,0.6710456339631736,0.3696077330228614,0.37030418825255257,95.56646802676207,0.00012905566526243833,,,,,,,,,
exchange_multi,sparse_mlp,gp,32,frozen_control,1000,8.437031208071858,0.2957467182132226,0.3566303354429893,0.24658336022622437,0.23734785841621298,0.5947265625,0.8932334706951323,0.21047737253776688,0.02610434002776823,8.062926406638654,0.8741041421890259,23.059887486743047,8.082968465006031,0.6408133399898396,0.17868171412583952,0.15952225455921187,54.263620747795414,0.00012905566526243833,,,,,,,,,
exchange_multi,sparse_mlp,gp,33,frozen_control,1750,10.059201459167525,0.2782813098906368,0.3392547877782811,0.2605246259633275,0.2090868225309683,0.55029296875,0.7880172975057768,0.21914974687010585,0.02610434002776823,8.395146042266823,0.8737767934799194,26.581033280318152,12.830106351048018,0.5748594245806471,0.2059656445632578,0.2532098820148144,53.71608938813941,0.00012905566526243833,,,,,,,,,
exchange_multi,unet,gp,31,frozen_control,250,21.487244458170608,0.5844119717125025,0.6933214492668371,0.5509350807687642,0.8269786161310876,0.436279296875,1.2893461375376019,0.08034898886594988,0.02610434002776823,3.0779934976513275,1.5660799741744995,53.25845411652794,11.709533012646558,1.075319587611152,0.41267815719848777,0.23109469177070524,4.956933108704614,0.00012905566526243833,,,,,,,,,
exchange_multi,unet,gp,32,frozen_control,750,21.150752540910617,0.530711962254486,0.6429946699298887,0.49201075402158845,0.6613061127829447,0.358642578125,0.9544752418733182,0.06892654473611265,0.02610434002776823,2.6404247210537686,1.6639822721481323,54.23116956183889,10.367662853525454,1.1777053658186378,0.4202153346120705,0.2046120753859626,5.600775084867301,0.00012905566526243833,,,,,,,,,
exchange_multi,unet,gp,33,frozen_control,250,19.69905075011775,0.6630198528041852,0.7952962484458119,0.7226967032792979,1.0418848093659727,0.45068359375,1.3114143518834793,0.0841272965850468,0.02610434002776823,3.2227321776975493,2.194228410720825,132.35506968720566,10.90734117904323,1.0920541575042917,1.0255657465176589,0.21526295242402757,5.083866372167634,0.00012905566526243833,,,,,,,,,
exchange_multi,mlp,white,31,frozen_control,1750,9.560126958880574,0.293506001429877,0.3555321788572261,0.6501225858311126,0.2718383617204476,0.834228515625,1.4777991853819834,0.5374655843004438,0.02610434002776823,20.58912746802716,0.8446044325828552,30.90517824599699,10.48751321535531,0.5294973382603368,0.4004700239358172,0.3412653324744406,0.8539251702823876,7.717226358732437e-05,,,,,,,,,
exchange_multi,mlp,white,32,frozen_control,750,10.625827749958262,0.3166608989785274,0.3882629180337751,0.2749416627758988,0.31434679283410794,0.7781982421875,1.479008205215274,0.5256274513688434,0.02610434002776823,20.135634565352447,0.7542091608047485,13.428815497724598,6.169298224334527,0.6106401262241513,0.17401090590700638,0.20074993627458992,0.8988689222893159,7.717226358732437e-05,,,,,,,,,
exchange_multi,mlp,white,33,frozen_control,1500,9.6116613750346,0.33086331213582826,0.40187669500508766,0.632156955984117,0.33146686726495234,0.74755859375,1.402880724333336,0.49717282246883876,0.02610434002776823,19.045600154609392,0.7756555676460266,23.106414743869358,10.471075501436221,0.5214795508332235,0.2994134637209813,0.3407304466735336,0.8534975585207026,7.717226358732437e-05,,,,,,,,,
exchange_multi,s4,white,31,frozen_control,1750,28.662128791911528,0.2627131156657977,0.3068887021188832,0.42433429794295885,0.18195521425254402,0.5223388671875,0.7662117336879397,0.2432536248388845,0.02610434002776823,9.318512729305775,0.5497276186943054,19.432858156415374,7.229897145869719,0.3468443181940208,0.2518114313755498,0.23526199229276942,0.4578905945468044,7.717226358732437e-05,,,,,,,,,
exchange_multi,s4,white,32,frozen_control,750,26.53005262487568,0.402301622968247,0.4751450009746724,0.39725790723806353,0.4083811910601009,0.4681396484375,1.0247987749926852,0.36554585885222957,0.02610434002776823,14.003259935450727,0.8427789211273193,15.134030878007453,4.284325825562438,0.7020424138051274,0.19610712676430075,0.13941263741614868,0.77237493664489,7.717226358732437e-05,,,,,,,,,
exchange_multi,s4,white,33,frozen_control,2000,25.781098499894142,0.3411427221378263,0.3981112139680808,0.6758546771837037,0.2824776893405293,0.4366455078125,0.7412715729745898,0.23585315091920728,0.02610434002776823,9.035016808251841,0.7639737129211426,47.17409241704861,4.0495675704629726,0.3695632920780278,0.6112829950059545,0.1317735668059359,0.4582897086266214,7.717226358732437e-05,,,,,,,,,
exchange_multi,sparse_mlp,white,31,frozen_control,2000,10.286949124885723,0.29634472055423666,0.3624200008799108,0.6532004396044635,0.2718660792108638,0.77978515625,1.3152945817883994,0.47821662025281364,0.02610434002776823,18.319429632931364,0.7832281589508057,36.76973988030903,3.5581773818738074,0.4755975313417069,0.4764631510218977,0.1157836526442041,0.9580545448016167,7.717226358732437e-05,,,,,,,,,
exchange_multi,sparse_mlp,white,32,frozen_control,750,10.97489754203707,0.29721097845409333,0.36213973536299005,0.28585101253287903,0.2751641942975157,0.8463134765625,1.5542492634963274,0.5595738364911109,0.02610434002776823,21.4360461094159,0.7164838910102844,11.230296543651173,2.4482409490267085,0.6192968092110669,0.1455224457805817,0.07966614623415598,1.0484737079258135,7.717226358732437e-05,,,,,,,,,
exchange_multi,sparse_mlp,white,33,frozen_control,1000,10.016777042066678,0.2574149771140585,0.31715675949209954,0.29962259816073233,0.2124136517896965,0.8758544921875,1.4959558357251488,0.5446240316514236,0.02610434002776823,20.863351882180712,0.6465580463409424,12.264439872982532,2.8668575983411277,0.5367312110677793,0.15892289927591263,0.09328799796145143,1.060992230606795,7.717226358732437e-05,,,,,,,,,
exchange_multi,unet,white,31,frozen_control,250,21.828506499994546,0.5716525819766844,0.6932436438218129,0.6052036733290469,0.8178527104151274,0.4635009765625,1.2707333457680323,0.4424910025150984,0.02610434002776823,16.95085959056628,1.195773720741272,27.492154205770515,4.741339035611259,0.9589329545407254,0.356243978442614,0.15428391927962887,1.0229739721793258,7.717226358732437e-05,,,,,,,,,
exchange_multi,unet,white,32,frozen_control,750,22.308315916918218,0.5303435256568474,0.6245405616383327,0.5415989254577382,0.6307444498326369,0.3546142578125,0.9390628461869333,0.321604433703624,0.02610434002776823,12.319960334623305,1.0867904424667358,18.949453993363058,7.32912948331059,0.8954809539713509,0.2455474689027461,0.23849102818846601,0.8925679436211744,7.717226358732437e-05,,,,,,,,,
exchange_multi,unet,white,33,frozen_control,500,20.970177332870662,0.5666740031831868,0.6862343314573731,0.6840676385127991,0.7758827862999473,0.4249267578125,1.1246617243856207,0.4004548027717386,0.02610434002776823,15.340544995420641,1.251990556716919,44.15940157389817,3.504341357100705,0.8935798194267499,0.5722185604149027,0.11403181991550775,0.9765728600157225,7.717226358732437e-05,,,,,,,,,
exchange_multi,dictionary_dense,gp,31,new,1250,10.179261083016172,0.43965737497131074,0.5098391109124242,0.25969916570652885,0.43029393710308494,0.3277587890625,0.8303054674876236,0.20446365823549661,0.02610434002776823,7.832554204320066,1.4755079746246338,23.27807666032222,16.06507978834598,1.1866814144288416,0.1803723735256844,0.3170540326373356,37.124387996312606,0.00012905566526243833,1.0,3.5871574878692627,,,,,,,
exchange_multi,dictionary_dense,gp,32,new,1250,10.826517417095602,0.4272249719586344,0.503383613818004,0.33859225853930186,0.4256743885238979,0.4027099609375,0.8607623811053856,0.19743268408928524,0.02610434002776823,7.56321300899652,1.3290959596633911,35.51012000682613,12.017364303927978,0.9729904288665389,0.27515351561371054,0.2371699278453828,29.290496014560723,0.00012905566526243833,1.0,4.181157112121582,,,,,,,
exchange_multi,dictionary_dense,gp,33,new,1500,10.293178125051782,0.3734255961546806,0.45252965218142027,0.27509613442543773,0.34401688178896433,0.45751953125,0.7961879910604253,0.15786028565072763,0.02610434002776823,6.047281236867331,1.4032104015350342,36.40802739759023,14.339858477995808,1.0227225534105049,0.2821110357577366,0.28300575022325203,25.85537573024555,0.00012905566526243833,1.0,3.6458325386047363,,,,,,,
exchange_multi,dictionary_topk,gp,31,new,2000,11.090751000214368,0.5018848371635656,0.5974436484196599,0.2984222833521771,0.6595875423251665,0.515380859375,1.3106414444669632,0.30947718063042157,0.02610434002776823,11.855391873581876,1.4455037117004395,27.553048370718535,13.81309437835557,1.1401455683522135,0.21349739521073044,0.2726097432167591,102.73959223108446,0.00012905566526243833,0.125,1.0168821811676025,,,,,,,
exchange_multi,dictionary_topk,gp,32,new,2000,11.719480416970327,0.4898827145036955,0.5938257786846222,0.27871510839193936,0.6489013859308363,0.5537109375,1.3050052854094232,0.24765775337535226,0.02610434002776823,9.487225231969427,1.2665852308273315,21.69589156446623,16.238294366055435,0.9856247785265756,0.16811266301519598,0.3204725267312271,62.67138790798808,0.00012905566526243833,0.125,1.0260140895843506,,,,,,,
exchange_multi,dictionary_topk,gp,33,new,2000,10.503010333050042,0.46848561134822575,0.5747255198999115,0.2367563963793663,0.6172158505645158,0.591552734375,1.339310546903584,0.2583208863459426,0.02610434002776823,9.895706463797067,1.2078484296798706,20.729468229501958,14.78163942148282,0.9451864256982168,0.160624240612359,0.2917245634205879,65.30234837432762,0.00012905566526243833,0.125,0.9063400030136108,,,,,,,
exchange_multi,history_conv_dense,gp,31,new,500,19.73585341614671,0.42660197989357446,0.5083239940359856,0.1876021751137943,0.4533110738753211,0.43798828125,0.9127497495095631,0.04752818646630672,0.02610434002776823,1.8207005584415883,1.1085890531539917,18.502484082872048,7.5313647129890295,0.9195678552415669,0.1433682438136034,0.14863602204129162,2.5189635666005272,0.00012905566526243833,1.0,0.44452226161956787,4.189327716827393,,,,,,
exchange_multi,history_conv_dense,gp,32,new,250,18.754663541913033,0.5023999166937905,0.6096441233205462,0.23906528015596162,0.6648427141346993,0.4771728515625,1.2352511033700835,0.052351683230964834,0.02610434002776823,2.0054781379370734,1.3749698400497437,32.36229000800632,10.710237297814945,1.054949306963407,0.250762257838094,0.2113729885262303,2.525848276329395,0.00012905566526243833,1.0,0.43096983432769775,4.270998954772949,,,,,,
exchange_multi,history_conv_dense,gp,33,new,250,14.624670665943995,0.49601691250107394,0.5878658034482972,0.23948977386549106,0.634666780985244,0.4742431640625,1.2705951395932673,0.05355856865796061,0.02610434002776823,2.0517112710372385,1.2049797773361206,23.991948595122768,9.640982741702384,0.95717835828604,0.1859038775735607,0.1902706053823097,2.523726331793302,0.00012905566526243833,1.0,0.38306769728660583,4.533592700958252,,,,,,
exchange_multi,history_conv_sparse,gp,31,new,500,16.523027874995023,0.4215067757425438,0.4988541000632668,0.17789287038482807,0.44365002966578987,0.4580078125,0.938799508764504,0.04785009898689434,0.02610434002776823,1.833032320908871,1.0685043334960938,15.549724541752994,9.505998537181062,0.8866098213398614,0.12048850788636198,0.18760661074613774,2.5159763875240144,0.00012905566526243833,0.9706380367279053,0.41165289282798767,4.2179975509643555,,,,,,
exchange_multi,history_conv_sparse,gp,32,new,250,22.20591862499714,0.5018857804910711,0.6142637755652836,0.2308117648965895,0.6745392664377204,0.4842529296875,1.2449078376319744,0.05230809296402891,0.02610434002776823,2.0038082904370196,1.3505173921585083,29.052607018432784,11.374799817104337,1.0511017259184634,0.22511686689114724,0.22448853040067387,2.5250566555794363,0.00012905566526243833,0.9789713621139526,0.40693092346191406,4.30124044418335,,,,,,
exchange_multi,history_conv_sparse,gp,33,new,250,15.87317749997601,0.5106211526111287,0.6022879868019182,0.2401059102534293,0.6644331294000446,0.4637451171875,1.293470440137375,0.05332958541462507,0.02610434002776823,2.042939425317639,1.1852308511734009,21.507771109900457,9.644290412023127,0.956805444600362,0.16665499392191577,0.19033588424974407,2.5252048580818514,0.00012905566526243833,0.9688693284988403,0.35458123683929443,4.571306228637695,,,,,,
exchange_multi,history_dense_ae,gp,31,new,1750,10.6818502091337,0.4311938290517869,0.5019411541538046,0.2741567926867936,0.38923501849018494,0.310546875,0.6201648465793518,0.04560563232478264,0.02610434002776823,1.7470517268879469,1.54635751247406,30.364907466575964,12.226968038352148,1.2328722044898106,0.23528535074247278,0.241306583880122,2.584547846239371,0.00012905566526243833,0.4784722328186035,2.1198031902313232,0.19252057373523712,,,,,,
exchange_multi,history_dense_ae,gp,32,new,1250,12.409081291873008,0.3990993193826126,0.48606364226323506,0.2828533509123536,0.36009782713214966,0.3411865234375,0.5808004393053714,0.04527744256982623,0.02610434002776823,1.734479497342695,1.7413628101348877,43.60062151393483,51.72888328189919,1.0124200043021725,0.3378435299626075,1.0209006904683904,2.556286212060066,0.00012905566526243833,0.48124998807907104,2.4362003803253174,0.19141176342964172,,,,,,
exchange_multi,history_dense_ae,gp,33,new,750,13.252126332838088,0.5151672611475995,0.5982424978907945,0.21278637275330559,0.5600334870043395,0.2763671875,0.8289751425645409,0.04890812909173512,0.02610434002776823,1.8735631331690283,1.6421829462051392,23.90536400464895,22.456039393550338,1.3003016149771547,0.185232968704138,0.44318347251240375,2.6100593042994893,0.00012905566526243833,0.46215277910232544,1.8971004486083984,0.7510666847229004,,,,,,
exchange_multi,history_topk_ae,gp,31,new,750,11.378386541968212,0.5167046552591772,0.6196455311340032,0.3595650310451993,0.5956649710659054,0.356201171875,0.789964077059593,0.048291210543026014,0.02610434002776823,1.8499303369346525,1.9468104839324951,39.35684819999562,40.55595754741159,1.3434836118641054,0.30496025199639515,0.8003962667650905,2.6190444687948586,0.00012905566526243833,0.125,0.9949607849121094,1.416837215423584,,,,,,
exchange_multi,history_topk_ae,gp,32,new,250,12.277990625007078,0.5043652279512179,0.6154066485112887,0.23139223498537193,0.6712238563349207,0.494873046875,1.21700673309465,0.05764761549514053,0.02610434002776823,2.2083536850124714,1.3509498834609985,18.02593192056356,16.29023093779805,1.100042998858217,0.13967563441641495,0.3214975262786492,2.5495544756044226,0.00012905566526243833,0.125,0.9200895428657532,4.219930648803711,,,,,,
exchange_multi,history_topk_ae,gp,33,new,250,11.834530333988369,0.5700521842054309,0.6698172402085335,0.30447446857583316,0.7786086251084168,0.4129638671875,1.2665813957667345,0.05660346405344683,0.02610434002776823,2.1683545338911254,1.6341068744659424,42.88550712937497,12.351170433180268,1.2216586997918704,0.3323023986755334,0.24375779300340544,2.565052653766482,0.00012905566526243833,0.125,0.8541727662086487,4.12215518951416,,,,,,
exchange_multi,mlp_balanced,gp,31,new,1750,9.323395041981712,1.0842988289446631,1.2687384618983206,2.44076791817586,3.148798762007295,0.56298828125,3.051239240213545,0.10036530947522283,0.02610434002776823,3.8447748293372,4.358356475830078,347.87670005623426,42.47864970026669,1.3294781675768603,2.6955554360888936,0.838341755278947,2.5548685594847584,0.00012905566526243833,,,,,,,,,
exchange_multi,mlp_balanced,gp,32,new,1750,11.977551833027974,1.0847754638982905,1.2696148843262964,2.43903021290598,3.1506601295552725,0.56298828125,3.048597868543766,0.09840293589741791,0.02610434002776823,3.7696006025336315,4.3581647872924805,347.8078106630409,42.49113121357549,1.3297312731575341,2.6950216401253204,0.8385880854671632,2.56675704663143,0.00012905566526243833,,,,,,,,,
exchange_multi,mlp_balanced,gp,33,new,1750,11.230002499883994,1.0847782830462727,1.2693295669602689,2.4406189855521983,3.1490149932593514,0.5616455078125,3.0458395529807607,0.09804745458128028,0.02610434002776823,3.75598289315046,4.355383396148682,347.7672654455699,42.4738063643116,1.3273651385406604,2.694707471681893,0.8382461691246166,2.5526816951788396,0.00012905566526243833,,,,,,,,,
exchange_multi,mlp_whitened,gp,31,new,2000,9.584307541837916,0.5774277754890731,0.6977914230816127,0.9039102720126111,1.0256338423646563,0.8128662109375,2.850706775335084,0.10309948361837999,0.02610434002776823,3.949515042659916,2.325584650039673,99.44486454371983,37.054956076597925,1.2791667338436574,0.7705579165509386,0.7313018925562589,2.091877218423779,0.00012905566526243833,,,,,,,,,
exchange_multi,mlp_whitened,gp,32,new,1750,13.857303083874285,0.5592398922451582,0.6903577411792794,0.8184443215209293,1.0041974455857825,0.79052734375,2.8129930780417425,0.10801072959512012,0.02610434002776823,4.137654101970201,3.289480447769165,251.43963958748503,37.28205239364922,1.05025231301428,1.9483037732297566,0.7357837752525671,1.9477510876846669,0.00012905566526243833,,,,,,,,,
exchange_multi,mlp_whitened,gp,33,new,2000,11.615321333054453,0.5554404226550884,0.6829379548176692,0.7874065431685963,0.9823186891287172,0.8524169921875,2.91410683420861,0.09924352037262618,0.02610434002776823,3.8018015497444826,2.2457010746002197,94.57006883896607,24.478614559284757,1.3365160907291687,0.7327851020461222,0.4831002124885983,1.897947611663643,0.00012905566526243833,,,,,,,,,
exchange_multi,moe_dense,gp,31,new,1250,10.351660875137895,0.2187366147151708,0.2663231211641262,0.20161740968801672,0.147675940298994,0.74560546875,0.9334827621046344,0.05930588970155597,0.02610434002776823,2.2718785320168955,0.6356218457221985,22.980324567656123,5.254837945737351,0.42162251484768587,0.17806521333972425,0.10370739414318551,2.4193641167153674,0.00012905566526243833,,,,1.0,0.07897926867008209,0.5879668593406677,,,
exchange_multi,moe_dense,gp,32,new,750,10.10941558284685,0.2854015495475666,0.35595736329450967,0.33258943021830434,0.25983533567814987,0.739013671875,1.1146416842635893,0.07125859101088614,0.02610434002776823,2.7297602979077626,0.8574210405349731,34.577077678742924,6.763547862461915,0.5429307288889079,0.26792374909252886,0.13348269370468932,2.4703869524431297,0.00012905566526243833,,,,1.0,0.0017702131299301982,0.5773358941078186,,,
exchange_multi,moe_dense,gp,33,new,750,6.385857583023608,0.24597308412820135,0.29714726912322126,0.19152092739682897,0.18569305712132717,0.7601318359375,1.0982044467599934,0.06775801013000471,0.02610434002776823,2.5956607237696034,0.6568096876144409,19.194829750209777,4.81937293179937,0.4766463374343105,0.1487329495468219,0.0951132296223428,2.434007448003317,0.00012905566526243833,,,,1.0,0.023986397311091423,0.6309679746627808,,,
exchange_multi,moe_topk,gp,31,new,2000,7.748940292047337,0.20594868421775048,0.2517339211363819,0.22612459168391635,0.1300889891085762,0.7296142578125,0.8421405543122076,0.05771950681622885,0.02610434002776823,2.2111076838115924,0.6123948097229004,22.903186570619244,4.869593940592035,0.40169644319141995,0.17746750229092978,0.09610437150091476,2.429266262567523,0.00012905566526243833,,,,0.5,0.003019181778654456,0.5666356682777405,,,
exchange_multi,moe_topk,gp,32,new,2000,10.23161416593939,0.25230996850354753,0.31224035273591993,0.23886627367428676,0.1948274072653556,0.6822509765625,0.93879973137158,0.05990943245739118,0.02610434002776823,2.2949989309694527,0.7877346277236938,24.903838970163434,5.531084212949603,0.558691348871221,0.19296974619069046,0.10915928073040258,2.4555029450764163,0.00012905566526243833,,,,0.5,0.11349702626466751,0.3849206566810608,,,
exchange_multi,moe_topk,gp,33,new,1750,6.650675791082904,0.24652387861751862,0.29232104107513135,0.16126055553856483,0.17182552951728236,0.6553955078125,0.8837567204559591,0.060317186320964805,0.02610434002776823,2.31061908697186,0.6796844601631165,14.378095157197857,4.969741549912477,0.5369188314924423,0.1114100270449933,0.0980808449335004,2.4739073956954374,0.00012905566526243833,,,,0.5,0.02652551792562008,0.7637228965759277,,,
exchange_multi,unet_l0,gp,31,new,2000,37.52687616692856,0.5640646422272348,0.6796537129804058,0.47193692736097415,0.8057460372827498,0.4801025390625,1.317956383234978,0.06500083633327874,0.02610434002776823,2.4900394441742164,1.3561257123947144,50.32761383354946,6.26404118043296,0.9285113835189914,0.38996826471125334,0.12362462826380297,4.584865064233262,0.00012905566526243833,,,,,,,0.8591606616973877,1.0,0.5671323537826538
exchange_multi,unet_l0,gp,32,new,1750,37.845122083090246,0.5666111459875527,0.6744690006632603,0.5017814696300165,0.7894907612951728,0.4488525390625,1.2937617249730264,0.06100961757846288,0.02610434002776823,2.33714460942374,1.4077599048614502,49.799356389164906,10.34257242318899,0.9527884728565892,0.3858750120569795,0.2041169006203475,4.172803242853774,0.00012905566526243833,,,,,,,0.8561623096466064,1.0,0.5588115453720093
exchange_multi,unet_l0,gp,33,new,750,34.663417499978095,0.5719535639158545,0.6805753694371752,0.5166270320747428,0.8479033634830107,0.5411376953125,1.5962304329159565,0.08558535702552632,0.02610434002776823,3.2785872745484372,1.549824595451355,63.7267855595955,12.397682629611527,0.9702627254994529,0.4937930111785893,0.24467573923458744,5.1626206761086335,0.00012905566526243833,,,,,,,0.8468591570854187,1.0,0.5341518521308899
exchange_multi,dictionary_dense,white,31,new,2000,11.252151457825676,0.42180171693355856,0.5110795145236849,0.5306381965023551,0.5274349544284683,0.6904296875,1.5927049680551948,0.5967205219230945,0.02610434002776823,22.859054137677454,1.0151351690292358,26.026798095941622,7.929796462724087,0.7617516504433832,0.337255859632664,0.25803682634162906,1.2315227552674721,7.717226358732437e-05,1.0,3.6461663246154785,,,,,,,
exchange_multi,dictionary_dense,white,32,new,1750,12.338678374886513,0.401527674842978,0.49768580186884304,0.5122639429067588,0.49893955588804706,0.7572021484375,1.626193996165768,0.5937747322448658,0.02610434002776823,22.746207397438276,0.9472940564155579,24.03304784863662,3.4005294111658677,0.7446037224913794,0.3114207972070431,0.11065376283783944,1.205021183440685,7.717226358732437e-05,1.0,4.114291667938232,,,,,,,
exchange_multi,dictionary_dense,white,33,new,1750,11.063340542139485,0.32251751659748346,0.3950464339211943,0.3231173904056446,0.3273410135687841,0.8046875,1.6196301089169902,0.6083745830264917,0.02610434002776823,23.305495652421758,0.7623990774154663,10.417017564939878,4.292304962742288,0.6577600473171382,0.13498395771626534,0.13967227979719987,1.221905222412459,7.717226358732437e-05,1.0,3.9291863441467285,,,,,,,
exchange_multi,dictionary_topk,white,31,new,2000,10.934065750101581,0.5070590936639074,0.6191893113690224,0.4344179401309717,0.7943430163310278,0.841064453125,2.537243431316494,0.9263575637858616,0.02610434002776823,35.4867260693225,1.6955785751342773,17.151606732195784,6.101032986871877,1.5379477519606772,0.2222509219622392,0.19852857469146187,1.9017129450797312,7.717226358732437e-05,0.125,0.830802321434021,,,,,,,
exchange_multi,dictionary_topk,white,32,new,2000,12.608837625011802,0.5155443458031507,0.6244597553644726,0.4250982499804684,0.8089187139370293,0.8260498046875,2.58820252028697,0.952776081016708,0.02610434002776823,36.49876150874537,1.686212182044983,15.199964387173795,4.1265731827640755,1.5595922391104957,0.19696149472114752,0.13427934156346918,1.7383854512661476,7.717226358732437e-05,0.125,0.7938935160636902,,,,,,,
exchange_multi,dictionary_topk,white,33,new,2000,10.814492124831304,0.4826962985836777,0.5894653745981122,0.4216201479009364,0.7239067350046492,0.84716796875,2.573827706227769,0.9451404385395769,0.02610434002776823,36.20625679615701,1.5759831666946411,17.46580251069174,5.706360745210913,1.417092679411881,0.22632227822277481,0.1856858777619688,1.542634500155658,7.717226358732437e-05,0.125,0.7945221066474915,,,,,,,
exchange_multi,history_conv_dense,white,31,new,1250,15.749900417169556,0.28776206368877094,0.3517202564674243,0.2501712999802142,0.2618201686108711,0.816650390625,1.4633200049589319,0.5022863881902196,0.02610434002776823,19.2414896394974,0.5965366959571838,8.938340697896495,1.7210627721614313,0.5214070621311703,0.11582322822217471,0.05600365378239521,0.8675985433306509,7.717226358732437e-05,1.0,0.7030618190765381,2.5129289627075195,,,,,,
exchange_multi,history_conv_dense,white,32,new,750,16.490125708049163,0.3838679915067874,0.47331990507677646,0.2509344083832593,0.4573086466778668,0.739013671875,1.521808055789964,0.5208891570330145,0.02610434002776823,19.95412090399236,0.7477644085884094,11.877684575466388,3.0031049396673684,0.6415322249332839,0.15391131506757189,0.09772150791578266,0.9160799861088602,7.717226358732437e-05,1.0,0.6043160557746887,3.2351884841918945,,,,,,
exchange_multi,history_conv_dense,white,33,new,1500,16.05106420791708,0.2782563199996356,0.33870243688045776,0.24907893328568922,0.2412825607054339,0.8250732421875,1.447114160273513,0.5000629592264246,0.02610434002776823,19.156314953547483,0.5845218896865845,8.341670198255867,2.65085580289161,0.5065577983359366,0.10809155790560476,0.08625926550357692,0.8633270391887605,7.717226358732437e-05,1.0,0.6934382915496826,2.6947665214538574,,,,,,
exchange_multi,history_conv_sparse,white,31,new,2000,16.914068500045687,0.22867245872573538,0.2788755590673965,0.31141500425657653,0.16327854887418705,0.8900146484375,1.4166768529441556,0.4977296227215431,0.02610434002776823,19.066929950808493,0.525581955909729,9.958223384079421,2.1120568988702915,0.43812862277273534,0.1290388919694079,0.06872666427181104,0.8185111626724815,7.717226358732437e-05,0.987217903137207,0.7757866978645325,1.784290075302124,,,,,,
exchange_multi,history_conv_sparse,white,32,new,2000,19.61709125014022,0.26010378686082386,0.3174925308084234,0.38715466100550927,0.21152316684165845,0.834228515625,1.3874701446585704,0.48906607512392053,0.02610434002776823,18.73504844802364,0.5813762545585632,18.551116741322375,2.035811237511311,0.4272161628343082,0.24038580545626775,0.06624561843767479,0.8156705318671092,7.717226358732437e-05,0.9911892414093018,0.814693808555603,1.6695597171783447,,,,,,
exchange_multi,history_conv_sparse,white,33,new,1000,18.65698116691783,0.3109581610942127,0.3771618502489166,0.24330386241636404,0.2987902188811884,0.7921142578125,1.4752814811929866,0.5090827557429681,0.02610434002776823,19.501843570894206,0.6227456331253052,8.448746602838433,2.8237266120654256,0.5431664108938479,0.10947905646538723,0.09188450887218125,0.8786137343991712,7.717226358732437e-05,0.9661675095558167,0.5402393937110901,3.5065481662750244,,,,,,
exchange_multi,history_dense_ae,white,31,new,500,12.47086795908399,0.35090562555089033,0.4211563042720479,0.19700932596647583,0.37378507994248983,0.84326171875,1.8413618955005269,0.6528807696616008,0.02610434002776823,25.010430026850152,0.879972517490387,7.013275048580915,4.123741948041906,0.805551289967573,0.0908781824268383,0.1341872127395112,0.9947023645072048,7.717226358732437e-05,0.5024305582046509,2.1568942070007324,0.7983025908470154,,,,,,
exchange_multi,history_dense_ae,white,32,new,500,17.18547441693954,0.31825017595553673,0.3877621508686213,0.2868000596900131,0.31590879849979253,0.858642578125,1.8324086375345372,0.6602114558065764,0.02610434002776823,25.291252531352377,0.8225265741348267,11.88510148727563,4.578285993721951,0.7049208171007726,0.1540074235846021,0.14897814760538183,0.9671885965932411,7.717226358732437e-05,0.5246527791023254,2.263009548187256,0.5971474647521973,,,,,,
exchange_multi,history_dense_ae,white,33,new,1250,11.747493457980454,0.3626911907962931,0.4483127716379403,0.3144945908204667,0.4215080059376161,0.7835693359375,1.7350673627526247,0.6176249046180222,0.02610434002776823,23.65985517967625,0.9780684113502502,11.158321827885095,15.214768626819678,0.7842830291891861,0.14458979572704744,0.49509096840526784,1.0097511633013223,7.717226358732437e-05,0.48993057012557983,2.210430860519409,0.16945809125900269,,,,,,
exchange_multi,history_topk_ae,white,31,new,750,11.88557929196395,0.4441176142678682,0.526453788671064,0.3491223969898413,0.5659750114052455,0.6939697265625,1.8081415320406302,0.6551008324835255,0.02610434002776823,25.095475763289496,1.1260796785354614,16.917310755277516,4.661376650828201,0.9726946241695235,0.21921490920289916,0.15168193067965408,1.0421101536750226,7.717226358732437e-05,0.125,0.9371992349624634,1.2060314416885376,,,,,,
exchange_multi,history_topk_ae,white,32,new,1000,15.483134749811143,0.40877776964187246,0.5041476445141393,0.4738569062633458,0.5222218639657583,0.7554931640625,1.7883959401404539,0.6365727079182681,0.02610434002776823,24.385703957315922,1.0345938205718994,16.78341117381484,8.859323125435097,0.8475021769937866,0.21747983528853665,0.28828377040549724,1.0150674992509292,7.717226358732437e-05,0.125,1.034591794013977,0.666562557220459,,,,,,
exchange_multi,history_topk_ae,white,33,new,1750,11.91299558407627,0.4199509027307719,0.5211745146501461,0.47713692160949306,0.5671535908855498,0.742431640625,1.6979934640898362,0.6106440688335646,0.02610434002776823,23.39243467500033,1.140411376953125,13.019781824859676,7.695675761722777,0.9941047599865942,0.16871063798883032,0.2504185018422254,1.0822824985723547,7.717226358732437e-05,0.125,1.1232885122299194,0.16536404192447662,,,,,,
exchange_multi,mlp_balanced,white,31,new,1500,10.112095833057538,1.1701268210144096,1.3608995749027448,2.712839032523533,3.1441685444815484,0.404296875,2.199542648691261,0.7297484545852242,0.02610434002776823,27.955062407590525,3.57773756980896,268.7358055003222,25.516157330748218,1.2991940616140278,3.4822848651605747,0.8302997799514964,0.9083455257612948,7.717226358732437e-05,,,,,,,,,
exchange_multi,mlp_balanced,white,32,new,2000,10.666215833975002,1.0442789117081417,1.2299251928417032,2.628594626030334,2.7293063463284017,0.4866943359375,2.2116727262482714,0.7366651173243657,0.02610434002776823,28.220024583680168,3.1850359439849854,265.97524924551675,28.156577452435485,0.9012128363305095,3.446513512520623,0.916219466744404,0.825147963797379,7.717226358732437e-05,,,,,,,,,
exchange_multi,mlp_balanced,white,33,new,2000,9.962022166932002,1.1270456625276621,1.327580412569446,2.666973338949501,3.0249886194266447,0.451416015625,2.1501762994445928,0.7037176876641076,0.02610434002776823,26.957880831905154,3.446824550628662,268.41206495471454,30.088650746574757,1.1324824676845875,3.4780898275841357,0.9790894361594641,0.8854634592893148,7.717226358732437e-05,,,,,,,,,
exchange_multi,mlp_whitened,white,31,new,1000,11.44215558306314,0.5523953926079044,0.6722182845746028,0.5475972472073265,0.9489634463629935,0.8629150390625,2.9730658028682946,0.8032956896501221,0.02610434002776823,30.772495638488635,1.42266845703125,19.139764793811878,17.914535158035388,1.1511687581761605,0.24801352071465743,0.5829417967150448,0.887553272006703,7.717226358732437e-05,,,,,,,,,
exchange_multi,mlp_whitened,white,32,new,1750,10.598668624879792,0.9374674548974331,1.115275856243619,2.0241497043113315,2.4553292318433213,0.6221923828125,2.929581340675341,0.8071546142396464,0.02610434002776823,30.92032257398746,2.3164849281311035,123.87984783661972,13.589447876090421,1.2622282550744506,1.6052379712361722,0.44220277508570066,0.8981467980042649,7.717226358732437e-05,,,,,,,,,
exchange_multi,mlp_whitened,white,33,new,250,10.98652912513353,0.6313873789995146,0.7562492268842587,0.9359085393723764,1.2323355491598904,0.857666015625,3.382750282431032,0.8613263753546408,0.02610434002776823,32.995523902861116,1.6484400033950806,38.74102419978092,7.351428537066267,1.3087926446609779,0.5020070994281962,0.23921664291118738,0.9659704462525788,7.717226358732437e-05,,,,,,,,,
exchange_multi,moe_dense,white,31,new,1750,7.837327792076394,0.21313961038616566,0.2620081983632295,0.19820945520632138,0.13774330086376418,0.9334716796875,1.5227290937637732,0.5603833855743167,0.02610434002776823,21.467058158843106,0.568625807762146,5.655007877837787,4.688973723798456,0.49555648457707824,0.07327772459905695,0.15257994378239095,0.8921490737735156,7.717226358732437e-05,,,,1.0,0.17990745604038239,0.34016963839530945,,,
exchange_multi,moe_dense,white,32,new,2000,7.5289039998315275,0.21599727392721013,0.2638415241500406,0.403712189491448,0.14293752766930404,0.91259765625,1.5004473366641917,0.5463959740897671,0.02610434002776823,20.931231109790325,0.5436224937438965,12.575112237898482,1.8421023126364688,0.4378290817986342,0.1629485990607117,0.059942299500837605,0.8409150427220135,7.717226358732437e-05,,,,1.0,0.11242953687906265,0.3390692174434662,,,
exchange_multi,moe_dense,white,33,new,1750,7.534364499850199,0.21595910148099512,0.26410436169809426,0.2488793156989499,0.14056719781580057,0.9349365234375,1.532276454560518,0.5599509867208525,0.02610434002776823,21.450493907343006,0.5660104155540466,8.762077589347745,1.4270339439124107,0.49412875918028193,0.11353920673109458,0.04643590938303117,0.8681981740499314,7.717226358732437e-05,,,,1.0,0.15920010209083557,0.3659711480140686,,,
exchange_multi,moe_topk,white,31,new,2000,7.3919839998707175,0.1744777151896165,0.21338970371849914,0.16134377932118887,0.08029778829927536,0.9581298828125,1.48724235253881,0.5495498668956149,0.02610434002776823,21.05204982432181,0.4643913805484772,3.6087777083420782,1.7414276518096925,0.4293007055525015,0.04676262611188748,0.05666633017490647,0.8571737446470957,7.717226358732437e-05,,,,0.5,0.09875651448965073,0.3760330080986023,,,
exchange_multi,moe_topk,white,32,new,2000,10.213816124945879,0.20217776719315217,0.24599248973183874,0.2138090130046183,0.11724649377315596,0.9517822265625,1.5300289514103143,0.5565020276820611,0.02610434002776823,21.318371852729765,0.5351354479789734,7.587812663234341,2.1751659139135318,0.4661457013773967,0.0983230543010876,0.07078024156498026,0.8652680209234338,7.717226358732437e-05,,,,0.5,0.09516579657793045,0.38914141058921814,,,
exchange_multi,moe_topk,white,33,new,1500,7.723434749990702,0.191317289754459,0.23526338929487162,0.23804082735759113,0.10077732323122662,0.9654541015625,1.5981245881577606,0.5786196226352116,0.02610434002776823,22.16564839485353,0.5714191198348999,8.091991135216729,2.2089285227277697,0.49873592191023547,0.10485621075582713,0.07187888217554231,0.8737790853589761,7.717226358732437e-05,,,,0.5,0.14830821752548218,0.3465345501899719,,,
exchange_multi,unet_l0,white,31,new,1750,35.96701654186472,0.5378195204268525,0.6433143381636459,0.34974754804976965,0.7206246278189398,0.4466552734375,1.229622086418982,0.4281619013719672,0.02610434002776823,16.401943160275813,1.0462490320205688,12.262765684469443,2.6533799303585908,0.9444740629341961,0.1589012051019275,0.08634140100906222,1.0106386900506694,7.717226358732437e-05,,,,,,,0.8576350808143616,1.0,0.5637513995170593
exchange_multi,unet_l0,white,32,new,1750,40.482960290974006,0.5396661353829458,0.6490334964973741,0.34503965944043813,0.7321009130392536,0.4599609375,1.2385595892751269,0.4234903806786089,0.02610434002776823,16.22298745067392,1.0823063850402832,11.983150391481773,3.685856282714901,0.9751286270269126,0.1552779435829587,0.11993834419507722,1.016519894892366,7.717226358732437e-05,,,,,,,0.8568586111068726,1.0,0.5614702105522156
exchange_multi,unet_l0,white,33,new,1750,35.1975950000342,0.5709841501729586,0.6742425954191462,0.46409786067796743,0.7694272898967687,0.3582763671875,1.1898482393964271,0.41405159333199415,0.02610434002776823,15.86140821378939,1.1063753366470337,18.961001569523688,2.5875641422358857,0.9529163959802223,0.24569710266523853,0.08419974489339922,1.0055640077144674,7.717226358732437e-05,,,,,,,0.8585107326507568,1.0,0.565619170665741
