dataset,type,terms,definition,metric,seeds,paired_seed_differences,mean_difference,sd_difference,seed_range,scope,ci_low,ci_high
gp_multi,new_vs_mlp,"[{""head"": ""mlp_whitened"", ""source"": ""white"", ""weight"": 1}, {""head"": ""mlp"", ""source"": ""white"", ""weight"": -1}]",mlp_whitened/white -mlp/white,fair_crps,"[31, 32, 33]","[0.0308530747337743, 0.00585936030811135, 0.00855402496427149]",0.01508882000205238,0.013718567703563384,"[0.00585936030811135, 0.0308530747337743]","Three paired optimization seeds on the fixed dataset; exploratory, no multiple-comparison correction",0.00585936030811135,0.0308530747337743
gp_multi,new_vs_mlp,"[{""head"": ""mlp_whitened"", ""source"": ""white"", ""weight"": 1}, {""head"": ""mlp"", ""source"": ""white"", ""weight"": -1}]",mlp_whitened/white -mlp/white,joint_energy_scaled,"[31, 32, 33]","[0.027596482237946696, 0.003274712991287343, 0.004023767241350451]",0.011631654156861496,0.01383101848423822,"[0.003274712991287343, 0.027596482237946696]","Three paired optimization seeds on the fixed dataset; exploratory, no multiple-comparison correction",0.003274712991287343,0.027596482237946696
gp_multi,new_vs_mlp,"[{""head"": ""mlp_whitened"", ""source"": ""white"", ""weight"": 1}, {""head"": ""mlp"", ""source"": ""white"", ""weight"": -1}]",mlp_whitened/white -mlp/white,roughness_ratio,"[31, 32, 33]","[-0.06341402471187263, -0.02038828295118278, -0.0608735294588838]",-0.048225279040646406,0.024140987811111306,"[-0.06341402471187263, -0.02038828295118278]","Three paired optimization seeds on the fixed dataset; exploratory, no multiple-comparison correction",,
gp_multi,new_vs_mlp,"[{""head"": ""mlp_whitened"", ""source"": ""white"", ""weight"": 1}, {""head"": ""mlp"", ""source"": ""white"", ""weight"": -1}]",mlp_whitened/white -mlp/white,velocity_pc1_mse,"[31, 32, 33]","[1.4178979975073993, 1.1003335979338082, 1.225421476727317]",1.2478843573895082,0.15996944309732009,"[1.1003335979338082, 1.4178979975073993]","Three paired optimization seeds on the fixed dataset; exploratory, no multiple-comparison correction",,
gp_multi,new_vs_mlp,"[{""head"": ""mlp_whitened"", ""source"": ""white"", ""weight"": 1}, {""head"": ""mlp"", ""source"": ""white"", ""weight"": -1}]",mlp_whitened/white -mlp/white,velocity_residual_mse,"[31, 32, 33]","[-0.01580143097616593, -0.006093684116595444, -0.018144814827292327]",-0.013346643306684567,0.006389595036326927,"[-0.018144814827292327, -0.006093684116595444]","Three paired optimization seeds on the fixed dataset; exploratory, no multiple-comparison correction",,
gp_multi,new_vs_mlp,"[{""head"": ""mlp_whitened"", ""source"": ""white"", ""weight"": 1}, {""head"": ""mlp"", ""source"": ""white"", ""weight"": -1}]",mlp_whitened/white -mlp/white,velocity_residual_normalized_mse,"[31, 32, 33]","[-0.03221558381389179, -0.02286280958002848, -0.034196607649709373]",-0.02975833368120988,0.006053288637757126,"[-0.034196607649709373, -0.02286280958002848]","Three paired optimization seeds on the fixed dataset; exploratory, no multiple-comparison correction",,
gp_multi,new_vs_mlp,"[{""head"": ""mlp_balanced"", ""source"": ""white"", ""weight"": 1}, {""head"": ""mlp"", ""source"": ""white"", ""weight"": -1}]",mlp_balanced/white -mlp/white,fair_crps,"[31, 32, 33]","[0.052619278751190324, 0.05064500658075133, 0.05631515769233991]",0.05319314767476052,0.0028783063706183235,"[0.05064500658075133, 0.05631515769233991]","Three paired optimization seeds on the fixed dataset; exploratory, no multiple-comparison correction",0.05064500658075133,0.05631515769233991
gp_multi,new_vs_mlp,"[{""head"": ""mlp_balanced"", ""source"": ""white"", ""weight"": 1}, {""head"": ""mlp"", ""source"": ""white"", ""weight"": -1}]",mlp_balanced/white -mlp/white,joint_energy_scaled,"[31, 32, 33]","[0.05416375434219933, 0.05103186865784326, 0.05566848887953435]",0.053621370626525645,0.002365416843036271,"[0.05103186865784326, 0.05566848887953435]","Three paired optimization seeds on the fixed dataset; exploratory, no multiple-comparison correction",0.05103186865784326,0.05566848887953435
gp_multi,new_vs_mlp,"[{""head"": ""mlp_balanced"", ""source"": ""white"", ""weight"": 1}, {""head"": ""mlp"", ""source"": ""white"", ""weight"": -1}]",mlp_balanced/white -mlp/white,roughness_ratio,"[31, 32, 33]","[0.1217224051661372, 0.07724242221948163, 0.07560303271896451]",0.09152262003486111,0.026166623128807322,"[0.07560303271896451, 0.1217224051661372]","Three paired optimization seeds on the fixed dataset; exploratory, no multiple-comparison correction",,
gp_multi,new_vs_mlp,"[{""head"": ""mlp_balanced"", ""source"": ""white"", ""weight"": 1}, {""head"": ""mlp"", ""source"": ""white"", ""weight"": -1}]",mlp_balanced/white -mlp/white,velocity_pc1_mse,"[31, 32, 33]","[3.259307137798377, 4.011040530420866, 3.4941150837271753]",3.588154250648806,0.3845884775736463,"[3.259307137798377, 4.011040530420866]","Three paired optimization seeds on the fixed dataset; exploratory, no multiple-comparison correction",,
gp_multi,new_vs_mlp,"[{""head"": ""mlp_balanced"", ""source"": ""white"", ""weight"": 1}, {""head"": ""mlp"", ""source"": ""white"", ""weight"": -1}]",mlp_balanced/white -mlp/white,velocity_residual_mse,"[31, 32, 33]","[0.02050740793138975, 0.03759765003228377, 0.024036503167873424]",0.027380520377182315,0.009022523598689457,"[0.02050740793138975, 0.03759765003228377]","Three paired optimization seeds on the fixed dataset; exploratory, no multiple-comparison correction",,
gp_multi,new_vs_mlp,"[{""head"": ""mlp_balanced"", ""source"": ""white"", ""weight"": 1}, {""head"": ""mlp"", ""source"": ""white"", ""weight"": -1}]",mlp_balanced/white -mlp/white,velocity_residual_normalized_mse,"[31, 32, 33]","[-0.0019462399454518442, 0.00923260111157928, -0.0026789733534527127]",0.0015357959375582413,0.0066756896255688765,"[-0.0026789733534527127, 0.00923260111157928]","Three paired optimization seeds on the fixed dataset; exploratory, no multiple-comparison correction",,
gp_multi,new_vs_mlp,"[{""head"": ""history_dense_ae"", ""source"": ""white"", ""weight"": 1}, {""head"": ""mlp"", ""source"": ""white"", ""weight"": -1}]",history_dense_ae/white -mlp/white,fair_crps,"[31, 32, 33]","[0.014626713674372516, 0.01375021279973404, 0.002586286132498117]",0.010321070868868224,0.006712841025549354,"[0.002586286132498117, 0.014626713674372516]","Three paired optimization seeds on the fixed dataset; exploratory, no multiple-comparison correction",0.002586286132498117,0.014626713674372516
gp_multi,new_vs_mlp,"[{""head"": ""history_dense_ae"", ""source"": ""white"", ""weight"": 1}, {""head"": ""mlp"", ""source"": ""white"", ""weight"": -1}]",history_dense_ae/white -mlp/white,joint_energy_scaled,"[31, 32, 33]","[0.0144272335557597, 0.014804035541219895, -0.00047459434505009446]",0.009585558250643167,0.0087143845233348,"[-0.00047459434505009446, 0.014804035541219895]","Three paired optimization seeds on the fixed dataset; exploratory, no multiple-comparison correction",-0.00047459434505009446,0.014804035541219895
gp_multi,new_vs_mlp,"[{""head"": ""history_dense_ae"", ""source"": ""white"", ""weight"": 1}, {""head"": ""mlp"", ""source"": ""white"", ""weight"": -1}]",history_dense_ae/white -mlp/white,roughness_ratio,"[31, 32, 33]","[0.662619017139074, 0.6173482891571935, 0.3988270347536014]",0.5595981136832896,0.1410597907561343,"[0.3988270347536014, 0.662619017139074]","Three paired optimization seeds on the fixed dataset; exploratory, no multiple-comparison correction",,
gp_multi,new_vs_mlp,"[{""head"": ""history_dense_ae"", ""source"": ""white"", ""weight"": 1}, {""head"": ""mlp"", ""source"": ""white"", ""weight"": -1}]",history_dense_ae/white -mlp/white,velocity_pc1_mse,"[31, 32, 33]","[0.11926318483557274, -0.011264036915100917, 0.010285439591104506]",0.03942819583719211,0.0699736670877091,"[-0.011264036915100917, 0.11926318483557274]","Three paired optimization seeds on the fixed dataset; exploratory, no multiple-comparison correction",,
gp_multi,new_vs_mlp,"[{""head"": ""history_dense_ae"", ""source"": ""white"", ""weight"": 1}, {""head"": ""mlp"", ""source"": ""white"", ""weight"": -1}]",history_dense_ae/white -mlp/white,velocity_residual_mse,"[31, 32, 33]","[0.025414726132478194, 0.02647024148247537, 0.014842209513684923]",0.022242392376212828,0.006430439950941048,"[0.014842209513684923, 0.02647024148247537]","Three paired optimization seeds on the fixed dataset; exploratory, no multiple-comparison correction",,
gp_multi,new_vs_mlp,"[{""head"": ""history_dense_ae"", ""source"": ""white"", ""weight"": 1}, {""head"": ""mlp"", ""source"": ""white"", ""weight"": -1}]",history_dense_ae/white -mlp/white,velocity_residual_normalized_mse,"[31, 32, 33]","[0.049909800586887404, 0.05407832876686994, 0.03150536343952956]",0.0451644975977623,0.012011374453461912,"[0.03150536343952956, 0.05407832876686994]","Three paired optimization seeds on the fixed dataset; exploratory, no multiple-comparison correction",,
gp_multi,new_vs_mlp,"[{""head"": ""history_topk_ae"", ""source"": ""white"", ""weight"": 1}, {""head"": ""mlp"", ""source"": ""white"", ""weight"": -1}]",history_topk_ae/white -mlp/white,fair_crps,"[31, 32, 33]","[0.0622922980643873, 0.055590121281172133, 0.06475368548714444]",0.06087870161090129,0.004742511828053293,"[0.055590121281172133, 0.06475368548714444]","Three paired optimization seeds on the fixed dataset; exploratory, no multiple-comparison correction",0.055590121281172133,0.06475368548714444
gp_multi,new_vs_mlp,"[{""head"": ""history_topk_ae"", ""source"": ""white"", ""weight"": 1}, {""head"": ""mlp"", ""source"": ""white"", ""weight"": -1}]",history_topk_ae/white -mlp/white,joint_energy_scaled,"[31, 32, 33]","[0.06148196969056979, 0.05303167902745143, 0.05695996797933578]",0.057157872232452334,0.004228620063667056,"[0.05303167902745143, 0.06148196969056979]","Three paired optimization seeds on the fixed dataset; exploratory, no multiple-comparison correction",0.05303167902745143,0.06148196969056979
gp_multi,new_vs_mlp,"[{""head"": ""history_topk_ae"", ""source"": ""white"", ""weight"": 1}, {""head"": ""mlp"", ""source"": ""white"", ""weight"": -1}]",history_topk_ae/white -mlp/white,roughness_ratio,"[31, 32, 33]","[0.6552649643626001, 0.5646443612175405, 0.39324274365400336]",0.5377173564113813,0.13307031497347308,"[0.39324274365400336, 0.6552649643626001]","Three paired optimization seeds on the fixed dataset; exploratory, no multiple-comparison correction",,
gp_multi,new_vs_mlp,"[{""head"": ""history_topk_ae"", ""source"": ""white"", ""weight"": 1}, {""head"": ""mlp"", ""source"": ""white"", ""weight"": -1}]",history_topk_ae/white -mlp/white,velocity_pc1_mse,"[31, 32, 33]","[1.4775148916091778, 0.9778504009355666, 1.320649807520959]",1.2586717000219012,0.25553300210912755,"[0.9778504009355666, 1.4775148916091778]","Three paired optimization seeds on the fixed dataset; exploratory, no multiple-comparison correction",,
gp_multi,new_vs_mlp,"[{""head"": ""history_topk_ae"", ""source"": ""white"", ""weight"": 1}, {""head"": ""mlp"", ""source"": ""white"", ""weight"": -1}]",history_topk_ae/white -mlp/white,velocity_residual_mse,"[31, 32, 33]","[0.039639542202821815, 0.04494525530094498, 0.037375990368538226]",0.04065359595743501,0.003885186181790326,"[0.037375990368538226, 0.04494525530094498]","Three paired optimization seeds on the fixed dataset; exploratory, no multiple-comparison correction",,
gp_multi,new_vs_mlp,"[{""head"": ""history_topk_ae"", ""source"": ""white"", ""weight"": 1}, {""head"": ""mlp"", ""source"": ""white"", ""weight"": -1}]",history_topk_ae/white -mlp/white,velocity_residual_normalized_mse,"[31, 32, 33]","[0.05657120931027662, 0.06449874152304594, 0.04028828130896403]",0.053786077380762194,0.01234318904671768,"[0.04028828130896403, 0.06449874152304594]","Three paired optimization seeds on the fixed dataset; exploratory, no multiple-comparison correction",,
gp_multi,new_vs_mlp,"[{""head"": ""history_conv_dense"", ""source"": ""white"", ""weight"": 1}, {""head"": ""mlp"", ""source"": ""white"", ""weight"": -1}]",history_conv_dense/white -mlp/white,fair_crps,"[31, 32, 33]","[0.07359767911401849, 0.06919034874119695, 0.08070146347910406]",0.07449649711143984,0.0058079554037270276,"[0.06919034874119695, 0.08070146347910406]","Three paired optimization seeds on the fixed dataset; exploratory, no multiple-comparison correction",0.06919034874119695,0.08070146347910406
gp_multi,new_vs_mlp,"[{""head"": ""history_conv_dense"", ""source"": ""white"", ""weight"": 1}, {""head"": ""mlp"", ""source"": ""white"", ""weight"": -1}]",history_conv_dense/white -mlp/white,joint_energy_scaled,"[31, 32, 33]","[0.07252954044020887, 0.06691319759472014, 0.07491975517393745]",0.07145416440295549,0.004110178376111508,"[0.06691319759472014, 0.07491975517393745]","Three paired optimization seeds on the fixed dataset; exploratory, no multiple-comparison correction",0.06691319759472014,0.07491975517393745
gp_multi,new_vs_mlp,"[{""head"": ""history_conv_dense"", ""source"": ""white"", ""weight"": 1}, {""head"": ""mlp"", ""source"": ""white"", ""weight"": -1}]",history_conv_dense/white -mlp/white,roughness_ratio,"[31, 32, 33]","[0.31961434175355774, 0.3513846505804543, 0.26661161728517024]",0.3125368698730608,0.042827383175782,"[0.26661161728517024, 0.3513846505804543]","Three paired optimization seeds on the fixed dataset; exploratory, no multiple-comparison correction",,
gp_multi,new_vs_mlp,"[{""head"": ""history_conv_dense"", ""source"": ""white"", ""weight"": 1}, {""head"": ""mlp"", ""source"": ""white"", ""weight"": -1}]",history_conv_dense/white -mlp/white,velocity_pc1_mse,"[31, 32, 33]","[2.3275522586796598, 2.35093786606023, 2.410873238093167]",2.3631211209443523,0.0429758092103586,"[2.3275522586796598, 2.410873238093167]","Three paired optimization seeds on the fixed dataset; exploratory, no multiple-comparison correction",,
gp_multi,new_vs_mlp,"[{""head"": ""history_conv_dense"", ""source"": ""white"", ""weight"": 1}, {""head"": ""mlp"", ""source"": ""white"", ""weight"": -1}]",history_conv_dense/white -mlp/white,velocity_residual_mse,"[31, 32, 33]","[0.04457664745711634, 0.05586773201223749, 0.031338896734731087]",0.043927758734694976,0.012277285223058267,"[0.031338896734731087, 0.05586773201223749]","Three paired optimization seeds on the fixed dataset; exploratory, no multiple-comparison correction",,
gp_multi,new_vs_mlp,"[{""head"": ""history_conv_dense"", ""source"": ""white"", ""weight"": 1}, {""head"": ""mlp"", ""source"": ""white"", ""weight"": -1}]",history_conv_dense/white -mlp/white,velocity_residual_normalized_mse,"[31, 32, 33]","[0.029728048938195806, 0.04230588834926635, 0.027054466849059988]",0.03302946804550738,0.008144077021727552,"[0.027054466849059988, 0.04230588834926635]","Three paired optimization seeds on the fixed dataset; exploratory, no multiple-comparison correction",,
gp_multi,new_vs_mlp,"[{""head"": ""history_conv_sparse"", ""source"": ""white"", ""weight"": 1}, {""head"": ""mlp"", ""source"": ""white"", ""weight"": -1}]",history_conv_sparse/white -mlp/white,fair_crps,"[31, 32, 33]","[0.08071223874725042, 0.07345933190046439, 0.08208177144461482]",0.07875111403077655,0.004633694372561253,"[0.07345933190046439, 0.08208177144461482]","Three paired optimization seeds on the fixed dataset; exploratory, no multiple-comparison correction",0.07345933190046439,0.08208177144461482
gp_multi,new_vs_mlp,"[{""head"": ""history_conv_sparse"", ""source"": ""white"", ""weight"": 1}, {""head"": ""mlp"", ""source"": ""white"", ""weight"": -1}]",history_conv_sparse/white -mlp/white,joint_energy_scaled,"[31, 32, 33]","[0.07971123414188752, 0.07112012044565874, 0.0766001114920104]",0.07581048869318556,0.004349647889048081,"[0.07112012044565874, 0.07971123414188752]","Three paired optimization seeds on the fixed dataset; exploratory, no multiple-comparison correction",0.07112012044565874,0.07971123414188752
gp_multi,new_vs_mlp,"[{""head"": ""history_conv_sparse"", ""source"": ""white"", ""weight"": 1}, {""head"": ""mlp"", ""source"": ""white"", ""weight"": -1}]",history_conv_sparse/white -mlp/white,roughness_ratio,"[31, 32, 33]","[0.2818367977794005, 0.3515813003735182, 0.34858607159329913]",0.3273347232487393,0.03943080984929921,"[0.2818367977794005, 0.3515813003735182]","Three paired optimization seeds on the fixed dataset; exploratory, no multiple-comparison correction",,
gp_multi,new_vs_mlp,"[{""head"": ""history_conv_sparse"", ""source"": ""white"", ""weight"": 1}, {""head"": ""mlp"", ""source"": ""white"", ""weight"": -1}]",history_conv_sparse/white -mlp/white,velocity_pc1_mse,"[31, 32, 33]","[2.180118211473644, 2.607942114964967, 2.326626160257568]",2.3715621622320597,0.21742298936572182,"[2.180118211473644, 2.607942114964967]","Three paired optimization seeds on the fixed dataset; exploratory, no multiple-comparison correction",,
gp_multi,new_vs_mlp,"[{""head"": ""history_conv_sparse"", ""source"": ""white"", ""weight"": 1}, {""head"": ""mlp"", ""source"": ""white"", ""weight"": -1}]",history_conv_sparse/white -mlp/white,velocity_residual_mse,"[31, 32, 33]","[0.04758674073338026, 0.058382749275999235, 0.03168857200240499]",0.04588602067059483,0.013428109011602844,"[0.03168857200240499, 0.058382749275999235]","Three paired optimization seeds on the fixed dataset; exploratory, no multiple-comparison correction",,
gp_multi,new_vs_mlp,"[{""head"": ""history_conv_sparse"", ""source"": ""white"", ""weight"": 1}, {""head"": ""mlp"", ""source"": ""white"", ""weight"": -1}]",history_conv_sparse/white -mlp/white,velocity_residual_normalized_mse,"[31, 32, 33]","[0.03324159445818625, 0.04443292457996126, 0.028784999214369]",0.03548650608417217,0.008061892657320081,"[0.028784999214369, 0.04443292457996126]","Three paired optimization seeds on the fixed dataset; exploratory, no multiple-comparison correction",,
gp_multi,new_vs_mlp,"[{""head"": ""dictionary_dense"", ""source"": ""white"", ""weight"": 1}, {""head"": ""mlp"", ""source"": ""white"", ""weight"": -1}]",dictionary_dense/white -mlp/white,fair_crps,"[31, 32, 33]","[-0.0003112485896628048, -0.0030880079262306515, -0.010050043113701168]",-0.004483099876531542,0.005017045032457418,"[-0.010050043113701168, -0.0003112485896628048]","Three paired optimization seeds on the fixed dataset; exploratory, no multiple-comparison correction",-0.010050043113701168,-0.0003112485896628048
gp_multi,new_vs_mlp,"[{""head"": ""dictionary_dense"", ""source"": ""white"", ""weight"": 1}, {""head"": ""mlp"", ""source"": ""white"", ""weight"": -1}]",dictionary_dense/white -mlp/white,joint_energy_scaled,"[31, 32, 33]","[0.00255620894210129, -0.003235753269379027, -0.011075942484637724]",-0.003918495603971821,0.006841673110575333,"[-0.011075942484637724, 0.00255620894210129]","Three paired optimization seeds on the fixed dataset; exploratory, no multiple-comparison correction",-0.011075942484637724,0.00255620894210129
gp_multi,new_vs_mlp,"[{""head"": ""dictionary_dense"", ""source"": ""white"", ""weight"": 1}, {""head"": ""mlp"", ""source"": ""white"", ""weight"": -1}]",dictionary_dense/white -mlp/white,roughness_ratio,"[31, 32, 33]","[0.215063491498918, 0.31159794941754915, 0.061153561301258375]",0.1959383340725752,0.126312812571301,"[0.061153561301258375, 0.31159794941754915]","Three paired optimization seeds on the fixed dataset; exploratory, no multiple-comparison correction",,
gp_multi,new_vs_mlp,"[{""head"": ""dictionary_dense"", ""source"": ""white"", ""weight"": 1}, {""head"": ""mlp"", ""source"": ""white"", ""weight"": -1}]",dictionary_dense/white -mlp/white,velocity_pc1_mse,"[31, 32, 33]","[0.2759660105911337, 0.3911601152906279, -0.3065740347681718]",0.12018403037119658,0.3740444559948758,"[-0.3065740347681718, 0.3911601152906279]","Three paired optimization seeds on the fixed dataset; exploratory, no multiple-comparison correction",,
gp_multi,new_vs_mlp,"[{""head"": ""dictionary_dense"", ""source"": ""white"", ""weight"": 1}, {""head"": ""mlp"", ""source"": ""white"", ""weight"": -1}]",dictionary_dense/white -mlp/white,velocity_residual_mse,"[31, 32, 33]","[0.013652005623835284, 0.02417949337528899, -0.0015334926387342296]",0.012099335453463348,0.012926619857209793,"[-0.0015334926387342296, 0.02417949337528899]","Three paired optimization seeds on the fixed dataset; exploratory, no multiple-comparison correction",,
gp_multi,new_vs_mlp,"[{""head"": ""dictionary_dense"", ""source"": ""white"", ""weight"": 1}, {""head"": ""mlp"", ""source"": ""white"", ""weight"": -1}]",dictionary_dense/white -mlp/white,velocity_residual_normalized_mse,"[31, 32, 33]","[0.01515415579416346, 0.025222283151706132, 0.0058618841197035365]",0.015412774355191042,0.009682790162947494,"[0.0058618841197035365, 0.025222283151706132]","Three paired optimization seeds on the fixed dataset; exploratory, no multiple-comparison correction",,
gp_multi,new_vs_mlp,"[{""head"": ""dictionary_topk"", ""source"": ""white"", ""weight"": 1}, {""head"": ""mlp"", ""source"": ""white"", ""weight"": -1}]",dictionary_topk/white -mlp/white,fair_crps,"[31, 32, 33]","[0.05061987263771711, 0.058102653042840735, 0.04936755828042744]",0.05269669465366176,0.004723384633027397,"[0.04936755828042744, 0.058102653042840735]","Three paired optimization seeds on the fixed dataset; exploratory, no multiple-comparison correction",0.04936755828042744,0.058102653042840735
gp_multi,new_vs_mlp,"[{""head"": ""dictionary_topk"", ""source"": ""white"", ""weight"": 1}, {""head"": ""mlp"", ""source"": ""white"", ""weight"": -1}]",dictionary_topk/white -mlp/white,joint_energy_scaled,"[31, 32, 33]","[0.04203198061678759, 0.050783017811416586, 0.039275672684444096]",0.04403022370421609,0.0060082842430394575,"[0.039275672684444096, 0.050783017811416586]","Three paired optimization seeds on the fixed dataset; exploratory, no multiple-comparison correction",0.039275672684444096,0.050783017811416586
gp_multi,new_vs_mlp,"[{""head"": ""dictionary_topk"", ""source"": ""white"", ""weight"": 1}, {""head"": ""mlp"", ""source"": ""white"", ""weight"": -1}]",dictionary_topk/white -mlp/white,roughness_ratio,"[31, 32, 33]","[5.121789556451784, 5.0755732556145645, 5.009397834374537]",5.068920215480295,0.05649045941699719,"[5.009397834374537, 5.121789556451784]","Three paired optimization seeds on the fixed dataset; exploratory, no multiple-comparison correction",,
gp_multi,new_vs_mlp,"[{""head"": ""dictionary_topk"", ""source"": ""white"", ""weight"": 1}, {""head"": ""mlp"", ""source"": ""white"", ""weight"": -1}]",dictionary_topk/white -mlp/white,velocity_pc1_mse,"[31, 32, 33]","[0.8273538449943185, 1.0467616384368759, 0.5623396975009962]",0.8121517269773969,0.24256851095962875,"[0.5623396975009962, 1.0467616384368759]","Three paired optimization seeds on the fixed dataset; exploratory, no multiple-comparison correction",,
gp_multi,new_vs_mlp,"[{""head"": ""dictionary_topk"", ""source"": ""white"", ""weight"": 1}, {""head"": ""mlp"", ""source"": ""white"", ""weight"": -1}]",dictionary_topk/white -mlp/white,velocity_residual_mse,"[31, 32, 33]","[0.4380531927239169, 0.4504185177022227, 0.4257657539040245]",0.4380791547767213,0.012326402404739886,"[0.4257657539040245, 0.4504185177022227]","Three paired optimization seeds on the fixed dataset; exploratory, no multiple-comparison correction",,
gp_multi,new_vs_mlp,"[{""head"": ""dictionary_topk"", ""source"": ""white"", ""weight"": 1}, {""head"": ""mlp"", ""source"": ""white"", ""weight"": -1}]",dictionary_topk/white -mlp/white,velocity_residual_normalized_mse,"[31, 32, 33]","[0.6120554822849208, 0.6115193560038189, 0.5901869938948865]",0.6045872773945421,0.012473891994889222,"[0.5901869938948865, 0.6120554822849208]","Three paired optimization seeds on the fixed dataset; exploratory, no multiple-comparison correction",,
gp_multi,new_vs_mlp,"[{""head"": ""unet_l0"", ""source"": ""white"", ""weight"": 1}, {""head"": ""mlp"", ""source"": ""white"", ""weight"": -1}]",unet_l0/white -mlp/white,fair_crps,"[31, 32, 33]","[0.05184264081838852, 0.07746787100695657, 0.08960287699143255]",0.07297112960559254,0.01927756134432132,"[0.05184264081838852, 0.08960287699143255]","Three paired optimization seeds on the fixed dataset; exploratory, no multiple-comparison correction",0.05184264081838852,0.08960287699143255
gp_multi,new_vs_mlp,"[{""head"": ""unet_l0"", ""source"": ""white"", ""weight"": 1}, {""head"": ""mlp"", ""source"": ""white"", ""weight"": -1}]",unet_l0/white -mlp/white,joint_energy_scaled,"[31, 32, 33]","[0.04248016177415681, 0.06784666195747768, 0.07902543431208575]",0.06311741934790675,0.01872601233479813,"[0.04248016177415681, 0.07902543431208575]","Three paired optimization seeds on the fixed dataset; exploratory, no multiple-comparison correction",0.04248016177415681,0.07902543431208575
gp_multi,new_vs_mlp,"[{""head"": ""unet_l0"", ""source"": ""white"", ""weight"": 1}, {""head"": ""mlp"", ""source"": ""white"", ""weight"": -1}]",unet_l0/white -mlp/white,roughness_ratio,"[31, 32, 33]","[1.358343228597403, 4.171410442335605, 4.663908020377907]",3.3978872304369716,1.783379731766122,"[1.358343228597403, 4.663908020377907]","Three paired optimization seeds on the fixed dataset; exploratory, no multiple-comparison correction",,
gp_multi,new_vs_mlp,"[{""head"": ""unet_l0"", ""source"": ""white"", ""weight"": 1}, {""head"": ""mlp"", ""source"": ""white"", ""weight"": -1}]",unet_l0/white -mlp/white,velocity_pc1_mse,"[31, 32, 33]","[-0.048538858654257666, 0.4558118235568145, 0.00826745097204995]",0.13851347195820227,0.276252460891731,"[-0.048538858654257666, 0.4558118235568145]","Three paired optimization seeds on the fixed dataset; exploratory, no multiple-comparison correction",,
gp_multi,new_vs_mlp,"[{""head"": ""unet_l0"", ""source"": ""white"", ""weight"": 1}, {""head"": ""mlp"", ""source"": ""white"", ""weight"": -1}]",unet_l0/white -mlp/white,velocity_residual_mse,"[31, 32, 33]","[0.17440694277323915, 0.3609682771707154, 0.4318198832078106]",0.32239836771725505,0.13297023694131388,"[0.17440694277323915, 0.4318198832078106]","Three paired optimization seeds on the fixed dataset; exploratory, no multiple-comparison correction",,
gp_multi,new_vs_mlp,"[{""head"": ""unet_l0"", ""source"": ""white"", ""weight"": 1}, {""head"": ""mlp"", ""source"": ""white"", ""weight"": -1}]",unet_l0/white -mlp/white,velocity_residual_normalized_mse,"[31, 32, 33]","[0.2398705405697634, 0.5405845857272602, 0.5875600947564503]",0.45600507368449134,0.18864590352212512,"[0.2398705405697634, 0.5875600947564503]","Three paired optimization seeds on the fixed dataset; exploratory, no multiple-comparison correction",,
gp_multi,new_vs_mlp,"[{""head"": ""moe_dense"", ""source"": ""white"", ""weight"": 1}, {""head"": ""mlp"", ""source"": ""white"", ""weight"": -1}]",moe_dense/white -mlp/white,fair_crps,"[31, 32, 33]","[0.016444136728944625, 0.006917019980816119, 0.0036924637248163528]",0.009017873478192365,0.006630345403079084,"[0.0036924637248163528, 0.016444136728944625]","Three paired optimization seeds on the fixed dataset; exploratory, no multiple-comparison correction",0.0036924637248163528,0.016444136728944625
gp_multi,new_vs_mlp,"[{""head"": ""moe_dense"", ""source"": ""white"", ""weight"": 1}, {""head"": ""mlp"", ""source"": ""white"", ""weight"": -1}]",moe_dense/white -mlp/white,joint_energy_scaled,"[31, 32, 33]","[0.01590058650261983, 0.004634386760830167, 0.00032510727010026663]",0.0069533601778500875,0.008042519295114922,"[0.00032510727010026663, 0.01590058650261983]","Three paired optimization seeds on the fixed dataset; exploratory, no multiple-comparison correction",0.00032510727010026663,0.01590058650261983
gp_multi,new_vs_mlp,"[{""head"": ""moe_dense"", ""source"": ""white"", ""weight"": 1}, {""head"": ""mlp"", ""source"": ""white"", ""weight"": -1}]",moe_dense/white -mlp/white,roughness_ratio,"[31, 32, 33]","[1.556610164297264, 1.4777899599700428, 1.5317295491493725]",1.5220432244722264,0.040292987192060405,"[1.4777899599700428, 1.556610164297264]","Three paired optimization seeds on the fixed dataset; exploratory, no multiple-comparison correction",,
gp_multi,new_vs_mlp,"[{""head"": ""moe_dense"", ""source"": ""white"", ""weight"": 1}, {""head"": ""mlp"", ""source"": ""white"", ""weight"": -1}]",moe_dense/white -mlp/white,velocity_pc1_mse,"[31, 32, 33]","[-0.28508256105902063, 0.06818138299742582, -0.13298625999190516]",-0.11662914601783332,0.1771990968536511,"[-0.28508256105902063, 0.06818138299742582]","Three paired optimization seeds on the fixed dataset; exploratory, no multiple-comparison correction",,
gp_multi,new_vs_mlp,"[{""head"": ""moe_dense"", ""source"": ""white"", ""weight"": 1}, {""head"": ""mlp"", ""source"": ""white"", ""weight"": -1}]",moe_dense/white -mlp/white,velocity_residual_mse,"[31, 32, 33]","[0.08662808193795912, 0.09327390677240682, 0.08355077409644082]",0.08781758760226892,0.004969509035375453,"[0.08355077409644082, 0.09327390677240682]","Three paired optimization seeds on the fixed dataset; exploratory, no multiple-comparison correction",,
gp_multi,new_vs_mlp,"[{""head"": ""moe_dense"", ""source"": ""white"", ""weight"": 1}, {""head"": ""mlp"", ""source"": ""white"", ""weight"": -1}]",moe_dense/white -mlp/white,velocity_residual_normalized_mse,"[31, 32, 33]","[0.18428890888543412, 0.18430917173465003, 0.17367225639315836]",0.18075677900441414,0.006135384920101645,"[0.17367225639315836, 0.18430917173465003]","Three paired optimization seeds on the fixed dataset; exploratory, no multiple-comparison correction",,
gp_multi,new_vs_mlp,"[{""head"": ""moe_topk"", ""source"": ""white"", ""weight"": 1}, {""head"": ""mlp"", ""source"": ""white"", ""weight"": -1}]",moe_topk/white -mlp/white,fair_crps,"[31, 32, 33]","[0.015280355918462996, 0.010409444081096786, 0.005266352734774882]",0.010318717578111555,0.005007618037998392,"[0.005266352734774882, 0.015280355918462996]","Three paired optimization seeds on the fixed dataset; exploratory, no multiple-comparison correction",0.005266352734774882,0.015280355918462996
gp_multi,new_vs_mlp,"[{""head"": ""moe_topk"", ""source"": ""white"", ""weight"": 1}, {""head"": ""mlp"", ""source"": ""white"", ""weight"": -1}]",moe_topk/white -mlp/white,joint_energy_scaled,"[31, 32, 33]","[0.014301113474986527, 0.008174809862582622, 0.0019900678540333283]",0.008155330397200825,0.00615554592684324,"[0.0019900678540333283, 0.014301113474986527]","Three paired optimization seeds on the fixed dataset; exploratory, no multiple-comparison correction",0.0019900678540333283,0.014301113474986527
gp_multi,new_vs_mlp,"[{""head"": ""moe_topk"", ""source"": ""white"", ""weight"": 1}, {""head"": ""mlp"", ""source"": ""white"", ""weight"": -1}]",moe_topk/white -mlp/white,roughness_ratio,"[31, 32, 33]","[1.6331085558401968, 1.7533584117038996, 2.095440618643433]",1.8273025287291764,0.23987191041462055,"[1.6331085558401968, 2.095440618643433]","Three paired optimization seeds on the fixed dataset; exploratory, no multiple-comparison correction",,
gp_multi,new_vs_mlp,"[{""head"": ""moe_topk"", ""source"": ""white"", ""weight"": 1}, {""head"": ""mlp"", ""source"": ""white"", ""weight"": -1}]",moe_topk/white -mlp/white,velocity_pc1_mse,"[31, 32, 33]","[-0.04324868084822242, 0.46892718123894017, -0.21244504990283186]",0.0710778168292953,0.3547815389731894,"[-0.21244504990283186, 0.46892718123894017]","Three paired optimization seeds on the fixed dataset; exploratory, no multiple-comparison correction",,
gp_multi,new_vs_mlp,"[{""head"": ""moe_topk"", ""source"": ""white"", ""weight"": 1}, {""head"": ""mlp"", ""source"": ""white"", ""weight"": -1}]",moe_topk/white -mlp/white,velocity_residual_mse,"[31, 32, 33]","[0.08901762851891354, 0.10700404299837835, 0.11023081899446888]",0.10208416350392024,0.011430388148179389,"[0.08901762851891354, 0.11023081899446888]","Three paired optimization seeds on the fixed dataset; exploratory, no multiple-comparison correction",,
gp_multi,new_vs_mlp,"[{""head"": ""moe_topk"", ""source"": ""white"", ""weight"": 1}, {""head"": ""mlp"", ""source"": ""white"", ""weight"": -1}]",moe_topk/white -mlp/white,velocity_residual_normalized_mse,"[31, 32, 33]","[0.19264737961173453, 0.20622948795673265, 0.21873809760546076]",0.205871655057976,0.013049039223046724,"[0.19264737961173453, 0.21873809760546076]","Three paired optimization seeds on the fixed dataset; exploratory, no multiple-comparison correction",,
gp_multi,sparse_vs_dense,"[{""head"": ""history_topk_ae"", ""source"": ""white"", ""weight"": 1}, {""head"": ""history_dense_ae"", ""source"": ""white"", ""weight"": -1}]",history_topk_ae/white -history_dense_ae/white,fair_crps,"[31, 32, 33]","[0.04766558439001478, 0.04183990848143809, 0.062167399354646324]",0.050557630742033066,0.010467792048792224,"[0.04183990848143809, 0.062167399354646324]","Three paired optimization seeds on the fixed dataset; exploratory, no multiple-comparison correction",0.04183990848143809,0.062167399354646324
gp_multi,sparse_vs_dense,"[{""head"": ""history_topk_ae"", ""source"": ""white"", ""weight"": 1}, {""head"": ""history_dense_ae"", ""source"": ""white"", ""weight"": -1}]",history_topk_ae/white -history_dense_ae/white,joint_energy_scaled,"[31, 32, 33]","[0.04705473613481009, 0.03822764348623153, 0.057434562324385874]",0.04757231398180917,0.009613914287876722,"[0.03822764348623153, 0.057434562324385874]","Three paired optimization seeds on the fixed dataset; exploratory, no multiple-comparison correction",0.03822764348623153,0.057434562324385874
gp_multi,sparse_vs_dense,"[{""head"": ""history_topk_ae"", ""source"": ""white"", ""weight"": 1}, {""head"": ""history_dense_ae"", ""source"": ""white"", ""weight"": -1}]",history_topk_ae/white -history_dense_ae/white,roughness_ratio,"[31, 32, 33]","[-0.0073540527764739405, -0.05270392793965306, -0.0055842910995980155]",-0.02188075727190834,0.0267083114705502,"[-0.05270392793965306, -0.0055842910995980155]","Three paired optimization seeds on the fixed dataset; exploratory, no multiple-comparison correction",,
gp_multi,sparse_vs_dense,"[{""head"": ""history_topk_ae"", ""source"": ""white"", ""weight"": 1}, {""head"": ""history_dense_ae"", ""source"": ""white"", ""weight"": -1}]",history_topk_ae/white -history_dense_ae/white,velocity_pc1_mse,"[31, 32, 33]","[1.358251706773605, 0.9891144378506675, 1.3103643679298544]",1.219243504184709,0.20073076416986332,"[0.9891144378506675, 1.358251706773605]","Three paired optimization seeds on the fixed dataset; exploratory, no multiple-comparison correction",,
gp_multi,sparse_vs_dense,"[{""head"": ""history_topk_ae"", ""source"": ""white"", ""weight"": 1}, {""head"": ""history_dense_ae"", ""source"": ""white"", ""weight"": -1}]",history_topk_ae/white -history_dense_ae/white,velocity_residual_mse,"[31, 32, 33]","[0.014224816070343621, 0.01847501381846961, 0.022533780854853303]",0.01841120358122218,0.0041548499079195,"[0.014224816070343621, 0.022533780854853303]","Three paired optimization seeds on the fixed dataset; exploratory, no multiple-comparison correction",,
gp_multi,sparse_vs_dense,"[{""head"": ""history_topk_ae"", ""source"": ""white"", ""weight"": 1}, {""head"": ""history_dense_ae"", ""source"": ""white"", ""weight"": -1}]",history_topk_ae/white -history_dense_ae/white,velocity_residual_normalized_mse,"[31, 32, 33]","[0.006661408723389217, 0.010420412756176, 0.00878291786943447]",0.008621579782999897,0.0018846883862399118,"[0.006661408723389217, 0.010420412756176]","Three paired optimization seeds on the fixed dataset; exploratory, no multiple-comparison correction",,
gp_multi,sparse_vs_dense,"[{""head"": ""history_conv_sparse"", ""source"": ""white"", ""weight"": 1}, {""head"": ""history_conv_dense"", ""source"": ""white"", ""weight"": -1}]",history_conv_sparse/white -history_conv_dense/white,fair_crps,"[31, 32, 33]","[0.007114559633231932, 0.0042689831592674365, 0.001380307965510752]",0.004254616919336707,0.0028671528279511182,"[0.001380307965510752, 0.007114559633231932]","Three paired optimization seeds on the fixed dataset; exploratory, no multiple-comparison correction",0.001380307965510752,0.007114559633231932
gp_multi,sparse_vs_dense,"[{""head"": ""history_conv_sparse"", ""source"": ""white"", ""weight"": 1}, {""head"": ""history_conv_dense"", ""source"": ""white"", ""weight"": -1}]",history_conv_sparse/white -history_conv_dense/white,joint_energy_scaled,"[31, 32, 33]","[0.007181693701678649, 0.004206922850938599, 0.0016803563180729508]",0.0043563242902300665,0.002753710014618672,"[0.0016803563180729508, 0.007181693701678649]","Three paired optimization seeds on the fixed dataset; exploratory, no multiple-comparison correction",0.0016803563180729508,0.007181693701678649
gp_multi,sparse_vs_dense,"[{""head"": ""history_conv_sparse"", ""source"": ""white"", ""weight"": 1}, {""head"": ""history_conv_dense"", ""source"": ""white"", ""weight"": -1}]",history_conv_sparse/white -history_conv_dense/white,roughness_ratio,"[31, 32, 33]","[-0.037777543974157224, 0.00019664979306388553, 0.08197445430812889]",0.014797853375678516,0.06119666357487051,"[-0.037777543974157224, 0.08197445430812889]","Three paired optimization seeds on the fixed dataset; exploratory, no multiple-comparison correction",,
gp_multi,sparse_vs_dense,"[{""head"": ""history_conv_sparse"", ""source"": ""white"", ""weight"": 1}, {""head"": ""history_conv_dense"", ""source"": ""white"", ""weight"": -1}]",history_conv_sparse/white -history_conv_dense/white,velocity_pc1_mse,"[31, 32, 33]","[-0.1474340472060156, 0.25700424890473705, -0.08424707783559882]",0.008441041287707543,0.21756814888720358,"[-0.1474340472060156, 0.25700424890473705]","Three paired optimization seeds on the fixed dataset; exploratory, no multiple-comparison correction",,
gp_multi,sparse_vs_dense,"[{""head"": ""history_conv_sparse"", ""source"": ""white"", ""weight"": 1}, {""head"": ""history_conv_dense"", ""source"": ""white"", ""weight"": -1}]",history_conv_sparse/white -history_conv_dense/white,velocity_residual_mse,"[31, 32, 33]","[0.00301009327626392, 0.002515017263761743, 0.00034967526767390456]",0.0019582619358998556,0.0014148987124294318,"[0.00034967526767390456, 0.00301009327626392]","Three paired optimization seeds on the fixed dataset; exploratory, no multiple-comparison correction",,
gp_multi,sparse_vs_dense,"[{""head"": ""history_conv_sparse"", ""source"": ""white"", ""weight"": 1}, {""head"": ""history_conv_dense"", ""source"": ""white"", ""weight"": -1}]",history_conv_sparse/white -history_conv_dense/white,velocity_residual_normalized_mse,"[31, 32, 33]","[0.0035135455199904464, 0.0021270362306949064, 0.0017305323653090121]",0.0024570380386647883,0.000936194356097762,"[0.0017305323653090121, 0.0035135455199904464]","Three paired optimization seeds on the fixed dataset; exploratory, no multiple-comparison correction",,
gp_multi,sparse_vs_dense,"[{""head"": ""dictionary_topk"", ""source"": ""white"", ""weight"": 1}, {""head"": ""dictionary_dense"", ""source"": ""white"", ""weight"": -1}]",dictionary_topk/white -dictionary_dense/white,fair_crps,"[31, 32, 33]","[0.050931121227379916, 0.061190660969071387, 0.059417601394128605]",0.057179794530193305,0.0054836460131962965,"[0.050931121227379916, 0.061190660969071387]","Three paired optimization seeds on the fixed dataset; exploratory, no multiple-comparison correction",0.050931121227379916,0.061190660969071387
gp_multi,sparse_vs_dense,"[{""head"": ""dictionary_topk"", ""source"": ""white"", ""weight"": 1}, {""head"": ""dictionary_dense"", ""source"": ""white"", ""weight"": -1}]",dictionary_topk/white -dictionary_dense/white,joint_energy_scaled,"[31, 32, 33]","[0.0394757716746863, 0.05401877108079561, 0.05035161516908182]",0.04794871930818791,0.0075634079170867,"[0.0394757716746863, 0.05401877108079561]","Three paired optimization seeds on the fixed dataset; exploratory, no multiple-comparison correction",0.0394757716746863,0.05401877108079561
gp_multi,sparse_vs_dense,"[{""head"": ""dictionary_topk"", ""source"": ""white"", ""weight"": 1}, {""head"": ""dictionary_dense"", ""source"": ""white"", ""weight"": -1}]",dictionary_topk/white -dictionary_dense/white,roughness_ratio,"[31, 32, 33]","[4.906726064952866, 4.763975306197015, 4.948244273073279]",4.87298188140772,0.09665798198161321,"[4.763975306197015, 4.948244273073279]","Three paired optimization seeds on the fixed dataset; exploratory, no multiple-comparison correction",,
gp_multi,sparse_vs_dense,"[{""head"": ""dictionary_topk"", ""source"": ""white"", ""weight"": 1}, {""head"": ""dictionary_dense"", ""source"": ""white"", ""weight"": -1}]",dictionary_topk/white -dictionary_dense/white,velocity_pc1_mse,"[31, 32, 33]","[0.5513878344031848, 0.655601523146248, 0.868913732269168]",0.6919676966062003,0.16185656577040425,"[0.5513878344031848, 0.868913732269168]","Three paired optimization seeds on the fixed dataset; exploratory, no multiple-comparison correction",,
gp_multi,sparse_vs_dense,"[{""head"": ""dictionary_topk"", ""source"": ""white"", ""weight"": 1}, {""head"": ""dictionary_dense"", ""source"": ""white"", ""weight"": -1}]",dictionary_topk/white -dictionary_dense/white,velocity_residual_mse,"[31, 32, 33]","[0.4244011871000816, 0.4262390243269337, 0.42729924654275875]",0.425979819323258,0.0014663142769442026,"[0.4244011871000816, 0.42729924654275875]","Three paired optimization seeds on the fixed dataset; exploratory, no multiple-comparison correction",,
gp_multi,sparse_vs_dense,"[{""head"": ""dictionary_topk"", ""source"": ""white"", ""weight"": 1}, {""head"": ""dictionary_dense"", ""source"": ""white"", ""weight"": -1}]",dictionary_topk/white -dictionary_dense/white,velocity_residual_normalized_mse,"[31, 32, 33]","[0.5969013264907573, 0.5862970728521129, 0.584325109775183]",0.589174503039351,0.00676387537445028,"[0.584325109775183, 0.5969013264907573]","Three paired optimization seeds on the fixed dataset; exploratory, no multiple-comparison correction",,
gp_multi,sparse_vs_dense,"[{""head"": ""moe_topk"", ""source"": ""white"", ""weight"": 1}, {""head"": ""moe_dense"", ""source"": ""white"", ""weight"": -1}]",moe_topk/white -moe_dense/white,fair_crps,"[31, 32, 33]","[-0.0011637808104816294, 0.0034924241002806666, 0.001573889009958529]",0.0013008440999191888,0.0023400803800137982,"[-0.0011637808104816294, 0.0034924241002806666]","Three paired optimization seeds on the fixed dataset; exploratory, no multiple-comparison correction",-0.0011637808104816294,0.0034924241002806666
gp_multi,sparse_vs_dense,"[{""head"": ""moe_topk"", ""source"": ""white"", ""weight"": 1}, {""head"": ""moe_dense"", ""source"": ""white"", ""weight"": -1}]",moe_topk/white -moe_dense/white,joint_energy_scaled,"[31, 32, 33]","[-0.0015994730276333025, 0.0035404231017524546, 0.0016649605839330617]",0.001201970219350738,0.002601038852745327,"[-0.0015994730276333025, 0.0035404231017524546]","Three paired optimization seeds on the fixed dataset; exploratory, no multiple-comparison correction",-0.0015994730276333025,0.0035404231017524546
gp_multi,sparse_vs_dense,"[{""head"": ""moe_topk"", ""source"": ""white"", ""weight"": 1}, {""head"": ""moe_dense"", ""source"": ""white"", ""weight"": -1}]",moe_topk/white -moe_dense/white,roughness_ratio,"[31, 32, 33]","[0.0764983915429327, 0.2755684517338568, 0.5637110694940604]",0.30525930425694997,0.24495960571436745,"[0.0764983915429327, 0.5637110694940604]","Three paired optimization seeds on the fixed dataset; exploratory, no multiple-comparison correction",,
gp_multi,sparse_vs_dense,"[{""head"": ""moe_topk"", ""source"": ""white"", ""weight"": 1}, {""head"": ""moe_dense"", ""source"": ""white"", ""weight"": -1}]",moe_topk/white -moe_dense/white,velocity_pc1_mse,"[31, 32, 33]","[0.2418338802107982, 0.40074579824151435, -0.0794587899109267]",0.18770696284712862,0.24463524686384425,"[-0.0794587899109267, 0.40074579824151435]","Three paired optimization seeds on the fixed dataset; exploratory, no multiple-comparison correction",,
gp_multi,sparse_vs_dense,"[{""head"": ""moe_topk"", ""source"": ""white"", ""weight"": 1}, {""head"": ""moe_dense"", ""source"": ""white"", ""weight"": -1}]",moe_topk/white -moe_dense/white,velocity_residual_mse,"[31, 32, 33]","[0.002389546580954416, 0.013730136225971523, 0.026680044898028055]",0.014266575901651332,0.012154131098814589,"[0.002389546580954416, 0.026680044898028055]","Three paired optimization seeds on the fixed dataset; exploratory, no multiple-comparison correction",,
gp_multi,sparse_vs_dense,"[{""head"": ""moe_topk"", ""source"": ""white"", ""weight"": 1}, {""head"": ""moe_dense"", ""source"": ""white"", ""weight"": -1}]",moe_topk/white -moe_dense/white,velocity_residual_normalized_mse,"[31, 32, 33]","[0.008358470726300415, 0.021920316222082625, 0.04506584121230239]",0.025114876053561812,0.018561025601696354,"[0.008358470726300415, 0.04506584121230239]","Three paired optimization seeds on the fixed dataset; exploratory, no multiple-comparison correction",,
gp_multi,whitened_vs_balanced,"[{""head"": ""mlp_whitened"", ""source"": ""white"", ""weight"": 1}, {""head"": ""mlp_balanced"", ""source"": ""white"", ""weight"": -1}]",mlp_whitened/white -mlp_balanced/white,fair_crps,"[31, 32, 33]","[-0.021766204017416024, -0.04478564627263998, -0.04776113272806842]",-0.03810432767270814,0.0142272306983236,"[-0.04776113272806842, -0.021766204017416024]","Three paired optimization seeds on the fixed dataset; exploratory, no multiple-comparison correction",-0.04776113272806842,-0.021766204017416024
gp_multi,whitened_vs_balanced,"[{""head"": ""mlp_whitened"", ""source"": ""white"", ""weight"": 1}, {""head"": ""mlp_balanced"", ""source"": ""white"", ""weight"": -1}]",mlp_whitened/white -mlp_balanced/white,joint_energy_scaled,"[31, 32, 33]","[-0.026567272104252637, -0.04775715566655592, -0.0516447216381839]",-0.04198971646966415,0.01349693057510114,"[-0.0516447216381839, -0.026567272104252637]","Three paired optimization seeds on the fixed dataset; exploratory, no multiple-comparison correction",-0.0516447216381839,-0.026567272104252637
gp_multi,whitened_vs_balanced,"[{""head"": ""mlp_whitened"", ""source"": ""white"", ""weight"": 1}, {""head"": ""mlp_balanced"", ""source"": ""white"", ""weight"": -1}]",mlp_whitened/white -mlp_balanced/white,roughness_ratio,"[31, 32, 33]","[-0.18513642987800982, -0.09763070517066441, -0.13647656217784832]",-0.13974789907550753,0.04384448879805671,"[-0.18513642987800982, -0.09763070517066441]","Three paired optimization seeds on the fixed dataset; exploratory, no multiple-comparison correction",,
gp_multi,whitened_vs_balanced,"[{""head"": ""mlp_whitened"", ""source"": ""white"", ""weight"": 1}, {""head"": ""mlp_balanced"", ""source"": ""white"", ""weight"": -1}]",mlp_whitened/white -mlp_balanced/white,velocity_pc1_mse,"[31, 32, 33]","[-1.8414091402909776, -2.9107069324870576, -2.2686936069998582]",-2.340269893259298,0.5382302626802702,"[-2.9107069324870576, -1.8414091402909776]","Three paired optimization seeds on the fixed dataset; exploratory, no multiple-comparison correction",,
gp_multi,whitened_vs_balanced,"[{""head"": ""mlp_whitened"", ""source"": ""white"", ""weight"": 1}, {""head"": ""mlp_balanced"", ""source"": ""white"", ""weight"": -1}]",mlp_whitened/white -mlp_balanced/white,velocity_residual_mse,"[31, 32, 33]","[-0.03630883890755568, -0.04369133414887921, -0.04218131799516575]",-0.040727163683866884,0.0039001580183170748,"[-0.04369133414887921, -0.03630883890755568]","Three paired optimization seeds on the fixed dataset; exploratory, no multiple-comparison correction",,
gp_multi,whitened_vs_balanced,"[{""head"": ""mlp_whitened"", ""source"": ""white"", ""weight"": 1}, {""head"": ""mlp_balanced"", ""source"": ""white"", ""weight"": -1}]",mlp_whitened/white -mlp_balanced/white,velocity_residual_normalized_mse,"[31, 32, 33]","[-0.03026934386843995, -0.03209541069160776, -0.03151763429625666]",-0.031294129618768124,0.0009333251128695661,"[-0.03209541069160776, -0.03026934386843995]","Three paired optimization seeds on the fixed dataset; exploratory, no multiple-comparison correction",,
gp_multi,l0_vs_unet,"[{""head"": ""unet_l0"", ""source"": ""white"", ""weight"": 1}, {""head"": ""unet"", ""source"": ""white"", ""weight"": -1}]",unet_l0/white -unet/white,fair_crps,"[31, 32, 33]","[0.05301455932936938, 0.08270951508657293, 0.10501334486926905]",0.08024580642840379,0.026086793970711945,"[0.05301455932936938, 0.10501334486926905]","Three paired optimization seeds on the fixed dataset; exploratory, no multiple-comparison correction",0.05301455932936938,0.10501334486926905
gp_multi,l0_vs_unet,"[{""head"": ""unet_l0"", ""source"": ""white"", ""weight"": 1}, {""head"": ""unet"", ""source"": ""white"", ""weight"": -1}]",unet_l0/white -unet/white,joint_energy_scaled,"[31, 32, 33]","[0.04636956064112918, 0.07204318803711085, 0.09622535670323296]",0.07154603512715767,0.024931615892445212,"[0.04636956064112918, 0.09622535670323296]","Three paired optimization seeds on the fixed dataset; exploratory, no multiple-comparison correction",0.04636956064112918,0.09622535670323296
gp_multi,l0_vs_unet,"[{""head"": ""unet_l0"", ""source"": ""white"", ""weight"": 1}, {""head"": ""unet"", ""source"": ""white"", ""weight"": -1}]",unet_l0/white -unet/white,roughness_ratio,"[31, 32, 33]","[1.5398683444257113, 4.33058010005436, 4.822337543584081]",3.564261996021384,1.7703343153998816,"[1.5398683444257113, 4.822337543584081]","Three paired optimization seeds on the fixed dataset; exploratory, no multiple-comparison correction",,
gp_multi,l0_vs_unet,"[{""head"": ""unet_l0"", ""source"": ""white"", ""weight"": 1}, {""head"": ""unet"", ""source"": ""white"", ""weight"": -1}]",unet_l0/white -unet/white,velocity_pc1_mse,"[31, 32, 33]","[0.6954493569838478, 1.2584106255052445, 0.9739886974582133]",0.9759495599824352,0.2814857566559704,"[0.6954493569838478, 1.2584106255052445]","Three paired optimization seeds on the fixed dataset; exploratory, no multiple-comparison correction",,
gp_multi,l0_vs_unet,"[{""head"": ""unet_l0"", ""source"": ""white"", ""weight"": 1}, {""head"": ""unet"", ""source"": ""white"", ""weight"": -1}]",unet_l0/white -unet/white,velocity_residual_mse,"[31, 32, 33]","[0.20575907985102093, 0.3919800308462892, 0.4670892109837983]",0.35494277389370277,0.1345443353002927,"[0.20575907985102093, 0.4670892109837983]","Three paired optimization seeds on the fixed dataset; exploratory, no multiple-comparison correction",,
gp_multi,l0_vs_unet,"[{""head"": ""unet_l0"", ""source"": ""white"", ""weight"": 1}, {""head"": ""unet"", ""source"": ""white"", ""weight"": -1}]",unet_l0/white -unet/white,velocity_residual_normalized_mse,"[31, 32, 33]","[0.2695510665779199, 0.5691234267109871, 0.6211404845654251]",0.4866049926181107,0.18976498276566586,"[0.2695510665779199, 0.6211404845654251]","Three paired optimization seeds on the fixed dataset; exploratory, no multiple-comparison correction",,
gp_multi,new_vs_mlp,"[{""head"": ""mlp_whitened"", ""source"": ""gp"", ""weight"": 1}, {""head"": ""mlp"", ""source"": ""gp"", ""weight"": -1}]",mlp_whitened/gp -mlp/gp,fair_crps,"[31, 32, 33]","[-0.011163582974780761, -0.027301440755722495, -0.031540580008007524]",-0.02333520124617026,0.010751920475356155,"[-0.031540580008007524, -0.011163582974780761]","Three paired optimization seeds on the fixed dataset; exploratory, no multiple-comparison correction",-0.031540580008007524,-0.011163582974780761
gp_multi,new_vs_mlp,"[{""head"": ""mlp_whitened"", ""source"": ""gp"", ""weight"": 1}, {""head"": ""mlp"", ""source"": ""gp"", ""weight"": -1}]",mlp_whitened/gp -mlp/gp,joint_energy_scaled,"[31, 32, 33]","[-0.01261785951047556, -0.027843196030999884, -0.03417448233885684]",-0.024878512626777427,0.011079892044001432,"[-0.03417448233885684, -0.01261785951047556]","Three paired optimization seeds on the fixed dataset; exploratory, no multiple-comparison correction",-0.03417448233885684,-0.01261785951047556
gp_multi,new_vs_mlp,"[{""head"": ""mlp_whitened"", ""source"": ""gp"", ""weight"": 1}, {""head"": ""mlp"", ""source"": ""gp"", ""weight"": -1}]",mlp_whitened/gp -mlp/gp,roughness_ratio,"[31, 32, 33]","[-0.05398092036459412, -0.05107157189871181, -0.03876101314082481]",-0.04793783513471025,0.008079394999291566,"[-0.05398092036459412, -0.03876101314082481]","Three paired optimization seeds on the fixed dataset; exploratory, no multiple-comparison correction",,
gp_multi,new_vs_mlp,"[{""head"": ""mlp_whitened"", ""source"": ""gp"", ""weight"": 1}, {""head"": ""mlp"", ""source"": ""gp"", ""weight"": -1}]",mlp_whitened/gp -mlp/gp,velocity_pc1_mse,"[31, 32, 33]","[-1.2361414308795453, -1.952723831810573, -1.476020273566732]",-1.5549618454189502,0.36475527844829503,"[-1.952723831810573, -1.2361414308795453]","Three paired optimization seeds on the fixed dataset; exploratory, no multiple-comparison correction",,
gp_multi,new_vs_mlp,"[{""head"": ""mlp_whitened"", ""source"": ""gp"", ""weight"": 1}, {""head"": ""mlp"", ""source"": ""gp"", ""weight"": -1}]",mlp_whitened/gp -mlp/gp,velocity_residual_mse,"[31, 32, 33]","[-0.03382974225463625, -0.04523957286576913, -0.0453388354005729]",-0.04146938350699276,0.006616309553764426,"[-0.0453388354005729, -0.03382974225463625]","Three paired optimization seeds on the fixed dataset; exploratory, no multiple-comparison correction",,
gp_multi,new_vs_mlp,"[{""head"": ""mlp_whitened"", ""source"": ""gp"", ""weight"": 1}, {""head"": ""mlp"", ""source"": ""gp"", ""weight"": -1}]",mlp_whitened/gp -mlp/gp,velocity_residual_normalized_mse,"[31, 32, 33]","[-0.07836586636807141, -0.0838714837262618, -0.08309880657155316]",-0.0817787188886288,0.0029807598430028363,"[-0.0838714837262618, -0.07836586636807141]","Three paired optimization seeds on the fixed dataset; exploratory, no multiple-comparison correction",,
gp_multi,new_vs_mlp,"[{""head"": ""mlp_balanced"", ""source"": ""gp"", ""weight"": 1}, {""head"": ""mlp"", ""source"": ""gp"", ""weight"": -1}]",mlp_balanced/gp -mlp/gp,fair_crps,"[31, 32, 33]","[0.2939527729603794, 0.2776325852773791, 0.2770335628489647]",0.2828729736955744,0.00960006097786447,"[0.2770335628489647, 0.2939527729603794]","Three paired optimization seeds on the fixed dataset; exploratory, no multiple-comparison correction",0.2770335628489647,0.2939527729603794
gp_multi,new_vs_mlp,"[{""head"": ""mlp_balanced"", ""source"": ""gp"", ""weight"": 1}, {""head"": ""mlp"", ""source"": ""gp"", ""weight"": -1}]",mlp_balanced/gp -mlp/gp,joint_energy_scaled,"[31, 32, 33]","[0.2890126634968755, 0.2729518788020331, 0.2709816432821394]",0.277648728527016,0.009890638022916379,"[0.2709816432821394, 0.2890126634968755]","Three paired optimization seeds on the fixed dataset; exploratory, no multiple-comparison correction",0.2709816432821394,0.2890126634968755
gp_multi,new_vs_mlp,"[{""head"": ""mlp_balanced"", ""source"": ""gp"", ""weight"": 1}, {""head"": ""mlp"", ""source"": ""gp"", ""weight"": -1}]",mlp_balanced/gp -mlp/gp,roughness_ratio,"[31, 32, 33]","[-0.07781869136468145, -0.052590455938144154, -0.055828360234234986]",-0.0620791691790202,0.013726631962442677,"[-0.07781869136468145, -0.052590455938144154]","Three paired optimization seeds on the fixed dataset; exploratory, no multiple-comparison correction",,
gp_multi,new_vs_mlp,"[{""head"": ""mlp_balanced"", ""source"": ""gp"", ""weight"": 1}, {""head"": ""mlp"", ""source"": ""gp"", ""weight"": -1}]",mlp_balanced/gp -mlp/gp,velocity_pc1_mse,"[31, 32, 33]","[36.425594060658455, 35.67485766888615, 35.48729391229227]",35.86258188061229,0.4965199662220555,"[35.48729391229227, 36.425594060658455]","Three paired optimization seeds on the fixed dataset; exploratory, no multiple-comparison correction",,
gp_multi,new_vs_mlp,"[{""head"": ""mlp_balanced"", ""source"": ""gp"", ""weight"": 1}, {""head"": ""mlp"", ""source"": ""gp"", ""weight"": -1}]",mlp_balanced/gp -mlp/gp,velocity_residual_mse,"[31, 32, 33]","[0.31497124044621977, 0.3048456498529722, 0.3127190134173032]",0.3108453012388317,0.005316483256000172,"[0.3048456498529722, 0.31497124044621977]","Three paired optimization seeds on the fixed dataset; exploratory, no multiple-comparison correction",,
gp_multi,new_vs_mlp,"[{""head"": ""mlp_balanced"", ""source"": ""gp"", ""weight"": 1}, {""head"": ""mlp"", ""source"": ""gp"", ""weight"": -1}]",mlp_balanced/gp -mlp/gp,velocity_residual_normalized_mse,"[31, 32, 33]","[0.04232172268500667, 0.027430563481816606, 0.02991735311597049]",0.03322321309426459,0.007977041321865708,"[0.027430563481816606, 0.04232172268500667]","Three paired optimization seeds on the fixed dataset; exploratory, no multiple-comparison correction",,
gp_multi,new_vs_mlp,"[{""head"": ""history_dense_ae"", ""source"": ""gp"", ""weight"": 1}, {""head"": ""mlp"", ""source"": ""gp"", ""weight"": -1}]",history_dense_ae/gp -mlp/gp,fair_crps,"[31, 32, 33]","[0.021644954674706673, 0.010312720681217802, 0.002306851406636723]",0.011421508920853732,0.00971661556417154,"[0.002306851406636723, 0.021644954674706673]","Three paired optimization seeds on the fixed dataset; exploratory, no multiple-comparison correction",0.002306851406636723,0.021644954674706673
gp_multi,new_vs_mlp,"[{""head"": ""history_dense_ae"", ""source"": ""gp"", ""weight"": 1}, {""head"": ""mlp"", ""source"": ""gp"", ""weight"": -1}]",history_dense_ae/gp -mlp/gp,joint_energy_scaled,"[31, 32, 33]","[0.01989220252783408, 0.009319431680908041, 0.0024010582390198154]",0.010537564149253978,0.008808967996641768,"[0.0024010582390198154, 0.01989220252783408]","Three paired optimization seeds on the fixed dataset; exploratory, no multiple-comparison correction",0.0024010582390198154,0.01989220252783408
gp_multi,new_vs_mlp,"[{""head"": ""history_dense_ae"", ""source"": ""gp"", ""weight"": 1}, {""head"": ""mlp"", ""source"": ""gp"", ""weight"": -1}]",history_dense_ae/gp -mlp/gp,roughness_ratio,"[31, 32, 33]","[-0.011327754633454923, 0.01791847331650931, -0.0016729961791689396]",0.0016392408346284821,0.014901800154746223,"[-0.011327754633454923, 0.01791847331650931]","Three paired optimization seeds on the fixed dataset; exploratory, no multiple-comparison correction",,
gp_multi,new_vs_mlp,"[{""head"": ""history_dense_ae"", ""source"": ""gp"", ""weight"": 1}, {""head"": ""mlp"", ""source"": ""gp"", ""weight"": -1}]",history_dense_ae/gp -mlp/gp,velocity_pc1_mse,"[31, 32, 33]","[1.6722012455092923, 1.364108241221519, 0.882844329128929]",1.3063846052865802,0.3978317470596596,"[0.882844329128929, 1.6722012455092923]","Three paired optimization seeds on the fixed dataset; exploratory, no multiple-comparison correction",,
gp_multi,new_vs_mlp,"[{""head"": ""history_dense_ae"", ""source"": ""gp"", ""weight"": 1}, {""head"": ""mlp"", ""source"": ""gp"", ""weight"": -1}]",history_dense_ae/gp -mlp/gp,velocity_residual_mse,"[31, 32, 33]","[0.024535157242011496, 0.01863571673961939, 0.020911504281357407]",0.021360792754329432,0.002975272199190396,"[0.01863571673961939, 0.024535157242011496]","Three paired optimization seeds on the fixed dataset; exploratory, no multiple-comparison correction",,
gp_multi,new_vs_mlp,"[{""head"": ""history_dense_ae"", ""source"": ""gp"", ""weight"": 1}, {""head"": ""mlp"", ""source"": ""gp"", ""weight"": -1}]",history_dense_ae/gp -mlp/gp,velocity_residual_normalized_mse,"[31, 32, 33]","[0.016272843066686082, 0.017725031293711058, 0.015084597204590267]",0.016360823854995803,0.001322413894770274,"[0.015084597204590267, 0.017725031293711058]","Three paired optimization seeds on the fixed dataset; exploratory, no multiple-comparison correction",,
gp_multi,new_vs_mlp,"[{""head"": ""history_topk_ae"", ""source"": ""gp"", ""weight"": 1}, {""head"": ""mlp"", ""source"": ""gp"", ""weight"": -1}]",history_topk_ae/gp -mlp/gp,fair_crps,"[31, 32, 33]","[0.054007933450385404, 0.0372184336471178, 0.04992270833638923]",0.04704969181129748,0.008755712071331974,"[0.0372184336471178, 0.054007933450385404]","Three paired optimization seeds on the fixed dataset; exploratory, no multiple-comparison correction",0.0372184336471178,0.054007933450385404
gp_multi,new_vs_mlp,"[{""head"": ""history_topk_ae"", ""source"": ""gp"", ""weight"": 1}, {""head"": ""mlp"", ""source"": ""gp"", ""weight"": -1}]",history_topk_ae/gp -mlp/gp,joint_energy_scaled,"[31, 32, 33]","[0.05080112975115314, 0.03713085205979216, 0.04471498116480899]",0.04421565432525143,0.006848804166367827,"[0.03713085205979216, 0.05080112975115314]","Three paired optimization seeds on the fixed dataset; exploratory, no multiple-comparison correction",0.03713085205979216,0.05080112975115314
gp_multi,new_vs_mlp,"[{""head"": ""history_topk_ae"", ""source"": ""gp"", ""weight"": 1}, {""head"": ""mlp"", ""source"": ""gp"", ""weight"": -1}]",history_topk_ae/gp -mlp/gp,roughness_ratio,"[31, 32, 33]","[0.014427994234687214, -0.01705814356998203, -0.02638952977567155]",-0.009673226370322122,0.02138738689317674,"[-0.02638952977567155, 0.014427994234687214]","Three paired optimization seeds on the fixed dataset; exploratory, no multiple-comparison correction",,
gp_multi,new_vs_mlp,"[{""head"": ""history_topk_ae"", ""source"": ""gp"", ""weight"": 1}, {""head"": ""mlp"", ""source"": ""gp"", ""weight"": -1}]",history_topk_ae/gp -mlp/gp,velocity_pc1_mse,"[31, 32, 33]","[4.881843345125731, 4.310955440732336, 4.413374068475367]",4.5353909514444775,0.3043753269284384,"[4.310955440732336, 4.881843345125731]","Three paired optimization seeds on the fixed dataset; exploratory, no multiple-comparison correction",,
gp_multi,new_vs_mlp,"[{""head"": ""history_topk_ae"", ""source"": ""gp"", ""weight"": 1}, {""head"": ""mlp"", ""source"": ""gp"", ""weight"": -1}]",history_topk_ae/gp -mlp/gp,velocity_residual_mse,"[31, 32, 33]","[0.06816880362540173, 0.05232867307534478, 0.06177568759724872]",0.06075772143266508,0.007968978936782913,"[0.05232867307534478, 0.06816880362540173]","Three paired optimization seeds on the fixed dataset; exploratory, no multiple-comparison correction",,
gp_multi,new_vs_mlp,"[{""head"": ""history_topk_ae"", ""source"": ""gp"", ""weight"": 1}, {""head"": ""mlp"", ""source"": ""gp"", ""weight"": -1}]",history_topk_ae/gp -mlp/gp,velocity_residual_normalized_mse,"[31, 32, 33]","[0.03129772135615111, 0.026760505967701576, 0.02470824277923761]",0.027588823367696764,0.003371926639956982,"[0.02470824277923761, 0.03129772135615111]","Three paired optimization seeds on the fixed dataset; exploratory, no multiple-comparison correction",,
gp_multi,new_vs_mlp,"[{""head"": ""history_conv_dense"", ""source"": ""gp"", ""weight"": 1}, {""head"": ""mlp"", ""source"": ""gp"", ""weight"": -1}]",history_conv_dense/gp -mlp/gp,fair_crps,"[31, 32, 33]","[0.05616302382860233, 0.04667305287450407, 0.054150597828890035]",0.05232889151066548,0.005000384746177198,"[0.04667305287450407, 0.05616302382860233]","Three paired optimization seeds on the fixed dataset; exploratory, no multiple-comparison correction",0.04667305287450407,0.05616302382860233
gp_multi,new_vs_mlp,"[{""head"": ""history_conv_dense"", ""source"": ""gp"", ""weight"": 1}, {""head"": ""mlp"", ""source"": ""gp"", ""weight"": -1}]",history_conv_dense/gp -mlp/gp,joint_energy_scaled,"[31, 32, 33]","[0.05446836724084125, 0.046941336795727095, 0.05132629790294396]",0.050912000646504106,0.0037805791213700386,"[0.046941336795727095, 0.05446836724084125]","Three paired optimization seeds on the fixed dataset; exploratory, no multiple-comparison correction",0.046941336795727095,0.05446836724084125
gp_multi,new_vs_mlp,"[{""head"": ""history_conv_dense"", ""source"": ""gp"", ""weight"": 1}, {""head"": ""mlp"", ""source"": ""gp"", ""weight"": -1}]",history_conv_dense/gp -mlp/gp,roughness_ratio,"[31, 32, 33]","[-0.0018247001492573967, -0.05137249396118804, 0.0004409355871588527]",-0.017585419507762195,0.02928238508751528,"[-0.05137249396118804, 0.0004409355871588527]","Three paired optimization seeds on the fixed dataset; exploratory, no multiple-comparison correction",,
gp_multi,new_vs_mlp,"[{""head"": ""history_conv_dense"", ""source"": ""gp"", ""weight"": 1}, {""head"": ""mlp"", ""source"": ""gp"", ""weight"": -1}]",history_conv_dense/gp -mlp/gp,velocity_pc1_mse,"[31, 32, 33]","[6.174608236933398, 4.866441810665446, 5.410916164800575]",5.483988737466473,0.6571373907796423,"[4.866441810665446, 6.174608236933398]","Three paired optimization seeds on the fixed dataset; exploratory, no multiple-comparison correction",,
gp_multi,new_vs_mlp,"[{""head"": ""history_conv_dense"", ""source"": ""gp"", ""weight"": 1}, {""head"": ""mlp"", ""source"": ""gp"", ""weight"": -1}]",history_conv_dense/gp -mlp/gp,velocity_residual_mse,"[31, 32, 33]","[0.05148127044924422, 0.03778741091407456, 0.060708294145956965]",0.04999232516975858,0.011532755116032505,"[0.03778741091407456, 0.060708294145956965]","Three paired optimization seeds on the fixed dataset; exploratory, no multiple-comparison correction",,
gp_multi,new_vs_mlp,"[{""head"": ""history_conv_dense"", ""source"": ""gp"", ""weight"": 1}, {""head"": ""mlp"", ""source"": ""gp"", ""weight"": -1}]",history_conv_dense/gp -mlp/gp,velocity_residual_normalized_mse,"[31, 32, 33]","[0.011536260797684883, 0.008462353358241526, 0.011935576492318634]",0.01064473021608168,0.0019005104099221373,"[0.008462353358241526, 0.011935576492318634]","Three paired optimization seeds on the fixed dataset; exploratory, no multiple-comparison correction",,
gp_multi,new_vs_mlp,"[{""head"": ""history_conv_sparse"", ""source"": ""gp"", ""weight"": 1}, {""head"": ""mlp"", ""source"": ""gp"", ""weight"": -1}]",history_conv_sparse/gp -mlp/gp,fair_crps,"[31, 32, 33]","[0.06507001685781377, 0.05072189708814062, 0.05859461440642266]",0.05812884278412569,0.007185390917293523,"[0.05072189708814062, 0.06507001685781377]","Three paired optimization seeds on the fixed dataset; exploratory, no multiple-comparison correction",0.05072189708814062,0.06507001685781377
gp_multi,new_vs_mlp,"[{""head"": ""history_conv_sparse"", ""source"": ""gp"", ""weight"": 1}, {""head"": ""mlp"", ""source"": ""gp"", ""weight"": -1}]",history_conv_sparse/gp -mlp/gp,joint_energy_scaled,"[31, 32, 33]","[0.06388025373597644, 0.051305634559314306, 0.056643361059009856]",0.05727641645143353,0.006311167182615853,"[0.051305634559314306, 0.06388025373597644]","Three paired optimization seeds on the fixed dataset; exploratory, no multiple-comparison correction",0.051305634559314306,0.06388025373597644
gp_multi,new_vs_mlp,"[{""head"": ""history_conv_sparse"", ""source"": ""gp"", ""weight"": 1}, {""head"": ""mlp"", ""source"": ""gp"", ""weight"": -1}]",history_conv_sparse/gp -mlp/gp,roughness_ratio,"[31, 32, 33]","[0.0007918347910071954, -0.05217784710163931, -0.021446090558144504]",-0.02427736762292554,0.026598099505701665,"[-0.05217784710163931, 0.0007918347910071954]","Three paired optimization seeds on the fixed dataset; exploratory, no multiple-comparison correction",,
gp_multi,new_vs_mlp,"[{""head"": ""history_conv_sparse"", ""source"": ""gp"", ""weight"": 1}, {""head"": ""mlp"", ""source"": ""gp"", ""weight"": -1}]",history_conv_sparse/gp -mlp/gp,velocity_pc1_mse,"[31, 32, 33]","[7.069389614957213, 5.760387783232467, 7.072162038017986]",6.633979812069222,0.7565541594742212,"[5.760387783232467, 7.072162038017986]","Three paired optimization seeds on the fixed dataset; exploratory, no multiple-comparison correction",,
gp_multi,new_vs_mlp,"[{""head"": ""history_conv_sparse"", ""source"": ""gp"", ""weight"": 1}, {""head"": ""mlp"", ""source"": ""gp"", ""weight"": -1}]",history_conv_sparse/gp -mlp/gp,velocity_residual_mse,"[31, 32, 33]","[0.056794652749553975, 0.04740227802543573, 0.06777584054797925]",0.05732425710765632,0.010197101208043796,"[0.04740227802543573, 0.06777584054797925]","Three paired optimization seeds on the fixed dataset; exploratory, no multiple-comparison correction",,
gp_multi,new_vs_mlp,"[{""head"": ""history_conv_sparse"", ""source"": ""gp"", ""weight"": 1}, {""head"": ""mlp"", ""source"": ""gp"", ""weight"": -1}]",history_conv_sparse/gp -mlp/gp,velocity_residual_normalized_mse,"[31, 32, 33]","[0.014313147097674228, 0.010185481227153681, 0.01147830296768837]",0.01199231043083876,0.0021112932384668315,"[0.010185481227153681, 0.014313147097674228]","Three paired optimization seeds on the fixed dataset; exploratory, no multiple-comparison correction",,
gp_multi,new_vs_mlp,"[{""head"": ""dictionary_dense"", ""source"": ""gp"", ""weight"": 1}, {""head"": ""mlp"", ""source"": ""gp"", ""weight"": -1}]",dictionary_dense/gp -mlp/gp,fair_crps,"[31, 32, 33]","[0.005341899197898625, -0.00025210127476715805, -0.004886852150329524]",6.764859093398116e-05,0.005121866702524746,"[-0.004886852150329524, 0.005341899197898625]","Three paired optimization seeds on the fixed dataset; exploratory, no multiple-comparison correction",-0.004886852150329524,0.005341899197898625
gp_multi,new_vs_mlp,"[{""head"": ""dictionary_dense"", ""source"": ""gp"", ""weight"": 1}, {""head"": ""mlp"", ""source"": ""gp"", ""weight"": -1}]",dictionary_dense/gp -mlp/gp,joint_energy_scaled,"[31, 32, 33]","[0.006147086406258329, 0.00017812445088294382, -0.006424381238859633]",-3.30567939061203e-05,0.0062883938988166875,"[-0.006424381238859633, 0.006147086406258329]","Three paired optimization seeds on the fixed dataset; exploratory, no multiple-comparison correction",-0.006424381238859633,0.006147086406258329
gp_multi,new_vs_mlp,"[{""head"": ""dictionary_dense"", ""source"": ""gp"", ""weight"": 1}, {""head"": ""mlp"", ""source"": ""gp"", ""weight"": -1}]",dictionary_dense/gp -mlp/gp,roughness_ratio,"[31, 32, 33]","[0.029783194283790504, 0.03714216867854769, 0.01785619980067865]",0.028260520921005616,0.009732730835527833,"[0.01785619980067865, 0.03714216867854769]","Three paired optimization seeds on the fixed dataset; exploratory, no multiple-comparison correction",,
gp_multi,new_vs_mlp,"[{""head"": ""dictionary_dense"", ""source"": ""gp"", ""weight"": 1}, {""head"": ""mlp"", ""source"": ""gp"", ""weight"": -1}]",dictionary_dense/gp -mlp/gp,velocity_pc1_mse,"[31, 32, 33]","[0.4810803230028462, 0.7546520560939207, -0.6734285056183076]",0.18743462449281978,0.7579738583059177,"[-0.6734285056183076, 0.7546520560939207]","Three paired optimization seeds on the fixed dataset; exploratory, no multiple-comparison correction",,
gp_multi,new_vs_mlp,"[{""head"": ""dictionary_dense"", ""source"": ""gp"", ""weight"": 1}, {""head"": ""mlp"", ""source"": ""gp"", ""weight"": -1}]",dictionary_dense/gp -mlp/gp,velocity_residual_mse,"[31, 32, 33]","[0.0006576461878935458, 0.0038476187589511768, 0.0049215087912110045]",0.0031422579126852423,0.0022177198915949757,"[0.0006576461878935458, 0.0049215087912110045]","Three paired optimization seeds on the fixed dataset; exploratory, no multiple-comparison correction",,
gp_multi,new_vs_mlp,"[{""head"": ""dictionary_dense"", ""source"": ""gp"", ""weight"": 1}, {""head"": ""mlp"", ""source"": ""gp"", ""weight"": -1}]",dictionary_dense/gp -mlp/gp,velocity_residual_normalized_mse,"[31, 32, 33]","[10.292763611326675, 8.561712048187713, 10.92055338549505]",9.925009681669813,1.221664981994251,"[8.561712048187713, 10.92055338549505]","Three paired optimization seeds on the fixed dataset; exploratory, no multiple-comparison correction",,
gp_multi,new_vs_mlp,"[{""head"": ""dictionary_topk"", ""source"": ""gp"", ""weight"": 1}, {""head"": ""mlp"", ""source"": ""gp"", ""weight"": -1}]",dictionary_topk/gp -mlp/gp,fair_crps,"[31, 32, 33]","[0.018684423600121236, 0.013249730529223513, 0.0033134772376685606]",0.011749210455671103,0.00779456017923395,"[0.0033134772376685606, 0.018684423600121236]","Three paired optimization seeds on the fixed dataset; exploratory, no multiple-comparison correction",0.0033134772376685606,0.018684423600121236
gp_multi,new_vs_mlp,"[{""head"": ""dictionary_topk"", ""source"": ""gp"", ""weight"": 1}, {""head"": ""mlp"", ""source"": ""gp"", ""weight"": -1}]",dictionary_topk/gp -mlp/gp,joint_energy_scaled,"[31, 32, 33]","[0.018798399329343185, 0.01407615134772855, 0.004762374860950991]",0.012545641846007574,0.0071420823448396144,"[0.004762374860950991, 0.018798399329343185]","Three paired optimization seeds on the fixed dataset; exploratory, no multiple-comparison correction",0.004762374860950991,0.018798399329343185
gp_multi,new_vs_mlp,"[{""head"": ""dictionary_topk"", ""source"": ""gp"", ""weight"": 1}, {""head"": ""mlp"", ""source"": ""gp"", ""weight"": -1}]",dictionary_topk/gp -mlp/gp,roughness_ratio,"[31, 32, 33]","[0.35221555179296327, 0.3568022853430387, 0.336262599487539]",0.34842681220784694,0.010781260802592797,"[0.336262599487539, 0.3568022853430387]","Three paired optimization seeds on the fixed dataset; exploratory, no multiple-comparison correction",,
gp_multi,new_vs_mlp,"[{""head"": ""dictionary_topk"", ""source"": ""gp"", ""weight"": 1}, {""head"": ""mlp"", ""source"": ""gp"", ""weight"": -1}]",dictionary_topk/gp -mlp/gp,velocity_pc1_mse,"[31, 32, 33]","[0.5693913252670697, -0.5117943144734696, -0.5217981550406385]",-0.1547337147490128,0.627130627852159,"[-0.5217981550406385, 0.5693913252670697]","Three paired optimization seeds on the fixed dataset; exploratory, no multiple-comparison correction",,
gp_multi,new_vs_mlp,"[{""head"": ""dictionary_topk"", ""source"": ""gp"", ""weight"": 1}, {""head"": ""mlp"", ""source"": ""gp"", ""weight"": -1}]",dictionary_topk/gp -mlp/gp,velocity_residual_mse,"[31, 32, 33]","[0.06899733202655894, 0.058265379475218926, 0.06866603861190512]",0.06530958337122766,0.006102708024152619,"[0.058265379475218926, 0.06899733202655894]","Three paired optimization seeds on the fixed dataset; exploratory, no multiple-comparison correction",,
gp_multi,new_vs_mlp,"[{""head"": ""dictionary_topk"", ""source"": ""gp"", ""weight"": 1}, {""head"": ""mlp"", ""source"": ""gp"", ""weight"": -1}]",dictionary_topk/gp -mlp/gp,velocity_residual_normalized_mse,"[31, 32, 33]","[226.570449197614, 246.26251946279288, 252.55840274491467]",241.79712380177386,13.557221367273234,"[226.570449197614, 252.55840274491467]","Three paired optimization seeds on the fixed dataset; exploratory, no multiple-comparison correction",,
gp_multi,new_vs_mlp,"[{""head"": ""unet_l0"", ""source"": ""gp"", ""weight"": 1}, {""head"": ""mlp"", ""source"": ""gp"", ""weight"": -1}]",unet_l0/gp -mlp/gp,fair_crps,"[31, 32, 33]","[0.07466563727881775, 0.028290193079338888, 0.07809624548920041]",0.06035069194911902,0.02781814082586516,"[0.028290193079338888, 0.07809624548920041]","Three paired optimization seeds on the fixed dataset; exploratory, no multiple-comparison correction",0.028290193079338888,0.07809624548920041
gp_multi,new_vs_mlp,"[{""head"": ""unet_l0"", ""source"": ""gp"", ""weight"": 1}, {""head"": ""mlp"", ""source"": ""gp"", ""weight"": -1}]",unet_l0/gp -mlp/gp,joint_energy_scaled,"[31, 32, 33]","[0.06463247603841393, 0.019750703409128767, 0.06642697959283345]",0.050270053013458715,0.026445757428275558,"[0.019750703409128767, 0.06642697959283345]","Three paired optimization seeds on the fixed dataset; exploratory, no multiple-comparison correction",0.019750703409128767,0.06642697959283345
gp_multi,new_vs_mlp,"[{""head"": ""unet_l0"", ""source"": ""gp"", ""weight"": 1}, {""head"": ""mlp"", ""source"": ""gp"", ""weight"": -1}]",unet_l0/gp -mlp/gp,roughness_ratio,"[31, 32, 33]","[0.03801878514635959, 0.06101735697733501, 0.013506156947983627]",0.03751409969055941,0.0237596204223517,"[0.013506156947983627, 0.06101735697733501]","Three paired optimization seeds on the fixed dataset; exploratory, no multiple-comparison correction",,
gp_multi,new_vs_mlp,"[{""head"": ""unet_l0"", ""source"": ""gp"", ""weight"": 1}, {""head"": ""mlp"", ""source"": ""gp"", ""weight"": -1}]",unet_l0/gp -mlp/gp,velocity_pc1_mse,"[31, 32, 33]","[4.60547484765879, 2.499615343167804, 1.0683156934041271]",2.7244686280769073,1.7792675376212264,"[1.0683156934041271, 4.60547484765879]","Three paired optimization seeds on the fixed dataset; exploratory, no multiple-comparison correction",,
gp_multi,new_vs_mlp,"[{""head"": ""unet_l0"", ""source"": ""gp"", ""weight"": 1}, {""head"": ""mlp"", ""source"": ""gp"", ""weight"": -1}]",unet_l0/gp -mlp/gp,velocity_residual_mse,"[31, 32, 33]","[0.1763319122478733, 0.10470009811738062, 0.2939506351303796]",0.19166088183187782,0.09555194619319707,"[0.10470009811738062, 0.2939506351303796]","Three paired optimization seeds on the fixed dataset; exploratory, no multiple-comparison correction",,
gp_multi,new_vs_mlp,"[{""head"": ""unet_l0"", ""source"": ""gp"", ""weight"": 1}, {""head"": ""mlp"", ""source"": ""gp"", ""weight"": -1}]",unet_l0/gp -mlp/gp,velocity_residual_normalized_mse,"[31, 32, 33]","[21.366371252043283, 29.249009944685696, 9.263034083059345]",19.95947175992944,10.066992223154859,"[9.263034083059345, 29.249009944685696]","Three paired optimization seeds on the fixed dataset; exploratory, no multiple-comparison correction",,
gp_multi,new_vs_mlp,"[{""head"": ""moe_dense"", ""source"": ""gp"", ""weight"": 1}, {""head"": ""mlp"", ""source"": ""gp"", ""weight"": -1}]",moe_dense/gp -mlp/gp,fair_crps,"[31, 32, 33]","[0.008798328802462674, 0.007321722674618947, -0.004059454266476303]",0.004020199070201773,0.007036027994889325,"[-0.004059454266476303, 0.008798328802462674]","Three paired optimization seeds on the fixed dataset; exploratory, no multiple-comparison correction",-0.004059454266476303,0.008798328802462674
gp_multi,new_vs_mlp,"[{""head"": ""moe_dense"", ""source"": ""gp"", ""weight"": 1}, {""head"": ""mlp"", ""source"": ""gp"", ""weight"": -1}]",moe_dense/gp -mlp/gp,joint_energy_scaled,"[31, 32, 33]","[0.009314874624961167, 0.011493404993732859, -0.004528019402355088]",0.005426753405446312,0.008689627430627952,"[-0.004528019402355088, 0.011493404993732859]","Three paired optimization seeds on the fixed dataset; exploratory, no multiple-comparison correction",-0.004528019402355088,0.011493404993732859
gp_multi,new_vs_mlp,"[{""head"": ""moe_dense"", ""source"": ""gp"", ""weight"": 1}, {""head"": ""mlp"", ""source"": ""gp"", ""weight"": -1}]",moe_dense/gp -mlp/gp,roughness_ratio,"[31, 32, 33]","[-0.02051042403834369, -0.029618423798130178, -0.003747616384050967]",-0.017958821406841612,0.013122792235492804,"[-0.029618423798130178, -0.003747616384050967]","Three paired optimization seeds on the fixed dataset; exploratory, no multiple-comparison correction",,
gp_multi,new_vs_mlp,"[{""head"": ""moe_dense"", ""source"": ""gp"", ""weight"": 1}, {""head"": ""mlp"", ""source"": ""gp"", ""weight"": -1}]",moe_dense/gp -mlp/gp,velocity_pc1_mse,"[31, 32, 33]","[0.2945186979014309, -0.7923572167568445, -0.4654244239612648]",-0.32108764760555947,0.557628588060757,"[-0.7923572167568445, 0.2945186979014309]","Three paired optimization seeds on the fixed dataset; exploratory, no multiple-comparison correction",,
gp_multi,new_vs_mlp,"[{""head"": ""moe_dense"", ""source"": ""gp"", ""weight"": 1}, {""head"": ""mlp"", ""source"": ""gp"", ""weight"": -1}]",moe_dense/gp -mlp/gp,velocity_residual_mse,"[31, 32, 33]","[0.012103344157177343, 0.0006761723059851565, 0.011724017226190042]",0.008167844563117513,0.006490750121238533,"[0.0006761723059851565, 0.012103344157177343]","Three paired optimization seeds on the fixed dataset; exploratory, no multiple-comparison correction",,
gp_multi,new_vs_mlp,"[{""head"": ""moe_dense"", ""source"": ""gp"", ""weight"": 1}, {""head"": ""mlp"", ""source"": ""gp"", ""weight"": -1}]",moe_dense/gp -mlp/gp,velocity_residual_normalized_mse,"[31, 32, 33]","[0.016985785590361402, 0.007206899913618725, 0.005253710460142835]",0.00981546532137432,0.006286004838542331,"[0.005253710460142835, 0.016985785590361402]","Three paired optimization seeds on the fixed dataset; exploratory, no multiple-comparison correction",,
gp_multi,new_vs_mlp,"[{""head"": ""moe_topk"", ""source"": ""gp"", ""weight"": 1}, {""head"": ""mlp"", ""source"": ""gp"", ""weight"": -1}]",moe_topk/gp -mlp/gp,fair_crps,"[31, 32, 33]","[0.00928781878178303, 0.001529934133450983, -0.004083908733183483]",0.002244614727350177,0.006714450867129807,"[-0.004083908733183483, 0.00928781878178303]","Three paired optimization seeds on the fixed dataset; exploratory, no multiple-comparison correction",-0.004083908733183483,0.00928781878178303
gp_multi,new_vs_mlp,"[{""head"": ""moe_topk"", ""source"": ""gp"", ""weight"": 1}, {""head"": ""mlp"", ""source"": ""gp"", ""weight"": -1}]",moe_topk/gp -mlp/gp,joint_energy_scaled,"[31, 32, 33]","[0.011182317046257217, 0.004757933946354098, -0.0049257252975173915]",0.003671508565031308,0.008108791347611291,"[-0.0049257252975173915, 0.011182317046257217]","Three paired optimization seeds on the fixed dataset; exploratory, no multiple-comparison correction",-0.0049257252975173915,0.011182317046257217
gp_multi,new_vs_mlp,"[{""head"": ""moe_topk"", ""source"": ""gp"", ""weight"": 1}, {""head"": ""mlp"", ""source"": ""gp"", ""weight"": -1}]",moe_topk/gp -mlp/gp,roughness_ratio,"[31, 32, 33]","[-0.00830449310351944, -0.03125881211536119, -0.009193982613386553]",-0.016252429277422393,0.013003516536157783,"[-0.03125881211536119, -0.00830449310351944]","Three paired optimization seeds on the fixed dataset; exploratory, no multiple-comparison correction",,
gp_multi,new_vs_mlp,"[{""head"": ""moe_topk"", ""source"": ""gp"", ""weight"": 1}, {""head"": ""mlp"", ""source"": ""gp"", ""weight"": -1}]",moe_topk/gp -mlp/gp,velocity_pc1_mse,"[31, 32, 33]","[-0.40848827897908535, -0.8944965576375488, -0.12822325853455752]",-0.4770693650503972,0.3877128012518881,"[-0.8944965576375488, -0.12822325853455752]","Three paired optimization seeds on the fixed dataset; exploratory, no multiple-comparison correction",,
gp_multi,new_vs_mlp,"[{""head"": ""moe_topk"", ""source"": ""gp"", ""weight"": 1}, {""head"": ""mlp"", ""source"": ""gp"", ""weight"": -1}]",moe_topk/gp -mlp/gp,velocity_residual_mse,"[31, 32, 33]","[0.008189215276670603, 0.0035531368804637697, 0.012602902151890694]",0.008115084769675021,0.004525338038868673,"[0.0035531368804637697, 0.012602902151890694]","Three paired optimization seeds on the fixed dataset; exploratory, no multiple-comparison correction",,
gp_multi,new_vs_mlp,"[{""head"": ""moe_topk"", ""source"": ""gp"", ""weight"": 1}, {""head"": ""mlp"", ""source"": ""gp"", ""weight"": -1}]",moe_topk/gp -mlp/gp,velocity_residual_normalized_mse,"[31, 32, 33]","[0.0172753471320351, 0.01230191581931761, 0.005824484091940474]",0.011800582347764396,0.00574186968922371,"[0.005824484091940474, 0.0172753471320351]","Three paired optimization seeds on the fixed dataset; exploratory, no multiple-comparison correction",,
gp_multi,sparse_vs_dense,"[{""head"": ""history_topk_ae"", ""source"": ""gp"", ""weight"": 1}, {""head"": ""history_dense_ae"", ""source"": ""gp"", ""weight"": -1}]",history_topk_ae/gp -history_dense_ae/gp,fair_crps,"[31, 32, 33]","[0.03236297877567873, 0.026905712965899997, 0.04761585692975251]",0.03562818289044375,0.010734229557084335,"[0.026905712965899997, 0.04761585692975251]","Three paired optimization seeds on the fixed dataset; exploratory, no multiple-comparison correction",0.026905712965899997,0.04761585692975251
gp_multi,sparse_vs_dense,"[{""head"": ""history_topk_ae"", ""source"": ""gp"", ""weight"": 1}, {""head"": ""history_dense_ae"", ""source"": ""gp"", ""weight"": -1}]",history_topk_ae/gp -history_dense_ae/gp,joint_energy_scaled,"[31, 32, 33]","[0.03090892722331906, 0.027811420378884122, 0.04231392292578917]",0.033678090175997454,0.0076375285678425935,"[0.027811420378884122, 0.04231392292578917]","Three paired optimization seeds on the fixed dataset; exploratory, no multiple-comparison correction",0.027811420378884122,0.04231392292578917
gp_multi,sparse_vs_dense,"[{""head"": ""history_topk_ae"", ""source"": ""gp"", ""weight"": 1}, {""head"": ""history_dense_ae"", ""source"": ""gp"", ""weight"": -1}]",history_topk_ae/gp -history_dense_ae/gp,roughness_ratio,"[31, 32, 33]","[0.025755748868142136, -0.03497661688649134, -0.02471653359650261]",-0.011312467204950605,0.03250933418897556,"[-0.03497661688649134, 0.025755748868142136]","Three paired optimization seeds on the fixed dataset; exploratory, no multiple-comparison correction",,
gp_multi,sparse_vs_dense,"[{""head"": ""history_topk_ae"", ""source"": ""gp"", ""weight"": 1}, {""head"": ""history_dense_ae"", ""source"": ""gp"", ""weight"": -1}]",history_topk_ae/gp -history_dense_ae/gp,velocity_pc1_mse,"[31, 32, 33]","[3.2096420996164383, 2.9468471995108168, 3.530529739346438]",3.2290063461578975,0.2923226938852493,"[2.9468471995108168, 3.530529739346438]","Three paired optimization seeds on the fixed dataset; exploratory, no multiple-comparison correction",,
gp_multi,sparse_vs_dense,"[{""head"": ""history_topk_ae"", ""source"": ""gp"", ""weight"": 1}, {""head"": ""history_dense_ae"", ""source"": ""gp"", ""weight"": -1}]",history_topk_ae/gp -history_dense_ae/gp,velocity_residual_mse,"[31, 32, 33]","[0.043633646383390234, 0.03369295633572539, 0.04086418331589131]",0.03939692867833564,0.005130200462409552,"[0.03369295633572539, 0.043633646383390234]","Three paired optimization seeds on the fixed dataset; exploratory, no multiple-comparison correction",,
gp_multi,sparse_vs_dense,"[{""head"": ""history_topk_ae"", ""source"": ""gp"", ""weight"": 1}, {""head"": ""history_dense_ae"", ""source"": ""gp"", ""weight"": -1}]",history_topk_ae/gp -history_dense_ae/gp,velocity_residual_normalized_mse,"[31, 32, 33]","[0.015024878289465027, 0.009035474673990518, 0.009623645574647344]",0.011227999512700962,0.003301318310338447,"[0.009035474673990518, 0.015024878289465027]","Three paired optimization seeds on the fixed dataset; exploratory, no multiple-comparison correction",,
gp_multi,sparse_vs_dense,"[{""head"": ""history_conv_sparse"", ""source"": ""gp"", ""weight"": 1}, {""head"": ""history_conv_dense"", ""source"": ""gp"", ""weight"": -1}]",history_conv_sparse/gp -history_conv_dense/gp,fair_crps,"[31, 32, 33]","[0.00890699302921144, 0.004048844213636549, 0.004444016577532628]",0.005799951273460206,0.0026980218037078742,"[0.004048844213636549, 0.00890699302921144]","Three paired optimization seeds on the fixed dataset; exploratory, no multiple-comparison correction",0.004048844213636549,0.00890699302921144
gp_multi,sparse_vs_dense,"[{""head"": ""history_conv_sparse"", ""source"": ""gp"", ""weight"": 1}, {""head"": ""history_conv_dense"", ""source"": ""gp"", ""weight"": -1}]",history_conv_sparse/gp -history_conv_dense/gp,joint_energy_scaled,"[31, 32, 33]","[0.009411886495135191, 0.0043642977635872104, 0.005317063156065893]",0.006364415804929431,0.0026818368106623566,"[0.0043642977635872104, 0.009411886495135191]","Three paired optimization seeds on the fixed dataset; exploratory, no multiple-comparison correction",0.0043642977635872104,0.009411886495135191
gp_multi,sparse_vs_dense,"[{""head"": ""history_conv_sparse"", ""source"": ""gp"", ""weight"": 1}, {""head"": ""history_conv_dense"", ""source"": ""gp"", ""weight"": -1}]",history_conv_sparse/gp -history_conv_dense/gp,roughness_ratio,"[31, 32, 33]","[0.002616534940264592, -0.0008053531404512704, -0.021887026145303357]",-0.006691948115163345,0.013270083901986795,"[-0.021887026145303357, 0.002616534940264592]","Three paired optimization seeds on the fixed dataset; exploratory, no multiple-comparison correction",,
gp_multi,sparse_vs_dense,"[{""head"": ""history_conv_sparse"", ""source"": ""gp"", ""weight"": 1}, {""head"": ""history_conv_dense"", ""source"": ""gp"", ""weight"": -1}]",history_conv_sparse/gp -history_conv_dense/gp,velocity_pc1_mse,"[31, 32, 33]","[0.894781378023815, 0.8939459725670211, 1.6612458732174105]",1.1499910746027489,0.4427598404388749,"[0.8939459725670211, 1.6612458732174105]","Three paired optimization seeds on the fixed dataset; exploratory, no multiple-comparison correction",,
gp_multi,sparse_vs_dense,"[{""head"": ""history_conv_sparse"", ""source"": ""gp"", ""weight"": 1}, {""head"": ""history_conv_dense"", ""source"": ""gp"", ""weight"": -1}]",history_conv_sparse/gp -history_conv_dense/gp,velocity_residual_mse,"[31, 32, 33]","[0.005313382300309755, 0.00961486711136117, 0.0070675464020222845]",0.007331931937897736,0.002162895669839768,"[0.005313382300309755, 0.00961486711136117]","Three paired optimization seeds on the fixed dataset; exploratory, no multiple-comparison correction",,
gp_multi,sparse_vs_dense,"[{""head"": ""history_conv_sparse"", ""source"": ""gp"", ""weight"": 1}, {""head"": ""history_conv_dense"", ""source"": ""gp"", ""weight"": -1}]",history_conv_sparse/gp -history_conv_dense/gp,velocity_residual_normalized_mse,"[31, 32, 33]","[0.002776886299989345, 0.0017231278689121554, -0.00045727352463026394]",0.0013475802147570788,0.0016494618738248912,"[-0.00045727352463026394, 0.002776886299989345]","Three paired optimization seeds on the fixed dataset; exploratory, no multiple-comparison correction",,
gp_multi,sparse_vs_dense,"[{""head"": ""dictionary_topk"", ""source"": ""gp"", ""weight"": 1}, {""head"": ""dictionary_dense"", ""source"": ""gp"", ""weight"": -1}]",dictionary_topk/gp -dictionary_dense/gp,fair_crps,"[31, 32, 33]","[0.01334252440222261, 0.013501831803990672, 0.008200329387998084]",0.011681561864737122,0.0030158878261453102,"[0.008200329387998084, 0.013501831803990672]","Three paired optimization seeds on the fixed dataset; exploratory, no multiple-comparison correction",0.008200329387998084,0.013501831803990672
gp_multi,sparse_vs_dense,"[{""head"": ""dictionary_topk"", ""source"": ""gp"", ""weight"": 1}, {""head"": ""dictionary_dense"", ""source"": ""gp"", ""weight"": -1}]",dictionary_topk/gp -dictionary_dense/gp,joint_energy_scaled,"[31, 32, 33]","[0.012651312923084856, 0.013898026896845606, 0.011186756099810624]",0.012578698639913696,0.0013570932021434719,"[0.011186756099810624, 0.013898026896845606]","Three paired optimization seeds on the fixed dataset; exploratory, no multiple-comparison correction",0.011186756099810624,0.013898026896845606
gp_multi,sparse_vs_dense,"[{""head"": ""dictionary_topk"", ""source"": ""gp"", ""weight"": 1}, {""head"": ""dictionary_dense"", ""source"": ""gp"", ""weight"": -1}]",dictionary_topk/gp -dictionary_dense/gp,roughness_ratio,"[31, 32, 33]","[0.32243235750917276, 0.319660116664491, 0.31840639968686035]",0.3201662912868414,0.0020601562217446687,"[0.31840639968686035, 0.32243235750917276]","Three paired optimization seeds on the fixed dataset; exploratory, no multiple-comparison correction",,
gp_multi,sparse_vs_dense,"[{""head"": ""dictionary_topk"", ""source"": ""gp"", ""weight"": 1}, {""head"": ""dictionary_dense"", ""source"": ""gp"", ""weight"": -1}]",dictionary_topk/gp -dictionary_dense/gp,velocity_pc1_mse,"[31, 32, 33]","[0.0883110022642235, -1.2664463705673903, 0.15163035057766905]",-0.3421683392418326,0.8010741191431642,"[-1.2664463705673903, 0.15163035057766905]","Three paired optimization seeds on the fixed dataset; exploratory, no multiple-comparison correction",,
gp_multi,sparse_vs_dense,"[{""head"": ""dictionary_topk"", ""source"": ""gp"", ""weight"": 1}, {""head"": ""dictionary_dense"", ""source"": ""gp"", ""weight"": -1}]",dictionary_topk/gp -dictionary_dense/gp,velocity_residual_mse,"[31, 32, 33]","[0.0683396858386654, 0.05441776071626775, 0.06374452982069412]",0.06216732545854242,0.007093707068832519,"[0.05441776071626775, 0.0683396858386654]","Three paired optimization seeds on the fixed dataset; exploratory, no multiple-comparison correction",,
gp_multi,sparse_vs_dense,"[{""head"": ""dictionary_topk"", ""source"": ""gp"", ""weight"": 1}, {""head"": ""dictionary_dense"", ""source"": ""gp"", ""weight"": -1}]",dictionary_topk/gp -dictionary_dense/gp,velocity_residual_normalized_mse,"[31, 32, 33]","[216.27768558628733, 237.70080741460518, 241.63784935941962]",231.87211412010404,13.647883564532805,"[216.27768558628733, 241.63784935941962]","Three paired optimization seeds on the fixed dataset; exploratory, no multiple-comparison correction",,
gp_multi,sparse_vs_dense,"[{""head"": ""moe_topk"", ""source"": ""gp"", ""weight"": 1}, {""head"": ""moe_dense"", ""source"": ""gp"", ""weight"": -1}]",moe_topk/gp -moe_dense/gp,fair_crps,"[31, 32, 33]","[0.0004894899793203566, -0.005791788541167964, -2.445446670717999e-05]",-0.0017755843428515956,0.003487614778803868,"[-0.005791788541167964, 0.0004894899793203566]","Three paired optimization seeds on the fixed dataset; exploratory, no multiple-comparison correction",-0.005791788541167964,0.0004894899793203566
gp_multi,sparse_vs_dense,"[{""head"": ""moe_topk"", ""source"": ""gp"", ""weight"": 1}, {""head"": ""moe_dense"", ""source"": ""gp"", ""weight"": -1}]",moe_topk/gp -moe_dense/gp,joint_energy_scaled,"[31, 32, 33]","[0.0018674424212960505, -0.0067354710473787605, -0.0003977058951623036]",-0.0017552448404150045,0.004459227963256081,"[-0.0067354710473787605, 0.0018674424212960505]","Three paired optimization seeds on the fixed dataset; exploratory, no multiple-comparison correction",-0.0067354710473787605,0.0018674424212960505
gp_multi,sparse_vs_dense,"[{""head"": ""moe_topk"", ""source"": ""gp"", ""weight"": 1}, {""head"": ""moe_dense"", ""source"": ""gp"", ""weight"": -1}]",moe_topk/gp -moe_dense/gp,roughness_ratio,"[31, 32, 33]","[0.01220593093482425, -0.0016403883172310119, -0.005446366229335586]",0.001706392129419217,0.009289865623974955,"[-0.005446366229335586, 0.01220593093482425]","Three paired optimization seeds on the fixed dataset; exploratory, no multiple-comparison correction",,
gp_multi,sparse_vs_dense,"[{""head"": ""moe_topk"", ""source"": ""gp"", ""weight"": 1}, {""head"": ""moe_dense"", ""source"": ""gp"", ""weight"": -1}]",moe_topk/gp -moe_dense/gp,velocity_pc1_mse,"[31, 32, 33]","[-0.7030069768805163, -0.10213934088070431, 0.3372011654267073]",-0.15598171744483777,0.522190095622386,"[-0.7030069768805163, 0.3372011654267073]","Three paired optimization seeds on the fixed dataset; exploratory, no multiple-comparison correction",,
gp_multi,sparse_vs_dense,"[{""head"": ""moe_topk"", ""source"": ""gp"", ""weight"": 1}, {""head"": ""moe_dense"", ""source"": ""gp"", ""weight"": -1}]",moe_topk/gp -moe_dense/gp,velocity_residual_mse,"[31, 32, 33]","[-0.00391412888050674, 0.002876964574478613, 0.0008788849257006515]",-5.275979344249171e-05,0.00349008724684881,"[-0.00391412888050674, 0.002876964574478613]","Three paired optimization seeds on the fixed dataset; exploratory, no multiple-comparison correction",,
gp_multi,sparse_vs_dense,"[{""head"": ""moe_topk"", ""source"": ""gp"", ""weight"": 1}, {""head"": ""moe_dense"", ""source"": ""gp"", ""weight"": -1}]",moe_topk/gp -moe_dense/gp,velocity_residual_normalized_mse,"[31, 32, 33]","[0.00028956154167369963, 0.005095015905698885, 0.0005707736317976386]",0.0019851170263900744,0.002696919231188175,"[0.00028956154167369963, 0.005095015905698885]","Three paired optimization seeds on the fixed dataset; exploratory, no multiple-comparison correction",,
gp_multi,whitened_vs_balanced,"[{""head"": ""mlp_whitened"", ""source"": ""gp"", ""weight"": 1}, {""head"": ""mlp_balanced"", ""source"": ""gp"", ""weight"": -1}]",mlp_whitened/gp -mlp_balanced/gp,fair_crps,"[31, 32, 33]","[-0.3051163559351602, -0.3049340260331016, -0.3085741428569722]",-0.3062081749417447,0.002051015402236369,"[-0.3085741428569722, -0.3049340260331016]","Three paired optimization seeds on the fixed dataset; exploratory, no multiple-comparison correction",-0.3085741428569722,-0.3049340260331016
gp_multi,whitened_vs_balanced,"[{""head"": ""mlp_whitened"", ""source"": ""gp"", ""weight"": 1}, {""head"": ""mlp_balanced"", ""source"": ""gp"", ""weight"": -1}]",mlp_whitened/gp -mlp_balanced/gp,joint_energy_scaled,"[31, 32, 33]","[-0.30163052300735105, -0.30079507483303297, -0.30515612562099625]",-0.3025272411537934,0.00231468541478493,"[-0.30515612562099625, -0.30079507483303297]","Three paired optimization seeds on the fixed dataset; exploratory, no multiple-comparison correction",-0.30515612562099625,-0.30079507483303297
gp_multi,whitened_vs_balanced,"[{""head"": ""mlp_whitened"", ""source"": ""gp"", ""weight"": 1}, {""head"": ""mlp_balanced"", ""source"": ""gp"", ""weight"": -1}]",mlp_whitened/gp -mlp_balanced/gp,roughness_ratio,"[31, 32, 33]","[0.023837771000087327, 0.0015188840394323444, 0.01706734709341018]",0.01414133404430995,0.01144352843590002,"[0.0015188840394323444, 0.023837771000087327]","Three paired optimization seeds on the fixed dataset; exploratory, no multiple-comparison correction",,
gp_multi,whitened_vs_balanced,"[{""head"": ""mlp_whitened"", ""source"": ""gp"", ""weight"": 1}, {""head"": ""mlp_balanced"", ""source"": ""gp"", ""weight"": -1}]",mlp_whitened/gp -mlp_balanced/gp,velocity_pc1_mse,"[31, 32, 33]","[-37.661735491537996, -37.62758150069672, -36.963314185859005]",-37.41754372603124,0.3937448160248042,"[-37.661735491537996, -36.963314185859005]","Three paired optimization seeds on the fixed dataset; exploratory, no multiple-comparison correction",,
gp_multi,whitened_vs_balanced,"[{""head"": ""mlp_whitened"", ""source"": ""gp"", ""weight"": 1}, {""head"": ""mlp_balanced"", ""source"": ""gp"", ""weight"": -1}]",mlp_whitened/gp -mlp_balanced/gp,velocity_residual_mse,"[31, 32, 33]","[-0.348800982700856, -0.3500852227187413, -0.35805784881787606]",-0.35231468474582445,0.005015004314530813,"[-0.35805784881787606, -0.348800982700856]","Three paired optimization seeds on the fixed dataset; exploratory, no multiple-comparison correction",,
gp_multi,whitened_vs_balanced,"[{""head"": ""mlp_whitened"", ""source"": ""gp"", ""weight"": 1}, {""head"": ""mlp_balanced"", ""source"": ""gp"", ""weight"": -1}]",mlp_whitened/gp -mlp_balanced/gp,velocity_residual_normalized_mse,"[31, 32, 33]","[-0.12068758905307808, -0.1113020472080784, -0.11301615968752365]",-0.11500193198289338,0.004997956346133233,"[-0.12068758905307808, -0.1113020472080784]","Three paired optimization seeds on the fixed dataset; exploratory, no multiple-comparison correction",,
gp_multi,l0_vs_unet,"[{""head"": ""unet_l0"", ""source"": ""gp"", ""weight"": 1}, {""head"": ""unet"", ""source"": ""gp"", ""weight"": -1}]",unet_l0/gp -unet/gp,fair_crps,"[31, 32, 33]","[0.07115370301123786, 0.017647796260215398, 0.08492783576815405]",0.05790977834653577,0.035541554333493555,"[0.017647796260215398, 0.08492783576815405]","Three paired optimization seeds on the fixed dataset; exploratory, no multiple-comparison correction",0.017647796260215398,0.08492783576815405
gp_multi,l0_vs_unet,"[{""head"": ""unet_l0"", ""source"": ""gp"", ""weight"": 1}, {""head"": ""unet"", ""source"": ""gp"", ""weight"": -1}]",unet_l0/gp -unet/gp,joint_energy_scaled,"[31, 32, 33]","[0.06075012851271916, 0.006972355774593819, 0.07490716338484371]",0.047543215890718894,0.035841336847476535,"[0.006972355774593819, 0.07490716338484371]","Three paired optimization seeds on the fixed dataset; exploratory, no multiple-comparison correction",0.006972355774593819,0.07490716338484371
gp_multi,l0_vs_unet,"[{""head"": ""unet_l0"", ""source"": ""gp"", ""weight"": 1}, {""head"": ""unet"", ""source"": ""gp"", ""weight"": -1}]",unet_l0/gp -unet/gp,roughness_ratio,"[31, 32, 33]","[-0.020697581468182236, 0.06962534338162607, 0.0006464951676000696]",0.016524752360347967,0.04720854771082582,"[-0.020697581468182236, 0.06962534338162607]","Three paired optimization seeds on the fixed dataset; exploratory, no multiple-comparison correction",,
gp_multi,l0_vs_unet,"[{""head"": ""unet_l0"", ""source"": ""gp"", ""weight"": 1}, {""head"": ""unet"", ""source"": ""gp"", ""weight"": -1}]",unet_l0/gp -unet/gp,velocity_pc1_mse,"[31, 32, 33]","[4.665348043950608, 2.6590483274371284, 2.2602172481491554]",3.1948712065122975,1.2889891987652322,"[2.2602172481491554, 4.665348043950608]","Three paired optimization seeds on the fixed dataset; exploratory, no multiple-comparison correction",,
gp_multi,l0_vs_unet,"[{""head"": ""unet_l0"", ""source"": ""gp"", ""weight"": 1}, {""head"": ""unet"", ""source"": ""gp"", ""weight"": -1}]",unet_l0/gp -unet/gp,velocity_residual_mse,"[31, 32, 33]","[0.16415282018302818, 0.11304212663591201, 0.27490993640828737]",0.1840349610757425,0.08274522104015906,"[0.11304212663591201, 0.27490993640828737]","Three paired optimization seeds on the fixed dataset; exploratory, no multiple-comparison correction",,
gp_multi,l0_vs_unet,"[{""head"": ""unet_l0"", ""source"": ""gp"", ""weight"": 1}, {""head"": ""unet"", ""source"": ""gp"", ""weight"": -1}]",unet_l0/gp -unet/gp,velocity_residual_normalized_mse,"[31, 32, 33]","[0.6066676289439492, 10.132281783428027, -11.755315530835295]",-0.3387887061544396,10.974385851108936,"[-11.755315530835295, 10.132281783428027]","Three paired optimization seeds on the fixed dataset; exploratory, no multiple-comparison correction",,
gp_multi,gp_vs_white,"[{""head"": ""mlp"", ""source"": ""gp"", ""weight"": 1}, {""head"": ""mlp"", ""source"": ""white"", ""weight"": -1}]",mlp/gp -mlp/white,fair_crps,"[31, 32, 33]","[-0.002800431620171573, 0.006348776004999723, 0.00857863974946732]",0.004042328044765157,0.006029974540061221,"[-0.002800431620171573, 0.00857863974946732]","Three paired optimization seeds on the fixed dataset; exploratory, no multiple-comparison correction",-0.002800431620171573,0.00857863974946732
gp_multi,gp_vs_white,"[{""head"": ""mlp"", ""source"": ""gp"", ""weight"": 1}, {""head"": ""mlp"", ""source"": ""white"", ""weight"": -1}]",mlp/gp -mlp/white,joint_energy_scaled,"[31, 32, 33]","[-0.004779264743594025, 0.0018308600230186878, 0.005363863681661918]",0.0008051529870288602,0.0051487687611280475,"[-0.004779264743594025, 0.005363863681661918]","Three paired optimization seeds on the fixed dataset; exploratory, no multiple-comparison correction",-0.004779264743594025,0.005363863681661918
gp_multi,gp_vs_white,"[{""head"": ""mlp"", ""source"": ""gp"", ""weight"": 1}, {""head"": ""mlp"", ""source"": ""white"", ""weight"": -1}]",mlp/gp -mlp/white,roughness_ratio,"[31, 32, 33]","[-0.13748068816096448, -0.1343060627084588, -0.1451203537161112]",-0.13896903486184484,0.005558651313588936,"[-0.1451203537161112, -0.1343060627084588]","Three paired optimization seeds on the fixed dataset; exploratory, no multiple-comparison correction",,
gp_multi,gp_vs_white,"[{""head"": ""mlp_balanced"", ""source"": ""gp"", ""weight"": 1}, {""head"": ""mlp_balanced"", ""source"": ""white"", ""weight"": -1}]",mlp_balanced/gp -mlp_balanced/white,fair_crps,"[31, 32, 33]","[0.23853306258901752, 0.2333363547016275, 0.2292970449060921]",0.23372215406557903,0.004630079537302446,"[0.2292970449060921, 0.23853306258901752]","Three paired optimization seeds on the fixed dataset; exploratory, no multiple-comparison correction",0.22929704490609212,0.23853306258901752
gp_multi,gp_vs_white,"[{""head"": ""mlp_balanced"", ""source"": ""gp"", ""weight"": 1}, {""head"": ""mlp_balanced"", ""source"": ""white"", ""weight"": -1}]",mlp_balanced/gp -mlp_balanced/white,joint_energy_scaled,"[31, 32, 33]","[0.23006964441108213, 0.22375087016720852, 0.22067701808426698]",0.2248325108875192,0.004788822121844882,"[0.22067701808426698, 0.23006964441108213]","Three paired optimization seeds on the fixed dataset; exploratory, no multiple-comparison correction",0.22067701808426698,0.23006964441108213
gp_multi,gp_vs_white,"[{""head"": ""mlp_balanced"", ""source"": ""gp"", ""weight"": 1}, {""head"": ""mlp_balanced"", ""source"": ""white"", ""weight"": -1}]",mlp_balanced/gp -mlp_balanced/white,roughness_ratio,"[31, 32, 33]","[-0.3370217846917831, -0.2641389408660846, -0.2765517466693107]",-0.29257082407572615,0.03899276037606004,"[-0.3370217846917831, -0.2641389408660846]","Three paired optimization seeds on the fixed dataset; exploratory, no multiple-comparison correction",,
gp_multi,source_head_interaction,"[{""head"": ""mlp_balanced"", ""source"": ""gp"", ""weight"": 1}, {""head"": ""mlp"", ""source"": ""gp"", ""weight"": -1}, {""head"": ""mlp_balanced"", ""source"": ""white"", ""weight"": -1}, {""head"": ""mlp"", ""source"": ""white"", ""weight"": 1}]",mlp_balanced/gp -mlp/gp -mlp_balanced/white +mlp/white,fair_crps,"[31, 32, 33]","[0.2413334942091891, 0.22698757869662778, 0.22071840515662478]",0.22967982602081385,0.010567952540687799,"[0.22071840515662478, 0.2413334942091891]","Three paired optimization seeds on the fixed dataset; exploratory, no multiple-comparison correction",0.22071840515662478,0.24133349420918906
gp_multi,source_head_interaction,"[{""head"": ""mlp_balanced"", ""source"": ""gp"", ""weight"": 1}, {""head"": ""mlp"", ""source"": ""gp"", ""weight"": -1}, {""head"": ""mlp_balanced"", ""source"": ""white"", ""weight"": -1}, {""head"": ""mlp"", ""source"": ""white"", ""weight"": 1}]",mlp_balanced/gp -mlp/gp -mlp_balanced/white +mlp/white,joint_energy_scaled,"[31, 32, 33]","[0.23484890915467616, 0.22192001014418983, 0.21531315440260507]",0.22402735790049033,0.009936906679533408,"[0.21531315440260507, 0.23484890915467616]","Three paired optimization seeds on the fixed dataset; exploratory, no multiple-comparison correction",0.2153131544026051,0.23484890915467616
gp_multi,source_head_interaction,"[{""head"": ""mlp_balanced"", ""source"": ""gp"", ""weight"": 1}, {""head"": ""mlp"", ""source"": ""gp"", ""weight"": -1}, {""head"": ""mlp_balanced"", ""source"": ""white"", ""weight"": -1}, {""head"": ""mlp"", ""source"": ""white"", ""weight"": 1}]",mlp_balanced/gp -mlp/gp -mlp_balanced/white +mlp/white,roughness_ratio,"[31, 32, 33]","[-0.19954109653081864, -0.1298328781576258, -0.1314313929531995]",-0.15360178921388132,0.03979263474511239,"[-0.19954109653081864, -0.1298328781576258]","Three paired optimization seeds on the fixed dataset; exploratory, no multiple-comparison correction",,
gp_multi,gp_vs_white,"[{""head"": ""mlp_whitened"", ""source"": ""gp"", ""weight"": 1}, {""head"": ""mlp_whitened"", ""source"": ""white"", ""weight"": -1}]",mlp_whitened/gp -mlp_whitened/white,fair_crps,"[31, 32, 33]","[-0.044817089328726634, -0.02681202505883412, -0.03151596522281169]",-0.034381693203457485,0.00933835544863399,"[-0.044817089328726634, -0.02681202505883412]","Three paired optimization seeds on the fixed dataset; exploratory, no multiple-comparison correction",-0.044817089328726634,-0.02681202505883412
gp_multi,gp_vs_white,"[{""head"": ""mlp_whitened"", ""source"": ""gp"", ""weight"": 1}, {""head"": ""mlp_whitened"", ""source"": ""white"", ""weight"": -1}]",mlp_whitened/gp -mlp_whitened/white,joint_energy_scaled,"[31, 32, 33]","[-0.04499360649201628, -0.02928704899926854, -0.03283438589854537]",-0.03570501379661006,0.00823737612745151,"[-0.04499360649201628, -0.02928704899926854]","Three paired optimization seeds on the fixed dataset; exploratory, no multiple-comparison correction",-0.04499360649201628,-0.02928704899926854
gp_multi,gp_vs_white,"[{""head"": ""mlp_whitened"", ""source"": ""gp"", ""weight"": 1}, {""head"": ""mlp_whitened"", ""source"": ""white"", ""weight"": -1}]",mlp_whitened/gp -mlp_whitened/white,roughness_ratio,"[31, 32, 33]","[-0.12804758381368597, -0.16498935165598783, -0.12300783739805221]",-0.13868159095590868,0.022922117392879422,"[-0.16498935165598783, -0.12300783739805221]","Three paired optimization seeds on the fixed dataset; exploratory, no multiple-comparison correction",,
gp_multi,source_head_interaction,"[{""head"": ""mlp_whitened"", ""source"": ""gp"", ""weight"": 1}, {""head"": ""mlp"", ""source"": ""gp"", ""weight"": -1}, {""head"": ""mlp_whitened"", ""source"": ""white"", ""weight"": -1}, {""head"": ""mlp"", ""source"": ""white"", ""weight"": 1}]",mlp_whitened/gp -mlp/gp -mlp_whitened/white +mlp/white,fair_crps,"[31, 32, 33]","[-0.04201665770855506, -0.033160801063833845, -0.04009460497227901]",-0.03842402124822264,0.0046582922527762015,"[-0.04201665770855506, -0.033160801063833845]","Three paired optimization seeds on the fixed dataset; exploratory, no multiple-comparison correction",-0.04201665770855506,-0.033160801063833845
gp_multi,source_head_interaction,"[{""head"": ""mlp_whitened"", ""source"": ""gp"", ""weight"": 1}, {""head"": ""mlp"", ""source"": ""gp"", ""weight"": -1}, {""head"": ""mlp_whitened"", ""source"": ""white"", ""weight"": -1}, {""head"": ""mlp"", ""source"": ""white"", ""weight"": 1}]",mlp_whitened/gp -mlp/gp -mlp_whitened/white +mlp/white,joint_energy_scaled,"[31, 32, 33]","[-0.040214341748422255, -0.031117909022287227, -0.03819824958020729]",-0.03651016678363892,0.0047773936127691674,"[-0.040214341748422255, -0.031117909022287227]","Three paired optimization seeds on the fixed dataset; exploratory, no multiple-comparison correction",-0.040214341748422255,-0.031117909022287227
gp_multi,source_head_interaction,"[{""head"": ""mlp_whitened"", ""source"": ""gp"", ""weight"": 1}, {""head"": ""mlp"", ""source"": ""gp"", ""weight"": -1}, {""head"": ""mlp_whitened"", ""source"": ""white"", ""weight"": -1}, {""head"": ""mlp"", ""source"": ""white"", ""weight"": 1}]",mlp_whitened/gp -mlp/gp -mlp_whitened/white +mlp/white,roughness_ratio,"[31, 32, 33]","[0.00943310434727851, -0.03068328894752903, 0.022112516318058995]",0.00028744390593615776,0.027560507834430842,"[-0.03068328894752903, 0.022112516318058995]","Three paired optimization seeds on the fixed dataset; exploratory, no multiple-comparison correction",,
gp_multi,gp_vs_white,"[{""head"": ""sparse_mlp"", ""source"": ""gp"", ""weight"": 1}, {""head"": ""sparse_mlp"", ""source"": ""white"", ""weight"": -1}]",sparse_mlp/gp -sparse_mlp/white,fair_crps,"[31, 32, 33]","[0.005772403840837048, 0.0010593010820645343, 0.011285829277222992]",0.006039178066708191,0.005118480838811902,"[0.0010593010820645343, 0.011285829277222992]","Three paired optimization seeds on the fixed dataset; exploratory, no multiple-comparison correction",0.0010593010820645343,0.011285829277222992
gp_multi,gp_vs_white,"[{""head"": ""sparse_mlp"", ""source"": ""gp"", ""weight"": 1}, {""head"": ""sparse_mlp"", ""source"": ""white"", ""weight"": -1}]",sparse_mlp/gp -sparse_mlp/white,joint_energy_scaled,"[31, 32, 33]","[0.00408331588388583, 0.0002436978120460287, 0.0077059682699684995]",0.004010993988633453,0.0037316608821267886,"[0.0002436978120460287, 0.0077059682699684995]","Three paired optimization seeds on the fixed dataset; exploratory, no multiple-comparison correction",0.0002436978120460287,0.0077059682699684995
gp_multi,gp_vs_white,"[{""head"": ""sparse_mlp"", ""source"": ""gp"", ""weight"": 1}, {""head"": ""sparse_mlp"", ""source"": ""white"", ""weight"": -1}]",sparse_mlp/gp -sparse_mlp/white,roughness_ratio,"[31, 32, 33]","[0.01239514922631857, 0.015545450310601172, 0.03878330487263626]",0.022241301469852,0.014412130538671323,"[0.01239514922631857, 0.03878330487263626]","Three paired optimization seeds on the fixed dataset; exploratory, no multiple-comparison correction",,
gp_multi,source_head_interaction,"[{""head"": ""sparse_mlp"", ""source"": ""gp"", ""weight"": 1}, {""head"": ""mlp"", ""source"": ""gp"", ""weight"": -1}, {""head"": ""sparse_mlp"", ""source"": ""white"", ""weight"": -1}, {""head"": ""mlp"", ""source"": ""white"", ""weight"": 1}]",sparse_mlp/gp -mlp/gp -sparse_mlp/white +mlp/white,fair_crps,"[31, 32, 33]","[0.008572835461008621, -0.005289474922935189, 0.0027071895277556712]",0.0019968500219430343,0.006958401321807884,"[-0.005289474922935189, 0.008572835461008621]","Three paired optimization seeds on the fixed dataset; exploratory, no multiple-comparison correction",-0.005289474922935189,0.008572835461008621
gp_multi,source_head_interaction,"[{""head"": ""sparse_mlp"", ""source"": ""gp"", ""weight"": 1}, {""head"": ""mlp"", ""source"": ""gp"", ""weight"": -1}, {""head"": ""sparse_mlp"", ""source"": ""white"", ""weight"": -1}, {""head"": ""mlp"", ""source"": ""white"", ""weight"": 1}]",sparse_mlp/gp -mlp/gp -sparse_mlp/white +mlp/white,joint_energy_scaled,"[31, 32, 33]","[0.008862580627479855, -0.001587162210972659, 0.0023421045883065816]",0.0032058410016045924,0.005278144730034417,"[-0.001587162210972659, 0.008862580627479855]","Three paired optimization seeds on the fixed dataset; exploratory, no multiple-comparison correction",-0.001587162210972659,0.008862580627479855
gp_multi,source_head_interaction,"[{""head"": ""sparse_mlp"", ""source"": ""gp"", ""weight"": 1}, {""head"": ""mlp"", ""source"": ""gp"", ""weight"": -1}, {""head"": ""sparse_mlp"", ""source"": ""white"", ""weight"": -1}, {""head"": ""mlp"", ""source"": ""white"", ""weight"": 1}]",sparse_mlp/gp -mlp/gp -sparse_mlp/white +mlp/white,roughness_ratio,"[31, 32, 33]","[0.14987583738728305, 0.14985151301905997, 0.18390365858874747]",0.16121033633169682,0.019652997334134167,"[0.14985151301905997, 0.18390365858874747]","Three paired optimization seeds on the fixed dataset; exploratory, no multiple-comparison correction",,
gp_multi,gp_vs_white,"[{""head"": ""s4"", ""source"": ""gp"", ""weight"": 1}, {""head"": ""s4"", ""source"": ""white"", ""weight"": -1}]",s4/gp -s4/white,fair_crps,"[31, 32, 33]","[-0.007032138888279749, -0.010766367383661657, 0.014205141320982606]",-0.0011977883169862664,0.013469365118226452,"[-0.010766367383661657, 0.014205141320982606]","Three paired optimization seeds on the fixed dataset; exploratory, no multiple-comparison correction",-0.010766367383661657,0.014205141320982606
gp_multi,gp_vs_white,"[{""head"": ""s4"", ""source"": ""gp"", ""weight"": 1}, {""head"": ""s4"", ""source"": ""white"", ""weight"": -1}]",s4/gp -s4/white,joint_energy_scaled,"[31, 32, 33]","[-0.012022827505377143, -0.016586033232222464, 0.010404836875238077]",-0.006068007954120509,0.014447202989003543,"[-0.016586033232222464, 0.010404836875238077]","Three paired optimization seeds on the fixed dataset; exploratory, no multiple-comparison correction",-0.016586033232222464,0.010404836875238077
gp_multi,gp_vs_white,"[{""head"": ""s4"", ""source"": ""gp"", ""weight"": 1}, {""head"": ""s4"", ""source"": ""white"", ""weight"": -1}]",s4/gp -s4/white,roughness_ratio,"[31, 32, 33]","[-0.07061817126886749, -0.13753645320660945, -0.054332755308828085]",-0.08749579326143501,0.04409483449406876,"[-0.13753645320660945, -0.054332755308828085]","Three paired optimization seeds on the fixed dataset; exploratory, no multiple-comparison correction",,
gp_multi,source_head_interaction,"[{""head"": ""s4"", ""source"": ""gp"", ""weight"": 1}, {""head"": ""mlp"", ""source"": ""gp"", ""weight"": -1}, {""head"": ""s4"", ""source"": ""white"", ""weight"": -1}, {""head"": ""mlp"", ""source"": ""white"", ""weight"": 1}]",s4/gp -mlp/gp -s4/white +mlp/white,fair_crps,"[31, 32, 33]","[-0.004231707268108176, -0.01711514338866138, 0.0056265015715152855]",-0.0052401163617514235,0.011404309297313406,"[-0.01711514338866138, 0.0056265015715152855]","Three paired optimization seeds on the fixed dataset; exploratory, no multiple-comparison correction",-0.01711514338866138,0.0056265015715152855
gp_multi,source_head_interaction,"[{""head"": ""s4"", ""source"": ""gp"", ""weight"": 1}, {""head"": ""mlp"", ""source"": ""gp"", ""weight"": -1}, {""head"": ""s4"", ""source"": ""white"", ""weight"": -1}, {""head"": ""mlp"", ""source"": ""white"", ""weight"": 1}]",s4/gp -mlp/gp -s4/white +mlp/white,joint_energy_scaled,"[31, 32, 33]","[-0.007243562761783118, -0.01841689325524115, 0.005040973193576159]",-0.00687316094114937,0.011733318913000865,"[-0.01841689325524115, 0.005040973193576159]","Three paired optimization seeds on the fixed dataset; exploratory, no multiple-comparison correction",-0.01841689325524115,0.005040973193576159
gp_multi,source_head_interaction,"[{""head"": ""s4"", ""source"": ""gp"", ""weight"": 1}, {""head"": ""mlp"", ""source"": ""gp"", ""weight"": -1}, {""head"": ""s4"", ""source"": ""white"", ""weight"": -1}, {""head"": ""mlp"", ""source"": ""white"", ""weight"": 1}]",s4/gp -mlp/gp -s4/white +mlp/white,roughness_ratio,"[31, 32, 33]","[0.06686251689209699, -0.0032303904981506593, 0.09078759840728312]",0.051473241600409815,0.04886172228808627,"[-0.0032303904981506593, 0.09078759840728312]","Three paired optimization seeds on the fixed dataset; exploratory, no multiple-comparison correction",,
gp_multi,gp_vs_white,"[{""head"": ""unet"", ""source"": ""gp"", ""weight"": 1}, {""head"": ""unet"", ""source"": ""white"", ""weight"": -1}]",unet/gp -unet/white,fair_crps,"[31, 32, 33]","[0.0018834211583891869, 0.022232816903739572, 0.017157517348350193]",0.01375791847015965,0.010592092862114969,"[0.0018834211583891869, 0.022232816903739572]","Three paired optimization seeds on the fixed dataset; exploratory, no multiple-comparison correction",0.0018834211583891869,0.022232816903739572
gp_multi,gp_vs_white,"[{""head"": ""unet"", ""source"": ""gp"", ""weight"": 1}, {""head"": ""unet"", ""source"": ""white"", ""weight"": -1}]",unet/gp -unet/white,joint_energy_scaled,"[31, 32, 33]","[0.00299248164907312, 0.018805733737186803, 0.014083602280798857]",0.011960605889019593,0.008117577881375009,"[0.00299248164907312, 0.018805733737186803]","Three paired optimization seeds on the fixed dataset; exploratory, no multiple-comparison correction",0.00299248164907312,0.018805733737186803
gp_multi,gp_vs_white,"[{""head"": ""unet"", ""source"": ""gp"", ""weight"": 1}, {""head"": ""unet"", ""source"": ""white"", ""weight"": -1}]",unet/gp -unet/white,roughness_ratio,"[31, 32, 33]","[0.10276079428188545, 0.016255608606004612, 0.026168831270446002]",0.048395078052778685,0.04734227837489995,"[0.016255608606004612, 0.10276079428188545]","Three paired optimization seeds on the fixed dataset; exploratory, no multiple-comparison correction",,
gp_multi,source_head_interaction,"[{""head"": ""unet"", ""source"": ""gp"", ""weight"": 1}, {""head"": ""mlp"", ""source"": ""gp"", ""weight"": -1}, {""head"": ""unet"", ""source"": ""white"", ""weight"": -1}, {""head"": ""mlp"", ""source"": ""white"", ""weight"": 1}]",unet/gp -mlp/gp -unet/white +mlp/white,fair_crps,"[31, 32, 33]","[0.00468385277856076, 0.01588404089873985, 0.008578877598882872]",0.009715590425394494,0.0056859599470377225,"[0.00468385277856076, 0.01588404089873985]","Three paired optimization seeds on the fixed dataset; exploratory, no multiple-comparison correction",0.00468385277856076,0.01588404089873985
gp_multi,source_head_interaction,"[{""head"": ""unet"", ""source"": ""gp"", ""weight"": 1}, {""head"": ""mlp"", ""source"": ""gp"", ""weight"": -1}, {""head"": ""unet"", ""source"": ""white"", ""weight"": -1}, {""head"": ""mlp"", ""source"": ""white"", ""weight"": 1}]",unet/gp -mlp/gp -unet/white +mlp/white,joint_energy_scaled,"[31, 32, 33]","[0.007771746392667145, 0.016974873714168115, 0.00871973859913694]",0.011155452901990734,0.005062007136283424,"[0.007771746392667145, 0.016974873714168115]","Three paired optimization seeds on the fixed dataset; exploratory, no multiple-comparison correction",0.007771746392667145,0.016974873714168115
gp_multi,source_head_interaction,"[{""head"": ""unet"", ""source"": ""gp"", ""weight"": 1}, {""head"": ""mlp"", ""source"": ""gp"", ""weight"": -1}, {""head"": ""unet"", ""source"": ""white"", ""weight"": -1}, {""head"": ""mlp"", ""source"": ""white"", ""weight"": 1}]",unet/gp -mlp/gp -unet/white +mlp/white,roughness_ratio,"[31, 32, 33]","[0.24024148244284993, 0.1505616713144634, 0.1712891849865572]",0.18736411291462352,0.04695124718178596,"[0.1505616713144634, 0.24024148244284993]","Three paired optimization seeds on the fixed dataset; exploratory, no multiple-comparison correction",,
gp_multi,gp_vs_white,"[{""head"": ""unet_l0"", ""source"": ""gp"", ""weight"": 1}, {""head"": ""unet_l0"", ""source"": ""white"", ""weight"": -1}]",unet_l0/gp -unet_l0/white,fair_crps,"[31, 32, 33]","[0.02002256484025766, -0.04282890192261796, -0.0029279917527648136]",-0.00857810961170837,0.03180439580350772,"[-0.04282890192261796, 0.02002256484025766]","Three paired optimization seeds on the fixed dataset; exploratory, no multiple-comparison correction",-0.04282890192261796,0.02002256484025766
gp_multi,gp_vs_white,"[{""head"": ""unet_l0"", ""source"": ""gp"", ""weight"": 1}, {""head"": ""unet_l0"", ""source"": ""white"", ""weight"": -1}]",unet_l0/gp -unet_l0/white,joint_energy_scaled,"[31, 32, 33]","[0.017373049520663097, -0.04626509852533023, -0.007234591037590388]",-0.012042213347419173,0.032090316232259435,"[-0.04626509852533023, 0.017373049520663097]","Three paired optimization seeds on the fixed dataset; exploratory, no multiple-comparison correction",-0.04626509852533023,0.017373049520663097
gp_multi,gp_vs_white,"[{""head"": ""unet_l0"", ""source"": ""gp"", ""weight"": 1}, {""head"": ""unet_l0"", ""source"": ""white"", ""weight"": -1}]",unet_l0/gp -unet_l0/white,roughness_ratio,"[31, 32, 33]","[-1.457805131612008, -4.244699148066729, -4.7955222171460345]",-3.499342165608257,1.7893453018467782,"[-4.7955222171460345, -1.457805131612008]","Three paired optimization seeds on the fixed dataset; exploratory, no multiple-comparison correction",,
gp_multi,source_head_interaction,"[{""head"": ""unet_l0"", ""source"": ""gp"", ""weight"": 1}, {""head"": ""mlp"", ""source"": ""gp"", ""weight"": -1}, {""head"": ""unet_l0"", ""source"": ""white"", ""weight"": -1}, {""head"": ""mlp"", ""source"": ""white"", ""weight"": 1}]",unet_l0/gp -mlp/gp -unet_l0/white +mlp/white,fair_crps,"[31, 32, 33]","[0.022822996460429235, -0.04917767792761768, -0.011506631502232134]",-0.012620437656473527,0.03601325729776895,"[-0.04917767792761768, 0.022822996460429235]","Three paired optimization seeds on the fixed dataset; exploratory, no multiple-comparison correction",-0.04917767792761768,0.022822996460429235
gp_multi,source_head_interaction,"[{""head"": ""unet_l0"", ""source"": ""gp"", ""weight"": 1}, {""head"": ""mlp"", ""source"": ""gp"", ""weight"": -1}, {""head"": ""unet_l0"", ""source"": ""white"", ""weight"": -1}, {""head"": ""mlp"", ""source"": ""white"", ""weight"": 1}]",unet_l0/gp -mlp/gp -unet_l0/white +mlp/white,joint_energy_scaled,"[31, 32, 33]","[0.022152314264257122, -0.048095958548348916, -0.012598454719252306]",-0.012847366334448032,0.035124797878887726,"[-0.048095958548348916, 0.022152314264257122]","Three paired optimization seeds on the fixed dataset; exploratory, no multiple-comparison correction",-0.048095958548348916,0.022152314264257122
gp_multi,source_head_interaction,"[{""head"": ""unet_l0"", ""source"": ""gp"", ""weight"": 1}, {""head"": ""mlp"", ""source"": ""gp"", ""weight"": -1}, {""head"": ""unet_l0"", ""source"": ""white"", ""weight"": -1}, {""head"": ""mlp"", ""source"": ""white"", ""weight"": 1}]",unet_l0/gp -mlp/gp -unet_l0/white +mlp/white,roughness_ratio,"[31, 32, 33]","[-1.3203244434510435, -4.11039308535827, -4.650401863429924]",-3.3603731307464124,1.7872468645937745,"[-4.650401863429924, -1.3203244434510435]","Three paired optimization seeds on the fixed dataset; exploratory, no multiple-comparison correction",,
gp_multi,gp_vs_white,"[{""head"": ""history_dense_ae"", ""source"": ""gp"", ""weight"": 1}, {""head"": ""history_dense_ae"", ""source"": ""white"", ""weight"": -1}]",history_dense_ae/gp -history_dense_ae/white,fair_crps,"[31, 32, 33]","[0.004217809380162585, 0.0029112838864834845, 0.008299205023605927]",0.005142766096750666,0.0028105305977045953,"[0.0029112838864834845, 0.008299205023605927]","Three paired optimization seeds on the fixed dataset; exploratory, no multiple-comparison correction",0.0029112838864834845,0.008299205023605927
gp_multi,gp_vs_white,"[{""head"": ""history_dense_ae"", ""source"": ""gp"", ""weight"": 1}, {""head"": ""history_dense_ae"", ""source"": ""white"", ""weight"": -1}]",history_dense_ae/gp -history_dense_ae/white,joint_energy_scaled,"[31, 32, 33]","[0.000685704228480355, -0.0036537438372931663, 0.008239516265731828]",0.001757158885639672,0.006018589559133669,"[-0.0036537438372931663, 0.008239516265731828]","Three paired optimization seeds on the fixed dataset; exploratory, no multiple-comparison correction",-0.0036537438372931663,0.008239516265731828
gp_multi,gp_vs_white,"[{""head"": ""history_dense_ae"", ""source"": ""gp"", ""weight"": 1}, {""head"": ""history_dense_ae"", ""source"": ""white"", ""weight"": -1}]",history_dense_ae/gp -history_dense_ae/white,roughness_ratio,"[31, 32, 33]","[-0.8114274599334934, -0.733735878549143, -0.5456203846488815]",-0.696927907710506,0.1366728588849421,"[-0.8114274599334934, -0.5456203846488815]","Three paired optimization seeds on the fixed dataset; exploratory, no multiple-comparison correction",,
gp_multi,source_head_interaction,"[{""head"": ""history_dense_ae"", ""source"": ""gp"", ""weight"": 1}, {""head"": ""mlp"", ""source"": ""gp"", ""weight"": -1}, {""head"": ""history_dense_ae"", ""source"": ""white"", ""weight"": -1}, {""head"": ""mlp"", ""source"": ""white"", ""weight"": 1}]",history_dense_ae/gp -mlp/gp -history_dense_ae/white +mlp/white,fair_crps,"[31, 32, 33]","[0.007018241000334158, -0.003437492118516239, -0.00027943472586139384]",0.0011004380519855084,0.005362706912132944,"[-0.003437492118516239, 0.007018241000334158]","Three paired optimization seeds on the fixed dataset; exploratory, no multiple-comparison correction",-0.003437492118516239,0.007018241000334158
gp_multi,source_head_interaction,"[{""head"": ""history_dense_ae"", ""source"": ""gp"", ""weight"": 1}, {""head"": ""mlp"", ""source"": ""gp"", ""weight"": -1}, {""head"": ""history_dense_ae"", ""source"": ""white"", ""weight"": -1}, {""head"": ""mlp"", ""source"": ""white"", ""weight"": 1}]",history_dense_ae/gp -mlp/gp -history_dense_ae/white +mlp/white,joint_energy_scaled,"[31, 32, 33]","[0.00546496897207438, -0.005484603860311854, 0.00287565258406991]",0.0009520058986108119,0.005722639140360941,"[-0.005484603860311854, 0.00546496897207438]","Three paired optimization seeds on the fixed dataset; exploratory, no multiple-comparison correction",-0.005484603860311854,0.00546496897207438
gp_multi,source_head_interaction,"[{""head"": ""history_dense_ae"", ""source"": ""gp"", ""weight"": 1}, {""head"": ""mlp"", ""source"": ""gp"", ""weight"": -1}, {""head"": ""history_dense_ae"", ""source"": ""white"", ""weight"": -1}, {""head"": ""mlp"", ""source"": ""white"", ""weight"": 1}]",history_dense_ae/gp -mlp/gp -history_dense_ae/white +mlp/white,roughness_ratio,"[31, 32, 33]","[-0.6739467717725289, -0.5994298158406842, -0.4005000309327703]",-0.5579588728486611,0.1413618030213864,"[-0.6739467717725289, -0.4005000309327703]","Three paired optimization seeds on the fixed dataset; exploratory, no multiple-comparison correction",,
gp_multi,gp_vs_white,"[{""head"": ""history_topk_ae"", ""source"": ""gp"", ""weight"": 1}, {""head"": ""history_topk_ae"", ""source"": ""white"", ""weight"": -1}]",history_topk_ae/gp -history_topk_ae/white,fair_crps,"[31, 32, 33]","[-0.011084796234173466, -0.012022911629054611, -0.0062523374012878885]",-0.009786681754838655,0.0030965638424930615,"[-0.012022911629054611, -0.0062523374012878885]","Three paired optimization seeds on the fixed dataset; exploratory, no multiple-comparison correction",-0.012022911629054611,-0.0062523374012878885
gp_multi,gp_vs_white,"[{""head"": ""history_topk_ae"", ""source"": ""gp"", ""weight"": 1}, {""head"": ""history_topk_ae"", ""source"": ""white"", ""weight"": -1}]",history_topk_ae/gp -history_topk_ae/white,joint_energy_scaled,"[31, 32, 33]","[-0.015460104683010678, -0.014069966944640577, -0.006881123132864875]",-0.012137064920172044,0.004604542733712158,"[-0.015460104683010678, -0.006881123132864875]","Three paired optimization seeds on the fixed dataset; exploratory, no multiple-comparison correction",-0.015460104683010678,-0.006881123132864875
gp_multi,gp_vs_white,"[{""head"": ""history_topk_ae"", ""source"": ""gp"", ""weight"": 1}, {""head"": ""history_topk_ae"", ""source"": ""white"", ""weight"": -1}]",history_topk_ae/gp -history_topk_ae/white,roughness_ratio,"[31, 32, 33]","[-0.7783176582888773, -0.7160085674959813, -0.5647526271457861]",-0.6863596176435482,0.10982623002862954,"[-0.7783176582888773, -0.5647526271457861]","Three paired optimization seeds on the fixed dataset; exploratory, no multiple-comparison correction",,
gp_multi,source_head_interaction,"[{""head"": ""history_topk_ae"", ""source"": ""gp"", ""weight"": 1}, {""head"": ""mlp"", ""source"": ""gp"", ""weight"": -1}, {""head"": ""history_topk_ae"", ""source"": ""white"", ""weight"": -1}, {""head"": ""mlp"", ""source"": ""white"", ""weight"": 1}]",history_topk_ae/gp -mlp/gp -history_topk_ae/white +mlp/white,fair_crps,"[31, 32, 33]","[-0.008284364614001893, -0.018371687634054334, -0.014830977150755209]",-0.013829009799603812,0.005117760775700636,"[-0.018371687634054334, -0.008284364614001893]","Three paired optimization seeds on the fixed dataset; exploratory, no multiple-comparison correction",-0.018371687634054334,-0.008284364614001893
gp_multi,source_head_interaction,"[{""head"": ""history_topk_ae"", ""source"": ""gp"", ""weight"": 1}, {""head"": ""mlp"", ""source"": ""gp"", ""weight"": -1}, {""head"": ""history_topk_ae"", ""source"": ""white"", ""weight"": -1}, {""head"": ""mlp"", ""source"": ""white"", ""weight"": 1}]",history_topk_ae/gp -mlp/gp -history_topk_ae/white +mlp/white,joint_energy_scaled,"[31, 32, 33]","[-0.010680839939416653, -0.015900826967659265, -0.012244986814526793]",-0.012942217907200904,0.00267892973801086,"[-0.015900826967659265, -0.010680839939416653]","Three paired optimization seeds on the fixed dataset; exploratory, no multiple-comparison correction",-0.015900826967659265,-0.010680839939416653
gp_multi,source_head_interaction,"[{""head"": ""history_topk_ae"", ""source"": ""gp"", ""weight"": 1}, {""head"": ""mlp"", ""source"": ""gp"", ""weight"": -1}, {""head"": ""history_topk_ae"", ""source"": ""white"", ""weight"": -1}, {""head"": ""mlp"", ""source"": ""white"", ""weight"": 1}]",history_topk_ae/gp -mlp/gp -history_topk_ae/white +mlp/white,roughness_ratio,"[31, 32, 33]","[-0.6408369701279129, -0.5817025047875225, -0.4196322734296749]",-0.5473905827817034,0.11452449717916216,"[-0.6408369701279129, -0.4196322734296749]","Three paired optimization seeds on the fixed dataset; exploratory, no multiple-comparison correction",,
gp_multi,gp_vs_white,"[{""head"": ""history_conv_dense"", ""source"": ""gp"", ""weight"": 1}, {""head"": ""history_conv_dense"", ""source"": ""white"", ""weight"": -1}]",history_conv_dense/gp -history_conv_dense/white,fair_crps,"[31, 32, 33]","[-0.02023508690558773, -0.016168519861693154, -0.017972225900746708]",-0.018125277556009196,0.002037599196973317,"[-0.02023508690558773, -0.016168519861693154]","Three paired optimization seeds on the fixed dataset; exploratory, no multiple-comparison correction",-0.02023508690558773,-0.016168519861693154
gp_multi,gp_vs_white,"[{""head"": ""history_conv_dense"", ""source"": ""gp"", ""weight"": 1}, {""head"": ""history_conv_dense"", ""source"": ""white"", ""weight"": -1}]",history_conv_dense/gp -history_conv_dense/white,joint_energy_scaled,"[31, 32, 33]","[-0.022840437942961644, -0.01814100077597436, -0.018229593589331572]",-0.019737010769422525,0.002688011781547914,"[-0.022840437942961644, -0.01814100077597436]","Three paired optimization seeds on the fixed dataset; exploratory, no multiple-comparison correction",-0.022840437942961644,-0.01814100077597436
gp_multi,gp_vs_white,"[{""head"": ""history_conv_dense"", ""source"": ""gp"", ""weight"": 1}, {""head"": ""history_conv_dense"", ""source"": ""white"", ""weight"": -1}]",history_conv_dense/gp -history_conv_dense/white,roughness_ratio,"[31, 32, 33]","[-0.4589197300637796, -0.5370632072501011, -0.4112910354141226]",-0.4690913242426678,0.06350004565502078,"[-0.5370632072501011, -0.4112910354141226]","Three paired optimization seeds on the fixed dataset; exploratory, no multiple-comparison correction",,
gp_multi,source_head_interaction,"[{""head"": ""history_conv_dense"", ""source"": ""gp"", ""weight"": 1}, {""head"": ""mlp"", ""source"": ""gp"", ""weight"": -1}, {""head"": ""history_conv_dense"", ""source"": ""white"", ""weight"": -1}, {""head"": ""mlp"", ""source"": ""white"", ""weight"": 1}]",history_conv_dense/gp -mlp/gp -history_conv_dense/white +mlp/white,fair_crps,"[31, 32, 33]","[-0.017434655285416156, -0.022517295866692877, -0.02655086565021403]",-0.022167605600774354,0.004568154475865572,"[-0.02655086565021403, -0.017434655285416156]","Three paired optimization seeds on the fixed dataset; exploratory, no multiple-comparison correction",-0.02655086565021403,-0.017434655285416156
gp_multi,source_head_interaction,"[{""head"": ""history_conv_dense"", ""source"": ""gp"", ""weight"": 1}, {""head"": ""mlp"", ""source"": ""gp"", ""weight"": -1}, {""head"": ""history_conv_dense"", ""source"": ""white"", ""weight"": -1}, {""head"": ""mlp"", ""source"": ""white"", ""weight"": 1}]",history_conv_dense/gp -mlp/gp -history_conv_dense/white +mlp/white,joint_energy_scaled,"[31, 32, 33]","[-0.01806117319936762, -0.019971860798993046, -0.02359345727099349]",-0.020542163756451386,0.002809888940822328,"[-0.02359345727099349, -0.01806117319936762]","Three paired optimization seeds on the fixed dataset; exploratory, no multiple-comparison correction",-0.02359345727099349,-0.01806117319936762
gp_multi,source_head_interaction,"[{""head"": ""history_conv_dense"", ""source"": ""gp"", ""weight"": 1}, {""head"": ""mlp"", ""source"": ""gp"", ""weight"": -1}, {""head"": ""history_conv_dense"", ""source"": ""white"", ""weight"": -1}, {""head"": ""mlp"", ""source"": ""white"", ""weight"": 1}]",history_conv_dense/gp -mlp/gp -history_conv_dense/white +mlp/white,roughness_ratio,"[31, 32, 33]","[-0.32143904190281514, -0.40275714454164235, -0.2661706816980114]",-0.33012228938082294,0.06870600081584499,"[-0.40275714454164235, -0.2661706816980114]","Three paired optimization seeds on the fixed dataset; exploratory, no multiple-comparison correction",,
gp_multi,gp_vs_white,"[{""head"": ""history_conv_sparse"", ""source"": ""gp"", ""weight"": 1}, {""head"": ""history_conv_sparse"", ""source"": ""white"", ""weight"": -1}]",history_conv_sparse/gp -history_conv_sparse/white,fair_crps,"[31, 32, 33]","[-0.01844265350960822, -0.01638865880732404, -0.014908517288724832]",-0.0165799432018857,0.0017748160458599912,"[-0.01844265350960822, -0.014908517288724832]","Three paired optimization seeds on the fixed dataset; exploratory, no multiple-comparison correction",-0.01844265350960822,-0.014908517288724832
gp_multi,gp_vs_white,"[{""head"": ""history_conv_sparse"", ""source"": ""gp"", ""weight"": 1}, {""head"": ""history_conv_sparse"", ""source"": ""white"", ""weight"": -1}]",history_conv_sparse/gp -history_conv_sparse/white,joint_energy_scaled,"[31, 32, 33]","[-0.020610245149505102, -0.017983625863325747, -0.01459288675133863]",-0.01772891925472316,0.0030167544008993367,"[-0.020610245149505102, -0.01459288675133863]","Three paired optimization seeds on the fixed dataset; exploratory, no multiple-comparison correction",-0.020610245149505102,-0.01459288675133863
gp_multi,gp_vs_white,"[{""head"": ""history_conv_sparse"", ""source"": ""gp"", ""weight"": 1}, {""head"": ""history_conv_sparse"", ""source"": ""white"", ""weight"": -1}]",history_conv_sparse/gp -history_conv_sparse/white,roughness_ratio,"[31, 32, 33]","[-0.4185256511493578, -0.5380652101836163, -0.5151525158675548]",-0.4905811257335097,0.06344479059281254,"[-0.5380652101836163, -0.4185256511493578]","Three paired optimization seeds on the fixed dataset; exploratory, no multiple-comparison correction",,
gp_multi,source_head_interaction,"[{""head"": ""history_conv_sparse"", ""source"": ""gp"", ""weight"": 1}, {""head"": ""mlp"", ""source"": ""gp"", ""weight"": -1}, {""head"": ""history_conv_sparse"", ""source"": ""white"", ""weight"": -1}, {""head"": ""mlp"", ""source"": ""white"", ""weight"": 1}]",history_conv_sparse/gp -mlp/gp -history_conv_sparse/white +mlp/white,fair_crps,"[31, 32, 33]","[-0.015642221889436647, -0.022737434812323765, -0.023487157038192152]",-0.020622271246650854,0.004329109556734213,"[-0.023487157038192152, -0.015642221889436647]","Three paired optimization seeds on the fixed dataset; exploratory, no multiple-comparison correction",-0.023487157038192152,-0.015642221889436647
gp_multi,source_head_interaction,"[{""head"": ""history_conv_sparse"", ""source"": ""gp"", ""weight"": 1}, {""head"": ""mlp"", ""source"": ""gp"", ""weight"": -1}, {""head"": ""history_conv_sparse"", ""source"": ""white"", ""weight"": -1}, {""head"": ""mlp"", ""source"": ""white"", ""weight"": 1}]",history_conv_sparse/gp -mlp/gp -history_conv_sparse/white +mlp/white,joint_energy_scaled,"[31, 32, 33]","[-0.015830980405911077, -0.019814485886344435, -0.019956750433000547]",-0.01853407224175202,0.002342026666169983,"[-0.019956750433000547, -0.015830980405911077]","Three paired optimization seeds on the fixed dataset; exploratory, no multiple-comparison correction",-0.019956750433000547,-0.015830980405911077
gp_multi,source_head_interaction,"[{""head"": ""history_conv_sparse"", ""source"": ""gp"", ""weight"": 1}, {""head"": ""mlp"", ""source"": ""gp"", ""weight"": -1}, {""head"": ""history_conv_sparse"", ""source"": ""white"", ""weight"": -1}, {""head"": ""mlp"", ""source"": ""white"", ""weight"": 1}]",history_conv_sparse/gp -mlp/gp -history_conv_sparse/white +mlp/white,roughness_ratio,"[31, 32, 33]","[-0.2810449629883933, -0.4037591474751575, -0.37003216215144363]",-0.35161209087166484,0.06339690085506546,"[-0.4037591474751575, -0.2810449629883933]","Three paired optimization seeds on the fixed dataset; exploratory, no multiple-comparison correction",,
gp_multi,gp_vs_white,"[{""head"": ""dictionary_dense"", ""source"": ""gp"", ""weight"": 1}, {""head"": ""dictionary_dense"", ""source"": ""white"", ""weight"": -1}]",dictionary_dense/gp -dictionary_dense/white,fair_crps,"[31, 32, 33]","[0.002852716167389857, 0.009184682656463217, 0.013741830712838965]",0.00859307651223068,0.005468610634192025,"[0.002852716167389857, 0.013741830712838965]","Three paired optimization seeds on the fixed dataset; exploratory, no multiple-comparison correction",0.002852716167389857,0.013741830712838965
gp_multi,gp_vs_white,"[{""head"": ""dictionary_dense"", ""source"": ""gp"", ""weight"": 1}, {""head"": ""dictionary_dense"", ""source"": ""white"", ""weight"": -1}]",dictionary_dense/gp -dictionary_dense/white,joint_energy_scaled,"[31, 32, 33]","[-0.0011883872794369865, 0.0052447377432806586, 0.010015424927440009]",0.0046905917970945605,0.005622424769527588,"[-0.0011883872794369865, 0.010015424927440009]","Three paired optimization seeds on the fixed dataset; exploratory, no multiple-comparison correction",-0.0011883872794369865,0.010015424927440009
gp_multi,gp_vs_white,"[{""head"": ""dictionary_dense"", ""source"": ""gp"", ""weight"": 1}, {""head"": ""dictionary_dense"", ""source"": ""white"", ""weight"": -1}]",dictionary_dense/gp -dictionary_dense/white,roughness_ratio,"[31, 32, 33]","[-0.322760985376092, -0.40876184344746025, -0.18841771521669093]",-0.3066468480134144,0.11105238754142957,"[-0.40876184344746025, -0.18841771521669093]","Three paired optimization seeds on the fixed dataset; exploratory, no multiple-comparison correction",,
gp_multi,source_head_interaction,"[{""head"": ""dictionary_dense"", ""source"": ""gp"", ""weight"": 1}, {""head"": ""mlp"", ""source"": ""gp"", ""weight"": -1}, {""head"": ""dictionary_dense"", ""source"": ""white"", ""weight"": -1}, {""head"": ""mlp"", ""source"": ""white"", ""weight"": 1}]",dictionary_dense/gp -mlp/gp -dictionary_dense/white +mlp/white,fair_crps,"[31, 32, 33]","[0.00565314778756143, 0.0028359066514634934, 0.005163190963371644]",0.004550748467465522,0.0015051665232871704,"[0.0028359066514634934, 0.00565314778756143]","Three paired optimization seeds on the fixed dataset; exploratory, no multiple-comparison correction",0.0028359066514634934,0.00565314778756143
gp_multi,source_head_interaction,"[{""head"": ""dictionary_dense"", ""source"": ""gp"", ""weight"": 1}, {""head"": ""mlp"", ""source"": ""gp"", ""weight"": -1}, {""head"": ""dictionary_dense"", ""source"": ""white"", ""weight"": -1}, {""head"": ""mlp"", ""source"": ""white"", ""weight"": 1}]",dictionary_dense/gp -mlp/gp -dictionary_dense/white +mlp/white,joint_energy_scaled,"[31, 32, 33]","[0.0035908774641570385, 0.0034138777202619708, 0.004651561245778091]",0.0038854388100657,0.000669357839433546,"[0.0034138777202619708, 0.004651561245778091]","Three paired optimization seeds on the fixed dataset; exploratory, no multiple-comparison correction",0.0034138777202619708,0.004651561245778091
gp_multi,source_head_interaction,"[{""head"": ""dictionary_dense"", ""source"": ""gp"", ""weight"": 1}, {""head"": ""mlp"", ""source"": ""gp"", ""weight"": -1}, {""head"": ""dictionary_dense"", ""source"": ""white"", ""weight"": -1}, {""head"": ""mlp"", ""source"": ""white"", ""weight"": 1}]",dictionary_dense/gp -mlp/gp -dictionary_dense/white +mlp/white,roughness_ratio,"[31, 32, 33]","[-0.1852802972151275, -0.27445578073900145, -0.04329736150057972]",-0.16767781315156957,0.1165801839083613,"[-0.27445578073900145, -0.04329736150057972]","Three paired optimization seeds on the fixed dataset; exploratory, no multiple-comparison correction",,
gp_multi,gp_vs_white,"[{""head"": ""dictionary_topk"", ""source"": ""gp"", ""weight"": 1}, {""head"": ""dictionary_topk"", ""source"": ""white"", ""weight"": -1}]",dictionary_topk/gp -dictionary_topk/white,fair_crps,"[31, 32, 33]","[-0.03473588065776745, -0.0385041465086175, -0.037475441293291556]",-0.0369051561532255,0.0019477873950731334,"[-0.0385041465086175, -0.03473588065776745]","Three paired optimization seeds on the fixed dataset; exploratory, no multiple-comparison correction",-0.0385041465086175,-0.03473588065776745
gp_multi,gp_vs_white,"[{""head"": ""dictionary_topk"", ""source"": ""gp"", ""weight"": 1}, {""head"": ""dictionary_topk"", ""source"": ""white"", ""weight"": -1}]",dictionary_topk/gp -dictionary_topk/white,joint_energy_scaled,"[31, 32, 33]","[-0.02801284603103843, -0.03487600644066935, -0.029149434141831188]",-0.030679428871179654,0.0036785058931523926,"[-0.03487600644066935, -0.02801284603103843]","Three paired optimization seeds on the fixed dataset; exploratory, no multiple-comparison correction",-0.03487600644066935,-0.02801284603103843
gp_multi,gp_vs_white,"[{""head"": ""dictionary_topk"", ""source"": ""gp"", ""weight"": 1}, {""head"": ""dictionary_topk"", ""source"": ""white"", ""weight"": -1}]",dictionary_topk/gp -dictionary_topk/white,roughness_ratio,"[31, 32, 33]","[-4.907054692819785, -4.853077032979984, -4.81825558860311]",-4.859462438134293,0.044742600244727516,"[-4.907054692819785, -4.81825558860311]","Three paired optimization seeds on the fixed dataset; exploratory, no multiple-comparison correction",,
gp_multi,source_head_interaction,"[{""head"": ""dictionary_topk"", ""source"": ""gp"", ""weight"": 1}, {""head"": ""mlp"", ""source"": ""gp"", ""weight"": -1}, {""head"": ""dictionary_topk"", ""source"": ""white"", ""weight"": -1}, {""head"": ""mlp"", ""source"": ""white"", ""weight"": 1}]",dictionary_topk/gp -mlp/gp -dictionary_topk/white +mlp/white,fair_crps,"[31, 32, 33]","[-0.031935449037595875, -0.04485292251361722, -0.046054081042758876]",-0.04094748419799066,0.007827725004889754,"[-0.046054081042758876, -0.031935449037595875]","Three paired optimization seeds on the fixed dataset; exploratory, no multiple-comparison correction",-0.046054081042758876,-0.031935449037595875
gp_multi,source_head_interaction,"[{""head"": ""dictionary_topk"", ""source"": ""gp"", ""weight"": 1}, {""head"": ""mlp"", ""source"": ""gp"", ""weight"": -1}, {""head"": ""dictionary_topk"", ""source"": ""white"", ""weight"": -1}, {""head"": ""mlp"", ""source"": ""white"", ""weight"": 1}]",dictionary_topk/gp -mlp/gp -dictionary_topk/white +mlp/white,joint_energy_scaled,"[31, 32, 33]","[-0.023233581287444405, -0.03670686646368804, -0.034513297823493105]",-0.031484581858208516,0.007229259551217809,"[-0.03670686646368804, -0.023233581287444405]","Three paired optimization seeds on the fixed dataset; exploratory, no multiple-comparison correction",-0.03670686646368804,-0.023233581287444405
gp_multi,source_head_interaction,"[{""head"": ""dictionary_topk"", ""source"": ""gp"", ""weight"": 1}, {""head"": ""mlp"", ""source"": ""gp"", ""weight"": -1}, {""head"": ""dictionary_topk"", ""source"": ""white"", ""weight"": -1}, {""head"": ""mlp"", ""source"": ""white"", ""weight"": 1}]",dictionary_topk/gp -mlp/gp -dictionary_topk/white +mlp/white,roughness_ratio,"[31, 32, 33]","[-4.769574004658821, -4.7187709702715255, -4.673135234886999]",-4.720493403272449,0.048242451848528996,"[-4.769574004658821, -4.673135234886999]","Three paired optimization seeds on the fixed dataset; exploratory, no multiple-comparison correction",,
gp_multi,gp_vs_white,"[{""head"": ""moe_dense"", ""source"": ""gp"", ""weight"": 1}, {""head"": ""moe_dense"", ""source"": ""white"", ""weight"": -1}]",moe_dense/gp -moe_dense/white,fair_crps,"[31, 32, 33]","[-0.010446239546653524, 0.006753478698802551, 0.0008267217581746644]",-0.0009553463632254363,0.008737242243565844,"[-0.010446239546653524, 0.006753478698802551]","Three paired optimization seeds on the fixed dataset; exploratory, no multiple-comparison correction",-0.010446239546653524,0.006753478698802551
gp_multi,gp_vs_white,"[{""head"": ""moe_dense"", ""source"": ""gp"", ""weight"": 1}, {""head"": ""moe_dense"", ""source"": ""white"", ""weight"": -1}]",moe_dense/gp -moe_dense/white,joint_energy_scaled,"[31, 32, 33]","[-0.011364976621252687, 0.00868987825592138, 0.0005107370092065633]",-0.0007214537853749148,0.010084047880281838,"[-0.011364976621252687, 0.00868987825592138]","Three paired optimization seeds on the fixed dataset; exploratory, no multiple-comparison correction",-0.011364976621252687,0.00868987825592138
gp_multi,gp_vs_white,"[{""head"": ""moe_dense"", ""source"": ""gp"", ""weight"": 1}, {""head"": ""moe_dense"", ""source"": ""white"", ""weight"": -1}]",moe_dense/gp -moe_dense/white,roughness_ratio,"[31, 32, 33]","[-1.7146012764965723, -1.6417144464766318, -1.6805975192495346]",-1.678971080740913,0.03647062481306939,"[-1.7146012764965723, -1.6417144464766318]","Three paired optimization seeds on the fixed dataset; exploratory, no multiple-comparison correction",,
gp_multi,source_head_interaction,"[{""head"": ""moe_dense"", ""source"": ""gp"", ""weight"": 1}, {""head"": ""mlp"", ""source"": ""gp"", ""weight"": -1}, {""head"": ""moe_dense"", ""source"": ""white"", ""weight"": -1}, {""head"": ""mlp"", ""source"": ""white"", ""weight"": 1}]",moe_dense/gp -mlp/gp -moe_dense/white +mlp/white,fair_crps,"[31, 32, 33]","[-0.007645807926481951, 0.00040470269380282753, -0.007751917991292656]",-0.004997674407990593,0.0046788966219558584,"[-0.007751917991292656, 0.00040470269380282753]","Three paired optimization seeds on the fixed dataset; exploratory, no multiple-comparison correction",-0.007751917991292656,0.00040470269380282753
gp_multi,source_head_interaction,"[{""head"": ""moe_dense"", ""source"": ""gp"", ""weight"": 1}, {""head"": ""mlp"", ""source"": ""gp"", ""weight"": -1}, {""head"": ""moe_dense"", ""source"": ""white"", ""weight"": -1}, {""head"": ""mlp"", ""source"": ""white"", ""weight"": 1}]",moe_dense/gp -mlp/gp -moe_dense/white +mlp/white,joint_energy_scaled,"[31, 32, 33]","[-0.006585711877658662, 0.006859018232902692, -0.0048531266724553546]",-0.001526606772403775,0.00731365113473005,"[-0.006585711877658662, 0.006859018232902692]","Three paired optimization seeds on the fixed dataset; exploratory, no multiple-comparison correction",-0.006585711877658662,0.006859018232902692
gp_multi,source_head_interaction,"[{""head"": ""moe_dense"", ""source"": ""gp"", ""weight"": 1}, {""head"": ""mlp"", ""source"": ""gp"", ""weight"": -1}, {""head"": ""moe_dense"", ""source"": ""white"", ""weight"": -1}, {""head"": ""mlp"", ""source"": ""white"", ""weight"": 1}]",moe_dense/gp -mlp/gp -moe_dense/white +mlp/white,roughness_ratio,"[31, 32, 33]","[-1.5771205883356076, -1.507408383768173, -1.5354771655334236]",-1.5400020458790682,0.035075686351371094,"[-1.5771205883356076, -1.507408383768173]","Three paired optimization seeds on the fixed dataset; exploratory, no multiple-comparison correction",,
gp_multi,gp_vs_white,"[{""head"": ""moe_topk"", ""source"": ""gp"", ""weight"": 1}, {""head"": ""moe_topk"", ""source"": ""white"", ""weight"": -1}]",moe_topk/gp -moe_topk/white,fair_crps,"[31, 32, 33]","[-0.008792968756851538, -0.0025307339426460795, -0.0007716217184910446]",-0.00403177480599622,0.004216081691872072,"[-0.008792968756851538, -0.0007716217184910446]","Three paired optimization seeds on the fixed dataset; exploratory, no multiple-comparison correction",-0.008792968756851538,-0.0007716217184910446
gp_multi,gp_vs_white,"[{""head"": ""moe_topk"", ""source"": ""gp"", ""weight"": 1}, {""head"": ""moe_topk"", ""source"": ""white"", ""weight"": -1}]",moe_topk/gp -moe_topk/white,joint_energy_scaled,"[31, 32, 33]","[-0.007898061172323334, -0.0015860158932098356, -0.001551929469888802]",-0.003678668845140657,0.003654140689557497,"[-0.007898061172323334, -0.001551929469888802]","Three paired optimization seeds on the fixed dataset; exploratory, no multiple-comparison correction",-0.007898061172323334,-0.001551929469888802
gp_multi,gp_vs_white,"[{""head"": ""moe_topk"", ""source"": ""gp"", ""weight"": 1}, {""head"": ""moe_topk"", ""source"": ""white"", ""weight"": -1}]",moe_topk/gp -moe_topk/white,roughness_ratio,"[31, 32, 33]","[-1.7788937371046807, -1.9189232865277197, -2.2497549549729308]",-1.982523992868444,0.2417878388347358,"[-2.2497549549729308, -1.7788937371046807]","Three paired optimization seeds on the fixed dataset; exploratory, no multiple-comparison correction",,
gp_multi,source_head_interaction,"[{""head"": ""moe_topk"", ""source"": ""gp"", ""weight"": 1}, {""head"": ""mlp"", ""source"": ""gp"", ""weight"": -1}, {""head"": ""moe_topk"", ""source"": ""white"", ""weight"": -1}, {""head"": ""mlp"", ""source"": ""white"", ""weight"": 1}]",moe_topk/gp -mlp/gp -moe_topk/white +mlp/white,fair_crps,"[31, 32, 33]","[-0.005992537136679965, -0.008879509947645803, -0.009350261467958365]",-0.008074102850761378,0.0018179902681253806,"[-0.009350261467958365, -0.005992537136679965]","Three paired optimization seeds on the fixed dataset; exploratory, no multiple-comparison correction",-0.009350261467958365,-0.005992537136679965
gp_multi,source_head_interaction,"[{""head"": ""moe_topk"", ""source"": ""gp"", ""weight"": 1}, {""head"": ""mlp"", ""source"": ""gp"", ""weight"": -1}, {""head"": ""moe_topk"", ""source"": ""white"", ""weight"": -1}, {""head"": ""mlp"", ""source"": ""white"", ""weight"": 1}]",moe_topk/gp -mlp/gp -moe_topk/white +mlp/white,joint_energy_scaled,"[31, 32, 33]","[-0.003118796428729309, -0.0034168759162285234, -0.00691579315155072]",-0.004483821832169517,0.0021114156907005564,"[-0.00691579315155072, -0.003118796428729309]","Three paired optimization seeds on the fixed dataset; exploratory, no multiple-comparison correction",-0.00691579315155072,-0.003118796428729309
gp_multi,source_head_interaction,"[{""head"": ""moe_topk"", ""source"": ""gp"", ""weight"": 1}, {""head"": ""mlp"", ""source"": ""gp"", ""weight"": -1}, {""head"": ""moe_topk"", ""source"": ""white"", ""weight"": -1}, {""head"": ""mlp"", ""source"": ""white"", ""weight"": 1}]",moe_topk/gp -mlp/gp -moe_topk/white +mlp/white,roughness_ratio,"[31, 32, 33]","[-1.6414130489437162, -1.7846172238192608, -2.1046346012568193]",-1.8435549580065989,0.23716828205979232,"[-2.1046346012568193, -1.6414130489437162]","Three paired optimization seeds on the fixed dataset; exploratory, no multiple-comparison correction",,
etth1_uni,new_vs_mlp,"[{""head"": ""mlp_whitened"", ""source"": ""white"", ""weight"": 1}, {""head"": ""mlp"", ""source"": ""white"", ""weight"": -1}]",mlp_whitened/white -mlp/white,fair_crps,"[31, 32, 33]","[-0.010527423646564504, -0.024623941967029203, -0.0063438449812738]",-0.013831736864955835,0.009577544092098073,"[-0.024623941967029203, -0.0063438449812738]","Three paired optimization seeds on the fixed dataset; exploratory, no multiple-comparison correction",-0.024623941967029203,-0.0063438449812738
etth1_uni,new_vs_mlp,"[{""head"": ""mlp_whitened"", ""source"": ""white"", ""weight"": 1}, {""head"": ""mlp"", ""source"": ""white"", ""weight"": -1}]",mlp_whitened/white -mlp/white,joint_energy_scaled,"[31, 32, 33]","[-0.008291075041264528, -0.025061490927709096, -0.006298860717735208]",-0.013217142228902945,0.010305759387444581,"[-0.025061490927709096, -0.006298860717735208]","Three paired optimization seeds on the fixed dataset; exploratory, no multiple-comparison correction",-0.025061490927709096,-0.006298860717735208
etth1_uni,new_vs_mlp,"[{""head"": ""mlp_whitened"", ""source"": ""white"", ""weight"": 1}, {""head"": ""mlp"", ""source"": ""white"", ""weight"": -1}]",mlp_whitened/white -mlp/white,roughness_ratio,"[31, 32, 33]","[-0.2851116192374854, -0.12857335091614597, -0.10903321941969657]",-0.17423939652444265,0.09651394464906378,"[-0.2851116192374854, -0.10903321941969657]","Three paired optimization seeds on the fixed dataset; exploratory, no multiple-comparison correction",,
etth1_uni,new_vs_mlp,"[{""head"": ""mlp_whitened"", ""source"": ""white"", ""weight"": 1}, {""head"": ""mlp"", ""source"": ""white"", ""weight"": -1}]",mlp_whitened/white -mlp/white,velocity_pc1_mse,"[31, 32, 33]","[0.08211493566043404, -0.2823115336377304, 0.1740681012055889]",-0.008709498923902492,0.24136570015870876,"[-0.2823115336377304, 0.1740681012055889]","Three paired optimization seeds on the fixed dataset; exploratory, no multiple-comparison correction",,
etth1_uni,new_vs_mlp,"[{""head"": ""mlp_whitened"", ""source"": ""white"", ""weight"": 1}, {""head"": ""mlp"", ""source"": ""white"", ""weight"": -1}]",mlp_whitened/white -mlp/white,velocity_residual_mse,"[31, 32, 33]","[-0.004440220721150939, -0.010508620397096408, -0.0028938600254637264]",-0.005947567047903691,0.004024948892958535,"[-0.010508620397096408, -0.0028938600254637264]","Three paired optimization seeds on the fixed dataset; exploratory, no multiple-comparison correction",,
etth1_uni,new_vs_mlp,"[{""head"": ""mlp_whitened"", ""source"": ""white"", ""weight"": 1}, {""head"": ""mlp"", ""source"": ""white"", ""weight"": -1}]",mlp_whitened/white -mlp/white,velocity_residual_normalized_mse,"[31, 32, 33]","[-0.0039994805574049, -0.010157481106699631, -0.0035742241696438692]",-0.005910395277916133,0.0036842250578138,"[-0.010157481106699631, -0.0035742241696438692]","Three paired optimization seeds on the fixed dataset; exploratory, no multiple-comparison correction",,
etth1_uni,new_vs_mlp,"[{""head"": ""mlp_balanced"", ""source"": ""white"", ""weight"": 1}, {""head"": ""mlp"", ""source"": ""white"", ""weight"": -1}]",mlp_balanced/white -mlp/white,fair_crps,"[31, 32, 33]","[-0.04128509445315376, -0.006375934365274477, 0.0003816137566109157]",-0.015759805020605772,0.02236227659735047,"[-0.04128509445315376, 0.0003816137566109157]","Three paired optimization seeds on the fixed dataset; exploratory, no multiple-comparison correction",-0.04128509445315376,0.0003816137566109157
etth1_uni,new_vs_mlp,"[{""head"": ""mlp_balanced"", ""source"": ""white"", ""weight"": 1}, {""head"": ""mlp"", ""source"": ""white"", ""weight"": -1}]",mlp_balanced/white -mlp/white,joint_energy_scaled,"[31, 32, 33]","[-0.0409614218917026, -0.006369840781852626, 0.000471684493057567]",-0.01561985939349922,0.022211431953153532,"[-0.0409614218917026, 0.000471684493057567]","Three paired optimization seeds on the fixed dataset; exploratory, no multiple-comparison correction",-0.0409614218917026,0.000471684493057567
etth1_uni,new_vs_mlp,"[{""head"": ""mlp_balanced"", ""source"": ""white"", ""weight"": 1}, {""head"": ""mlp"", ""source"": ""white"", ""weight"": -1}]",mlp_balanced/white -mlp/white,roughness_ratio,"[31, 32, 33]","[-0.38230870958585816, -0.06143778049530879, 0.050105768557690666]",-0.13121357384115875,0.22449290908583616,"[-0.38230870958585816, 0.050105768557690666]","Three paired optimization seeds on the fixed dataset; exploratory, no multiple-comparison correction",,
etth1_uni,new_vs_mlp,"[{""head"": ""mlp_balanced"", ""source"": ""white"", ""weight"": 1}, {""head"": ""mlp"", ""source"": ""white"", ""weight"": -1}]",mlp_balanced/white -mlp/white,velocity_pc1_mse,"[31, 32, 33]","[-0.27419451274930706, 0.10205261977506463, 0.3028700830263067]",0.04357606335068809,0.29294285733374364,"[-0.27419451274930706, 0.3028700830263067]","Three paired optimization seeds on the fixed dataset; exploratory, no multiple-comparison correction",,
etth1_uni,new_vs_mlp,"[{""head"": ""mlp_balanced"", ""source"": ""white"", ""weight"": 1}, {""head"": ""mlp"", ""source"": ""white"", ""weight"": -1}]",mlp_balanced/white -mlp/white,velocity_residual_mse,"[31, 32, 33]","[-0.004192935704845552, -0.007117008526739882, 0.001186787032511516]",-0.0033743857330246394,0.004211979726296985,"[-0.007117008526739882, 0.001186787032511516]","Three paired optimization seeds on the fixed dataset; exploratory, no multiple-comparison correction",,
etth1_uni,new_vs_mlp,"[{""head"": ""mlp_balanced"", ""source"": ""white"", ""weight"": 1}, {""head"": ""mlp"", ""source"": ""white"", ""weight"": -1}]",mlp_balanced/white -mlp/white,velocity_residual_normalized_mse,"[31, 32, 33]","[-0.0037496056314030163, -0.007411022658082189, 0.0004315836521069233]",-0.0035763482124594272,0.003924172783411654,"[-0.007411022658082189, 0.0004315836521069233]","Three paired optimization seeds on the fixed dataset; exploratory, no multiple-comparison correction",,
etth1_uni,new_vs_mlp,"[{""head"": ""history_dense_ae"", ""source"": ""white"", ""weight"": 1}, {""head"": ""mlp"", ""source"": ""white"", ""weight"": -1}]",history_dense_ae/white -mlp/white,fair_crps,"[31, 32, 33]","[0.004605754367848908, 0.0004196922662282332, 0.05675941829586578]",0.02059495497664764,0.031389203308700944,"[0.0004196922662282332, 0.05675941829586578]","Three paired optimization seeds on the fixed dataset; exploratory, no multiple-comparison correction",0.0004196922662282332,0.05675941829586578
etth1_uni,new_vs_mlp,"[{""head"": ""history_dense_ae"", ""source"": ""white"", ""weight"": 1}, {""head"": ""mlp"", ""source"": ""white"", ""weight"": -1}]",history_dense_ae/white -mlp/white,joint_energy_scaled,"[31, 32, 33]","[0.01141910558439474, 0.00333080440318706, 0.05416600478490355]",0.02297197159082845,0.027315854996398624,"[0.00333080440318706, 0.05416600478490355]","Three paired optimization seeds on the fixed dataset; exploratory, no multiple-comparison correction",0.00333080440318706,0.05416600478490355
etth1_uni,new_vs_mlp,"[{""head"": ""history_dense_ae"", ""source"": ""white"", ""weight"": 1}, {""head"": ""mlp"", ""source"": ""white"", ""weight"": -1}]",history_dense_ae/white -mlp/white,roughness_ratio,"[31, 32, 33]","[-0.18969507835040367, -0.08922598550474659, -0.18029925477941378]",-0.15307343954485467,0.05549273299898896,"[-0.18969507835040367, -0.08922598550474659]","Three paired optimization seeds on the fixed dataset; exploratory, no multiple-comparison correction",,
etth1_uni,new_vs_mlp,"[{""head"": ""history_dense_ae"", ""source"": ""white"", ""weight"": 1}, {""head"": ""mlp"", ""source"": ""white"", ""weight"": -1}]",history_dense_ae/white -mlp/white,velocity_pc1_mse,"[31, 32, 33]","[-0.2260288399671071, -0.22328042884371602, 0.833257493496466]",0.12798274156188097,0.6107873977319921,"[-0.2260288399671071, 0.833257493496466]","Three paired optimization seeds on the fixed dataset; exploratory, no multiple-comparison correction",,
etth1_uni,new_vs_mlp,"[{""head"": ""history_dense_ae"", ""source"": ""white"", ""weight"": 1}, {""head"": ""mlp"", ""source"": ""white"", ""weight"": -1}]",history_dense_ae/white -mlp/white,velocity_residual_mse,"[31, 32, 33]","[0.005862774392952588, 0.007070825721174595, -0.0035701187744074103]",0.0031211604465732575,0.005826213196644153,"[-0.0035701187744074103, 0.007070825721174595]","Three paired optimization seeds on the fixed dataset; exploratory, no multiple-comparison correction",,
etth1_uni,new_vs_mlp,"[{""head"": ""history_dense_ae"", ""source"": ""white"", ""weight"": 1}, {""head"": ""mlp"", ""source"": ""white"", ""weight"": -1}]",history_dense_ae/white -mlp/white,velocity_residual_normalized_mse,"[31, 32, 33]","[0.005540131449972202, 0.005157049167460126, -0.0028816520366638093]",0.0026051761935895063,0.004755591554162554,"[-0.0028816520366638093, 0.005540131449972202]","Three paired optimization seeds on the fixed dataset; exploratory, no multiple-comparison correction",,
etth1_uni,new_vs_mlp,"[{""head"": ""history_topk_ae"", ""source"": ""white"", ""weight"": 1}, {""head"": ""mlp"", ""source"": ""white"", ""weight"": -1}]",history_topk_ae/white -mlp/white,fair_crps,"[31, 32, 33]","[0.04660217866540234, 0.0684752538707909, 0.052407714098578057]",0.05582838221159043,0.011330647928943898,"[0.04660217866540234, 0.0684752538707909]","Three paired optimization seeds on the fixed dataset; exploratory, no multiple-comparison correction",0.04660217866540234,0.0684752538707909
etth1_uni,new_vs_mlp,"[{""head"": ""history_topk_ae"", ""source"": ""white"", ""weight"": 1}, {""head"": ""mlp"", ""source"": ""white"", ""weight"": -1}]",history_topk_ae/white -mlp/white,joint_energy_scaled,"[31, 32, 33]","[0.045580122565839765, 0.06993524826244779, 0.05103429669651069]",0.05551655584159942,0.012781276235462278,"[0.045580122565839765, 0.06993524826244779]","Three paired optimization seeds on the fixed dataset; exploratory, no multiple-comparison correction",0.045580122565839765,0.06993524826244779
etth1_uni,new_vs_mlp,"[{""head"": ""history_topk_ae"", ""source"": ""white"", ""weight"": 1}, {""head"": ""mlp"", ""source"": ""white"", ""weight"": -1}]",history_topk_ae/white -mlp/white,roughness_ratio,"[31, 32, 33]","[-0.0734963858605373, -0.018744079074598297, -0.01577654229810488]",-0.03600566907774683,0.0325017992162821,"[-0.0734963858605373, -0.01577654229810488]","Three paired optimization seeds on the fixed dataset; exploratory, no multiple-comparison correction",,
etth1_uni,new_vs_mlp,"[{""head"": ""history_topk_ae"", ""source"": ""white"", ""weight"": 1}, {""head"": ""mlp"", ""source"": ""white"", ""weight"": -1}]",history_topk_ae/white -mlp/white,velocity_pc1_mse,"[31, 32, 33]","[0.8396890673101514, 1.2746585410756888, 0.7506299642046907]",0.9549925241968436,0.28039731225865355,"[0.7506299642046907, 1.2746585410756888]","Three paired optimization seeds on the fixed dataset; exploratory, no multiple-comparison correction",,
etth1_uni,new_vs_mlp,"[{""head"": ""history_topk_ae"", ""source"": ""white"", ""weight"": 1}, {""head"": ""mlp"", ""source"": ""white"", ""weight"": -1}]",history_topk_ae/white -mlp/white,velocity_residual_mse,"[31, 32, 33]","[-0.0017153437617783984, -0.002280411878191113, -0.0015932183982175496]",-0.0018629913460623537,0.0003666177526910145,"[-0.002280411878191113, -0.0015932183982175496]","Three paired optimization seeds on the fixed dataset; exploratory, no multiple-comparison correction",,
etth1_uni,new_vs_mlp,"[{""head"": ""history_topk_ae"", ""source"": ""white"", ""weight"": 1}, {""head"": ""mlp"", ""source"": ""white"", ""weight"": -1}]",history_topk_ae/white -mlp/white,velocity_residual_normalized_mse,"[31, 32, 33]","[-0.002558865105541472, -0.0028419195674188463, -0.0015136141638131817]",-0.002304799612257833,0.0006996504609232355,"[-0.0028419195674188463, -0.0015136141638131817]","Three paired optimization seeds on the fixed dataset; exploratory, no multiple-comparison correction",,
etth1_uni,new_vs_mlp,"[{""head"": ""history_conv_dense"", ""source"": ""white"", ""weight"": 1}, {""head"": ""mlp"", ""source"": ""white"", ""weight"": -1}]",history_conv_dense/white -mlp/white,fair_crps,"[31, 32, 33]","[-0.021171294052653666, 0.0177990930610058, 0.010496278401208883]",0.0023746924698536723,0.020715764202109684,"[-0.021171294052653666, 0.0177990930610058]","Three paired optimization seeds on the fixed dataset; exploratory, no multiple-comparison correction",-0.021171294052653666,0.0177990930610058
etth1_uni,new_vs_mlp,"[{""head"": ""history_conv_dense"", ""source"": ""white"", ""weight"": 1}, {""head"": ""mlp"", ""source"": ""white"", ""weight"": -1}]",history_conv_dense/white -mlp/white,joint_energy_scaled,"[31, 32, 33]","[-0.018979931135877204, 0.01883773159189636, 0.01035447699660566]",0.003404092484208273,0.019843759401901105,"[-0.018979931135877204, 0.01883773159189636]","Three paired optimization seeds on the fixed dataset; exploratory, no multiple-comparison correction",-0.018979931135877204,0.01883773159189636
etth1_uni,new_vs_mlp,"[{""head"": ""history_conv_dense"", ""source"": ""white"", ""weight"": 1}, {""head"": ""mlp"", ""source"": ""white"", ""weight"": -1}]",history_conv_dense/white -mlp/white,roughness_ratio,"[31, 32, 33]","[-0.13698458518185008, 0.21650290403671324, 0.01815002021951262]",0.03255611302479192,0.17718352883647712,"[-0.13698458518185008, 0.21650290403671324]","Three paired optimization seeds on the fixed dataset; exploratory, no multiple-comparison correction",,
etth1_uni,new_vs_mlp,"[{""head"": ""history_conv_dense"", ""source"": ""white"", ""weight"": 1}, {""head"": ""mlp"", ""source"": ""white"", ""weight"": -1}]",history_conv_dense/white -mlp/white,velocity_pc1_mse,"[31, 32, 33]","[-0.32652751545596814, 0.08229102642675157, 0.08573551614023756]",-0.05283365762965967,0.2370320906253671,"[-0.32652751545596814, 0.08573551614023756]","Three paired optimization seeds on the fixed dataset; exploratory, no multiple-comparison correction",,
etth1_uni,new_vs_mlp,"[{""head"": ""history_conv_dense"", ""source"": ""white"", ""weight"": 1}, {""head"": ""mlp"", ""source"": ""white"", ""weight"": -1}]",history_conv_dense/white -mlp/white,velocity_residual_mse,"[31, 32, 33]","[-0.00022684858547095121, 0.005208731626894378, -0.0026017219239268807]",0.0007933870391655153,0.004003930158571341,"[-0.0026017219239268807, 0.005208731626894378]","Three paired optimization seeds on the fixed dataset; exploratory, no multiple-comparison correction",,
etth1_uni,new_vs_mlp,"[{""head"": ""history_conv_dense"", ""source"": ""white"", ""weight"": 1}, {""head"": ""mlp"", ""source"": ""white"", ""weight"": -1}]",history_conv_dense/white -mlp/white,velocity_residual_normalized_mse,"[31, 32, 33]","[0.00029532715155494715, 0.0041498727247716305, -0.002348107338027164]",0.0006990308460998046,0.003267746735730071,"[-0.002348107338027164, 0.0041498727247716305]","Three paired optimization seeds on the fixed dataset; exploratory, no multiple-comparison correction",,
etth1_uni,new_vs_mlp,"[{""head"": ""history_conv_sparse"", ""source"": ""white"", ""weight"": 1}, {""head"": ""mlp"", ""source"": ""white"", ""weight"": -1}]",history_conv_sparse/white -mlp/white,fair_crps,"[31, 32, 33]","[-0.013511329219385887, 0.018329425635110752, 0.013257234753338704]",0.006025110389687856,0.017108072203919467,"[-0.013511329219385887, 0.018329425635110752]","Three paired optimization seeds on the fixed dataset; exploratory, no multiple-comparison correction",-0.013511329219385887,0.018329425635110752
etth1_uni,new_vs_mlp,"[{""head"": ""history_conv_sparse"", ""source"": ""white"", ""weight"": 1}, {""head"": ""mlp"", ""source"": ""white"", ""weight"": -1}]",history_conv_sparse/white -mlp/white,joint_energy_scaled,"[31, 32, 33]","[-0.012451614436240627, 0.01981344495592119, 0.01324278419766109]",0.0068682049057805505,0.017050951887102563,"[-0.012451614436240627, 0.01981344495592119]","Three paired optimization seeds on the fixed dataset; exploratory, no multiple-comparison correction",-0.012451614436240627,0.01981344495592119
etth1_uni,new_vs_mlp,"[{""head"": ""history_conv_sparse"", ""source"": ""white"", ""weight"": 1}, {""head"": ""mlp"", ""source"": ""white"", ""weight"": -1}]",history_conv_sparse/white -mlp/white,roughness_ratio,"[31, 32, 33]","[0.05883218420260583, 0.21904033075100005, -0.0128008453870474]",0.08835722318885282,0.11870711302876016,"[-0.0128008453870474, 0.21904033075100005]","Three paired optimization seeds on the fixed dataset; exploratory, no multiple-comparison correction",,
etth1_uni,new_vs_mlp,"[{""head"": ""history_conv_sparse"", ""source"": ""white"", ""weight"": 1}, {""head"": ""mlp"", ""source"": ""white"", ""weight"": -1}]",history_conv_sparse/white -mlp/white,velocity_pc1_mse,"[31, 32, 33]","[-0.1878294861238028, 0.19252739795924634, 0.11812772256071069]",0.04094187813205141,0.2015839297971577,"[-0.1878294861238028, 0.19252739795924634]","Three paired optimization seeds on the fixed dataset; exploratory, no multiple-comparison correction",,
etth1_uni,new_vs_mlp,"[{""head"": ""history_conv_sparse"", ""source"": ""white"", ""weight"": 1}, {""head"": ""mlp"", ""source"": ""white"", ""weight"": -1}]",history_conv_sparse/white -mlp/white,velocity_residual_mse,"[31, 32, 33]","[0.008074492965963506, 0.0057167837192205195, -0.004875511358762893]",0.0029719217754737106,0.006897561403878928,"[-0.004875511358762893, 0.008074492965963506]","Three paired optimization seeds on the fixed dataset; exploratory, no multiple-comparison correction",,
etth1_uni,new_vs_mlp,"[{""head"": ""history_conv_sparse"", ""source"": ""white"", ""weight"": 1}, {""head"": ""mlp"", ""source"": ""white"", ""weight"": -1}]",history_conv_sparse/white -mlp/white,velocity_residual_normalized_mse,"[31, 32, 33]","[0.0064688533383742836, 0.004667287995068145, -0.004221908528036167]",0.002304744268468754,0.0057235746667746515,"[-0.004221908528036167, 0.0064688533383742836]","Three paired optimization seeds on the fixed dataset; exploratory, no multiple-comparison correction",,
etth1_uni,new_vs_mlp,"[{""head"": ""dictionary_dense"", ""source"": ""white"", ""weight"": 1}, {""head"": ""mlp"", ""source"": ""white"", ""weight"": -1}]",dictionary_dense/white -mlp/white,fair_crps,"[31, 32, 33]","[-0.014053308962326427, 0.0035514908126120792, 0.012343300736011725]",0.0006138275287657924,0.013441266683930643,"[-0.014053308962326427, 0.012343300736011725]","Three paired optimization seeds on the fixed dataset; exploratory, no multiple-comparison correction",-0.014053308962326427,0.012343300736011725
etth1_uni,new_vs_mlp,"[{""head"": ""dictionary_dense"", ""source"": ""white"", ""weight"": 1}, {""head"": ""mlp"", ""source"": ""white"", ""weight"": -1}]",dictionary_dense/white -mlp/white,joint_energy_scaled,"[31, 32, 33]","[-0.013657178278140891, 0.0036147093154483, 0.013466271426480075]",0.0011412674879291613,0.013729851303833073,"[-0.013657178278140891, 0.013466271426480075]","Three paired optimization seeds on the fixed dataset; exploratory, no multiple-comparison correction",-0.013657178278140891,0.013466271426480075
etth1_uni,new_vs_mlp,"[{""head"": ""dictionary_dense"", ""source"": ""white"", ""weight"": 1}, {""head"": ""mlp"", ""source"": ""white"", ""weight"": -1}]",dictionary_dense/white -mlp/white,roughness_ratio,"[31, 32, 33]","[-0.12399306779856989, 0.03466092429741918, 0.01816952723798293]",-0.023720872087722594,0.08722887405411606,"[-0.12399306779856989, 0.03466092429741918]","Three paired optimization seeds on the fixed dataset; exploratory, no multiple-comparison correction",,
etth1_uni,new_vs_mlp,"[{""head"": ""dictionary_dense"", ""source"": ""white"", ""weight"": 1}, {""head"": ""mlp"", ""source"": ""white"", ""weight"": -1}]",dictionary_dense/white -mlp/white,velocity_pc1_mse,"[31, 32, 33]","[-0.27367262902816925, 0.03546603025316175, 0.13602526147944038]",-0.03406044576518904,0.21351472671046381,"[-0.27367262902816925, 0.13602526147944038]","Three paired optimization seeds on the fixed dataset; exploratory, no multiple-comparison correction",,
etth1_uni,new_vs_mlp,"[{""head"": ""dictionary_dense"", ""source"": ""white"", ""weight"": 1}, {""head"": ""mlp"", ""source"": ""white"", ""weight"": -1}]",dictionary_dense/white -mlp/white,velocity_residual_mse,"[31, 32, 33]","[1.6606754560527515e-05, 0.0027844689655043553, 0.005470613236354269]",0.002757229652139717,0.00272710527134661,"[1.6606754560527515e-05, 0.005470613236354269]","Three paired optimization seeds on the fixed dataset; exploratory, no multiple-comparison correction",,
etth1_uni,new_vs_mlp,"[{""head"": ""dictionary_dense"", ""source"": ""white"", ""weight"": 1}, {""head"": ""mlp"", ""source"": ""white"", ""weight"": -1}]",dictionary_dense/white -mlp/white,velocity_residual_normalized_mse,"[31, 32, 33]","[-0.00015381501203276526, 0.0019463951909303723, 0.004473530424551175]",0.0020887035344829274,0.002316952782395891,"[-0.00015381501203276526, 0.004473530424551175]","Three paired optimization seeds on the fixed dataset; exploratory, no multiple-comparison correction",,
etth1_uni,new_vs_mlp,"[{""head"": ""dictionary_topk"", ""source"": ""white"", ""weight"": 1}, {""head"": ""mlp"", ""source"": ""white"", ""weight"": -1}]",dictionary_topk/white -mlp/white,fair_crps,"[31, 32, 33]","[0.044081364089476355, 0.07291045338966806, 0.12185281426133529]",0.07961487724682657,0.039316810525534894,"[0.044081364089476355, 0.12185281426133529]","Three paired optimization seeds on the fixed dataset; exploratory, no multiple-comparison correction",0.044081364089476355,0.12185281426133528
etth1_uni,new_vs_mlp,"[{""head"": ""dictionary_topk"", ""source"": ""white"", ""weight"": 1}, {""head"": ""mlp"", ""source"": ""white"", ""weight"": -1}]",dictionary_topk/white -mlp/white,joint_energy_scaled,"[31, 32, 33]","[0.06093157915539038, 0.08963283273669903, 0.1411131487237682]",0.09722585353861919,0.0406264876439737,"[0.06093157915539038, 0.1411131487237682]","Three paired optimization seeds on the fixed dataset; exploratory, no multiple-comparison correction",0.06093157915539038,0.1411131487237682
etth1_uni,new_vs_mlp,"[{""head"": ""dictionary_topk"", ""source"": ""white"", ""weight"": 1}, {""head"": ""mlp"", ""source"": ""white"", ""weight"": -1}]",dictionary_topk/white -mlp/white,roughness_ratio,"[31, 32, 33]","[7.2101958159052115, 7.106633605132563, 6.609828232331845]",6.975552551123205,0.32093144266585005,"[6.609828232331845, 7.2101958159052115]","Three paired optimization seeds on the fixed dataset; exploratory, no multiple-comparison correction",,
etth1_uni,new_vs_mlp,"[{""head"": ""dictionary_topk"", ""source"": ""white"", ""weight"": 1}, {""head"": ""mlp"", ""source"": ""white"", ""weight"": -1}]",dictionary_topk/white -mlp/white,velocity_pc1_mse,"[31, 32, 33]","[0.7330491445844955, 1.9404770641278724, 2.0264672746128207]",1.5666644944417296,0.7232112365782285,"[0.7330491445844955, 2.0264672746128207]","Three paired optimization seeds on the fixed dataset; exploratory, no multiple-comparison correction",,
etth1_uni,new_vs_mlp,"[{""head"": ""dictionary_topk"", ""source"": ""white"", ""weight"": 1}, {""head"": ""mlp"", ""source"": ""white"", ""weight"": -1}]",dictionary_topk/white -mlp/white,velocity_residual_mse,"[31, 32, 33]","[0.24970392765220883, 0.2684425220856508, 0.24685708088129965]",0.25500117687305307,0.01172725266110636,"[0.24685708088129965, 0.2684425220856508]","Three paired optimization seeds on the fixed dataset; exploratory, no multiple-comparison correction",,
etth1_uni,new_vs_mlp,"[{""head"": ""dictionary_topk"", ""source"": ""white"", ""weight"": 1}, {""head"": ""mlp"", ""source"": ""white"", ""weight"": -1}]",dictionary_topk/white -mlp/white,velocity_residual_normalized_mse,"[31, 32, 33]","[0.24625585762508417, 0.260067175909386, 0.24196118126042632]",0.24942807159829883,0.009460653607226768,"[0.24196118126042632, 0.260067175909386]","Three paired optimization seeds on the fixed dataset; exploratory, no multiple-comparison correction",,
etth1_uni,new_vs_mlp,"[{""head"": ""unet_l0"", ""source"": ""white"", ""weight"": 1}, {""head"": ""mlp"", ""source"": ""white"", ""weight"": -1}]",unet_l0/white -mlp/white,fair_crps,"[31, 32, 33]","[0.0038486527335240828, 0.021329817832666326, 0.15000862668460016]",0.058395699083596854,0.07981913405334508,"[0.0038486527335240828, 0.15000862668460016]","Three paired optimization seeds on the fixed dataset; exploratory, no multiple-comparison correction",0.0038486527335240828,0.15000862668460016
etth1_uni,new_vs_mlp,"[{""head"": ""unet_l0"", ""source"": ""white"", ""weight"": 1}, {""head"": ""mlp"", ""source"": ""white"", ""weight"": -1}]",unet_l0/white -mlp/white,joint_energy_scaled,"[31, 32, 33]","[-0.0011450595554830245, 0.01837186054828588, 0.14801394496920808]",0.05508024865400365,0.0810723841742008,"[-0.0011450595554830245, 0.14801394496920808]","Three paired optimization seeds on the fixed dataset; exploratory, no multiple-comparison correction",-0.0011450595554830245,0.14801394496920808
etth1_uni,new_vs_mlp,"[{""head"": ""unet_l0"", ""source"": ""white"", ""weight"": 1}, {""head"": ""mlp"", ""source"": ""white"", ""weight"": -1}]",unet_l0/white -mlp/white,roughness_ratio,"[31, 32, 33]","[-0.573051988472342, -0.38446573904564807, -0.005850026279773157]",-0.3211225845992544,0.28885772084226835,"[-0.573051988472342, -0.005850026279773157]","Three paired optimization seeds on the fixed dataset; exploratory, no multiple-comparison correction",,
etth1_uni,new_vs_mlp,"[{""head"": ""unet_l0"", ""source"": ""white"", ""weight"": 1}, {""head"": ""mlp"", ""source"": ""white"", ""weight"": -1}]",unet_l0/white -mlp/white,velocity_pc1_mse,"[31, 32, 33]","[0.7508192666609357, 0.47387541941113875, 3.4646315796688576]",1.5631087552469773,1.6525786705873955,"[0.47387541941113875, 3.4646315796688576]","Three paired optimization seeds on the fixed dataset; exploratory, no multiple-comparison correction",,
etth1_uni,new_vs_mlp,"[{""head"": ""unet_l0"", ""source"": ""white"", ""weight"": 1}, {""head"": ""mlp"", ""source"": ""white"", ""weight"": -1}]",unet_l0/white -mlp/white,velocity_residual_mse,"[31, 32, 33]","[0.0027061649514698444, 0.012551008002779751, 0.006595549326286448]",0.007284240760178681,0.004958422692204512,"[0.0027061649514698444, 0.012551008002779751]","Three paired optimization seeds on the fixed dataset; exploratory, no multiple-comparison correction",,
etth1_uni,new_vs_mlp,"[{""head"": ""unet_l0"", ""source"": ""white"", ""weight"": 1}, {""head"": ""mlp"", ""source"": ""white"", ""weight"": -1}]",unet_l0/white -mlp/white,velocity_residual_normalized_mse,"[31, 32, 33]","[0.004075243250935362, 0.01160816788069495, 0.006237857022376017]",0.007307089384668776,0.0038786185366493924,"[0.004075243250935362, 0.01160816788069495]","Three paired optimization seeds on the fixed dataset; exploratory, no multiple-comparison correction",,
etth1_uni,new_vs_mlp,"[{""head"": ""moe_dense"", ""source"": ""white"", ""weight"": 1}, {""head"": ""mlp"", ""source"": ""white"", ""weight"": -1}]",moe_dense/white -mlp/white,fair_crps,"[31, 32, 33]","[-0.035979746191041995, 0.003447412133494865, 0.007683085511044324]",-0.00828308284883427,0.02407932936065735,"[-0.035979746191041995, 0.007683085511044324]","Three paired optimization seeds on the fixed dataset; exploratory, no multiple-comparison correction",-0.035979746191041995,0.007683085511044324
etth1_uni,new_vs_mlp,"[{""head"": ""moe_dense"", ""source"": ""white"", ""weight"": 1}, {""head"": ""mlp"", ""source"": ""white"", ""weight"": -1}]",moe_dense/white -mlp/white,joint_energy_scaled,"[31, 32, 33]","[-0.036139929554557915, 0.003097250040429239, 0.009864733341893334]",-0.00772598205741178,0.024838760372386373,"[-0.036139929554557915, 0.009864733341893334]","Three paired optimization seeds on the fixed dataset; exploratory, no multiple-comparison correction",-0.036139929554557915,0.009864733341893334
etth1_uni,new_vs_mlp,"[{""head"": ""moe_dense"", ""source"": ""white"", ""weight"": 1}, {""head"": ""mlp"", ""source"": ""white"", ""weight"": -1}]",moe_dense/white -mlp/white,roughness_ratio,"[31, 32, 33]","[0.461866579620418, 0.5860802546480341, 0.7360404564381406]",0.5946624302355309,0.13728826965795696,"[0.461866579620418, 0.7360404564381406]","Three paired optimization seeds on the fixed dataset; exploratory, no multiple-comparison correction",,
etth1_uni,new_vs_mlp,"[{""head"": ""moe_dense"", ""source"": ""white"", ""weight"": 1}, {""head"": ""mlp"", ""source"": ""white"", ""weight"": -1}]",moe_dense/white -mlp/white,velocity_pc1_mse,"[31, 32, 33]","[-0.33940872623927576, 0.0400185875231478, 0.025913171398079804]",-0.09115898910601605,0.21510622882907118,"[-0.33940872623927576, 0.0400185875231478]","Three paired optimization seeds on the fixed dataset; exploratory, no multiple-comparison correction",,
etth1_uni,new_vs_mlp,"[{""head"": ""moe_dense"", ""source"": ""white"", ""weight"": 1}, {""head"": ""mlp"", ""source"": ""white"", ""weight"": -1}]",moe_dense/white -mlp/white,velocity_residual_mse,"[31, 32, 33]","[0.014535036647969415, 0.01955332730177066, 0.03136981706022206]",0.021819393669987378,0.008643133139727947,"[0.014535036647969415, 0.03136981706022206]","Three paired optimization seeds on the fixed dataset; exploratory, no multiple-comparison correction",,
etth1_uni,new_vs_mlp,"[{""head"": ""moe_dense"", ""source"": ""white"", ""weight"": 1}, {""head"": ""mlp"", ""source"": ""white"", ""weight"": -1}]",moe_dense/white -mlp/white,velocity_residual_normalized_mse,"[31, 32, 33]","[0.015067974212374394, 0.019085073729531277, 0.031205351451655067]",0.02178613313118691,0.008400924202679589,"[0.015067974212374394, 0.031205351451655067]","Three paired optimization seeds on the fixed dataset; exploratory, no multiple-comparison correction",,
etth1_uni,new_vs_mlp,"[{""head"": ""moe_topk"", ""source"": ""white"", ""weight"": 1}, {""head"": ""mlp"", ""source"": ""white"", ""weight"": -1}]",moe_topk/white -mlp/white,fair_crps,"[31, 32, 33]","[-0.03758168228710637, -0.006025350663727058, 0.007801818881694261]",-0.011935071356379723,0.02326175280548539,"[-0.03758168228710637, 0.007801818881694261]","Three paired optimization seeds on the fixed dataset; exploratory, no multiple-comparison correction",-0.03758168228710637,0.007801818881694261
etth1_uni,new_vs_mlp,"[{""head"": ""moe_topk"", ""source"": ""white"", ""weight"": 1}, {""head"": ""mlp"", ""source"": ""white"", ""weight"": -1}]",moe_topk/white -mlp/white,joint_energy_scaled,"[31, 32, 33]","[-0.03898048656541278, -0.005757355884434212, 0.011284345734432821]",-0.011151165571804724,0.02556282904415275,"[-0.03898048656541278, 0.011284345734432821]","Three paired optimization seeds on the fixed dataset; exploratory, no multiple-comparison correction",-0.03898048656541278,0.011284345734432821
etth1_uni,new_vs_mlp,"[{""head"": ""moe_topk"", ""source"": ""white"", ""weight"": 1}, {""head"": ""mlp"", ""source"": ""white"", ""weight"": -1}]",moe_topk/white -mlp/white,roughness_ratio,"[31, 32, 33]","[0.36652695689950443, 0.43955635521538516, 0.5498994930761607]",0.4519942683970168,0.09231683497174355,"[0.36652695689950443, 0.5498994930761607]","Three paired optimization seeds on the fixed dataset; exploratory, no multiple-comparison correction",,
etth1_uni,new_vs_mlp,"[{""head"": ""moe_topk"", ""source"": ""white"", ""weight"": 1}, {""head"": ""mlp"", ""source"": ""white"", ""weight"": -1}]",moe_topk/white -mlp/white,velocity_pc1_mse,"[31, 32, 33]","[-0.36086940742342244, -0.034017255328113505, 0.09447236861943265]",-0.10013809804403444,0.23476159744209243,"[-0.36086940742342244, 0.09447236861943265]","Three paired optimization seeds on the fixed dataset; exploratory, no multiple-comparison correction",,
etth1_uni,new_vs_mlp,"[{""head"": ""moe_topk"", ""source"": ""white"", ""weight"": 1}, {""head"": ""mlp"", ""source"": ""white"", ""weight"": -1}]",moe_topk/white -mlp/white,velocity_residual_mse,"[31, 32, 33]","[0.009525963915784516, 0.024525037351691245, 0.030112154398554816]",0.021387718555343525,0.010645651063728473,"[0.009525963915784516, 0.030112154398554816]","Three paired optimization seeds on the fixed dataset; exploratory, no multiple-comparison correction",,
etth1_uni,new_vs_mlp,"[{""head"": ""moe_topk"", ""source"": ""white"", ""weight"": 1}, {""head"": ""mlp"", ""source"": ""white"", ""weight"": -1}]",moe_topk/white -mlp/white,velocity_residual_normalized_mse,"[31, 32, 33]","[0.010582240615517033, 0.023656125682949225, 0.030003053627150306]",0.021413806641872188,0.009902675927227374,"[0.010582240615517033, 0.030003053627150306]","Three paired optimization seeds on the fixed dataset; exploratory, no multiple-comparison correction",,
etth1_uni,sparse_vs_dense,"[{""head"": ""history_topk_ae"", ""source"": ""white"", ""weight"": 1}, {""head"": ""history_dense_ae"", ""source"": ""white"", ""weight"": -1}]",history_topk_ae/white -history_dense_ae/white,fair_crps,"[31, 32, 33]","[0.04199642429755343, 0.06805556160456266, -0.004351704197287726]",0.03523342723494279,0.036674332061765125,"[-0.004351704197287726, 0.06805556160456266]","Three paired optimization seeds on the fixed dataset; exploratory, no multiple-comparison correction",-0.004351704197287726,0.06805556160456266
etth1_uni,sparse_vs_dense,"[{""head"": ""history_topk_ae"", ""source"": ""white"", ""weight"": 1}, {""head"": ""history_dense_ae"", ""source"": ""white"", ""weight"": -1}]",history_topk_ae/white -history_dense_ae/white,joint_energy_scaled,"[31, 32, 33]","[0.034161016981445025, 0.06660444385926073, -0.0031317080883928594]",0.03254458425077097,0.03489616545118035,"[-0.0031317080883928594, 0.06660444385926073]","Three paired optimization seeds on the fixed dataset; exploratory, no multiple-comparison correction",-0.0031317080883928594,0.06660444385926073
etth1_uni,sparse_vs_dense,"[{""head"": ""history_topk_ae"", ""source"": ""white"", ""weight"": 1}, {""head"": ""history_dense_ae"", ""source"": ""white"", ""weight"": -1}]",history_topk_ae/white -history_dense_ae/white,roughness_ratio,"[31, 32, 33]","[0.11619869248986636, 0.07048190643014829, 0.1645227124813089]",0.11706777046710785,0.047026426326969566,"[0.07048190643014829, 0.1645227124813089]","Three paired optimization seeds on the fixed dataset; exploratory, no multiple-comparison correction",,
etth1_uni,sparse_vs_dense,"[{""head"": ""history_topk_ae"", ""source"": ""white"", ""weight"": 1}, {""head"": ""history_dense_ae"", ""source"": ""white"", ""weight"": -1}]",history_topk_ae/white -history_dense_ae/white,velocity_pc1_mse,"[31, 32, 33]","[1.0657179072772585, 1.4979389699194048, -0.0826275292917753]",0.8270097826349626,0.8168744035559278,"[-0.0826275292917753, 1.4979389699194048]","Three paired optimization seeds on the fixed dataset; exploratory, no multiple-comparison correction",,
etth1_uni,sparse_vs_dense,"[{""head"": ""history_topk_ae"", ""source"": ""white"", ""weight"": 1}, {""head"": ""history_dense_ae"", ""source"": ""white"", ""weight"": -1}]",history_topk_ae/white -history_dense_ae/white,velocity_residual_mse,"[31, 32, 33]","[-0.007578118154730987, -0.009351237599365708, 0.0019769003761898607]",-0.004984151792635612,0.006093289227836455,"[-0.009351237599365708, 0.0019769003761898607]","Three paired optimization seeds on the fixed dataset; exploratory, no multiple-comparison correction",,
etth1_uni,sparse_vs_dense,"[{""head"": ""history_topk_ae"", ""source"": ""white"", ""weight"": 1}, {""head"": ""history_dense_ae"", ""source"": ""white"", ""weight"": -1}]",history_topk_ae/white -history_dense_ae/white,velocity_residual_normalized_mse,"[31, 32, 33]","[-0.008098996555513674, -0.007998968734878972, 0.0013680378728506276]",-0.00490997580584734,0.005437149363744233,"[-0.008098996555513674, 0.0013680378728506276]","Three paired optimization seeds on the fixed dataset; exploratory, no multiple-comparison correction",,
etth1_uni,sparse_vs_dense,"[{""head"": ""history_conv_sparse"", ""source"": ""white"", ""weight"": 1}, {""head"": ""history_conv_dense"", ""source"": ""white"", ""weight"": -1}]",history_conv_sparse/white -history_conv_dense/white,fair_crps,"[31, 32, 33]","[0.0076599648332677794, 0.0005303325741049525, 0.0027609563521298203]",0.003650417919834184,0.0036470906827279653,"[0.0005303325741049525, 0.0076599648332677794]","Three paired optimization seeds on the fixed dataset; exploratory, no multiple-comparison correction",0.0005303325741049525,0.0076599648332677794
etth1_uni,sparse_vs_dense,"[{""head"": ""history_conv_sparse"", ""source"": ""white"", ""weight"": 1}, {""head"": ""history_conv_dense"", ""source"": ""white"", ""weight"": -1}]",history_conv_sparse/white -history_conv_dense/white,joint_energy_scaled,"[31, 32, 33]","[0.006528316699636577, 0.0009757133640248272, 0.002888307201055429]",0.0034641124215722776,0.0028207294605549333,"[0.0009757133640248272, 0.006528316699636577]","Three paired optimization seeds on the fixed dataset; exploratory, no multiple-comparison correction",0.0009757133640248272,0.006528316699636577
etth1_uni,sparse_vs_dense,"[{""head"": ""history_conv_sparse"", ""source"": ""white"", ""weight"": 1}, {""head"": ""history_conv_dense"", ""source"": ""white"", ""weight"": -1}]",history_conv_sparse/white -history_conv_dense/white,roughness_ratio,"[31, 32, 33]","[0.1958167693844559, 0.0025374267142868057, -0.03095086560656002]",0.0558011101640609,0.12240774097594058,"[-0.03095086560656002, 0.1958167693844559]","Three paired optimization seeds on the fixed dataset; exploratory, no multiple-comparison correction",,
etth1_uni,sparse_vs_dense,"[{""head"": ""history_conv_sparse"", ""source"": ""white"", ""weight"": 1}, {""head"": ""history_conv_dense"", ""source"": ""white"", ""weight"": -1}]",history_conv_sparse/white -history_conv_dense/white,velocity_pc1_mse,"[31, 32, 33]","[0.13869802933216535, 0.11023637153249477, 0.032392206420473135]",0.09377553576171109,0.05503136680055794,"[0.032392206420473135, 0.13869802933216535]","Three paired optimization seeds on the fixed dataset; exploratory, no multiple-comparison correction",,
etth1_uni,sparse_vs_dense,"[{""head"": ""history_conv_sparse"", ""source"": ""white"", ""weight"": 1}, {""head"": ""history_conv_dense"", ""source"": ""white"", ""weight"": -1}]",history_conv_sparse/white -history_conv_dense/white,velocity_residual_mse,"[31, 32, 33]","[0.008301341551434457, 0.0005080520923261417, -0.0022737894348360127]",0.0021785347363081956,0.005481900495455788,"[-0.0022737894348360127, 0.008301341551434457]","Three paired optimization seeds on the fixed dataset; exploratory, no multiple-comparison correction",,
etth1_uni,sparse_vs_dense,"[{""head"": ""history_conv_sparse"", ""source"": ""white"", ""weight"": 1}, {""head"": ""history_conv_dense"", ""source"": ""white"", ""weight"": -1}]",history_conv_sparse/white -history_conv_dense/white,velocity_residual_normalized_mse,"[31, 32, 33]","[0.006173526186819336, 0.0005174152702965146, -0.001873801190009003]",0.0016057134223689494,0.004132573547841094,"[-0.001873801190009003, 0.006173526186819336]","Three paired optimization seeds on the fixed dataset; exploratory, no multiple-comparison correction",,
etth1_uni,sparse_vs_dense,"[{""head"": ""dictionary_topk"", ""source"": ""white"", ""weight"": 1}, {""head"": ""dictionary_dense"", ""source"": ""white"", ""weight"": -1}]",dictionary_topk/white -dictionary_dense/white,fair_crps,"[31, 32, 33]","[0.05813467305180278, 0.06935896257705598, 0.10950951352532357]",0.07900104971806078,0.02701057092595369,"[0.05813467305180278, 0.10950951352532357]","Three paired optimization seeds on the fixed dataset; exploratory, no multiple-comparison correction",0.05813467305180278,0.10950951352532357
etth1_uni,sparse_vs_dense,"[{""head"": ""dictionary_topk"", ""source"": ""white"", ""weight"": 1}, {""head"": ""dictionary_dense"", ""source"": ""white"", ""weight"": -1}]",dictionary_topk/white -dictionary_dense/white,joint_energy_scaled,"[31, 32, 33]","[0.07458875743353127, 0.08601812342125073, 0.12764687729728813]",0.09608458605069004,0.027924743029643463,"[0.07458875743353127, 0.12764687729728813]","Three paired optimization seeds on the fixed dataset; exploratory, no multiple-comparison correction",0.07458875743353127,0.12764687729728813
etth1_uni,sparse_vs_dense,"[{""head"": ""dictionary_topk"", ""source"": ""white"", ""weight"": 1}, {""head"": ""dictionary_dense"", ""source"": ""white"", ""weight"": -1}]",dictionary_topk/white -dictionary_dense/white,roughness_ratio,"[31, 32, 33]","[7.334188883703781, 7.0719726808351435, 6.591658705093861]",6.999273423210929,0.3765656026258292,"[6.591658705093861, 7.334188883703781]","Three paired optimization seeds on the fixed dataset; exploratory, no multiple-comparison correction",,
etth1_uni,sparse_vs_dense,"[{""head"": ""dictionary_topk"", ""source"": ""white"", ""weight"": 1}, {""head"": ""dictionary_dense"", ""source"": ""white"", ""weight"": -1}]",dictionary_topk/white -dictionary_dense/white,velocity_pc1_mse,"[31, 32, 33]","[1.0067217736126648, 1.9050110338747106, 1.8904420131333803]",1.6007249402069188,0.5144734060516063,"[1.0067217736126648, 1.9050110338747106]","Three paired optimization seeds on the fixed dataset; exploratory, no multiple-comparison correction",,
etth1_uni,sparse_vs_dense,"[{""head"": ""dictionary_topk"", ""source"": ""white"", ""weight"": 1}, {""head"": ""dictionary_dense"", ""source"": ""white"", ""weight"": -1}]",dictionary_topk/white -dictionary_dense/white,velocity_residual_mse,"[31, 32, 33]","[0.24968732089764833, 0.26565805312014645, 0.24138646764494537]",0.2522439472209134,0.01233611442017327,"[0.24138646764494537, 0.26565805312014645]","Three paired optimization seeds on the fixed dataset; exploratory, no multiple-comparison correction",,
etth1_uni,sparse_vs_dense,"[{""head"": ""dictionary_topk"", ""source"": ""white"", ""weight"": 1}, {""head"": ""dictionary_dense"", ""source"": ""white"", ""weight"": -1}]",dictionary_topk/white -dictionary_dense/white,velocity_residual_normalized_mse,"[31, 32, 33]","[0.24640967263711694, 0.2581207807184556, 0.23748765083587514]",0.24733936806381593,0.010347935174597762,"[0.23748765083587514, 0.2581207807184556]","Three paired optimization seeds on the fixed dataset; exploratory, no multiple-comparison correction",,
etth1_uni,sparse_vs_dense,"[{""head"": ""moe_topk"", ""source"": ""white"", ""weight"": 1}, {""head"": ""moe_dense"", ""source"": ""white"", ""weight"": -1}]",moe_topk/white -moe_dense/white,fair_crps,"[31, 32, 33]","[-0.001601936096064377, -0.009472762797221923, 0.00011873337064993716]",-0.003651988507545454,0.0051138279059760785,"[-0.009472762797221923, 0.00011873337064993716]","Three paired optimization seeds on the fixed dataset; exploratory, no multiple-comparison correction",-0.009472762797221923,0.00011873337064993716
etth1_uni,sparse_vs_dense,"[{""head"": ""moe_topk"", ""source"": ""white"", ""weight"": 1}, {""head"": ""moe_dense"", ""source"": ""white"", ""weight"": -1}]",moe_topk/white -moe_dense/white,joint_energy_scaled,"[31, 32, 33]","[-0.002840557010854866, -0.008854605924863451, 0.0014196123925394877]",-0.0034251835143929432,0.005161998800841965,"[-0.008854605924863451, 0.0014196123925394877]","Three paired optimization seeds on the fixed dataset; exploratory, no multiple-comparison correction",-0.008854605924863451,0.0014196123925394877
etth1_uni,sparse_vs_dense,"[{""head"": ""moe_topk"", ""source"": ""white"", ""weight"": 1}, {""head"": ""moe_dense"", ""source"": ""white"", ""weight"": -1}]",moe_topk/white -moe_dense/white,roughness_ratio,"[31, 32, 33]","[-0.09533962272091356, -0.14652389943264899, -0.18614096336197994]",-0.14266816183851416,0.045523300625612176,"[-0.18614096336197994, -0.09533962272091356]","Three paired optimization seeds on the fixed dataset; exploratory, no multiple-comparison correction",,
etth1_uni,sparse_vs_dense,"[{""head"": ""moe_topk"", ""source"": ""white"", ""weight"": 1}, {""head"": ""moe_dense"", ""source"": ""white"", ""weight"": -1}]",moe_topk/white -moe_dense/white,velocity_pc1_mse,"[31, 32, 33]","[-0.02146068118414668, -0.0740358428512613, 0.06855919722135284]",-0.00897910893801838,0.07211226385039579,"[-0.0740358428512613, 0.06855919722135284]","Three paired optimization seeds on the fixed dataset; exploratory, no multiple-comparison correction",,
etth1_uni,sparse_vs_dense,"[{""head"": ""moe_topk"", ""source"": ""white"", ""weight"": 1}, {""head"": ""moe_dense"", ""source"": ""white"", ""weight"": -1}]",moe_topk/white -moe_dense/white,velocity_residual_mse,"[31, 32, 33]","[-0.005009072732184899, 0.004971710049920586, -0.0012576626616672415]",-0.0004316751146438517,0.005041398397941946,"[-0.005009072732184899, 0.004971710049920586]","Three paired optimization seeds on the fixed dataset; exploratory, no multiple-comparison correction",,
etth1_uni,sparse_vs_dense,"[{""head"": ""moe_topk"", ""source"": ""white"", ""weight"": 1}, {""head"": ""moe_dense"", ""source"": ""white"", ""weight"": -1}]",moe_topk/white -moe_dense/white,velocity_residual_normalized_mse,"[31, 32, 33]","[-0.004485733596857361, 0.004571051953417948, -0.001202297824504761]",-0.0003723264893147245,0.00458508238081354,"[-0.004485733596857361, 0.004571051953417948]","Three paired optimization seeds on the fixed dataset; exploratory, no multiple-comparison correction",,
etth1_uni,whitened_vs_balanced,"[{""head"": ""mlp_whitened"", ""source"": ""white"", ""weight"": 1}, {""head"": ""mlp_balanced"", ""source"": ""white"", ""weight"": -1}]",mlp_whitened/white -mlp_balanced/white,fair_crps,"[31, 32, 33]","[0.030757670806589255, -0.018248007601754726, -0.006725458737884715]",0.0019280681556499378,0.02562326627965985,"[-0.018248007601754726, 0.030757670806589255]","Three paired optimization seeds on the fixed dataset; exploratory, no multiple-comparison correction",-0.018248007601754726,0.030757670806589255
etth1_uni,whitened_vs_balanced,"[{""head"": ""mlp_whitened"", ""source"": ""white"", ""weight"": 1}, {""head"": ""mlp_balanced"", ""source"": ""white"", ""weight"": -1}]",mlp_whitened/white -mlp_balanced/white,joint_energy_scaled,"[31, 32, 33]","[0.03267034685043807, -0.01869165014585647, -0.006770545210792775]",0.002402717164596275,0.02688168969424427,"[-0.01869165014585647, 0.03267034685043807]","Three paired optimization seeds on the fixed dataset; exploratory, no multiple-comparison correction",-0.01869165014585647,0.03267034685043807
etth1_uni,whitened_vs_balanced,"[{""head"": ""mlp_whitened"", ""source"": ""white"", ""weight"": 1}, {""head"": ""mlp_balanced"", ""source"": ""white"", ""weight"": -1}]",mlp_whitened/white -mlp_balanced/white,roughness_ratio,"[31, 32, 33]","[0.09719709034837276, -0.06713557042083718, -0.15913898797738724]",-0.043025822683283886,0.12985763826142027,"[-0.15913898797738724, 0.09719709034837276]","Three paired optimization seeds on the fixed dataset; exploratory, no multiple-comparison correction",,
etth1_uni,whitened_vs_balanced,"[{""head"": ""mlp_whitened"", ""source"": ""white"", ""weight"": 1}, {""head"": ""mlp_balanced"", ""source"": ""white"", ""weight"": -1}]",mlp_whitened/white -mlp_balanced/white,velocity_pc1_mse,"[31, 32, 33]","[0.3563094484097411, -0.38436415341279506, -0.12880198182071778]",-0.05228556227459058,0.3762185773646903,"[-0.38436415341279506, 0.3563094484097411]","Three paired optimization seeds on the fixed dataset; exploratory, no multiple-comparison correction",,
etth1_uni,whitened_vs_balanced,"[{""head"": ""mlp_whitened"", ""source"": ""white"", ""weight"": 1}, {""head"": ""mlp_balanced"", ""source"": ""white"", ""weight"": -1}]",mlp_whitened/white -mlp_balanced/white,velocity_residual_mse,"[31, 32, 33]","[-0.00024728501630538746, -0.0033916118703565257, -0.004080647057975242]",-0.002573181314879052,0.00204353555541204,"[-0.004080647057975242, -0.00024728501630538746]","Three paired optimization seeds on the fixed dataset; exploratory, no multiple-comparison correction",,
etth1_uni,whitened_vs_balanced,"[{""head"": ""mlp_whitened"", ""source"": ""white"", ""weight"": 1}, {""head"": ""mlp_balanced"", ""source"": ""white"", ""weight"": -1}]",mlp_whitened/white -mlp_balanced/white,velocity_residual_normalized_mse,"[31, 32, 33]","[-0.00024987492600188344, -0.002746458448617442, -0.0040058078217507925]",-0.002334047065456706,0.0019116276679998672,"[-0.0040058078217507925, -0.00024987492600188344]","Three paired optimization seeds on the fixed dataset; exploratory, no multiple-comparison correction",,
etth1_uni,l0_vs_unet,"[{""head"": ""unet_l0"", ""source"": ""white"", ""weight"": 1}, {""head"": ""unet"", ""source"": ""white"", ""weight"": -1}]",unet_l0/white -unet/white,fair_crps,"[31, 32, 33]","[-0.07078133332266592, -0.03250741332238724, 0.09160785516532077]",-0.0038936304932441304,0.08489183447359198,"[-0.07078133332266592, 0.09160785516532077]","Three paired optimization seeds on the fixed dataset; exploratory, no multiple-comparison correction",-0.07078133332266592,0.09160785516532077
etth1_uni,l0_vs_unet,"[{""head"": ""unet_l0"", ""source"": ""white"", ""weight"": 1}, {""head"": ""unet"", ""source"": ""white"", ""weight"": -1}]",unet_l0/white -unet/white,joint_energy_scaled,"[31, 32, 33]","[-0.08007087605288357, -0.037777820257564654, 0.08885163593868345]",-0.00966568679058826,0.08790007281245048,"[-0.08007087605288357, 0.08885163593868345]","Three paired optimization seeds on the fixed dataset; exploratory, no multiple-comparison correction",-0.08007087605288357,0.08885163593868345
etth1_uni,l0_vs_unet,"[{""head"": ""unet_l0"", ""source"": ""white"", ""weight"": 1}, {""head"": ""unet"", ""source"": ""white"", ""weight"": -1}]",unet_l0/white -unet/white,roughness_ratio,"[31, 32, 33]","[-0.23406875849358166, -0.08659918851166193, 0.3309346312117494]",0.003422228068835261,0.2930615962165601,"[-0.23406875849358166, 0.3309346312117494]","Three paired optimization seeds on the fixed dataset; exploratory, no multiple-comparison correction",,
etth1_uni,l0_vs_unet,"[{""head"": ""unet_l0"", ""source"": ""white"", ""weight"": 1}, {""head"": ""unet"", ""source"": ""white"", ""weight"": -1}]",unet_l0/white -unet/white,velocity_pc1_mse,"[31, 32, 33]","[-1.4820864687180717, -1.1007752667456532, 2.078924440332834]",-0.16797909837696365,1.955193390022422,"[-1.4820864687180717, 2.078924440332834]","Three paired optimization seeds on the fixed dataset; exploratory, no multiple-comparison correction",,
etth1_uni,l0_vs_unet,"[{""head"": ""unet_l0"", ""source"": ""white"", ""weight"": 1}, {""head"": ""unet"", ""source"": ""white"", ""weight"": -1}]",unet_l0/white -unet/white,velocity_residual_mse,"[31, 32, 33]","[0.008926442517241909, 0.01446034014711503, 0.013514808058630479]",0.012300530240995805,0.0029600437004001405,"[0.008926442517241909, 0.01446034014711503]","Three paired optimization seeds on the fixed dataset; exploratory, no multiple-comparison correction",,
etth1_uni,l0_vs_unet,"[{""head"": ""unet_l0"", ""source"": ""white"", ""weight"": 1}, {""head"": ""unet"", ""source"": ""white"", ""weight"": -1}]",unet_l0/white -unet/white,velocity_residual_normalized_mse,"[31, 32, 33]","[0.009765021061229645, 0.014342391492754278, 0.013067665523577632]",0.012391692692520518,0.002362368402280755,"[0.009765021061229645, 0.014342391492754278]","Three paired optimization seeds on the fixed dataset; exploratory, no multiple-comparison correction",,
etth1_uni,new_vs_mlp,"[{""head"": ""mlp_whitened"", ""source"": ""gp"", ""weight"": 1}, {""head"": ""mlp"", ""source"": ""gp"", ""weight"": -1}]",mlp_whitened/gp -mlp/gp,fair_crps,"[31, 32, 33]","[-0.056759976547126584, -0.06239088961835512, -0.06955622960572233]",-0.06290236525706801,0.006413441243330512,"[-0.06955622960572233, -0.056759976547126584]","Three paired optimization seeds on the fixed dataset; exploratory, no multiple-comparison correction",-0.06955622960572233,-0.056759976547126584
etth1_uni,new_vs_mlp,"[{""head"": ""mlp_whitened"", ""source"": ""gp"", ""weight"": 1}, {""head"": ""mlp"", ""source"": ""gp"", ""weight"": -1}]",mlp_whitened/gp -mlp/gp,joint_energy_scaled,"[31, 32, 33]","[-0.06534284808944907, -0.06521819299362716, -0.07289982543154719]",-0.0678202888382078,0.0043994492525240006,"[-0.07289982543154719, -0.06521819299362716]","Three paired optimization seeds on the fixed dataset; exploratory, no multiple-comparison correction",-0.07289982543154719,-0.06521819299362716
etth1_uni,new_vs_mlp,"[{""head"": ""mlp_whitened"", ""source"": ""gp"", ""weight"": 1}, {""head"": ""mlp"", ""source"": ""gp"", ""weight"": -1}]",mlp_whitened/gp -mlp/gp,roughness_ratio,"[31, 32, 33]","[0.39588057983913205, 0.46339278206874424, 0.6168635793409792]",0.4920456470829519,0.11324359373646771,"[0.39588057983913205, 0.6168635793409792]","Three paired optimization seeds on the fixed dataset; exploratory, no multiple-comparison correction",,
etth1_uni,new_vs_mlp,"[{""head"": ""mlp_whitened"", ""source"": ""gp"", ""weight"": 1}, {""head"": ""mlp"", ""source"": ""gp"", ""weight"": -1}]",mlp_whitened/gp -mlp/gp,velocity_pc1_mse,"[31, 32, 33]","[-3.1120076123201112, -3.885744558403238, -4.231359334461001]",-3.7430371683947836,0.5731588949298554,"[-4.231359334461001, -3.1120076123201112]","Three paired optimization seeds on the fixed dataset; exploratory, no multiple-comparison correction",,
etth1_uni,new_vs_mlp,"[{""head"": ""mlp_whitened"", ""source"": ""gp"", ""weight"": 1}, {""head"": ""mlp"", ""source"": ""gp"", ""weight"": -1}]",mlp_whitened/gp -mlp/gp,velocity_residual_mse,"[31, 32, 33]","[-0.007235009910453845, -0.0023641576290477848, -0.005883539070369571]",-0.0051609022032904,0.002514548372584261,"[-0.007235009910453845, -0.0023641576290477848]","Three paired optimization seeds on the fixed dataset; exploratory, no multiple-comparison correction",,
etth1_uni,new_vs_mlp,"[{""head"": ""mlp_whitened"", ""source"": ""gp"", ""weight"": 1}, {""head"": ""mlp"", ""source"": ""gp"", ""weight"": -1}]",mlp_whitened/gp -mlp/gp,velocity_residual_normalized_mse,"[31, 32, 33]","[-0.29681335399907854, -0.2865590121602433, -0.2927606975872734]",-0.2920443545821984,0.005164566013965892,"[-0.29681335399907854, -0.2865590121602433]","Three paired optimization seeds on the fixed dataset; exploratory, no multiple-comparison correction",,
etth1_uni,new_vs_mlp,"[{""head"": ""mlp_balanced"", ""source"": ""gp"", ""weight"": 1}, {""head"": ""mlp"", ""source"": ""gp"", ""weight"": -1}]",mlp_balanced/gp -mlp/gp,fair_crps,"[31, 32, 33]","[0.5395411401468428, 0.30114652380172324, 0.7027956090651537]",0.5144944243379066,0.20199257511811622,"[0.30114652380172324, 0.7027956090651537]","Three paired optimization seeds on the fixed dataset; exploratory, no multiple-comparison correction",0.30114652380172324,0.7027956090651536
etth1_uni,new_vs_mlp,"[{""head"": ""mlp_balanced"", ""source"": ""gp"", ""weight"": 1}, {""head"": ""mlp"", ""source"": ""gp"", ""weight"": -1}]",mlp_balanced/gp -mlp/gp,joint_energy_scaled,"[31, 32, 33]","[0.5226750938452538, 0.2969504047469742, 0.6872992146839048]",0.5023082377587109,0.19596978076971955,"[0.2969504047469742, 0.6872992146839048]","Three paired optimization seeds on the fixed dataset; exploratory, no multiple-comparison correction",0.2969504047469742,0.6872992146839048
etth1_uni,new_vs_mlp,"[{""head"": ""mlp_balanced"", ""source"": ""gp"", ""weight"": 1}, {""head"": ""mlp"", ""source"": ""gp"", ""weight"": -1}]",mlp_balanced/gp -mlp/gp,roughness_ratio,"[31, 32, 33]","[0.6689716283718157, 0.7517385433444121, 0.9047384737906227]",0.7751495485022835,0.11961420367815988,"[0.6689716283718157, 0.9047384737906227]","Three paired optimization seeds on the fixed dataset; exploratory, no multiple-comparison correction",,
etth1_uni,new_vs_mlp,"[{""head"": ""mlp_balanced"", ""source"": ""gp"", ""weight"": 1}, {""head"": ""mlp"", ""source"": ""gp"", ""weight"": -1}]",mlp_balanced/gp -mlp/gp,velocity_pc1_mse,"[31, 32, 33]","[36.430531881995556, 20.97456129767974, 47.65141646238695]",35.018836547354084,13.39433884736674,"[20.97456129767974, 47.65141646238695]","Three paired optimization seeds on the fixed dataset; exploratory, no multiple-comparison correction",,
etth1_uni,new_vs_mlp,"[{""head"": ""mlp_balanced"", ""source"": ""gp"", ""weight"": 1}, {""head"": ""mlp"", ""source"": ""gp"", ""weight"": -1}]",mlp_balanced/gp -mlp/gp,velocity_residual_mse,"[31, 32, 33]","[-0.003976876220814794, 0.0023489602839614834, -0.0012066903629899678]",-0.0009448687666144262,0.003171035285602561,"[-0.003976876220814794, 0.0023489602839614834]","Three paired optimization seeds on the fixed dataset; exploratory, no multiple-comparison correction",,
etth1_uni,new_vs_mlp,"[{""head"": ""mlp_balanced"", ""source"": ""gp"", ""weight"": 1}, {""head"": ""mlp"", ""source"": ""gp"", ""weight"": -1}]",mlp_balanced/gp -mlp/gp,velocity_residual_normalized_mse,"[31, 32, 33]","[-0.2541257798676646, -0.2449310055605008, -0.2382900546242835]",-0.24578228001748295,0.007952109760736278,"[-0.2541257798676646, -0.2382900546242835]","Three paired optimization seeds on the fixed dataset; exploratory, no multiple-comparison correction",,
etth1_uni,new_vs_mlp,"[{""head"": ""history_dense_ae"", ""source"": ""gp"", ""weight"": 1}, {""head"": ""mlp"", ""source"": ""gp"", ""weight"": -1}]",history_dense_ae/gp -mlp/gp,fair_crps,"[31, 32, 33]","[0.02357915918218456, -0.06902475580372786, 0.05605378575168604]",0.003536063043380916,0.06490342569178721,"[-0.06902475580372786, 0.05605378575168604]","Three paired optimization seeds on the fixed dataset; exploratory, no multiple-comparison correction",-0.06902475580372786,0.05605378575168604
etth1_uni,new_vs_mlp,"[{""head"": ""history_dense_ae"", ""source"": ""gp"", ""weight"": 1}, {""head"": ""mlp"", ""source"": ""gp"", ""weight"": -1}]",history_dense_ae/gp -mlp/gp,joint_energy_scaled,"[31, 32, 33]","[0.02762716524226691, -0.06703026556601369, 0.05891592968592485]",0.0065042764540593585,0.06557624072542657,"[-0.06703026556601369, 0.05891592968592485]","Three paired optimization seeds on the fixed dataset; exploratory, no multiple-comparison correction",-0.06703026556601369,0.05891592968592485
etth1_uni,new_vs_mlp,"[{""head"": ""history_dense_ae"", ""source"": ""gp"", ""weight"": 1}, {""head"": ""mlp"", ""source"": ""gp"", ""weight"": -1}]",history_dense_ae/gp -mlp/gp,roughness_ratio,"[31, 32, 33]","[0.08858082247362165, 0.05302460215719984, -0.0259614299361971]",0.03854799823154146,0.05862730543606748,"[-0.0259614299361971, 0.08858082247362165]","Three paired optimization seeds on the fixed dataset; exploratory, no multiple-comparison correction",,
etth1_uni,new_vs_mlp,"[{""head"": ""history_dense_ae"", ""source"": ""gp"", ""weight"": 1}, {""head"": ""mlp"", ""source"": ""gp"", ""weight"": -1}]",history_dense_ae/gp -mlp/gp,velocity_pc1_mse,"[31, 32, 33]","[0.4570918560017905, -5.5707979972589525, 5.973445296074187]",0.28657971827234174,5.774010226502166,"[-5.5707979972589525, 5.973445296074187]","Three paired optimization seeds on the fixed dataset; exploratory, no multiple-comparison correction",,
etth1_uni,new_vs_mlp,"[{""head"": ""history_dense_ae"", ""source"": ""gp"", ""weight"": 1}, {""head"": ""mlp"", ""source"": ""gp"", ""weight"": -1}]",history_dense_ae/gp -mlp/gp,velocity_residual_mse,"[31, 32, 33]","[-0.00015509715694046744, 0.008004624312977292, -0.0006081191688179569]",0.002413802662406289,0.004847089052429456,"[-0.0006081191688179569, 0.008004624312977292]","Three paired optimization seeds on the fixed dataset; exploratory, no multiple-comparison correction",,
etth1_uni,new_vs_mlp,"[{""head"": ""history_dense_ae"", ""source"": ""gp"", ""weight"": 1}, {""head"": ""mlp"", ""source"": ""gp"", ""weight"": -1}]",history_dense_ae/gp -mlp/gp,velocity_residual_normalized_mse,"[31, 32, 33]","[0.01499980694664238, -0.00295194797199011, 0.001325945828510311]",0.004457934934387527,0.009376747462961858,"[-0.00295194797199011, 0.01499980694664238]","Three paired optimization seeds on the fixed dataset; exploratory, no multiple-comparison correction",,
etth1_uni,new_vs_mlp,"[{""head"": ""history_topk_ae"", ""source"": ""gp"", ""weight"": 1}, {""head"": ""mlp"", ""source"": ""gp"", ""weight"": -1}]",history_topk_ae/gp -mlp/gp,fair_crps,"[31, 32, 33]","[0.021647363020346422, 0.0056897723881963735, 0.07080512992355034]",0.03271408844403104,0.03393901523971586,"[0.0056897723881963735, 0.07080512992355034]","Three paired optimization seeds on the fixed dataset; exploratory, no multiple-comparison correction",0.0056897723881963735,0.07080512992355034
etth1_uni,new_vs_mlp,"[{""head"": ""history_topk_ae"", ""source"": ""gp"", ""weight"": 1}, {""head"": ""mlp"", ""source"": ""gp"", ""weight"": -1}]",history_topk_ae/gp -mlp/gp,joint_energy_scaled,"[31, 32, 33]","[0.025496131234822556, 0.007227137756049579, 0.07362077868609362]",0.03544801589232192,0.034297359886207475,"[0.007227137756049579, 0.07362077868609362]","Three paired optimization seeds on the fixed dataset; exploratory, no multiple-comparison correction",0.007227137756049579,0.07362077868609362
etth1_uni,new_vs_mlp,"[{""head"": ""history_topk_ae"", ""source"": ""gp"", ""weight"": 1}, {""head"": ""mlp"", ""source"": ""gp"", ""weight"": -1}]",history_topk_ae/gp -mlp/gp,roughness_ratio,"[31, 32, 33]","[0.07605390411838142, -0.01877656283092788, -0.002767547471066889]",0.018169931272128886,0.050764041186132355,"[-0.01877656283092788, 0.07605390411838142]","Three paired optimization seeds on the fixed dataset; exploratory, no multiple-comparison correction",,
etth1_uni,new_vs_mlp,"[{""head"": ""history_topk_ae"", ""source"": ""gp"", ""weight"": 1}, {""head"": ""mlp"", ""source"": ""gp"", ""weight"": -1}]",history_topk_ae/gp -mlp/gp,velocity_pc1_mse,"[31, 32, 33]","[0.339046753844519, 0.741104620947489, 6.195028565350924]",2.425059980047644,3.2710716871929084,"[0.339046753844519, 6.195028565350924]","Three paired optimization seeds on the fixed dataset; exploratory, no multiple-comparison correction",,
etth1_uni,new_vs_mlp,"[{""head"": ""history_topk_ae"", ""source"": ""gp"", ""weight"": 1}, {""head"": ""mlp"", ""source"": ""gp"", ""weight"": -1}]",history_topk_ae/gp -mlp/gp,velocity_residual_mse,"[31, 32, 33]","[-0.0005096247419728514, 0.0032287578468201475, 0.0034789790548450175]",0.0020660373865641047,0.002234094719012826,"[-0.0005096247419728514, 0.0034789790548450175]","Three paired optimization seeds on the fixed dataset; exploratory, no multiple-comparison correction",,
etth1_uni,new_vs_mlp,"[{""head"": ""history_topk_ae"", ""source"": ""gp"", ""weight"": 1}, {""head"": ""mlp"", ""source"": ""gp"", ""weight"": -1}]",history_topk_ae/gp -mlp/gp,velocity_residual_normalized_mse,"[31, 32, 33]","[-0.00476753606887903, -0.01050362729772597, 0.008480405776170985]",-0.002263585863478005,0.009736565252235988,"[-0.01050362729772597, 0.008480405776170985]","Three paired optimization seeds on the fixed dataset; exploratory, no multiple-comparison correction",,
etth1_uni,new_vs_mlp,"[{""head"": ""history_conv_dense"", ""source"": ""gp"", ""weight"": 1}, {""head"": ""mlp"", ""source"": ""gp"", ""weight"": -1}]",history_conv_dense/gp -mlp/gp,fair_crps,"[31, 32, 33]","[0.03302301078289155, -0.052401761476422365, 0.025430241733479103]",0.002017163679982762,0.0472808322350955,"[-0.052401761476422365, 0.03302301078289155]","Three paired optimization seeds on the fixed dataset; exploratory, no multiple-comparison correction",-0.052401761476422365,0.03302301078289155
etth1_uni,new_vs_mlp,"[{""head"": ""history_conv_dense"", ""source"": ""gp"", ""weight"": 1}, {""head"": ""mlp"", ""source"": ""gp"", ""weight"": -1}]",history_conv_dense/gp -mlp/gp,joint_energy_scaled,"[31, 32, 33]","[0.037095321817876725, -0.04757628738871067, 0.027166534632225237]",0.005561856353797097,0.0462859799944222,"[-0.04757628738871067, 0.037095321817876725]","Three paired optimization seeds on the fixed dataset; exploratory, no multiple-comparison correction",-0.04757628738871067,0.037095321817876725
etth1_uni,new_vs_mlp,"[{""head"": ""history_conv_dense"", ""source"": ""gp"", ""weight"": 1}, {""head"": ""mlp"", ""source"": ""gp"", ""weight"": -1}]",history_conv_dense/gp -mlp/gp,roughness_ratio,"[31, 32, 33]","[0.02272207433390705, 0.05669105807514452, 0.006279126661741685]",0.028564086356931084,0.02570870544320106,"[0.006279126661741685, 0.05669105807514452]","Three paired optimization seeds on the fixed dataset; exploratory, no multiple-comparison correction",,
etth1_uni,new_vs_mlp,"[{""head"": ""history_conv_dense"", ""source"": ""gp"", ""weight"": 1}, {""head"": ""mlp"", ""source"": ""gp"", ""weight"": -1}]",history_conv_dense/gp -mlp/gp,velocity_pc1_mse,"[31, 32, 33]","[1.0840063259283887, -4.260704995021394, 0.9566063958514555]",-0.7400307577471832,3.049658669310495,"[-4.260704995021394, 1.0840063259283887]","Three paired optimization seeds on the fixed dataset; exploratory, no multiple-comparison correction",,
etth1_uni,new_vs_mlp,"[{""head"": ""history_conv_dense"", ""source"": ""gp"", ""weight"": 1}, {""head"": ""mlp"", ""source"": ""gp"", ""weight"": -1}]",history_conv_dense/gp -mlp/gp,velocity_residual_mse,"[31, 32, 33]","[-0.0019379464865594206, 0.005698387326228314, 0.007184014055527016]",0.0036481516317319698,0.00489439892480023,"[-0.0019379464865594206, 0.007184014055527016]","Three paired optimization seeds on the fixed dataset; exploratory, no multiple-comparison correction",,
etth1_uni,new_vs_mlp,"[{""head"": ""history_conv_dense"", ""source"": ""gp"", ""weight"": 1}, {""head"": ""mlp"", ""source"": ""gp"", ""weight"": -1}]",history_conv_dense/gp -mlp/gp,velocity_residual_normalized_mse,"[31, 32, 33]","[0.006638907475096545, 0.008183982969881487, 0.021042706106475795]",0.011955198850484608,0.007907838242333714,"[0.006638907475096545, 0.021042706106475795]","Three paired optimization seeds on the fixed dataset; exploratory, no multiple-comparison correction",,
etth1_uni,new_vs_mlp,"[{""head"": ""history_conv_sparse"", ""source"": ""gp"", ""weight"": 1}, {""head"": ""mlp"", ""source"": ""gp"", ""weight"": -1}]",history_conv_sparse/gp -mlp/gp,fair_crps,"[31, 32, 33]","[0.05363932352919565, -0.008462723544846368, 0.03694188086479369]",0.027372826949714324,0.03213784618357155,"[-0.008462723544846368, 0.05363932352919565]","Three paired optimization seeds on the fixed dataset; exploratory, no multiple-comparison correction",-0.008462723544846368,0.05363932352919565
etth1_uni,new_vs_mlp,"[{""head"": ""history_conv_sparse"", ""source"": ""gp"", ""weight"": 1}, {""head"": ""mlp"", ""source"": ""gp"", ""weight"": -1}]",history_conv_sparse/gp -mlp/gp,joint_energy_scaled,"[31, 32, 33]","[0.05378981148758619, -0.005497826682018925, 0.040635935336070156]",0.02964264004721247,0.031135115479367016,"[-0.005497826682018925, 0.05378981148758619]","Three paired optimization seeds on the fixed dataset; exploratory, no multiple-comparison correction",-0.005497826682018925,0.05378981148758619
etth1_uni,new_vs_mlp,"[{""head"": ""history_conv_sparse"", ""source"": ""gp"", ""weight"": 1}, {""head"": ""mlp"", ""source"": ""gp"", ""weight"": -1}]",history_conv_sparse/gp -mlp/gp,roughness_ratio,"[31, 32, 33]","[-0.013039958500243864, 0.014986693278432162, 0.031573475009185836]",0.011173403262458045,0.022549844743024777,"[-0.013039958500243864, 0.031573475009185836]","Three paired optimization seeds on the fixed dataset; exploratory, no multiple-comparison correction",,
etth1_uni,new_vs_mlp,"[{""head"": ""history_conv_sparse"", ""source"": ""gp"", ""weight"": 1}, {""head"": ""mlp"", ""source"": ""gp"", ""weight"": -1}]",history_conv_sparse/gp -mlp/gp,velocity_pc1_mse,"[31, 32, 33]","[4.33631162695014, -1.5195308254417714, 2.9993923474326625]",1.9387243829803438,3.0686291898697045,"[-1.5195308254417714, 4.33631162695014]","Three paired optimization seeds on the fixed dataset; exploratory, no multiple-comparison correction",,
etth1_uni,new_vs_mlp,"[{""head"": ""history_conv_sparse"", ""source"": ""gp"", ""weight"": 1}, {""head"": ""mlp"", ""source"": ""gp"", ""weight"": -1}]",history_conv_sparse/gp -mlp/gp,velocity_residual_mse,"[31, 32, 33]","[0.002453990782049241, 0.003086352845633744, 0.0022482115793177535]",0.002596185069000246,0.00043678897308262226,"[0.0022482115793177535, 0.003086352845633744]","Three paired optimization seeds on the fixed dataset; exploratory, no multiple-comparison correction",,
etth1_uni,new_vs_mlp,"[{""head"": ""history_conv_sparse"", ""source"": ""gp"", ""weight"": 1}, {""head"": ""mlp"", ""source"": ""gp"", ""weight"": -1}]",history_conv_sparse/gp -mlp/gp,velocity_residual_normalized_mse,"[31, 32, 33]","[-0.0005782197232014341, 0.00244882026983001, 0.03176114800594315]",0.011210582850857242,0.01786155197414061,"[-0.0005782197232014341, 0.03176114800594315]","Three paired optimization seeds on the fixed dataset; exploratory, no multiple-comparison correction",,
etth1_uni,new_vs_mlp,"[{""head"": ""dictionary_dense"", ""source"": ""gp"", ""weight"": 1}, {""head"": ""mlp"", ""source"": ""gp"", ""weight"": -1}]",dictionary_dense/gp -mlp/gp,fair_crps,"[31, 32, 33]","[0.02835711843441935, -0.11201815174338593, -0.006562655792291622]",-0.030074563033752735,0.0730815397755908,"[-0.11201815174338593, 0.02835711843441935]","Three paired optimization seeds on the fixed dataset; exploratory, no multiple-comparison correction",-0.11201815174338593,0.02835711843441935
etth1_uni,new_vs_mlp,"[{""head"": ""dictionary_dense"", ""source"": ""gp"", ""weight"": 1}, {""head"": ""mlp"", ""source"": ""gp"", ""weight"": -1}]",dictionary_dense/gp -mlp/gp,joint_energy_scaled,"[31, 32, 33]","[0.029730373299528462, -0.11253995875909922, -0.008109925663757345]",-0.030306503707776034,0.07368668742497661,"[-0.11253995875909922, 0.029730373299528462]","Three paired optimization seeds on the fixed dataset; exploratory, no multiple-comparison correction",-0.11253995875909922,0.029730373299528462
etth1_uni,new_vs_mlp,"[{""head"": ""dictionary_dense"", ""source"": ""gp"", ""weight"": 1}, {""head"": ""mlp"", ""source"": ""gp"", ""weight"": -1}]",dictionary_dense/gp -mlp/gp,roughness_ratio,"[31, 32, 33]","[0.11519134326886471, 0.2155312251246102, 0.2211898653912706]",0.18397081126158185,0.05963192488455968,"[0.11519134326886471, 0.2211898653912706]","Three paired optimization seeds on the fixed dataset; exploratory, no multiple-comparison correction",,
etth1_uni,new_vs_mlp,"[{""head"": ""dictionary_dense"", ""source"": ""gp"", ""weight"": 1}, {""head"": ""mlp"", ""source"": ""gp"", ""weight"": -1}]",dictionary_dense/gp -mlp/gp,velocity_pc1_mse,"[31, 32, 33]","[2.3023499809157126, -7.291762062628996, 0.3872355331277255]",-1.5340588495285192,5.077428045245174,"[-7.291762062628996, 2.3023499809157126]","Three paired optimization seeds on the fixed dataset; exploratory, no multiple-comparison correction",,
etth1_uni,new_vs_mlp,"[{""head"": ""dictionary_dense"", ""source"": ""gp"", ""weight"": 1}, {""head"": ""mlp"", ""source"": ""gp"", ""weight"": -1}]",dictionary_dense/gp -mlp/gp,velocity_residual_mse,"[31, 32, 33]","[-0.0017755711325889087, 0.00560664788560062, -0.0011611353185592005]",0.0008899804781508369,0.004096290567912008,"[-0.0017755711325889087, 0.00560664788560062]","Three paired optimization seeds on the fixed dataset; exploratory, no multiple-comparison correction",,
etth1_uni,new_vs_mlp,"[{""head"": ""dictionary_dense"", ""source"": ""gp"", ""weight"": 1}, {""head"": ""mlp"", ""source"": ""gp"", ""weight"": -1}]",dictionary_dense/gp -mlp/gp,velocity_residual_normalized_mse,"[31, 32, 33]","[0.02644586692362355, 0.12339172889459976, 0.08378000783287293]",0.07787253455036541,0.04874216571677492,"[0.02644586692362355, 0.12339172889459976]","Three paired optimization seeds on the fixed dataset; exploratory, no multiple-comparison correction",,
etth1_uni,new_vs_mlp,"[{""head"": ""dictionary_topk"", ""source"": ""gp"", ""weight"": 1}, {""head"": ""mlp"", ""source"": ""gp"", ""weight"": -1}]",dictionary_topk/gp -mlp/gp,fair_crps,"[31, 32, 33]","[-0.014864769932176058, -0.060454250846075724, 0.028635715339734996]",-0.015561101812838929,0.04454906483096188,"[-0.060454250846075724, 0.028635715339734996]","Three paired optimization seeds on the fixed dataset; exploratory, no multiple-comparison correction",-0.060454250846075724,0.028635715339734996
etth1_uni,new_vs_mlp,"[{""head"": ""dictionary_topk"", ""source"": ""gp"", ""weight"": 1}, {""head"": ""mlp"", ""source"": ""gp"", ""weight"": -1}]",dictionary_topk/gp -mlp/gp,joint_energy_scaled,"[31, 32, 33]","[-0.016186469287833127, -0.054932539753151655, 0.03049037049849504]",-0.013542879514163247,0.04277276965703543,"[-0.054932539753151655, 0.03049037049849504]","Three paired optimization seeds on the fixed dataset; exploratory, no multiple-comparison correction",-0.054932539753151655,0.03049037049849504
etth1_uni,new_vs_mlp,"[{""head"": ""dictionary_topk"", ""source"": ""gp"", ""weight"": 1}, {""head"": ""mlp"", ""source"": ""gp"", ""weight"": -1}]",dictionary_topk/gp -mlp/gp,roughness_ratio,"[31, 32, 33]","[0.9122217449327545, 1.5420319009161452, 1.2828435985112194]",1.245699081453373,0.3165438271480763,"[0.9122217449327545, 1.5420319009161452]","Three paired optimization seeds on the fixed dataset; exploratory, no multiple-comparison correction",,
etth1_uni,new_vs_mlp,"[{""head"": ""dictionary_topk"", ""source"": ""gp"", ""weight"": 1}, {""head"": ""mlp"", ""source"": ""gp"", ""weight"": -1}]",dictionary_topk/gp -mlp/gp,velocity_pc1_mse,"[31, 32, 33]","[-0.30935017195340286, -4.905271125413281, 4.436861775808518]",-0.25925317385272173,4.671267929367436,"[-4.905271125413281, 4.436861775808518]","Three paired optimization seeds on the fixed dataset; exploratory, no multiple-comparison correction",,
etth1_uni,new_vs_mlp,"[{""head"": ""dictionary_topk"", ""source"": ""gp"", ""weight"": 1}, {""head"": ""mlp"", ""source"": ""gp"", ""weight"": -1}]",dictionary_topk/gp -mlp/gp,velocity_residual_mse,"[31, 32, 33]","[0.01175732132268436, 0.023991405226356392, 0.01246746675859755]",0.016072064435879434,0.006867535624357638,"[0.01175732132268436, 0.023991405226356392]","Three paired optimization seeds on the fixed dataset; exploratory, no multiple-comparison correction",,
etth1_uni,new_vs_mlp,"[{""head"": ""dictionary_topk"", ""source"": ""gp"", ""weight"": 1}, {""head"": ""mlp"", ""source"": ""gp"", ""weight"": -1}]",dictionary_topk/gp -mlp/gp,velocity_residual_normalized_mse,"[31, 32, 33]","[0.7734026284862332, 1.603300827178879, 1.0688957375611574]",1.1485330644087564,0.42064157297977334,"[0.7734026284862332, 1.603300827178879]","Three paired optimization seeds on the fixed dataset; exploratory, no multiple-comparison correction",,
etth1_uni,new_vs_mlp,"[{""head"": ""unet_l0"", ""source"": ""gp"", ""weight"": 1}, {""head"": ""mlp"", ""source"": ""gp"", ""weight"": -1}]",unet_l0/gp -mlp/gp,fair_crps,"[31, 32, 33]","[0.012650889401331133, 0.004093693774784551, 0.03239133189863633]",0.01637863835825067,0.014512448623904871,"[0.004093693774784551, 0.03239133189863633]","Three paired optimization seeds on the fixed dataset; exploratory, no multiple-comparison correction",0.004093693774784551,0.03239133189863633
etth1_uni,new_vs_mlp,"[{""head"": ""unet_l0"", ""source"": ""gp"", ""weight"": 1}, {""head"": ""mlp"", ""source"": ""gp"", ""weight"": -1}]",unet_l0/gp -mlp/gp,joint_energy_scaled,"[31, 32, 33]","[0.003805622274814763, 0.0013781693555406649, 0.026475434180182944]",0.010553075270179457,0.01384248051698281,"[0.0013781693555406649, 0.026475434180182944]","Three paired optimization seeds on the fixed dataset; exploratory, no multiple-comparison correction",0.0013781693555406649,0.026475434180182944
etth1_uni,new_vs_mlp,"[{""head"": ""unet_l0"", ""source"": ""gp"", ""weight"": 1}, {""head"": ""mlp"", ""source"": ""gp"", ""weight"": -1}]",unet_l0/gp -mlp/gp,roughness_ratio,"[31, 32, 33]","[0.207846205750299, -0.016301917408977906, 0.05368069682479004]",0.08174166172203705,0.11467850100249823,"[-0.016301917408977906, 0.207846205750299]","Three paired optimization seeds on the fixed dataset; exploratory, no multiple-comparison correction",,
etth1_uni,new_vs_mlp,"[{""head"": ""unet_l0"", ""source"": ""gp"", ""weight"": 1}, {""head"": ""mlp"", ""source"": ""gp"", ""weight"": -1}]",unet_l0/gp -mlp/gp,velocity_pc1_mse,"[31, 32, 33]","[-1.5131647388576148, 0.37205211729009413, 0.37695876255091854]",-0.25471795300553407,1.0898496471568928,"[-1.5131647388576148, 0.37695876255091854]","Three paired optimization seeds on the fixed dataset; exploratory, no multiple-comparison correction",,
etth1_uni,new_vs_mlp,"[{""head"": ""unet_l0"", ""source"": ""gp"", ""weight"": 1}, {""head"": ""mlp"", ""source"": ""gp"", ""weight"": -1}]",unet_l0/gp -mlp/gp,velocity_residual_mse,"[31, 32, 33]","[0.011451312669045657, 0.00694210397854652, 0.004214753253333585]",0.00753605663364192,0.0036546590623003287,"[0.004214753253333585, 0.011451312669045657]","Three paired optimization seeds on the fixed dataset; exploratory, no multiple-comparison correction",,
etth1_uni,new_vs_mlp,"[{""head"": ""unet_l0"", ""source"": ""gp"", ""weight"": 1}, {""head"": ""mlp"", ""source"": ""gp"", ""weight"": -1}]",unet_l0/gp -mlp/gp,velocity_residual_normalized_mse,"[31, 32, 33]","[0.6107482073660702, 0.2574580693447983, 0.31273763271450894]",0.3936479698084591,0.1900351083149238,"[0.2574580693447983, 0.6107482073660702]","Three paired optimization seeds on the fixed dataset; exploratory, no multiple-comparison correction",,
etth1_uni,new_vs_mlp,"[{""head"": ""moe_dense"", ""source"": ""gp"", ""weight"": 1}, {""head"": ""mlp"", ""source"": ""gp"", ""weight"": -1}]",moe_dense/gp -mlp/gp,fair_crps,"[31, 32, 33]","[0.05247268986678444, -0.05042027570869437, 0.0029276490255012444]",0.0016600210611971051,0.05145819421356604,"[-0.05042027570869437, 0.05247268986678444]","Three paired optimization seeds on the fixed dataset; exploratory, no multiple-comparison correction",-0.05042027570869437,0.05247268986678444
etth1_uni,new_vs_mlp,"[{""head"": ""moe_dense"", ""source"": ""gp"", ""weight"": 1}, {""head"": ""mlp"", ""source"": ""gp"", ""weight"": -1}]",moe_dense/gp -mlp/gp,joint_energy_scaled,"[31, 32, 33]","[0.053692210714372995, -0.04597226646472671, 0.0031051753427250306]",0.0036083731974571043,0.0498341440069615,"[-0.04597226646472671, 0.053692210714372995]","Three paired optimization seeds on the fixed dataset; exploratory, no multiple-comparison correction",-0.04597226646472671,0.053692210714372995
etth1_uni,new_vs_mlp,"[{""head"": ""moe_dense"", ""source"": ""gp"", ""weight"": 1}, {""head"": ""mlp"", ""source"": ""gp"", ""weight"": -1}]",moe_dense/gp -mlp/gp,roughness_ratio,"[31, 32, 33]","[-0.0022343797573318724, -0.010481982037469306, 0.018280975363596297]",0.0018548711895983727,0.014811090763144559,"[-0.010481982037469306, 0.018280975363596297]","Three paired optimization seeds on the fixed dataset; exploratory, no multiple-comparison correction",,
etth1_uni,new_vs_mlp,"[{""head"": ""moe_dense"", ""source"": ""gp"", ""weight"": 1}, {""head"": ""mlp"", ""source"": ""gp"", ""weight"": -1}]",moe_dense/gp -mlp/gp,velocity_pc1_mse,"[31, 32, 33]","[2.387763541518048, -4.446036146141618, 0.5832902570961505]",-0.49166078250913997,3.5414466459239096,"[-4.446036146141618, 2.387763541518048]","Three paired optimization seeds on the fixed dataset; exploratory, no multiple-comparison correction",,
etth1_uni,new_vs_mlp,"[{""head"": ""moe_dense"", ""source"": ""gp"", ""weight"": 1}, {""head"": ""mlp"", ""source"": ""gp"", ""weight"": -1}]",moe_dense/gp -mlp/gp,velocity_residual_mse,"[31, 32, 33]","[0.0028642352389387504, 0.0005336382067905321, -0.0011952854350944647]",0.0007341960035449393,0.002037178096805728,"[-0.0011952854350944647, 0.0028642352389387504]","Three paired optimization seeds on the fixed dataset; exploratory, no multiple-comparison correction",,
etth1_uni,new_vs_mlp,"[{""head"": ""moe_dense"", ""source"": ""gp"", ""weight"": 1}, {""head"": ""mlp"", ""source"": ""gp"", ""weight"": -1}]",moe_dense/gp -mlp/gp,velocity_residual_normalized_mse,"[31, 32, 33]","[0.015380081362744324, -0.0005986300037488235, 0.008966424034631104]",0.007915958464542202,0.008040983314799315,"[-0.0005986300037488235, 0.015380081362744324]","Three paired optimization seeds on the fixed dataset; exploratory, no multiple-comparison correction",,
etth1_uni,new_vs_mlp,"[{""head"": ""moe_topk"", ""source"": ""gp"", ""weight"": 1}, {""head"": ""mlp"", ""source"": ""gp"", ""weight"": -1}]",moe_topk/gp -mlp/gp,fair_crps,"[31, 32, 33]","[0.015815367630229837, -0.03064257145851404, -0.012318209753061998]",-0.009048471193782067,0.023400927733273538,"[-0.03064257145851404, 0.015815367630229837]","Three paired optimization seeds on the fixed dataset; exploratory, no multiple-comparison correction",-0.03064257145851404,0.015815367630229837
etth1_uni,new_vs_mlp,"[{""head"": ""moe_topk"", ""source"": ""gp"", ""weight"": 1}, {""head"": ""mlp"", ""source"": ""gp"", ""weight"": -1}]",moe_topk/gp -mlp/gp,joint_energy_scaled,"[31, 32, 33]","[0.011608619158228611, -0.02714281757780221, -0.012765940436300749]",-0.009433379618624782,0.019589485278569255,"[-0.02714281757780221, 0.011608619158228611]","Three paired optimization seeds on the fixed dataset; exploratory, no multiple-comparison correction",-0.02714281757780221,0.011608619158228611
etth1_uni,new_vs_mlp,"[{""head"": ""moe_topk"", ""source"": ""gp"", ""weight"": 1}, {""head"": ""mlp"", ""source"": ""gp"", ""weight"": -1}]",moe_topk/gp -mlp/gp,roughness_ratio,"[31, 32, 33]","[-0.044937547524573795, 0.0002621281965677902, -0.03797617601840142]",-0.027550531782135807,0.02433666399961122,"[-0.044937547524573795, 0.0002621281965677902]","Three paired optimization seeds on the fixed dataset; exploratory, no multiple-comparison correction",,
etth1_uni,new_vs_mlp,"[{""head"": ""moe_topk"", ""source"": ""gp"", ""weight"": 1}, {""head"": ""mlp"", ""source"": ""gp"", ""weight"": -1}]",moe_topk/gp -mlp/gp,velocity_pc1_mse,"[31, 32, 33]","[-0.002809562843033575, -3.5072399704932558, -0.9556291745667451]",-1.4885595693010114,1.81197936653252,"[-3.5072399704932558, -0.002809562843033575]","Three paired optimization seeds on the fixed dataset; exploratory, no multiple-comparison correction",,
etth1_uni,new_vs_mlp,"[{""head"": ""moe_topk"", ""source"": ""gp"", ""weight"": 1}, {""head"": ""mlp"", ""source"": ""gp"", ""weight"": -1}]",moe_topk/gp -mlp/gp,velocity_residual_mse,"[31, 32, 33]","[0.004916799171062129, 0.0026751062677176918, -0.0025716437073338427]",0.0016734205771486595,0.0038434001681802413,"[-0.0025716437073338427, 0.004916799171062129]","Three paired optimization seeds on the fixed dataset; exploratory, no multiple-comparison correction",,
etth1_uni,new_vs_mlp,"[{""head"": ""moe_topk"", ""source"": ""gp"", ""weight"": 1}, {""head"": ""mlp"", ""source"": ""gp"", ""weight"": -1}]",moe_topk/gp -mlp/gp,velocity_residual_normalized_mse,"[31, 32, 33]","[0.009643765897267564, 0.0039794934474747246, -0.0005333016993361306]",0.004363319215135386,0.00509937916627117,"[-0.0005333016993361306, 0.009643765897267564]","Three paired optimization seeds on the fixed dataset; exploratory, no multiple-comparison correction",,
etth1_uni,sparse_vs_dense,"[{""head"": ""history_topk_ae"", ""source"": ""gp"", ""weight"": 1}, {""head"": ""history_dense_ae"", ""source"": ""gp"", ""weight"": -1}]",history_topk_ae/gp -history_dense_ae/gp,fair_crps,"[31, 32, 33]","[-0.0019317961618381396, 0.07471452819192423, 0.0147513441718643]",0.02917802540065013,0.04030833174038945,"[-0.0019317961618381396, 0.07471452819192423]","Three paired optimization seeds on the fixed dataset; exploratory, no multiple-comparison correction",-0.0019317961618381396,0.07471452819192423
etth1_uni,sparse_vs_dense,"[{""head"": ""history_topk_ae"", ""source"": ""gp"", ""weight"": 1}, {""head"": ""history_dense_ae"", ""source"": ""gp"", ""weight"": -1}]",history_topk_ae/gp -history_dense_ae/gp,joint_energy_scaled,"[31, 32, 33]","[-0.0021310340074443546, 0.07425740332206326, 0.014704849000168774]",0.02894373943826256,0.04013549351997627,"[-0.0021310340074443546, 0.07425740332206326]","Three paired optimization seeds on the fixed dataset; exploratory, no multiple-comparison correction",-0.0021310340074443546,0.07425740332206326
etth1_uni,sparse_vs_dense,"[{""head"": ""history_topk_ae"", ""source"": ""gp"", ""weight"": 1}, {""head"": ""history_dense_ae"", ""source"": ""gp"", ""weight"": -1}]",history_topk_ae/gp -history_dense_ae/gp,roughness_ratio,"[31, 32, 33]","[-0.012526918355240224, -0.07180116498812772, 0.02319388246513021]",-0.020378066959412577,0.047981716944741355,"[-0.07180116498812772, 0.02319388246513021]","Three paired optimization seeds on the fixed dataset; exploratory, no multiple-comparison correction",,
etth1_uni,sparse_vs_dense,"[{""head"": ""history_topk_ae"", ""source"": ""gp"", ""weight"": 1}, {""head"": ""history_dense_ae"", ""source"": ""gp"", ""weight"": -1}]",history_topk_ae/gp -history_dense_ae/gp,velocity_pc1_mse,"[31, 32, 33]","[-0.11804510215727149, 6.3119026182064415, 0.22158326927673677]",2.1384802617753023,3.6182768663467644,"[-0.11804510215727149, 6.3119026182064415]","Three paired optimization seeds on the fixed dataset; exploratory, no multiple-comparison correction",,
etth1_uni,sparse_vs_dense,"[{""head"": ""history_topk_ae"", ""source"": ""gp"", ""weight"": 1}, {""head"": ""history_dense_ae"", ""source"": ""gp"", ""weight"": -1}]",history_topk_ae/gp -history_dense_ae/gp,velocity_residual_mse,"[31, 32, 33]","[-0.00035452758503238396, -0.004775866466157144, 0.004087098223662974]",-0.00034776527584218464,0.004431486214563771,"[-0.004775866466157144, 0.004087098223662974]","Three paired optimization seeds on the fixed dataset; exploratory, no multiple-comparison correction",,
etth1_uni,sparse_vs_dense,"[{""head"": ""history_topk_ae"", ""source"": ""gp"", ""weight"": 1}, {""head"": ""history_dense_ae"", ""source"": ""gp"", ""weight"": -1}]",history_topk_ae/gp -history_dense_ae/gp,velocity_residual_normalized_mse,"[31, 32, 33]","[-0.01976734301552141, -0.0075516793257358605, 0.007154459947660674]",-0.006721520797865532,0.013480086835148607,"[-0.01976734301552141, 0.007154459947660674]","Three paired optimization seeds on the fixed dataset; exploratory, no multiple-comparison correction",,
etth1_uni,sparse_vs_dense,"[{""head"": ""history_conv_sparse"", ""source"": ""gp"", ""weight"": 1}, {""head"": ""history_conv_dense"", ""source"": ""gp"", ""weight"": -1}]",history_conv_sparse/gp -history_conv_dense/gp,fair_crps,"[31, 32, 33]","[0.0206163127463041, 0.043939037931576, 0.011511639131314588]",0.02535566326973156,0.016725134701273195,"[0.011511639131314588, 0.043939037931576]","Three paired optimization seeds on the fixed dataset; exploratory, no multiple-comparison correction",0.011511639131314588,0.043939037931576
etth1_uni,sparse_vs_dense,"[{""head"": ""history_conv_sparse"", ""source"": ""gp"", ""weight"": 1}, {""head"": ""history_conv_dense"", ""source"": ""gp"", ""weight"": -1}]",history_conv_sparse/gp -history_conv_dense/gp,joint_energy_scaled,"[31, 32, 33]","[0.01669448966970946, 0.042078460706691745, 0.01346940070384492]",0.024080783693415375,0.015669638895491427,"[0.01346940070384492, 0.042078460706691745]","Three paired optimization seeds on the fixed dataset; exploratory, no multiple-comparison correction",0.01346940070384492,0.042078460706691745
etth1_uni,sparse_vs_dense,"[{""head"": ""history_conv_sparse"", ""source"": ""gp"", ""weight"": 1}, {""head"": ""history_conv_dense"", ""source"": ""gp"", ""weight"": -1}]",history_conv_sparse/gp -history_conv_dense/gp,roughness_ratio,"[31, 32, 33]","[-0.035762032834150914, -0.041704364796712357, 0.02529434834744415]",-0.01739068309447304,0.03708553301742357,"[-0.041704364796712357, 0.02529434834744415]","Three paired optimization seeds on the fixed dataset; exploratory, no multiple-comparison correction",,
etth1_uni,sparse_vs_dense,"[{""head"": ""history_conv_sparse"", ""source"": ""gp"", ""weight"": 1}, {""head"": ""history_conv_dense"", ""source"": ""gp"", ""weight"": -1}]",history_conv_sparse/gp -history_conv_dense/gp,velocity_pc1_mse,"[31, 32, 33]","[3.2523053010217513, 2.7411741695796223, 2.042785951581207]",2.6787551407275267,0.6071707877853632,"[2.042785951581207, 3.2523053010217513]","Three paired optimization seeds on the fixed dataset; exploratory, no multiple-comparison correction",,
etth1_uni,sparse_vs_dense,"[{""head"": ""history_conv_sparse"", ""source"": ""gp"", ""weight"": 1}, {""head"": ""history_conv_dense"", ""source"": ""gp"", ""weight"": -1}]",history_conv_sparse/gp -history_conv_dense/gp,velocity_residual_mse,"[31, 32, 33]","[0.004391937268608662, -0.0026120344805945703, -0.0049358024762092625]",-0.0010519665627317237,0.004855619540081645,"[-0.0049358024762092625, 0.004391937268608662]","Three paired optimization seeds on the fixed dataset; exploratory, no multiple-comparison correction",,
etth1_uni,sparse_vs_dense,"[{""head"": ""history_conv_sparse"", ""source"": ""gp"", ""weight"": 1}, {""head"": ""history_conv_dense"", ""source"": ""gp"", ""weight"": -1}]",history_conv_sparse/gp -history_conv_dense/gp,velocity_residual_normalized_mse,"[31, 32, 33]","[-0.007217127198297979, -0.005735162700051477, 0.010718441899467357]",-0.0007446159996273664,0.009954914715456592,"[-0.007217127198297979, 0.010718441899467357]","Three paired optimization seeds on the fixed dataset; exploratory, no multiple-comparison correction",,
etth1_uni,sparse_vs_dense,"[{""head"": ""dictionary_topk"", ""source"": ""gp"", ""weight"": 1}, {""head"": ""dictionary_dense"", ""source"": ""gp"", ""weight"": -1}]",dictionary_topk/gp -dictionary_dense/gp,fair_crps,"[31, 32, 33]","[-0.04322188836659541, 0.05156390089731021, 0.03519837113202662]",0.014513461220913806,0.05066542790817542,"[-0.04322188836659541, 0.05156390089731021]","Three paired optimization seeds on the fixed dataset; exploratory, no multiple-comparison correction",-0.04322188836659541,0.0515639008973102
etth1_uni,sparse_vs_dense,"[{""head"": ""dictionary_topk"", ""source"": ""gp"", ""weight"": 1}, {""head"": ""dictionary_dense"", ""source"": ""gp"", ""weight"": -1}]",dictionary_topk/gp -dictionary_dense/gp,joint_energy_scaled,"[31, 32, 33]","[-0.04591684258736159, 0.05760741900594757, 0.038600296162252384]",0.016763624193612787,0.05510851446563819,"[-0.04591684258736159, 0.05760741900594757]","Three paired optimization seeds on the fixed dataset; exploratory, no multiple-comparison correction",-0.04591684258736159,0.05760741900594757
etth1_uni,sparse_vs_dense,"[{""head"": ""dictionary_topk"", ""source"": ""gp"", ""weight"": 1}, {""head"": ""dictionary_dense"", ""source"": ""gp"", ""weight"": -1}]",dictionary_topk/gp -dictionary_dense/gp,roughness_ratio,"[31, 32, 33]","[0.7970304016638898, 1.326500675791535, 1.0616537331199487]",1.0617282701917912,0.2647351449336341,"[0.7970304016638898, 1.326500675791535]","Three paired optimization seeds on the fixed dataset; exploratory, no multiple-comparison correction",,
etth1_uni,sparse_vs_dense,"[{""head"": ""dictionary_topk"", ""source"": ""gp"", ""weight"": 1}, {""head"": ""dictionary_dense"", ""source"": ""gp"", ""weight"": -1}]",dictionary_topk/gp -dictionary_dense/gp,velocity_pc1_mse,"[31, 32, 33]","[-2.6117001528691155, 2.386490937215715, 4.049626242680793]",1.2748056756757975,3.4670160696997483,"[-2.6117001528691155, 4.049626242680793]","Three paired optimization seeds on the fixed dataset; exploratory, no multiple-comparison correction",,
etth1_uni,sparse_vs_dense,"[{""head"": ""dictionary_topk"", ""source"": ""gp"", ""weight"": 1}, {""head"": ""dictionary_dense"", ""source"": ""gp"", ""weight"": -1}]",dictionary_topk/gp -dictionary_dense/gp,velocity_residual_mse,"[31, 32, 33]","[0.013532892455273268, 0.018384757340755772, 0.01362860207715675]",0.015182083957728597,0.0027740093153580648,"[0.013532892455273268, 0.018384757340755772]","Three paired optimization seeds on the fixed dataset; exploratory, no multiple-comparison correction",,
etth1_uni,sparse_vs_dense,"[{""head"": ""dictionary_topk"", ""source"": ""gp"", ""weight"": 1}, {""head"": ""dictionary_dense"", ""source"": ""gp"", ""weight"": -1}]",dictionary_topk/gp -dictionary_dense/gp,velocity_residual_normalized_mse,"[31, 32, 33]","[0.7469567615626096, 1.479909098284279, 0.9851157297282847]",1.070660529858391,0.3738893106233632,"[0.7469567615626096, 1.479909098284279]","Three paired optimization seeds on the fixed dataset; exploratory, no multiple-comparison correction",,
etth1_uni,sparse_vs_dense,"[{""head"": ""moe_topk"", ""source"": ""gp"", ""weight"": 1}, {""head"": ""moe_dense"", ""source"": ""gp"", ""weight"": -1}]",moe_topk/gp -moe_dense/gp,fair_crps,"[31, 32, 33]","[-0.0366573222365546, 0.019777704250180328, -0.015245858778563243]",-0.010708492254979171,0.028489802120524186,"[-0.0366573222365546, 0.019777704250180328]","Three paired optimization seeds on the fixed dataset; exploratory, no multiple-comparison correction",-0.0366573222365546,0.019777704250180328
etth1_uni,sparse_vs_dense,"[{""head"": ""moe_topk"", ""source"": ""gp"", ""weight"": 1}, {""head"": ""moe_dense"", ""source"": ""gp"", ""weight"": -1}]",moe_topk/gp -moe_dense/gp,joint_energy_scaled,"[31, 32, 33]","[-0.042083591556144384, 0.018829448886924505, -0.01587111577902578]",-0.013041752816081886,0.030554927509107193,"[-0.042083591556144384, 0.018829448886924505]","Three paired optimization seeds on the fixed dataset; exploratory, no multiple-comparison correction",-0.042083591556144384,0.018829448886924505
etth1_uni,sparse_vs_dense,"[{""head"": ""moe_topk"", ""source"": ""gp"", ""weight"": 1}, {""head"": ""moe_dense"", ""source"": ""gp"", ""weight"": -1}]",moe_topk/gp -moe_dense/gp,roughness_ratio,"[31, 32, 33]","[-0.04270316776724192, 0.010744110234037096, -0.056257151381997716]",-0.02940540297173418,0.03542478194643643,"[-0.056257151381997716, 0.010744110234037096]","Three paired optimization seeds on the fixed dataset; exploratory, no multiple-comparison correction",,
etth1_uni,sparse_vs_dense,"[{""head"": ""moe_topk"", ""source"": ""gp"", ""weight"": 1}, {""head"": ""moe_dense"", ""source"": ""gp"", ""weight"": -1}]",moe_topk/gp -moe_dense/gp,velocity_pc1_mse,"[31, 32, 33]","[-2.3905731043610814, 0.9387961756483625, -1.5389194316628956]",-0.9968987867918715,1.7295995881323085,"[-2.3905731043610814, 0.9387961756483625]","Three paired optimization seeds on the fixed dataset; exploratory, no multiple-comparison correction",,
etth1_uni,sparse_vs_dense,"[{""head"": ""moe_topk"", ""source"": ""gp"", ""weight"": 1}, {""head"": ""moe_dense"", ""source"": ""gp"", ""weight"": -1}]",moe_topk/gp -moe_dense/gp,velocity_residual_mse,"[31, 32, 33]","[0.002052563932123379, 0.0021414680609271597, -0.001376358272239378]",0.0009392245736037202,0.0020058461862769304,"[-0.001376358272239378, 0.0021414680609271597]","Three paired optimization seeds on the fixed dataset; exploratory, no multiple-comparison correction",,
etth1_uni,sparse_vs_dense,"[{""head"": ""moe_topk"", ""source"": ""gp"", ""weight"": 1}, {""head"": ""moe_dense"", ""source"": ""gp"", ""weight"": -1}]",moe_topk/gp -moe_dense/gp,velocity_residual_normalized_mse,"[31, 32, 33]","[-0.00573631546547676, 0.004578123451223548, -0.009499725733967235]",-0.0035526392494068157,0.0072885383159256535,"[-0.009499725733967235, 0.004578123451223548]","Three paired optimization seeds on the fixed dataset; exploratory, no multiple-comparison correction",,
etth1_uni,whitened_vs_balanced,"[{""head"": ""mlp_whitened"", ""source"": ""gp"", ""weight"": 1}, {""head"": ""mlp_balanced"", ""source"": ""gp"", ""weight"": -1}]",mlp_whitened/gp -mlp_balanced/gp,fair_crps,"[31, 32, 33]","[-0.5963011166939695, -0.36353741342007834, -0.772351838670876]",-0.5773967895949745,0.2050617925421124,"[-0.772351838670876, -0.36353741342007834]","Three paired optimization seeds on the fixed dataset; exploratory, no multiple-comparison correction",-0.772351838670876,-0.36353741342007834
etth1_uni,whitened_vs_balanced,"[{""head"": ""mlp_whitened"", ""source"": ""gp"", ""weight"": 1}, {""head"": ""mlp_balanced"", ""source"": ""gp"", ""weight"": -1}]",mlp_whitened/gp -mlp_balanced/gp,joint_energy_scaled,"[31, 32, 33]","[-0.5880179419347028, -0.36216859774060134, -0.7601990401154519]",-0.5701285265969187,0.1996173380498939,"[-0.7601990401154519, -0.36216859774060134]","Three paired optimization seeds on the fixed dataset; exploratory, no multiple-comparison correction",-0.7601990401154519,-0.36216859774060134
etth1_uni,whitened_vs_balanced,"[{""head"": ""mlp_whitened"", ""source"": ""gp"", ""weight"": 1}, {""head"": ""mlp_balanced"", ""source"": ""gp"", ""weight"": -1}]",mlp_whitened/gp -mlp_balanced/gp,roughness_ratio,"[31, 32, 33]","[-0.2730910485326836, -0.2883457612756679, -0.2878748944496434]",-0.28310390141933167,0.00867458045609149,"[-0.2883457612756679, -0.2730910485326836]","Three paired optimization seeds on the fixed dataset; exploratory, no multiple-comparison correction",,
etth1_uni,whitened_vs_balanced,"[{""head"": ""mlp_whitened"", ""source"": ""gp"", ""weight"": 1}, {""head"": ""mlp_balanced"", ""source"": ""gp"", ""weight"": -1}]",mlp_whitened/gp -mlp_balanced/gp,velocity_pc1_mse,"[31, 32, 33]","[-39.54253949431567, -24.86030585608298, -51.88277579684795]",-38.76187371574887,13.528139181655975,"[-51.88277579684795, -24.86030585608298]","Three paired optimization seeds on the fixed dataset; exploratory, no multiple-comparison correction",,
etth1_uni,whitened_vs_balanced,"[{""head"": ""mlp_whitened"", ""source"": ""gp"", ""weight"": 1}, {""head"": ""mlp_balanced"", ""source"": ""gp"", ""weight"": -1}]",mlp_whitened/gp -mlp_balanced/gp,velocity_residual_mse,"[31, 32, 33]","[-0.0032581336896390506, -0.004713117913009268, -0.004676848707379604]",-0.004216033436675974,0.0008297637060328099,"[-0.004713117913009268, -0.0032581336896390506]","Three paired optimization seeds on the fixed dataset; exploratory, no multiple-comparison correction",,
etth1_uni,whitened_vs_balanced,"[{""head"": ""mlp_whitened"", ""source"": ""gp"", ""weight"": 1}, {""head"": ""mlp_balanced"", ""source"": ""gp"", ""weight"": -1}]",mlp_whitened/gp -mlp_balanced/gp,velocity_residual_normalized_mse,"[31, 32, 33]","[-0.04268757413141393, -0.04162800659974254, -0.05447064296298991]",-0.04626207456471546,0.0071285424316900525,"[-0.05447064296298991, -0.04162800659974254]","Three paired optimization seeds on the fixed dataset; exploratory, no multiple-comparison correction",,
etth1_uni,l0_vs_unet,"[{""head"": ""unet_l0"", ""source"": ""gp"", ""weight"": 1}, {""head"": ""unet"", ""source"": ""gp"", ""weight"": -1}]",unet_l0/gp -unet/gp,fair_crps,"[31, 32, 33]","[0.010886000993175049, 0.03915184518572501, -0.016393298750185165]",0.011214849142904965,0.027774032108147897,"[-0.016393298750185165, 0.03915184518572501]","Three paired optimization seeds on the fixed dataset; exploratory, no multiple-comparison correction",-0.016393298750185165,0.03915184518572501
etth1_uni,l0_vs_unet,"[{""head"": ""unet_l0"", ""source"": ""gp"", ""weight"": 1}, {""head"": ""unet"", ""source"": ""gp"", ""weight"": -1}]",unet_l0/gp -unet/gp,joint_energy_scaled,"[31, 32, 33]","[0.008143350421453227, 0.036354144894069684, -0.022456263446885005]",0.007347077289545968,0.029413289011650946,"[-0.022456263446885005, 0.036354144894069684]","Three paired optimization seeds on the fixed dataset; exploratory, no multiple-comparison correction",-0.022456263446885005,0.036354144894069684
etth1_uni,l0_vs_unet,"[{""head"": ""unet_l0"", ""source"": ""gp"", ""weight"": 1}, {""head"": ""unet"", ""source"": ""gp"", ""weight"": -1}]",unet_l0/gp -unet/gp,roughness_ratio,"[31, 32, 33]","[0.12186717630383459, -0.16586489404715776, -0.08648341866118858]",-0.04349371213483725,0.14860525639267766,"[-0.16586489404715776, 0.12186717630383459]","Three paired optimization seeds on the fixed dataset; exploratory, no multiple-comparison correction",,
etth1_uni,l0_vs_unet,"[{""head"": ""unet_l0"", ""source"": ""gp"", ""weight"": 1}, {""head"": ""unet"", ""source"": ""gp"", ""weight"": -1}]",unet_l0/gp -unet/gp,velocity_pc1_mse,"[31, 32, 33]","[-1.45354562823724, 3.18858846805945, -4.798047251181362]",-1.0210014704530508,4.010848833387794,"[-4.798047251181362, 3.18858846805945]","Three paired optimization seeds on the fixed dataset; exploratory, no multiple-comparison correction",,
etth1_uni,l0_vs_unet,"[{""head"": ""unet_l0"", ""source"": ""gp"", ""weight"": 1}, {""head"": ""unet"", ""source"": ""gp"", ""weight"": -1}]",unet_l0/gp -unet/gp,velocity_residual_mse,"[31, 32, 33]","[0.010522348487906404, -2.92677900025351e-06, 0.0007305118160522081]",0.003749977841652786,0.005876498631911383,"[-2.92677900025351e-06, 0.010522348487906404]","Three paired optimization seeds on the fixed dataset; exploratory, no multiple-comparison correction",,
etth1_uni,l0_vs_unet,"[{""head"": ""unet_l0"", ""source"": ""gp"", ""weight"": 1}, {""head"": ""unet"", ""source"": ""gp"", ""weight"": -1}]",unet_l0/gp -unet/gp,velocity_residual_normalized_mse,"[31, 32, 33]","[0.6847382566072058, 0.22315986923817221, 0.26890972068653285]",0.39226928217730367,0.25431641311552394,"[0.22315986923817221, 0.6847382566072058]","Three paired optimization seeds on the fixed dataset; exploratory, no multiple-comparison correction",,
etth1_uni,gp_vs_white,"[{""head"": ""mlp"", ""source"": ""gp"", ""weight"": 1}, {""head"": ""mlp"", ""source"": ""white"", ""weight"": -1}]",mlp/gp -mlp/white,fair_crps,"[31, 32, 33]","[0.013451563962108282, 0.07449389321104186, 0.07035352546061668]",0.05276632754458894,0.03411046229438925,"[0.013451563962108282, 0.07449389321104186]","Three paired optimization seeds on the fixed dataset; exploratory, no multiple-comparison correction",0.013451563962108282,0.07449389321104186
etth1_uni,gp_vs_white,"[{""head"": ""mlp"", ""source"": ""gp"", ""weight"": 1}, {""head"": ""mlp"", ""source"": ""white"", ""weight"": -1}]",mlp/gp -mlp/white,joint_energy_scaled,"[31, 32, 33]","[0.018947914536506877, 0.07359104480095549, 0.07315626995469895]",0.055231743097387105,0.031423469231901265,"[0.018947914536506877, 0.07359104480095549]","Three paired optimization seeds on the fixed dataset; exploratory, no multiple-comparison correction",0.018947914536506877,0.07359104480095549
etth1_uni,gp_vs_white,"[{""head"": ""mlp"", ""source"": ""gp"", ""weight"": 1}, {""head"": ""mlp"", ""source"": ""white"", ""weight"": -1}]",mlp/gp -mlp/white,roughness_ratio,"[31, 32, 33]","[-1.2283229720175226, -1.1423341379076566, -1.1947508135469098]",-1.1884693078240296,0.043337199765368394,"[-1.2283229720175226, -1.1423341379076566]","Three paired optimization seeds on the fixed dataset; exploratory, no multiple-comparison correction",,
etth1_uni,gp_vs_white,"[{""head"": ""mlp_balanced"", ""source"": ""gp"", ""weight"": 1}, {""head"": ""mlp_balanced"", ""source"": ""white"", ""weight"": -1}]",mlp_balanced/gp -mlp_balanced/white,fair_crps,"[31, 32, 33]","[0.5942777985621048, 0.3820163513780396, 0.7727675207691594]",0.5830205569031013,0.1956186678526843,"[0.3820163513780396, 0.7727675207691594]","Three paired optimization seeds on the fixed dataset; exploratory, no multiple-comparison correction",0.3820163513780395,0.7727675207691594
etth1_uni,gp_vs_white,"[{""head"": ""mlp_balanced"", ""source"": ""gp"", ""weight"": 1}, {""head"": ""mlp_balanced"", ""source"": ""white"", ""weight"": -1}]",mlp_balanced/gp -mlp_balanced/white,joint_energy_scaled,"[31, 32, 33]","[0.5825844302734633, 0.3769112903297823, 0.7599838001455461]",0.5731598402495973,0.19171007828743794,"[0.3769112903297823, 0.7599838001455461]","Three paired optimization seeds on the fixed dataset; exploratory, no multiple-comparison correction",0.3769112903297824,0.759983800145546
etth1_uni,gp_vs_white,"[{""head"": ""mlp_balanced"", ""source"": ""gp"", ""weight"": 1}, {""head"": ""mlp_balanced"", ""source"": ""white"", ""weight"": -1}]",mlp_balanced/gp -mlp_balanced/white,roughness_ratio,"[31, 32, 33]","[-0.17704263405984877, -0.32915781406793565, -0.3401181083139777]",-0.28210618548058736,0.09115258850051157,"[-0.3401181083139777, -0.17704263405984877]","Three paired optimization seeds on the fixed dataset; exploratory, no multiple-comparison correction",,
etth1_uni,source_head_interaction,"[{""head"": ""mlp_balanced"", ""source"": ""gp"", ""weight"": 1}, {""head"": ""mlp"", ""source"": ""gp"", ""weight"": -1}, {""head"": ""mlp_balanced"", ""source"": ""white"", ""weight"": -1}, {""head"": ""mlp"", ""source"": ""white"", ""weight"": 1}]",mlp_balanced/gp -mlp/gp -mlp_balanced/white +mlp/white,fair_crps,"[31, 32, 33]","[0.5808262345999966, 0.3075224581669977, 0.7024139953085428]",0.5302542293585124,0.20224484495806463,"[0.3075224581669977, 0.7024139953085428]","Three paired optimization seeds on the fixed dataset; exploratory, no multiple-comparison correction",0.3075224581669977,0.7024139953085428
etth1_uni,source_head_interaction,"[{""head"": ""mlp_balanced"", ""source"": ""gp"", ""weight"": 1}, {""head"": ""mlp"", ""source"": ""gp"", ""weight"": -1}, {""head"": ""mlp_balanced"", ""source"": ""white"", ""weight"": -1}, {""head"": ""mlp"", ""source"": ""white"", ""weight"": 1}]",mlp_balanced/gp -mlp/gp -mlp_balanced/white +mlp/white,joint_energy_scaled,"[31, 32, 33]","[0.5636365157369564, 0.3033202455288268, 0.6868275301908472]",0.5179280971522101,0.19579684367820582,"[0.3033202455288268, 0.6868275301908472]","Three paired optimization seeds on the fixed dataset; exploratory, no multiple-comparison correction",0.3033202455288268,0.6868275301908472
etth1_uni,source_head_interaction,"[{""head"": ""mlp_balanced"", ""source"": ""gp"", ""weight"": 1}, {""head"": ""mlp"", ""source"": ""gp"", ""weight"": -1}, {""head"": ""mlp_balanced"", ""source"": ""white"", ""weight"": -1}, {""head"": ""mlp"", ""source"": ""white"", ""weight"": 1}]",mlp_balanced/gp -mlp/gp -mlp_balanced/white +mlp/white,roughness_ratio,"[31, 32, 33]","[1.0512803379576738, 0.8131763238397209, 0.854632705232932]",0.9063631223434423,0.1272022304269509,"[0.8131763238397209, 1.0512803379576738]","Three paired optimization seeds on the fixed dataset; exploratory, no multiple-comparison correction",,
etth1_uni,gp_vs_white,"[{""head"": ""mlp_whitened"", ""source"": ""gp"", ""weight"": 1}, {""head"": ""mlp_whitened"", ""source"": ""white"", ""weight"": -1}]",mlp_whitened/gp -mlp_whitened/white,fair_crps,"[31, 32, 33]","[-0.0327809889384538, 0.03672694555971594, 0.007141140836168153]",0.003695699152476764,0.034881822498935636,"[-0.0327809889384538, 0.03672694555971594]","Three paired optimization seeds on the fixed dataset; exploratory, no multiple-comparison correction",-0.0327809889384538,0.03672694555971594
etth1_uni,gp_vs_white,"[{""head"": ""mlp_whitened"", ""source"": ""gp"", ""weight"": 1}, {""head"": ""mlp_whitened"", ""source"": ""white"", ""weight"": -1}]",mlp_whitened/gp -mlp_whitened/white,joint_energy_scaled,"[31, 32, 33]","[-0.03810385851167766, 0.033434342735037426, 0.006555305240886974]",0.0006285964880822457,0.036135480720260335,"[-0.03810385851167766, 0.033434342735037426]","Three paired optimization seeds on the fixed dataset; exploratory, no multiple-comparison correction",-0.03810385851167766,0.033434342735037426
etth1_uni,gp_vs_white,"[{""head"": ""mlp_whitened"", ""source"": ""gp"", ""weight"": 1}, {""head"": ""mlp_whitened"", ""source"": ""white"", ""weight"": -1}]",mlp_whitened/gp -mlp_whitened/white,roughness_ratio,"[31, 32, 33]","[-0.5473307729409052, -0.5503680049227664, -0.4688540147862339]",-0.5221842642166351,0.04621031078406117,"[-0.5503680049227664, -0.4688540147862339]","Three paired optimization seeds on the fixed dataset; exploratory, no multiple-comparison correction",,
etth1_uni,source_head_interaction,"[{""head"": ""mlp_whitened"", ""source"": ""gp"", ""weight"": 1}, {""head"": ""mlp"", ""source"": ""gp"", ""weight"": -1}, {""head"": ""mlp_whitened"", ""source"": ""white"", ""weight"": -1}, {""head"": ""mlp"", ""source"": ""white"", ""weight"": 1}]",mlp_whitened/gp -mlp/gp -mlp_whitened/white +mlp/white,fair_crps,"[31, 32, 33]","[-0.04623255290056208, -0.03776694765132592, -0.06321238462444853]",-0.04907062839211218,0.01295795393031214,"[-0.06321238462444853, -0.03776694765132592]","Three paired optimization seeds on the fixed dataset; exploratory, no multiple-comparison correction",-0.06321238462444853,-0.03776694765132592
etth1_uni,source_head_interaction,"[{""head"": ""mlp_whitened"", ""source"": ""gp"", ""weight"": 1}, {""head"": ""mlp"", ""source"": ""gp"", ""weight"": -1}, {""head"": ""mlp_whitened"", ""source"": ""white"", ""weight"": -1}, {""head"": ""mlp"", ""source"": ""white"", ""weight"": 1}]",mlp_whitened/gp -mlp/gp -mlp_whitened/white +mlp/white,joint_energy_scaled,"[31, 32, 33]","[-0.05705177304818454, -0.040156702065918065, -0.06660096471381198]",-0.054603146609304855,0.01339110097510973,"[-0.06660096471381198, -0.040156702065918065]","Three paired optimization seeds on the fixed dataset; exploratory, no multiple-comparison correction",-0.06660096471381198,-0.040156702065918065
etth1_uni,source_head_interaction,"[{""head"": ""mlp_whitened"", ""source"": ""gp"", ""weight"": 1}, {""head"": ""mlp"", ""source"": ""gp"", ""weight"": -1}, {""head"": ""mlp_whitened"", ""source"": ""white"", ""weight"": -1}, {""head"": ""mlp"", ""source"": ""white"", ""weight"": 1}]",mlp_whitened/gp -mlp/gp -mlp_whitened/white +mlp/white,roughness_ratio,"[31, 32, 33]","[0.6809921990766175, 0.5919661329848902, 0.7258967987606758]",0.6662850436073945,0.06816583546970739,"[0.5919661329848902, 0.7258967987606758]","Three paired optimization seeds on the fixed dataset; exploratory, no multiple-comparison correction",,
etth1_uni,gp_vs_white,"[{""head"": ""sparse_mlp"", ""source"": ""gp"", ""weight"": 1}, {""head"": ""sparse_mlp"", ""source"": ""white"", ""weight"": -1}]",sparse_mlp/gp -sparse_mlp/white,fair_crps,"[31, 32, 33]","[0.07305076749218861, 0.0037486987246540537, 0.10237681520228026]",0.05972542713970764,0.05064632130385329,"[0.0037486987246540537, 0.10237681520228026]","Three paired optimization seeds on the fixed dataset; exploratory, no multiple-comparison correction",0.0037486987246540537,0.10237681520228026
etth1_uni,gp_vs_white,"[{""head"": ""sparse_mlp"", ""source"": ""gp"", ""weight"": 1}, {""head"": ""sparse_mlp"", ""source"": ""white"", ""weight"": -1}]",sparse_mlp/gp -sparse_mlp/white,joint_energy_scaled,"[31, 32, 33]","[0.08297846623740587, 0.008074528821349097, 0.11263130686344974]",0.06789476730740157,0.053885697904866504,"[0.008074528821349097, 0.11263130686344974]","Three paired optimization seeds on the fixed dataset; exploratory, no multiple-comparison correction",0.008074528821349097,0.11263130686344974
etth1_uni,gp_vs_white,"[{""head"": ""sparse_mlp"", ""source"": ""gp"", ""weight"": 1}, {""head"": ""sparse_mlp"", ""source"": ""white"", ""weight"": -1}]",sparse_mlp/gp -sparse_mlp/white,roughness_ratio,"[31, 32, 33]","[-0.5770004499570838, -0.6407612061965406, -0.3602621395394401]",-0.5260079318976881,0.14703778178551416,"[-0.6407612061965406, -0.3602621395394401]","Three paired optimization seeds on the fixed dataset; exploratory, no multiple-comparison correction",,
etth1_uni,source_head_interaction,"[{""head"": ""sparse_mlp"", ""source"": ""gp"", ""weight"": 1}, {""head"": ""mlp"", ""source"": ""gp"", ""weight"": -1}, {""head"": ""sparse_mlp"", ""source"": ""white"", ""weight"": -1}, {""head"": ""mlp"", ""source"": ""white"", ""weight"": 1}]",sparse_mlp/gp -mlp/gp -sparse_mlp/white +mlp/white,fair_crps,"[31, 32, 33]","[0.05959920353008033, -0.0707451944863878, 0.032023289741663574]",0.006959099595118701,0.06869188994594255,"[-0.0707451944863878, 0.05959920353008033]","Three paired optimization seeds on the fixed dataset; exploratory, no multiple-comparison correction",-0.0707451944863878,0.05959920353008033
etth1_uni,source_head_interaction,"[{""head"": ""sparse_mlp"", ""source"": ""gp"", ""weight"": 1}, {""head"": ""mlp"", ""source"": ""gp"", ""weight"": -1}, {""head"": ""sparse_mlp"", ""source"": ""white"", ""weight"": -1}, {""head"": ""mlp"", ""source"": ""white"", ""weight"": 1}]",sparse_mlp/gp -mlp/gp -sparse_mlp/white +mlp/white,joint_energy_scaled,"[31, 32, 33]","[0.064030551700899, -0.0655165159796064, 0.03947503690875079]",0.012663024210014464,0.06880969193996046,"[-0.0655165159796064, 0.064030551700899]","Three paired optimization seeds on the fixed dataset; exploratory, no multiple-comparison correction",-0.0655165159796064,0.064030551700899
etth1_uni,source_head_interaction,"[{""head"": ""sparse_mlp"", ""source"": ""gp"", ""weight"": 1}, {""head"": ""mlp"", ""source"": ""gp"", ""weight"": -1}, {""head"": ""sparse_mlp"", ""source"": ""white"", ""weight"": -1}, {""head"": ""mlp"", ""source"": ""white"", ""weight"": 1}]",sparse_mlp/gp -mlp/gp -sparse_mlp/white +mlp/white,roughness_ratio,"[31, 32, 33]","[0.6513225220604388, 0.5015729317111159, 0.8344886740074696]",0.6624613759263415,0.16673715367687997,"[0.5015729317111159, 0.8344886740074696]","Three paired optimization seeds on the fixed dataset; exploratory, no multiple-comparison correction",,
etth1_uni,gp_vs_white,"[{""head"": ""s4"", ""source"": ""gp"", ""weight"": 1}, {""head"": ""s4"", ""source"": ""white"", ""weight"": -1}]",s4/gp -s4/white,fair_crps,"[31, 32, 33]","[-0.019350853295884984, -0.021723609303415214, -0.03911835632657368]",-0.026730939641957958,0.010793218327104276,"[-0.03911835632657368, -0.019350853295884984]","Three paired optimization seeds on the fixed dataset; exploratory, no multiple-comparison correction",-0.03911835632657368,-0.019350853295884984
etth1_uni,gp_vs_white,"[{""head"": ""s4"", ""source"": ""gp"", ""weight"": 1}, {""head"": ""s4"", ""source"": ""white"", ""weight"": -1}]",s4/gp -s4/white,joint_energy_scaled,"[31, 32, 33]","[-0.019448677634031575, -0.018940676348683683, -0.041121444926358]",-0.02650359963635775,0.012661973267159649,"[-0.041121444926358, -0.018940676348683683]","Three paired optimization seeds on the fixed dataset; exploratory, no multiple-comparison correction",-0.041121444926358,-0.018940676348683683
etth1_uni,gp_vs_white,"[{""head"": ""s4"", ""source"": ""gp"", ""weight"": 1}, {""head"": ""s4"", ""source"": ""white"", ""weight"": -1}]",s4/gp -s4/white,roughness_ratio,"[31, 32, 33]","[-0.6971021106639715, -1.2274293842645791, -1.3723318783864373]",-1.0989544577716626,0.3554759694517395,"[-1.3723318783864373, -0.6971021106639715]","Three paired optimization seeds on the fixed dataset; exploratory, no multiple-comparison correction",,
etth1_uni,source_head_interaction,"[{""head"": ""s4"", ""source"": ""gp"", ""weight"": 1}, {""head"": ""mlp"", ""source"": ""gp"", ""weight"": -1}, {""head"": ""s4"", ""source"": ""white"", ""weight"": -1}, {""head"": ""mlp"", ""source"": ""white"", ""weight"": 1}]",s4/gp -mlp/gp -s4/white +mlp/white,fair_crps,"[31, 32, 33]","[-0.032802417257993266, -0.09621750251445707, -0.10947188178719036]",-0.0794972671865469,0.040978365021849934,"[-0.10947188178719036, -0.032802417257993266]","Three paired optimization seeds on the fixed dataset; exploratory, no multiple-comparison correction",-0.10947188178719036,-0.032802417257993266
etth1_uni,source_head_interaction,"[{""head"": ""s4"", ""source"": ""gp"", ""weight"": 1}, {""head"": ""mlp"", ""source"": ""gp"", ""weight"": -1}, {""head"": ""s4"", ""source"": ""white"", ""weight"": -1}, {""head"": ""mlp"", ""source"": ""white"", ""weight"": 1}]",s4/gp -mlp/gp -s4/white +mlp/white,joint_energy_scaled,"[31, 32, 33]","[-0.03839659217053845, -0.09253172114963917, -0.11427771488105695]",-0.08173534273374486,0.03907566424421449,"[-0.11427771488105695, -0.03839659217053845]","Three paired optimization seeds on the fixed dataset; exploratory, no multiple-comparison correction",-0.11427771488105694,-0.03839659217053845
etth1_uni,source_head_interaction,"[{""head"": ""s4"", ""source"": ""gp"", ""weight"": 1}, {""head"": ""mlp"", ""source"": ""gp"", ""weight"": -1}, {""head"": ""s4"", ""source"": ""white"", ""weight"": -1}, {""head"": ""mlp"", ""source"": ""white"", ""weight"": 1}]",s4/gp -mlp/gp -s4/white +mlp/white,roughness_ratio,"[31, 32, 33]","[0.5312208613535511, -0.08509524635692256, -0.1775810648395275]",0.08951485005236699,0.3853135826438002,"[-0.1775810648395275, 0.5312208613535511]","Three paired optimization seeds on the fixed dataset; exploratory, no multiple-comparison correction",,
etth1_uni,gp_vs_white,"[{""head"": ""unet"", ""source"": ""gp"", ""weight"": 1}, {""head"": ""unet"", ""source"": ""white"", ""weight"": -1}]",unet/gp -unet/white,fair_crps,"[31, 32, 33]","[-0.05941353368592564, -0.014401489354952168, 0.06073738459015879]",-0.00435921281690634,0.06070169914587662,"[-0.05941353368592564, 0.06073738459015879]","Three paired optimization seeds on the fixed dataset; exploratory, no multiple-comparison correction",-0.05941353368592564,0.06073738459015879
etth1_uni,gp_vs_white,"[{""head"": ""unet"", ""source"": ""gp"", ""weight"": 1}, {""head"": ""unet"", ""source"": ""white"", ""weight"": -1}]",unet/gp -unet/white,joint_energy_scaled,"[31, 32, 33]","[-0.06431563010753213, -0.01753461154342406, 0.06292565855124227]",-0.0063081943665713085,0.06435923179201208,"[-0.06431563010753213, 0.06292565855124227]","Three paired optimization seeds on the fixed dataset; exploratory, no multiple-comparison correction",-0.06431563010753213,0.06292565855124227
etth1_uni,gp_vs_white,"[{""head"": ""unet"", ""source"": ""gp"", ""weight"": 1}, {""head"": ""unet"", ""source"": ""white"", ""weight"": -1}]",unet/gp -unet/white,roughness_ratio,"[31, 32, 33]","[-0.8033607125922979, -0.6949046107354906, -0.7178020405694086]",-0.7386891212990657,0.05716541011441229,"[-0.8033607125922979, -0.6949046107354906]","Three paired optimization seeds on the fixed dataset; exploratory, no multiple-comparison correction",,
etth1_uni,source_head_interaction,"[{""head"": ""unet"", ""source"": ""gp"", ""weight"": 1}, {""head"": ""mlp"", ""source"": ""gp"", ""weight"": -1}, {""head"": ""unet"", ""source"": ""white"", ""weight"": -1}, {""head"": ""mlp"", ""source"": ""white"", ""weight"": 1}]",unet/gp -mlp/gp -unet/white +mlp/white,fair_crps,"[31, 32, 33]","[-0.07286509764803392, -0.08889538256599402, -0.009616140870457895]",-0.05712554036149528,0.04191777413743462,"[-0.08889538256599402, -0.009616140870457895]","Three paired optimization seeds on the fixed dataset; exploratory, no multiple-comparison correction",-0.08889538256599401,-0.009616140870457895
etth1_uni,source_head_interaction,"[{""head"": ""unet"", ""source"": ""gp"", ""weight"": 1}, {""head"": ""mlp"", ""source"": ""gp"", ""weight"": -1}, {""head"": ""unet"", ""source"": ""white"", ""weight"": -1}, {""head"": ""mlp"", ""source"": ""white"", ""weight"": 1}]",unet/gp -mlp/gp -unet/white +mlp/white,joint_energy_scaled,"[31, 32, 33]","[-0.08326354464403901, -0.09112565634437955, -0.010230611403456685]",-0.061539937463958416,0.04460872566756777,"[-0.09112565634437955, -0.010230611403456685]","Three paired optimization seeds on the fixed dataset; exploratory, no multiple-comparison correction",-0.09112565634437957,-0.010230611403456685
etth1_uni,source_head_interaction,"[{""head"": ""unet"", ""source"": ""gp"", ""weight"": 1}, {""head"": ""mlp"", ""source"": ""gp"", ""weight"": -1}, {""head"": ""unet"", ""source"": ""white"", ""weight"": -1}, {""head"": ""mlp"", ""source"": ""white"", ""weight"": 1}]",unet/gp -mlp/gp -unet/white +mlp/white,roughness_ratio,"[31, 32, 33]","[0.4249622594252247, 0.447429527172166, 0.47694877297750116]",0.449780186524964,0.026072851730774067,"[0.4249622594252247, 0.47694877297750116]","Three paired optimization seeds on the fixed dataset; exploratory, no multiple-comparison correction",,
etth1_uni,gp_vs_white,"[{""head"": ""unet_l0"", ""source"": ""gp"", ""weight"": 1}, {""head"": ""unet_l0"", ""source"": ""white"", ""weight"": -1}]",unet_l0/gp -unet_l0/white,fair_crps,"[31, 32, 33]","[0.022253800629915332, 0.05725776915316008, -0.04726376932534715]",0.010749266819242756,0.05320200865690315,"[-0.04726376932534715, 0.05725776915316008]","Three paired optimization seeds on the fixed dataset; exploratory, no multiple-comparison correction",-0.04726376932534715,0.05725776915316008
etth1_uni,gp_vs_white,"[{""head"": ""unet_l0"", ""source"": ""gp"", ""weight"": 1}, {""head"": ""unet_l0"", ""source"": ""white"", ""weight"": -1}]",unet_l0/gp -unet_l0/white,joint_energy_scaled,"[31, 32, 33]","[0.023898596366804664, 0.05659735360821028, -0.048382240834326184]",0.01070456971356292,0.053719089408000006,"[-0.048382240834326184, 0.05659735360821028]","Three paired optimization seeds on the fixed dataset; exploratory, no multiple-comparison correction",-0.048382240834326184,0.05659735360821028
etth1_uni,gp_vs_white,"[{""head"": ""unet_l0"", ""source"": ""gp"", ""weight"": 1}, {""head"": ""unet_l0"", ""source"": ""white"", ""weight"": -1}]",unet_l0/gp -unet_l0/white,roughness_ratio,"[31, 32, 33]","[-0.44742477779488166, -0.7741703162709864, -1.1352200904423464]",-0.7856050615027382,0.34404020560661547,"[-1.1352200904423464, -0.44742477779488166]","Three paired optimization seeds on the fixed dataset; exploratory, no multiple-comparison correction",,
etth1_uni,source_head_interaction,"[{""head"": ""unet_l0"", ""source"": ""gp"", ""weight"": 1}, {""head"": ""mlp"", ""source"": ""gp"", ""weight"": -1}, {""head"": ""unet_l0"", ""source"": ""white"", ""weight"": -1}, {""head"": ""mlp"", ""source"": ""white"", ""weight"": 1}]",unet_l0/gp -mlp/gp -unet_l0/white +mlp/white,fair_crps,"[31, 32, 33]","[0.00880223666780705, -0.017236124057881774, -0.11761729478596383]",-0.04201706072534619,0.06675361862727296,"[-0.11761729478596383, 0.00880223666780705]","Three paired optimization seeds on the fixed dataset; exploratory, no multiple-comparison correction",-0.11761729478596383,0.00880223666780705
etth1_uni,source_head_interaction,"[{""head"": ""unet_l0"", ""source"": ""gp"", ""weight"": 1}, {""head"": ""mlp"", ""source"": ""gp"", ""weight"": -1}, {""head"": ""unet_l0"", ""source"": ""white"", ""weight"": -1}, {""head"": ""mlp"", ""source"": ""white"", ""weight"": 1}]",unet_l0/gp -mlp/gp -unet_l0/white +mlp/white,joint_energy_scaled,"[31, 32, 33]","[0.004950681830297787, -0.016993691192745214, -0.12153851078902514]",-0.04452717338382419,0.06759029844250498,"[-0.12153851078902514, 0.004950681830297787]","Three paired optimization seeds on the fixed dataset; exploratory, no multiple-comparison correction",-0.12153851078902515,0.004950681830297787
etth1_uni,source_head_interaction,"[{""head"": ""unet_l0"", ""source"": ""gp"", ""weight"": 1}, {""head"": ""mlp"", ""source"": ""gp"", ""weight"": -1}, {""head"": ""unet_l0"", ""source"": ""white"", ""weight"": -1}, {""head"": ""mlp"", ""source"": ""white"", ""weight"": 1}]",unet_l0/gp -mlp/gp -unet_l0/white +mlp/white,roughness_ratio,"[31, 32, 33]","[0.780898194222641, 0.36816382163667016, 0.0595307231045632]",0.4028642463212914,0.361933483808548,"[0.0595307231045632, 0.780898194222641]","Three paired optimization seeds on the fixed dataset; exploratory, no multiple-comparison correction",,
etth1_uni,gp_vs_white,"[{""head"": ""history_dense_ae"", ""source"": ""gp"", ""weight"": 1}, {""head"": ""history_dense_ae"", ""source"": ""white"", ""weight"": -1}]",history_dense_ae/gp -history_dense_ae/white,fair_crps,"[31, 32, 33]","[0.032424968776443935, 0.005049445141085768, 0.06964789291643694]",0.03570743561132222,0.03242407755261127,"[0.005049445141085768, 0.06964789291643694]","Three paired optimization seeds on the fixed dataset; exploratory, no multiple-comparison correction",0.005049445141085768,0.06964789291643694
etth1_uni,gp_vs_white,"[{""head"": ""history_dense_ae"", ""source"": ""gp"", ""weight"": 1}, {""head"": ""history_dense_ae"", ""source"": ""white"", ""weight"": -1}]",history_dense_ae/gp -history_dense_ae/white,joint_energy_scaled,"[31, 32, 33]","[0.03515597419437905, 0.003229974831754745, 0.07790619485572026]",0.03876404796061802,0.037468628297468984,"[0.003229974831754745, 0.07790619485572026]","Three paired optimization seeds on the fixed dataset; exploratory, no multiple-comparison correction",0.003229974831754745,0.07790619485572026
etth1_uni,gp_vs_white,"[{""head"": ""history_dense_ae"", ""source"": ""gp"", ""weight"": 1}, {""head"": ""history_dense_ae"", ""source"": ""white"", ""weight"": -1}]",history_dense_ae/gp -history_dense_ae/white,roughness_ratio,"[31, 32, 33]","[-0.9500470711934973, -1.0000835502457102, -1.040412988703693]",-0.9968478700476334,0.04526976895924083,"[-1.040412988703693, -0.9500470711934973]","Three paired optimization seeds on the fixed dataset; exploratory, no multiple-comparison correction",,
etth1_uni,source_head_interaction,"[{""head"": ""history_dense_ae"", ""source"": ""gp"", ""weight"": 1}, {""head"": ""mlp"", ""source"": ""gp"", ""weight"": -1}, {""head"": ""history_dense_ae"", ""source"": ""white"", ""weight"": -1}, {""head"": ""mlp"", ""source"": ""white"", ""weight"": 1}]",history_dense_ae/gp -mlp/gp -history_dense_ae/white +mlp/white,fair_crps,"[31, 32, 33]","[0.018973404814335654, -0.06944444806995609, -0.0007056325441797406]",-0.017058891933266724,0.04642198828844081,"[-0.06944444806995609, 0.018973404814335654]","Three paired optimization seeds on the fixed dataset; exploratory, no multiple-comparison correction",-0.06944444806995609,0.018973404814335654
etth1_uni,source_head_interaction,"[{""head"": ""history_dense_ae"", ""source"": ""gp"", ""weight"": 1}, {""head"": ""mlp"", ""source"": ""gp"", ""weight"": -1}, {""head"": ""history_dense_ae"", ""source"": ""white"", ""weight"": -1}, {""head"": ""mlp"", ""source"": ""white"", ""weight"": 1}]",history_dense_ae/gp -mlp/gp -history_dense_ae/white +mlp/white,joint_energy_scaled,"[31, 32, 33]","[0.01620805965787217, -0.07036106996920075, 0.004749924901021302]",-0.01646769513676909,0.047023335708436,"[-0.07036106996920075, 0.01620805965787217]","Three paired optimization seeds on the fixed dataset; exploratory, no multiple-comparison correction",-0.07036106996920075,0.01620805965787217
etth1_uni,source_head_interaction,"[{""head"": ""history_dense_ae"", ""source"": ""gp"", ""weight"": 1}, {""head"": ""mlp"", ""source"": ""gp"", ""weight"": -1}, {""head"": ""history_dense_ae"", ""source"": ""white"", ""weight"": -1}, {""head"": ""mlp"", ""source"": ""white"", ""weight"": 1}]",history_dense_ae/gp -mlp/gp -history_dense_ae/white +mlp/white,roughness_ratio,"[31, 32, 33]","[0.2782759008240253, 0.14225058766194643, 0.15433782484321668]",0.19162143777639615,0.07528792931289695,"[0.14225058766194643, 0.2782759008240253]","Three paired optimization seeds on the fixed dataset; exploratory, no multiple-comparison correction",,
etth1_uni,gp_vs_white,"[{""head"": ""history_topk_ae"", ""source"": ""gp"", ""weight"": 1}, {""head"": ""history_topk_ae"", ""source"": ""white"", ""weight"": -1}]",history_topk_ae/gp -history_topk_ae/white,fair_crps,"[31, 32, 33]","[-0.011503251682947635, 0.011708411728447332, 0.08875094128558897]",0.029652033777029557,0.05248052954296401,"[-0.011503251682947635, 0.08875094128558897]","Three paired optimization seeds on the fixed dataset; exploratory, no multiple-comparison correction",-0.011503251682947635,0.08875094128558897
etth1_uni,gp_vs_white,"[{""head"": ""history_topk_ae"", ""source"": ""gp"", ""weight"": 1}, {""head"": ""history_topk_ae"", ""source"": ""white"", ""weight"": -1}]",history_topk_ae/gp -history_topk_ae/white,joint_energy_scaled,"[31, 32, 33]","[-0.0011360767945103323, 0.010882934294557278, 0.09574275194428189]",0.03516320314810961,0.05280649066308654,"[-0.0011360767945103323, 0.09574275194428189]","Three paired optimization seeds on the fixed dataset; exploratory, no multiple-comparison correction",-0.0011360767945103323,0.09574275194428189
etth1_uni,gp_vs_white,"[{""head"": ""history_topk_ae"", ""source"": ""gp"", ""weight"": 1}, {""head"": ""history_topk_ae"", ""source"": ""white"", ""weight"": -1}]",history_topk_ae/gp -history_topk_ae/white,roughness_ratio,"[31, 32, 33]","[-1.0787726820386039, -1.142366621663986, -1.1817418187198716]",-1.134293707474154,0.05195709513491584,"[-1.1817418187198716, -1.0787726820386039]","Three paired optimization seeds on the fixed dataset; exploratory, no multiple-comparison correction",,
etth1_uni,source_head_interaction,"[{""head"": ""history_topk_ae"", ""source"": ""gp"", ""weight"": 1}, {""head"": ""mlp"", ""source"": ""gp"", ""weight"": -1}, {""head"": ""history_topk_ae"", ""source"": ""white"", ""weight"": -1}, {""head"": ""mlp"", ""source"": ""white"", ""weight"": 1}]",history_topk_ae/gp -mlp/gp -history_topk_ae/white +mlp/white,fair_crps,"[31, 32, 33]","[-0.024954815645055917, -0.06278548148259452, 0.018397415824972285]",-0.023114293767559385,0.0406227318677473,"[-0.06278548148259452, 0.018397415824972285]","Three paired optimization seeds on the fixed dataset; exploratory, no multiple-comparison correction",-0.06278548148259452,0.018397415824972285
etth1_uni,source_head_interaction,"[{""head"": ""history_topk_ae"", ""source"": ""gp"", ""weight"": 1}, {""head"": ""mlp"", ""source"": ""gp"", ""weight"": -1}, {""head"": ""history_topk_ae"", ""source"": ""white"", ""weight"": -1}, {""head"": ""mlp"", ""source"": ""white"", ""weight"": 1}]",history_topk_ae/gp -mlp/gp -history_topk_ae/white +mlp/white,joint_energy_scaled,"[31, 32, 33]","[-0.02008399133101721, -0.06270811050639821, 0.022586481989582935]",-0.020068539949277497,0.04264729834729005,"[-0.06270811050639821, 0.022586481989582935]","Three paired optimization seeds on the fixed dataset; exploratory, no multiple-comparison correction",-0.06270811050639821,0.022586481989582935
etth1_uni,source_head_interaction,"[{""head"": ""history_topk_ae"", ""source"": ""gp"", ""weight"": 1}, {""head"": ""mlp"", ""source"": ""gp"", ""weight"": -1}, {""head"": ""history_topk_ae"", ""source"": ""white"", ""weight"": -1}, {""head"": ""mlp"", ""source"": ""white"", ""weight"": 1}]",history_topk_ae/gp -mlp/gp -history_topk_ae/white +mlp/white,roughness_ratio,"[31, 32, 33]","[0.14955028997891873, -3.2483756329582114e-05, 0.01300899482703799]",0.05417560034987571,0.08285389916767541,"[-3.2483756329582114e-05, 0.14955028997891873]","Three paired optimization seeds on the fixed dataset; exploratory, no multiple-comparison correction",,
etth1_uni,gp_vs_white,"[{""head"": ""history_conv_dense"", ""source"": ""gp"", ""weight"": 1}, {""head"": ""history_conv_dense"", ""source"": ""white"", ""weight"": -1}]",history_conv_dense/gp -history_conv_dense/white,fair_crps,"[31, 32, 33]","[0.0676458687976535, 0.004293038673613692, 0.0852874887928869]",0.052408798754718024,0.04259285697333357,"[0.004293038673613692, 0.0852874887928869]","Three paired optimization seeds on the fixed dataset; exploratory, no multiple-comparison correction",0.004293038673613692,0.0852874887928869
etth1_uni,gp_vs_white,"[{""head"": ""history_conv_dense"", ""source"": ""gp"", ""weight"": 1}, {""head"": ""history_conv_dense"", ""source"": ""white"", ""weight"": -1}]",history_conv_dense/gp -history_conv_dense/white,joint_energy_scaled,"[31, 32, 33]","[0.0750231674902608, 0.007177025820348459, 0.08996832759031853]",0.05738950696697593,0.04412266310842314,"[0.007177025820348459, 0.08996832759031853]","Three paired optimization seeds on the fixed dataset; exploratory, no multiple-comparison correction",0.007177025820348459,0.08996832759031853
etth1_uni,gp_vs_white,"[{""head"": ""history_conv_dense"", ""source"": ""gp"", ""weight"": 1}, {""head"": ""history_conv_dense"", ""source"": ""white"", ""weight"": -1}]",history_conv_dense/gp -history_conv_dense/white,roughness_ratio,"[31, 32, 33]","[-1.0686163125017654, -1.3021459838692253, -1.2066217071046808]",-1.1924613344918906,0.11740704393965574,"[-1.3021459838692253, -1.0686163125017654]","Three paired optimization seeds on the fixed dataset; exploratory, no multiple-comparison correction",,
etth1_uni,source_head_interaction,"[{""head"": ""history_conv_dense"", ""source"": ""gp"", ""weight"": 1}, {""head"": ""mlp"", ""source"": ""gp"", ""weight"": -1}, {""head"": ""history_conv_dense"", ""source"": ""white"", ""weight"": -1}, {""head"": ""mlp"", ""source"": ""white"", ""weight"": 1}]",history_conv_dense/gp -mlp/gp -history_conv_dense/white +mlp/white,fair_crps,"[31, 32, 33]","[0.054194304835545215, -0.07020085453742816, 0.01493396333227022]",-0.0003575287898709099,0.06359175431884223,"[-0.07020085453742816, 0.054194304835545215]","Three paired optimization seeds on the fixed dataset; exploratory, no multiple-comparison correction",-0.07020085453742816,0.054194304835545215
etth1_uni,source_head_interaction,"[{""head"": ""history_conv_dense"", ""source"": ""gp"", ""weight"": 1}, {""head"": ""mlp"", ""source"": ""gp"", ""weight"": -1}, {""head"": ""history_conv_dense"", ""source"": ""white"", ""weight"": -1}, {""head"": ""mlp"", ""source"": ""white"", ""weight"": 1}]",history_conv_dense/gp -mlp/gp -history_conv_dense/white +mlp/white,joint_energy_scaled,"[31, 32, 33]","[0.05607525295375393, -0.06641401898060703, 0.016812057635619576]",0.0021577638695888246,0.06254571671256397,"[-0.06641401898060703, 0.05607525295375393]","Three paired optimization seeds on the fixed dataset; exploratory, no multiple-comparison correction",-0.06641401898060703,0.05607525295375393
etth1_uni,source_head_interaction,"[{""head"": ""history_conv_dense"", ""source"": ""gp"", ""weight"": 1}, {""head"": ""mlp"", ""source"": ""gp"", ""weight"": -1}, {""head"": ""history_conv_dense"", ""source"": ""white"", ""weight"": -1}, {""head"": ""mlp"", ""source"": ""white"", ""weight"": 1}]",history_conv_dense/gp -mlp/gp -history_conv_dense/white +mlp/white,roughness_ratio,"[31, 32, 33]","[0.15970665951575713, -0.15981184596156872, -0.011870893557770934]",-0.003992026667860841,0.15990489749603565,"[-0.15981184596156872, 0.15970665951575713]","Three paired optimization seeds on the fixed dataset; exploratory, no multiple-comparison correction",,
etth1_uni,gp_vs_white,"[{""head"": ""history_conv_sparse"", ""source"": ""gp"", ""weight"": 1}, {""head"": ""history_conv_sparse"", ""source"": ""white"", ""weight"": -1}]",history_conv_sparse/gp -history_conv_sparse/white,fair_crps,"[31, 32, 33]","[0.08060221671068982, 0.047701744031084736, 0.09403817157207167]",0.0741140441046154,0.0238398493522913,"[0.047701744031084736, 0.09403817157207167]","Three paired optimization seeds on the fixed dataset; exploratory, no multiple-comparison correction",0.047701744031084736,0.09403817157207167
etth1_uni,gp_vs_white,"[{""head"": ""history_conv_sparse"", ""source"": ""gp"", ""weight"": 1}, {""head"": ""history_conv_sparse"", ""source"": ""white"", ""weight"": -1}]",history_conv_sparse/gp -history_conv_sparse/white,joint_energy_scaled,"[31, 32, 33]","[0.08518934046033369, 0.04827977316301538, 0.10054942109310802]",0.07800617823881903,0.026864984427864575,"[0.04827977316301538, 0.10054942109310802]","Three paired optimization seeds on the fixed dataset; exploratory, no multiple-comparison correction",0.04827977316301538,0.10054942109310801
etth1_uni,gp_vs_white,"[{""head"": ""history_conv_sparse"", ""source"": ""gp"", ""weight"": 1}, {""head"": ""history_conv_sparse"", ""source"": ""white"", ""weight"": -1}]",history_conv_sparse/gp -history_conv_sparse/white,roughness_ratio,"[31, 32, 33]","[-1.3001951147203723, -1.3463877753802245, -1.1503764931506764]",-1.2656531277504244,0.10246934828616765,"[-1.3463877753802245, -1.1503764931506764]","Three paired optimization seeds on the fixed dataset; exploratory, no multiple-comparison correction",,
etth1_uni,source_head_interaction,"[{""head"": ""history_conv_sparse"", ""source"": ""gp"", ""weight"": 1}, {""head"": ""mlp"", ""source"": ""gp"", ""weight"": -1}, {""head"": ""history_conv_sparse"", ""source"": ""white"", ""weight"": -1}, {""head"": ""mlp"", ""source"": ""white"", ""weight"": 1}]",history_conv_sparse/gp -mlp/gp -history_conv_sparse/white +mlp/white,fair_crps,"[31, 32, 33]","[0.06715065274858154, -0.02679214917995712, 0.023684646111454988]",0.02134771656002647,0.04701498099906472,"[-0.02679214917995712, 0.06715065274858154]","Three paired optimization seeds on the fixed dataset; exploratory, no multiple-comparison correction",-0.02679214917995712,0.06715065274858154
etth1_uni,source_head_interaction,"[{""head"": ""history_conv_sparse"", ""source"": ""gp"", ""weight"": 1}, {""head"": ""mlp"", ""source"": ""gp"", ""weight"": -1}, {""head"": ""history_conv_sparse"", ""source"": ""white"", ""weight"": -1}, {""head"": ""mlp"", ""source"": ""white"", ""weight"": 1}]",history_conv_sparse/gp -mlp/gp -history_conv_sparse/white +mlp/white,joint_energy_scaled,"[31, 32, 33]","[0.06624142592382681, -0.025311271637940114, 0.027393151138409066]",0.02277443514143192,0.0459507726899629,"[-0.025311271637940114, 0.06624142592382681]","Three paired optimization seeds on the fixed dataset; exploratory, no multiple-comparison correction",-0.025311271637940114,0.06624142592382681
etth1_uni,source_head_interaction,"[{""head"": ""history_conv_sparse"", ""source"": ""gp"", ""weight"": 1}, {""head"": ""mlp"", ""source"": ""gp"", ""weight"": -1}, {""head"": ""history_conv_sparse"", ""source"": ""white"", ""weight"": -1}, {""head"": ""mlp"", ""source"": ""white"", ""weight"": 1}]",history_conv_sparse/gp -mlp/gp -history_conv_sparse/white +mlp/white,roughness_ratio,"[31, 32, 33]","[-0.0718721427028497, -0.20405363747256788, 0.044374320396233236]",-0.07718381992639478,0.12429912710438094,"[-0.20405363747256788, 0.044374320396233236]","Three paired optimization seeds on the fixed dataset; exploratory, no multiple-comparison correction",,
etth1_uni,gp_vs_white,"[{""head"": ""dictionary_dense"", ""source"": ""gp"", ""weight"": 1}, {""head"": ""dictionary_dense"", ""source"": ""white"", ""weight"": -1}]",dictionary_dense/gp -dictionary_dense/white,fair_crps,"[31, 32, 33]","[0.05586199135885406, -0.041075749344956156, 0.05144756893231334]",0.022077936982070414,0.05473721635102879,"[-0.041075749344956156, 0.05586199135885406]","Three paired optimization seeds on the fixed dataset; exploratory, no multiple-comparison correction",-0.041075749344956156,0.05586199135885406
etth1_uni,gp_vs_white,"[{""head"": ""dictionary_dense"", ""source"": ""gp"", ""weight"": 1}, {""head"": ""dictionary_dense"", ""source"": ""white"", ""weight"": -1}]",dictionary_dense/gp -dictionary_dense/white,joint_energy_scaled,"[31, 32, 33]","[0.06233546611417623, -0.04256362327359203, 0.051580072864461535]",0.02378397190168191,0.0577098099125749,"[-0.04256362327359203, 0.06233546611417623]","Three paired optimization seeds on the fixed dataset; exploratory, no multiple-comparison correction",-0.04256362327359203,0.06233546611417623
etth1_uni,gp_vs_white,"[{""head"": ""dictionary_dense"", ""source"": ""gp"", ""weight"": 1}, {""head"": ""dictionary_dense"", ""source"": ""white"", ""weight"": -1}]",dictionary_dense/gp -dictionary_dense/white,roughness_ratio,"[31, 32, 33]","[-0.989138560950088, -0.9614638370804656, -0.991730475393622]",-0.9807776244747252,0.01677636112968622,"[-0.991730475393622, -0.9614638370804656]","Three paired optimization seeds on the fixed dataset; exploratory, no multiple-comparison correction",,
etth1_uni,source_head_interaction,"[{""head"": ""dictionary_dense"", ""source"": ""gp"", ""weight"": 1}, {""head"": ""mlp"", ""source"": ""gp"", ""weight"": -1}, {""head"": ""dictionary_dense"", ""source"": ""white"", ""weight"": -1}, {""head"": ""mlp"", ""source"": ""white"", ""weight"": 1}]",dictionary_dense/gp -mlp/gp -dictionary_dense/white +mlp/white,fair_crps,"[31, 32, 33]","[0.042410427396745776, -0.11556964255599801, -0.018905956528303347]",-0.030688390562518528,0.07964637430163679,"[-0.11556964255599801, 0.042410427396745776]","Three paired optimization seeds on the fixed dataset; exploratory, no multiple-comparison correction",-0.11556964255599801,0.042410427396745776
etth1_uni,source_head_interaction,"[{""head"": ""dictionary_dense"", ""source"": ""gp"", ""weight"": 1}, {""head"": ""mlp"", ""source"": ""gp"", ""weight"": -1}, {""head"": ""dictionary_dense"", ""source"": ""white"", ""weight"": -1}, {""head"": ""mlp"", ""source"": ""white"", ""weight"": 1}]",dictionary_dense/gp -mlp/gp -dictionary_dense/white +mlp/white,joint_energy_scaled,"[31, 32, 33]","[0.04338755157766935, -0.11615466807454752, -0.02157619709023742]",-0.031447771195705194,0.08022790003719941,"[-0.11615466807454752, 0.04338755157766935]","Three paired optimization seeds on the fixed dataset; exploratory, no multiple-comparison correction",-0.11615466807454751,0.04338755157766935
etth1_uni,source_head_interaction,"[{""head"": ""dictionary_dense"", ""source"": ""gp"", ""weight"": 1}, {""head"": ""mlp"", ""source"": ""gp"", ""weight"": -1}, {""head"": ""dictionary_dense"", ""source"": ""white"", ""weight"": -1}, {""head"": ""mlp"", ""source"": ""white"", ""weight"": 1}]",dictionary_dense/gp -mlp/gp -dictionary_dense/white +mlp/white,roughness_ratio,"[31, 32, 33]","[0.2391844110674346, 0.18087030082719102, 0.20302033815328768]",0.20769168334930443,0.029436371426062043,"[0.18087030082719102, 0.2391844110674346]","Three paired optimization seeds on the fixed dataset; exploratory, no multiple-comparison correction",,
etth1_uni,gp_vs_white,"[{""head"": ""dictionary_topk"", ""source"": ""gp"", ""weight"": 1}, {""head"": ""dictionary_topk"", ""source"": ""white"", ""weight"": -1}]",dictionary_topk/gp -dictionary_topk/white,fair_crps,"[31, 32, 33]","[-0.04549457005954413, -0.05887081102470193, -0.02286357346098361]",-0.04240965151507656,0.01820076457355602,"[-0.05887081102470193, -0.02286357346098361]","Three paired optimization seeds on the fixed dataset; exploratory, no multiple-comparison correction",-0.05887081102470193,-0.02286357346098361
etth1_uni,gp_vs_white,"[{""head"": ""dictionary_topk"", ""source"": ""gp"", ""weight"": 1}, {""head"": ""dictionary_topk"", ""source"": ""white"", ""weight"": -1}]",dictionary_topk/gp -dictionary_topk/white,joint_energy_scaled,"[31, 32, 33]","[-0.05817013390671663, -0.0709743276888952, -0.03746650827057421]",-0.05553698995539535,0.01690838773638655,"[-0.0709743276888952, -0.03746650827057421]","Three paired optimization seeds on the fixed dataset; exploratory, no multiple-comparison correction",-0.0709743276888952,-0.03746650827057421
etth1_uni,gp_vs_white,"[{""head"": ""dictionary_topk"", ""source"": ""gp"", ""weight"": 1}, {""head"": ""dictionary_topk"", ""source"": ""white"", ""weight"": -1}]",dictionary_topk/gp -dictionary_topk/white,roughness_ratio,"[31, 32, 33]","[-7.526297042989979, -6.706935842124075, -6.521735447367535]",-6.918322777493863,0.5346020269168936,"[-7.526297042989979, -6.521735447367535]","Three paired optimization seeds on the fixed dataset; exploratory, no multiple-comparison correction",,
etth1_uni,source_head_interaction,"[{""head"": ""dictionary_topk"", ""source"": ""gp"", ""weight"": 1}, {""head"": ""mlp"", ""source"": ""gp"", ""weight"": -1}, {""head"": ""dictionary_topk"", ""source"": ""white"", ""weight"": -1}, {""head"": ""mlp"", ""source"": ""white"", ""weight"": 1}]",dictionary_topk/gp -mlp/gp -dictionary_topk/white +mlp/white,fair_crps,"[31, 32, 33]","[-0.05894613402165241, -0.1333647042357438, -0.0932170989216003]",-0.0951759790596655,0.03724793694587516,"[-0.1333647042357438, -0.05894613402165241]","Three paired optimization seeds on the fixed dataset; exploratory, no multiple-comparison correction",-0.1333647042357438,-0.05894613402165241
etth1_uni,source_head_interaction,"[{""head"": ""dictionary_topk"", ""source"": ""gp"", ""weight"": 1}, {""head"": ""mlp"", ""source"": ""gp"", ""weight"": -1}, {""head"": ""dictionary_topk"", ""source"": ""white"", ""weight"": -1}, {""head"": ""mlp"", ""source"": ""white"", ""weight"": 1}]",dictionary_topk/gp -mlp/gp -dictionary_topk/white +mlp/white,joint_energy_scaled,"[31, 32, 33]","[-0.07711804844322351, -0.14456537248985069, -0.11062277822527317]",-0.11076873305278245,0.03372389890524875,"[-0.14456537248985069, -0.07711804844322351]","Three paired optimization seeds on the fixed dataset; exploratory, no multiple-comparison correction",-0.14456537248985069,-0.07711804844322351
etth1_uni,source_head_interaction,"[{""head"": ""dictionary_topk"", ""source"": ""gp"", ""weight"": 1}, {""head"": ""mlp"", ""source"": ""gp"", ""weight"": -1}, {""head"": ""dictionary_topk"", ""source"": ""white"", ""weight"": -1}, {""head"": ""mlp"", ""source"": ""white"", ""weight"": 1}]",dictionary_topk/gp -mlp/gp -dictionary_topk/white +mlp/white,roughness_ratio,"[31, 32, 33]","[-6.297974070972457, -5.564601704216418, -5.326984633820625]",-5.729853469669834,0.5061484280862788,"[-6.297974070972457, -5.326984633820625]","Three paired optimization seeds on the fixed dataset; exploratory, no multiple-comparison correction",,
etth1_uni,gp_vs_white,"[{""head"": ""moe_dense"", ""source"": ""gp"", ""weight"": 1}, {""head"": ""moe_dense"", ""source"": ""white"", ""weight"": -1}]",moe_dense/gp -moe_dense/white,fair_crps,"[31, 32, 33]","[0.10190400001993472, 0.020626205368852624, 0.0655980889750736]",0.06270943145462031,0.0407158228768463,"[0.020626205368852624, 0.10190400001993472]","Three paired optimization seeds on the fixed dataset; exploratory, no multiple-comparison correction",0.020626205368852624,0.10190400001993472
etth1_uni,gp_vs_white,"[{""head"": ""moe_dense"", ""source"": ""gp"", ""weight"": 1}, {""head"": ""moe_dense"", ""source"": ""white"", ""weight"": -1}]",moe_dense/gp -moe_dense/white,joint_energy_scaled,"[31, 32, 33]","[0.10878005480543779, 0.02452152829579954, 0.06639671195553065]",0.06656609835225599,0.04212951864438282,"[0.02452152829579954, 0.10878005480543779]","Three paired optimization seeds on the fixed dataset; exploratory, no multiple-comparison correction",0.02452152829579954,0.10878005480543779
etth1_uni,gp_vs_white,"[{""head"": ""moe_dense"", ""source"": ""gp"", ""weight"": 1}, {""head"": ""moe_dense"", ""source"": ""white"", ""weight"": -1}]",moe_dense/gp -moe_dense/white,roughness_ratio,"[31, 32, 33]","[-1.6924239313952725, -1.73889637459316, -1.912510294621454]",-1.781276866869962,0.11600250606667835,"[-1.912510294621454, -1.6924239313952725]","Three paired optimization seeds on the fixed dataset; exploratory, no multiple-comparison correction",,
etth1_uni,source_head_interaction,"[{""head"": ""moe_dense"", ""source"": ""gp"", ""weight"": 1}, {""head"": ""mlp"", ""source"": ""gp"", ""weight"": -1}, {""head"": ""moe_dense"", ""source"": ""white"", ""weight"": -1}, {""head"": ""mlp"", ""source"": ""white"", ""weight"": 1}]",moe_dense/gp -mlp/gp -moe_dense/white +mlp/white,fair_crps,"[31, 32, 33]","[0.08845243605782643, -0.05386768784218923, -0.00475543648554308]",0.009943103910031373,0.0722896239722493,"[-0.05386768784218923, 0.08845243605782643]","Three paired optimization seeds on the fixed dataset; exploratory, no multiple-comparison correction",-0.05386768784218923,0.08845243605782643
etth1_uni,source_head_interaction,"[{""head"": ""moe_dense"", ""source"": ""gp"", ""weight"": 1}, {""head"": ""mlp"", ""source"": ""gp"", ""weight"": -1}, {""head"": ""moe_dense"", ""source"": ""white"", ""weight"": -1}, {""head"": ""mlp"", ""source"": ""white"", ""weight"": 1}]",moe_dense/gp -mlp/gp -moe_dense/white +mlp/white,joint_energy_scaled,"[31, 32, 33]","[0.08983214026893091, -0.04906951650515595, -0.006759557999168303]",0.011334355254868885,0.07119662798391525,"[-0.04906951650515595, 0.08983214026893091]","Three paired optimization seeds on the fixed dataset; exploratory, no multiple-comparison correction",-0.04906951650515595,0.0898321402689309
etth1_uni,source_head_interaction,"[{""head"": ""moe_dense"", ""source"": ""gp"", ""weight"": 1}, {""head"": ""mlp"", ""source"": ""gp"", ""weight"": -1}, {""head"": ""moe_dense"", ""source"": ""white"", ""weight"": -1}, {""head"": ""mlp"", ""source"": ""white"", ""weight"": 1}]",moe_dense/gp -mlp/gp -moe_dense/white +mlp/white,roughness_ratio,"[31, 32, 33]","[-0.46410095937774987, -0.5965622366855035, -0.7177594810745443]",-0.5928075590459326,0.12687093682354367,"[-0.7177594810745443, -0.46410095937774987]","Three paired optimization seeds on the fixed dataset; exploratory, no multiple-comparison correction",,
etth1_uni,gp_vs_white,"[{""head"": ""moe_topk"", ""source"": ""gp"", ""weight"": 1}, {""head"": ""moe_topk"", ""source"": ""white"", ""weight"": -1}]",moe_topk/gp -moe_topk/white,fair_crps,"[31, 32, 33]","[0.06684861387944449, 0.049876672416254875, 0.050233496825860424]",0.0556529277071866,0.009697389987289752,"[0.049876672416254875, 0.06684861387944449]","Three paired optimization seeds on the fixed dataset; exploratory, no multiple-comparison correction",0.049876672416254875,0.06684861387944449
etth1_uni,gp_vs_white,"[{""head"": ""moe_topk"", ""source"": ""gp"", ""weight"": 1}, {""head"": ""moe_topk"", ""source"": ""white"", ""weight"": -1}]",moe_topk/gp -moe_topk/white,joint_energy_scaled,"[31, 32, 33]","[0.06953702026014827, 0.052205583107587494, 0.049105983783965385]",0.05694952905056705,0.011010702984151967,"[0.049105983783965385, 0.06953702026014827]","Three paired optimization seeds on the fixed dataset; exploratory, no multiple-comparison correction",0.049105983783965385,0.06953702026014827
etth1_uni,gp_vs_white,"[{""head"": ""moe_topk"", ""source"": ""gp"", ""weight"": 1}, {""head"": ""moe_topk"", ""source"": ""white"", ""weight"": -1}]",moe_topk/gp -moe_topk/white,roughness_ratio,"[31, 32, 33]","[-1.639787476441601, -1.581628364926474, -1.7826264826414717]",-1.668014108003182,0.1034292892667641,"[-1.7826264826414717, -1.581628364926474]","Three paired optimization seeds on the fixed dataset; exploratory, no multiple-comparison correction",,
etth1_uni,source_head_interaction,"[{""head"": ""moe_topk"", ""source"": ""gp"", ""weight"": 1}, {""head"": ""mlp"", ""source"": ""gp"", ""weight"": -1}, {""head"": ""moe_topk"", ""source"": ""white"", ""weight"": -1}, {""head"": ""mlp"", ""source"": ""white"", ""weight"": 1}]",moe_topk/gp -mlp/gp -moe_topk/white +mlp/white,fair_crps,"[31, 32, 33]","[0.05339704991733621, -0.02461722079478698, -0.02012002863475626]",0.002886600162597656,0.04380108828728502,"[-0.02461722079478698, 0.05339704991733621]","Three paired optimization seeds on the fixed dataset; exploratory, no multiple-comparison correction",-0.02461722079478698,0.05339704991733621
etth1_uni,source_head_interaction,"[{""head"": ""moe_topk"", ""source"": ""gp"", ""weight"": 1}, {""head"": ""mlp"", ""source"": ""gp"", ""weight"": -1}, {""head"": ""moe_topk"", ""source"": ""white"", ""weight"": -1}, {""head"": ""mlp"", ""source"": ""white"", ""weight"": 1}]",moe_topk/gp -mlp/gp -moe_topk/white +mlp/white,joint_energy_scaled,"[31, 32, 33]","[0.05058910572364139, -0.021385461693367996, -0.02405028617073357]",0.0017177859531799418,0.04234477233914257,"[-0.02405028617073357, 0.05058910572364139]","Three paired optimization seeds on the fixed dataset; exploratory, no multiple-comparison correction",-0.02405028617073357,0.05058910572364139
etth1_uni,source_head_interaction,"[{""head"": ""moe_topk"", ""source"": ""gp"", ""weight"": 1}, {""head"": ""mlp"", ""source"": ""gp"", ""weight"": -1}, {""head"": ""moe_topk"", ""source"": ""white"", ""weight"": -1}, {""head"": ""mlp"", ""source"": ""white"", ""weight"": 1}]",moe_topk/gp -mlp/gp -moe_topk/white +mlp/white,roughness_ratio,"[31, 32, 33]","[-0.4114645044240782, -0.4392942270188174, -0.5878756690945621]",-0.47954480017915263,0.09484358826457785,"[-0.5878756690945621, -0.4114645044240782]","Three paired optimization seeds on the fixed dataset; exploratory, no multiple-comparison correction",,
etth1_multi,new_vs_mlp,"[{""head"": ""mlp_whitened"", ""source"": ""white"", ""weight"": 1}, {""head"": ""mlp"", ""source"": ""white"", ""weight"": -1}]",mlp_whitened/white -mlp/white,fair_crps,"[31, 32, 33]","[0.18379934356152128, 0.14620677668696747, 0.16400528833618339]",0.16467046952822403,0.01880510889540748,"[0.14620677668696747, 0.18379934356152128]","Three paired optimization seeds on the fixed dataset; exploratory, no multiple-comparison correction",0.14620677668696747,0.18379934356152128
etth1_multi,new_vs_mlp,"[{""head"": ""mlp_whitened"", ""source"": ""white"", ""weight"": 1}, {""head"": ""mlp"", ""source"": ""white"", ""weight"": -1}]",mlp_whitened/white -mlp/white,joint_energy_scaled,"[31, 32, 33]","[0.22442236360313728, 0.1823814873111017, 0.20077815152366818]",0.20252733414596905,0.02107495076471542,"[0.1823814873111017, 0.22442236360313728]","Three paired optimization seeds on the fixed dataset; exploratory, no multiple-comparison correction",0.1823814873111017,0.22442236360313728
etth1_multi,new_vs_mlp,"[{""head"": ""mlp_whitened"", ""source"": ""white"", ""weight"": 1}, {""head"": ""mlp"", ""source"": ""white"", ""weight"": -1}]",mlp_whitened/white -mlp/white,roughness_ratio,"[31, 32, 33]","[0.3655860030888265, 0.3377479973622415, 0.4033386882916097]",0.3688908962475592,0.03292000035299141,"[0.3377479973622415, 0.4033386882916097]","Three paired optimization seeds on the fixed dataset; exploratory, no multiple-comparison correction",,
etth1_multi,new_vs_mlp,"[{""head"": ""mlp_whitened"", ""source"": ""white"", ""weight"": 1}, {""head"": ""mlp"", ""source"": ""white"", ""weight"": -1}]",mlp_whitened/white -mlp/white,velocity_pc1_mse,"[31, 32, 33]","[11.894705175288067, 6.9707855341920535, 14.792369818136102]",11.219286842538741,3.954293567866521,"[6.9707855341920535, 14.792369818136102]","Three paired optimization seeds on the fixed dataset; exploratory, no multiple-comparison correction",,
etth1_multi,new_vs_mlp,"[{""head"": ""mlp_whitened"", ""source"": ""white"", ""weight"": 1}, {""head"": ""mlp"", ""source"": ""white"", ""weight"": -1}]",mlp_whitened/white -mlp/white,velocity_residual_mse,"[31, 32, 33]","[0.565901224272479, 0.5127192069945883, 0.5177993793939057]",0.532139936886991,0.029348261146886205,"[0.5127192069945883, 0.565901224272479]","Three paired optimization seeds on the fixed dataset; exploratory, no multiple-comparison correction",,
etth1_multi,new_vs_mlp,"[{""head"": ""mlp_whitened"", ""source"": ""white"", ""weight"": 1}, {""head"": ""mlp"", ""source"": ""white"", ""weight"": -1}]",mlp_whitened/white -mlp/white,velocity_residual_normalized_mse,"[31, 32, 33]","[-0.02984174966673614, -0.03509120304431923, -0.028666102443678176]",-0.031199685051577847,0.003421033588572817,"[-0.03509120304431923, -0.028666102443678176]","Three paired optimization seeds on the fixed dataset; exploratory, no multiple-comparison correction",,
etth1_multi,new_vs_mlp,"[{""head"": ""mlp_balanced"", ""source"": ""white"", ""weight"": 1}, {""head"": ""mlp"", ""source"": ""white"", ""weight"": -1}]",mlp_balanced/white -mlp/white,fair_crps,"[31, 32, 33]","[0.20350779143163367, 0.14569023255192048, 0.13654948629504765]",0.16191583675953394,0.03630848840997974,"[0.13654948629504765, 0.20350779143163367]","Three paired optimization seeds on the fixed dataset; exploratory, no multiple-comparison correction",0.13654948629504765,0.20350779143163367
etth1_multi,new_vs_mlp,"[{""head"": ""mlp_balanced"", ""source"": ""white"", ""weight"": 1}, {""head"": ""mlp"", ""source"": ""white"", ""weight"": -1}]",mlp_balanced/white -mlp/white,joint_energy_scaled,"[31, 32, 33]","[0.25591727780849893, 0.2029076057963547, 0.18844035116311575]",0.2157550782559898,0.03552572404367598,"[0.18844035116311575, 0.25591727780849893]","Three paired optimization seeds on the fixed dataset; exploratory, no multiple-comparison correction",0.18844035116311575,0.25591727780849893
etth1_multi,new_vs_mlp,"[{""head"": ""mlp_balanced"", ""source"": ""white"", ""weight"": 1}, {""head"": ""mlp"", ""source"": ""white"", ""weight"": -1}]",mlp_balanced/white -mlp/white,roughness_ratio,"[31, 32, 33]","[0.18914240153237483, 0.06504128452411928, 0.1476993842499632]",0.13396102343548577,0.06318092060959353,"[0.06504128452411928, 0.18914240153237483]","Three paired optimization seeds on the fixed dataset; exploratory, no multiple-comparison correction",,
etth1_multi,new_vs_mlp,"[{""head"": ""mlp_balanced"", ""source"": ""white"", ""weight"": 1}, {""head"": ""mlp"", ""source"": ""white"", ""weight"": -1}]",mlp_balanced/white -mlp/white,velocity_pc1_mse,"[31, 32, 33]","[2.292365650857521, 2.4394118101580364, 2.6632573698360025]",2.4650116102838533,0.18676637579223018,"[2.292365650857521, 2.6632573698360025]","Three paired optimization seeds on the fixed dataset; exploratory, no multiple-comparison correction",,
etth1_multi,new_vs_mlp,"[{""head"": ""mlp_balanced"", ""source"": ""white"", ""weight"": 1}, {""head"": ""mlp"", ""source"": ""white"", ""weight"": -1}]",mlp_balanced/white -mlp/white,velocity_residual_mse,"[31, 32, 33]","[0.6865141641198693, 0.569589898340414, 0.561852676172534]",0.6059855795442725,0.06984701748844098,"[0.561852676172534, 0.6865141641198693]","Three paired optimization seeds on the fixed dataset; exploratory, no multiple-comparison correction",,
etth1_multi,new_vs_mlp,"[{""head"": ""mlp_balanced"", ""source"": ""white"", ""weight"": 1}, {""head"": ""mlp"", ""source"": ""white"", ""weight"": -1}]",mlp_balanced/white -mlp/white,velocity_residual_normalized_mse,"[31, 32, 33]","[0.006718125492592875, -0.019672353740976978, -0.009564432301498949]",-0.00750622018329435,0.013315086420561213,"[-0.019672353740976978, 0.006718125492592875]","Three paired optimization seeds on the fixed dataset; exploratory, no multiple-comparison correction",,
etth1_multi,new_vs_mlp,"[{""head"": ""history_dense_ae"", ""source"": ""white"", ""weight"": 1}, {""head"": ""mlp"", ""source"": ""white"", ""weight"": -1}]",history_dense_ae/white -mlp/white,fair_crps,"[31, 32, 33]","[0.07162395737336436, 0.04776598081069294, 0.045552395470477125]",0.05498077788484481,0.014455848561392476,"[0.045552395470477125, 0.07162395737336436]","Three paired optimization seeds on the fixed dataset; exploratory, no multiple-comparison correction",0.045552395470477125,0.07162395737336436
etth1_multi,new_vs_mlp,"[{""head"": ""history_dense_ae"", ""source"": ""white"", ""weight"": 1}, {""head"": ""mlp"", ""source"": ""white"", ""weight"": -1}]",history_dense_ae/white -mlp/white,joint_energy_scaled,"[31, 32, 33]","[0.08368883943247252, 0.05810110259357015, 0.05207838086997163]",0.06462277429867143,0.0167840526692672,"[0.05207838086997163, 0.08368883943247252]","Three paired optimization seeds on the fixed dataset; exploratory, no multiple-comparison correction",0.05207838086997163,0.08368883943247252
etth1_multi,new_vs_mlp,"[{""head"": ""history_dense_ae"", ""source"": ""white"", ""weight"": 1}, {""head"": ""mlp"", ""source"": ""white"", ""weight"": -1}]",history_dense_ae/white -mlp/white,roughness_ratio,"[31, 32, 33]","[0.634630958254927, 0.7055092136020709, 0.7105855201832667]",0.6835752306800882,0.042462908220561965,"[0.634630958254927, 0.7105855201832667]","Three paired optimization seeds on the fixed dataset; exploratory, no multiple-comparison correction",,
etth1_multi,new_vs_mlp,"[{""head"": ""history_dense_ae"", ""source"": ""white"", ""weight"": 1}, {""head"": ""mlp"", ""source"": ""white"", ""weight"": -1}]",history_dense_ae/white -mlp/white,velocity_pc1_mse,"[31, 32, 33]","[3.4858831395287924, 1.677510402536643, 0.5028175975771925]",1.8887370465475426,1.502708397610737,"[0.5028175975771925, 3.4858831395287924]","Three paired optimization seeds on the fixed dataset; exploratory, no multiple-comparison correction",,
etth1_multi,new_vs_mlp,"[{""head"": ""history_dense_ae"", ""source"": ""white"", ""weight"": 1}, {""head"": ""mlp"", ""source"": ""white"", ""weight"": -1}]",history_dense_ae/white -mlp/white,velocity_residual_mse,"[31, 32, 33]","[0.2614671942211917, 0.23893682589409226, 0.2247269793153326]",0.24171033314353885,0.01852647037833239,"[0.2247269793153326, 0.2614671942211917]","Three paired optimization seeds on the fixed dataset; exploratory, no multiple-comparison correction",,
etth1_multi,new_vs_mlp,"[{""head"": ""history_dense_ae"", ""source"": ""white"", ""weight"": 1}, {""head"": ""mlp"", ""source"": ""white"", ""weight"": -1}]",history_dense_ae/white -mlp/white,velocity_residual_normalized_mse,"[31, 32, 33]","[0.09194308452243072, 0.08718087401097785, 0.08264907381507258]",0.08725767744949371,0.004647481342969309,"[0.08264907381507258, 0.09194308452243072]","Three paired optimization seeds on the fixed dataset; exploratory, no multiple-comparison correction",,
etth1_multi,new_vs_mlp,"[{""head"": ""history_topk_ae"", ""source"": ""white"", ""weight"": 1}, {""head"": ""mlp"", ""source"": ""white"", ""weight"": -1}]",history_topk_ae/white -mlp/white,fair_crps,"[31, 32, 33]","[0.14075921800919622, 0.09809390629054765, 0.06528221264751916]",0.10137844564908767,0.0378455510422296,"[0.06528221264751916, 0.14075921800919622]","Three paired optimization seeds on the fixed dataset; exploratory, no multiple-comparison correction",0.06528221264751916,0.14075921800919622
etth1_multi,new_vs_mlp,"[{""head"": ""history_topk_ae"", ""source"": ""white"", ""weight"": 1}, {""head"": ""mlp"", ""source"": ""white"", ""weight"": -1}]",history_topk_ae/white -mlp/white,joint_energy_scaled,"[31, 32, 33]","[0.1565043963923769, 0.12636314105463164, 0.08030401085513317]",0.12105718276738058,0.03837628934662238,"[0.08030401085513317, 0.1565043963923769]","Three paired optimization seeds on the fixed dataset; exploratory, no multiple-comparison correction",0.08030401085513317,0.1565043963923769
etth1_multi,new_vs_mlp,"[{""head"": ""history_topk_ae"", ""source"": ""white"", ""weight"": 1}, {""head"": ""mlp"", ""source"": ""white"", ""weight"": -1}]",history_topk_ae/white -mlp/white,roughness_ratio,"[31, 32, 33]","[0.7756715066694171, 0.6186237385045534, 0.6693847653187297]",0.6878933368309,0.08014315807326933,"[0.6186237385045534, 0.7756715066694171]","Three paired optimization seeds on the fixed dataset; exploratory, no multiple-comparison correction",,
etth1_multi,new_vs_mlp,"[{""head"": ""history_topk_ae"", ""source"": ""white"", ""weight"": 1}, {""head"": ""mlp"", ""source"": ""white"", ""weight"": -1}]",history_topk_ae/white -mlp/white,velocity_pc1_mse,"[31, 32, 33]","[2.8361521313003006, 11.451276125950585, 8.144994815813504]",7.477474357688131,4.346179705478329,"[2.8361521313003006, 11.451276125950585]","Three paired optimization seeds on the fixed dataset; exploratory, no multiple-comparison correction",,
etth1_multi,new_vs_mlp,"[{""head"": ""history_topk_ae"", ""source"": ""white"", ""weight"": 1}, {""head"": ""mlp"", ""source"": ""white"", ""weight"": -1}]",history_topk_ae/white -mlp/white,velocity_residual_mse,"[31, 32, 33]","[0.4068581781977352, 0.24862381831131097, 0.17956990899668668]",0.2783506351685776,0.11652361159632486,"[0.17956990899668668, 0.4068581781977352]","Three paired optimization seeds on the fixed dataset; exploratory, no multiple-comparison correction",,
etth1_multi,new_vs_mlp,"[{""head"": ""history_topk_ae"", ""source"": ""white"", ""weight"": 1}, {""head"": ""mlp"", ""source"": ""white"", ""weight"": -1}]",history_topk_ae/white -mlp/white,velocity_residual_normalized_mse,"[31, 32, 33]","[0.12203016734435512, 0.08178339004508861, 0.07379854337824587]",0.0925373669225632,0.025851661486507683,"[0.07379854337824587, 0.12203016734435512]","Three paired optimization seeds on the fixed dataset; exploratory, no multiple-comparison correction",,
etth1_multi,new_vs_mlp,"[{""head"": ""history_conv_dense"", ""source"": ""white"", ""weight"": 1}, {""head"": ""mlp"", ""source"": ""white"", ""weight"": -1}]",history_conv_dense/white -mlp/white,fair_crps,"[31, 32, 33]","[0.035043503393896724, 0.022799084932955127, 0.030690363783456964]",0.029510984036769605,0.00620682272195961,"[0.022799084932955127, 0.035043503393896724]","Three paired optimization seeds on the fixed dataset; exploratory, no multiple-comparison correction",0.022799084932955127,0.035043503393896724
etth1_multi,new_vs_mlp,"[{""head"": ""history_conv_dense"", ""source"": ""white"", ""weight"": 1}, {""head"": ""mlp"", ""source"": ""white"", ""weight"": -1}]",history_conv_dense/white -mlp/white,joint_energy_scaled,"[31, 32, 33]","[0.039585690603983925, 0.028353320407437543, 0.034438740052601946]",0.034125917021341136,0.005622715424484085,"[0.028353320407437543, 0.039585690603983925]","Three paired optimization seeds on the fixed dataset; exploratory, no multiple-comparison correction",0.028353320407437543,0.039585690603983925
etth1_multi,new_vs_mlp,"[{""head"": ""history_conv_dense"", ""source"": ""white"", ""weight"": 1}, {""head"": ""mlp"", ""source"": ""white"", ""weight"": -1}]",history_conv_dense/white -mlp/white,roughness_ratio,"[31, 32, 33]","[-0.09404339018573094, -0.14517657342141765, -0.0515154489919003]",-0.09691180419968297,0.046896400784782626,"[-0.14517657342141765, -0.0515154489919003]","Three paired optimization seeds on the fixed dataset; exploratory, no multiple-comparison correction",,
etth1_multi,new_vs_mlp,"[{""head"": ""history_conv_dense"", ""source"": ""white"", ""weight"": 1}, {""head"": ""mlp"", ""source"": ""white"", ""weight"": -1}]",history_conv_dense/white -mlp/white,velocity_pc1_mse,"[31, 32, 33]","[0.0020166190277652873, -1.151372421538447, -0.8405237289243273]",-0.663293177145003,0.5967701157795728,"[-1.151372421538447, 0.0020166190277652873]","Three paired optimization seeds on the fixed dataset; exploratory, no multiple-comparison correction",,
etth1_multi,new_vs_mlp,"[{""head"": ""history_conv_dense"", ""source"": ""white"", ""weight"": 1}, {""head"": ""mlp"", ""source"": ""white"", ""weight"": -1}]",history_conv_dense/white -mlp/white,velocity_residual_mse,"[31, 32, 33]","[0.015696192338685355, 0.0071645524515113745, 0.008395618762258694]",0.010418787850818475,0.004611629827054897,"[0.0071645524515113745, 0.015696192338685355]","Three paired optimization seeds on the fixed dataset; exploratory, no multiple-comparison correction",,
etth1_multi,new_vs_mlp,"[{""head"": ""history_conv_dense"", ""source"": ""white"", ""weight"": 1}, {""head"": ""mlp"", ""source"": ""white"", ""weight"": -1}]",history_conv_dense/white -mlp/white,velocity_residual_normalized_mse,"[31, 32, 33]","[0.00024362343102135586, -0.010345822120530257, -0.0034905381217016362]",-0.004530912270403513,0.0053708354144662105,"[-0.010345822120530257, 0.00024362343102135586]","Three paired optimization seeds on the fixed dataset; exploratory, no multiple-comparison correction",,
etth1_multi,new_vs_mlp,"[{""head"": ""history_conv_sparse"", ""source"": ""white"", ""weight"": 1}, {""head"": ""mlp"", ""source"": ""white"", ""weight"": -1}]",history_conv_sparse/white -mlp/white,fair_crps,"[31, 32, 33]","[0.03304988431284406, 0.03997279157982736, 0.02838641873880071]",0.033803031543824046,0.005829788329473858,"[0.02838641873880071, 0.03997279157982736]","Three paired optimization seeds on the fixed dataset; exploratory, no multiple-comparison correction",0.02838641873880071,0.03997279157982736
etth1_multi,new_vs_mlp,"[{""head"": ""history_conv_sparse"", ""source"": ""white"", ""weight"": 1}, {""head"": ""mlp"", ""source"": ""white"", ""weight"": -1}]",history_conv_sparse/white -mlp/white,joint_energy_scaled,"[31, 32, 33]","[0.03453702383662588, 0.04838822896220962, 0.0318093419226676]",0.0382448649071677,0.00888965341960929,"[0.0318093419226676, 0.04838822896220962]","Three paired optimization seeds on the fixed dataset; exploratory, no multiple-comparison correction",0.0318093419226676,0.04838822896220962
etth1_multi,new_vs_mlp,"[{""head"": ""history_conv_sparse"", ""source"": ""white"", ""weight"": 1}, {""head"": ""mlp"", ""source"": ""white"", ""weight"": -1}]",history_conv_sparse/white -mlp/white,roughness_ratio,"[31, 32, 33]","[-0.10348338619354358, -0.1610774655545879, -0.04999975963659242]",-0.1048535371282413,0.05555152719042981,"[-0.1610774655545879, -0.04999975963659242]","Three paired optimization seeds on the fixed dataset; exploratory, no multiple-comparison correction",,
etth1_multi,new_vs_mlp,"[{""head"": ""history_conv_sparse"", ""source"": ""white"", ""weight"": 1}, {""head"": ""mlp"", ""source"": ""white"", ""weight"": -1}]",history_conv_sparse/white -mlp/white,velocity_pc1_mse,"[31, 32, 33]","[1.1845489503394298, -0.22914163739091276, -0.8481335561163963]",0.035757918944040235,1.0419109243225766,"[-0.8481335561163963, 1.1845489503394298]","Three paired optimization seeds on the fixed dataset; exploratory, no multiple-comparison correction",,
etth1_multi,new_vs_mlp,"[{""head"": ""history_conv_sparse"", ""source"": ""white"", ""weight"": 1}, {""head"": ""mlp"", ""source"": ""white"", ""weight"": -1}]",history_conv_sparse/white -mlp/white,velocity_residual_mse,"[31, 32, 33]","[0.016889629583390686, 0.0311280497978077, 0.0019322949463018713]",0.016649991442500085,0.014599352559830647,"[0.0019322949463018713, 0.0311280497978077]","Three paired optimization seeds on the fixed dataset; exploratory, no multiple-comparison correction",,
etth1_multi,new_vs_mlp,"[{""head"": ""history_conv_sparse"", ""source"": ""white"", ""weight"": 1}, {""head"": ""mlp"", ""source"": ""white"", ""weight"": -1}]",history_conv_sparse/white -mlp/white,velocity_residual_normalized_mse,"[31, 32, 33]","[-0.0012178385192200825, -0.008708534451539296, -0.005441245946453455]",-0.005122539639070944,0.0037555041832475636,"[-0.008708534451539296, -0.0012178385192200825]","Three paired optimization seeds on the fixed dataset; exploratory, no multiple-comparison correction",,
etth1_multi,new_vs_mlp,"[{""head"": ""dictionary_dense"", ""source"": ""white"", ""weight"": 1}, {""head"": ""mlp"", ""source"": ""white"", ""weight"": -1}]",dictionary_dense/white -mlp/white,fair_crps,"[31, 32, 33]","[0.051456300733878524, 0.034940932610280306, 0.029016795431612785]",0.0384713429252572,0.011628873431965562,"[0.029016795431612785, 0.051456300733878524]","Three paired optimization seeds on the fixed dataset; exploratory, no multiple-comparison correction",0.029016795431612785,0.051456300733878524
etth1_multi,new_vs_mlp,"[{""head"": ""dictionary_dense"", ""source"": ""white"", ""weight"": 1}, {""head"": ""mlp"", ""source"": ""white"", ""weight"": -1}]",dictionary_dense/white -mlp/white,joint_energy_scaled,"[31, 32, 33]","[0.06752475814577397, 0.04716369992083569, 0.03571747847711115]",0.05013531218124027,0.016110512702883568,"[0.03571747847711115, 0.06752475814577397]","Three paired optimization seeds on the fixed dataset; exploratory, no multiple-comparison correction",0.03571747847711115,0.06752475814577397
etth1_multi,new_vs_mlp,"[{""head"": ""dictionary_dense"", ""source"": ""white"", ""weight"": 1}, {""head"": ""mlp"", ""source"": ""white"", ""weight"": -1}]",dictionary_dense/white -mlp/white,roughness_ratio,"[31, 32, 33]","[0.46501557515805825, 0.3643243465302848, 0.4740921666384308]",0.4344773627755913,0.06092356189899824,"[0.3643243465302848, 0.4740921666384308]","Three paired optimization seeds on the fixed dataset; exploratory, no multiple-comparison correction",,
etth1_multi,new_vs_mlp,"[{""head"": ""dictionary_dense"", ""source"": ""white"", ""weight"": 1}, {""head"": ""mlp"", ""source"": ""white"", ""weight"": -1}]",dictionary_dense/white -mlp/white,velocity_pc1_mse,"[31, 32, 33]","[0.7184882883349033, 1.2842524051085942, 0.786189184346326]",0.9296432925966078,0.308960466463901,"[0.7184882883349033, 1.2842524051085942]","Three paired optimization seeds on the fixed dataset; exploratory, no multiple-comparison correction",,
etth1_multi,new_vs_mlp,"[{""head"": ""dictionary_dense"", ""source"": ""white"", ""weight"": 1}, {""head"": ""mlp"", ""source"": ""white"", ""weight"": -1}]",dictionary_dense/white -mlp/white,velocity_residual_mse,"[31, 32, 33]","[0.222195515094479, 0.1722718556562588, 0.16594782632315086]",0.1868050656912962,0.030811706678970777,"[0.16594782632315086, 0.222195515094479]","Three paired optimization seeds on the fixed dataset; exploratory, no multiple-comparison correction",,
etth1_multi,new_vs_mlp,"[{""head"": ""dictionary_dense"", ""source"": ""white"", ""weight"": 1}, {""head"": ""mlp"", ""source"": ""white"", ""weight"": -1}]",dictionary_dense/white -mlp/white,velocity_residual_normalized_mse,"[31, 32, 33]","[0.42250316005484057, 0.412036569119143, 0.41185124385941674]",0.41546365767780014,0.006097092065094797,"[0.41185124385941674, 0.42250316005484057]","Three paired optimization seeds on the fixed dataset; exploratory, no multiple-comparison correction",,
etth1_multi,new_vs_mlp,"[{""head"": ""dictionary_topk"", ""source"": ""white"", ""weight"": 1}, {""head"": ""mlp"", ""source"": ""white"", ""weight"": -1}]",dictionary_topk/white -mlp/white,fair_crps,"[31, 32, 33]","[0.12171492118198901, 0.09151848192493944, 0.14423767936140436]",0.11915702748944428,0.026452515186518887,"[0.09151848192493944, 0.14423767936140436]","Three paired optimization seeds on the fixed dataset; exploratory, no multiple-comparison correction",0.09151848192493944,0.14423767936140436
etth1_multi,new_vs_mlp,"[{""head"": ""dictionary_topk"", ""source"": ""white"", ""weight"": 1}, {""head"": ""mlp"", ""source"": ""white"", ""weight"": -1}]",dictionary_topk/white -mlp/white,joint_energy_scaled,"[31, 32, 33]","[0.13885099066654316, 0.11186691328793785, 0.1624021152348879]",0.13770667306312298,0.025287027425893283,"[0.11186691328793785, 0.1624021152348879]","Three paired optimization seeds on the fixed dataset; exploratory, no multiple-comparison correction",0.11186691328793785,0.1624021152348879
etth1_multi,new_vs_mlp,"[{""head"": ""dictionary_topk"", ""source"": ""white"", ""weight"": 1}, {""head"": ""mlp"", ""source"": ""white"", ""weight"": -1}]",dictionary_topk/white -mlp/white,roughness_ratio,"[31, 32, 33]","[1.1755514081001261, 1.088265340174019, 1.1819669758756048]",1.1485945747165833,0.05234503111890606,"[1.088265340174019, 1.1819669758756048]","Three paired optimization seeds on the fixed dataset; exploratory, no multiple-comparison correction",,
etth1_multi,new_vs_mlp,"[{""head"": ""dictionary_topk"", ""source"": ""white"", ""weight"": 1}, {""head"": ""mlp"", ""source"": ""white"", ""weight"": -1}]",dictionary_topk/white -mlp/white,velocity_pc1_mse,"[31, 32, 33]","[4.006887255548235, 11.032059439141854, 16.23207587334184]",10.423674189343977,6.135259460225485,"[4.006887255548235, 16.23207587334184]","Three paired optimization seeds on the fixed dataset; exploratory, no multiple-comparison correction",,
etth1_multi,new_vs_mlp,"[{""head"": ""dictionary_topk"", ""source"": ""white"", ""weight"": 1}, {""head"": ""mlp"", ""source"": ""white"", ""weight"": -1}]",dictionary_topk/white -mlp/white,velocity_residual_mse,"[31, 32, 33]","[0.5735558942422017, 0.5092250809317587, 0.6103326534811333]",0.5643712095516978,0.05117571818113298,"[0.5092250809317587, 0.6103326534811333]","Three paired optimization seeds on the fixed dataset; exploratory, no multiple-comparison correction",,
etth1_multi,new_vs_mlp,"[{""head"": ""dictionary_topk"", ""source"": ""white"", ""weight"": 1}, {""head"": ""mlp"", ""source"": ""white"", ""weight"": -1}]",dictionary_topk/white -mlp/white,velocity_residual_normalized_mse,"[31, 32, 33]","[0.7528393782926515, 0.5366863288647403, 0.6279237008025046]",0.6391498026532988,0.10851292188637975,"[0.5366863288647403, 0.7528393782926515]","Three paired optimization seeds on the fixed dataset; exploratory, no multiple-comparison correction",,
etth1_multi,new_vs_mlp,"[{""head"": ""unet_l0"", ""source"": ""white"", ""weight"": 1}, {""head"": ""mlp"", ""source"": ""white"", ""weight"": -1}]",unet_l0/white -mlp/white,fair_crps,"[31, 32, 33]","[0.12912808397410364, 0.09298684896352105, 0.05956518527011678]",0.09389337273591382,0.03479030839239168,"[0.05956518527011678, 0.12912808397410364]","Three paired optimization seeds on the fixed dataset; exploratory, no multiple-comparison correction",0.05956518527011678,0.12912808397410364
etth1_multi,new_vs_mlp,"[{""head"": ""unet_l0"", ""source"": ""white"", ""weight"": 1}, {""head"": ""mlp"", ""source"": ""white"", ""weight"": -1}]",unet_l0/white -mlp/white,joint_energy_scaled,"[31, 32, 33]","[0.16564234788109466, 0.12477062321781995, 0.09605203842275445]",0.12882166984055635,0.034971574552507316,"[0.09605203842275445, 0.16564234788109466]","Three paired optimization seeds on the fixed dataset; exploratory, no multiple-comparison correction",0.09605203842275445,0.16564234788109466
etth1_multi,new_vs_mlp,"[{""head"": ""unet_l0"", ""source"": ""white"", ""weight"": 1}, {""head"": ""mlp"", ""source"": ""white"", ""weight"": -1}]",unet_l0/white -mlp/white,roughness_ratio,"[31, 32, 33]","[-1.3718421330835322, -1.3248787061204883, -1.5659989980956284]",-1.4209066124332164,0.1278289527100018,"[-1.5659989980956284, -1.3248787061204883]","Three paired optimization seeds on the fixed dataset; exploratory, no multiple-comparison correction",,
etth1_multi,new_vs_mlp,"[{""head"": ""unet_l0"", ""source"": ""white"", ""weight"": 1}, {""head"": ""mlp"", ""source"": ""white"", ""weight"": -1}]",unet_l0/white -mlp/white,velocity_pc1_mse,"[31, 32, 33]","[5.372097157827478, 1.5121791589786726, -0.6940970567619082]",2.063393086681414,3.070432487101703,"[-0.6940970567619082, 5.372097157827478]","Three paired optimization seeds on the fixed dataset; exploratory, no multiple-comparison correction",,
etth1_multi,new_vs_mlp,"[{""head"": ""unet_l0"", ""source"": ""white"", ""weight"": 1}, {""head"": ""mlp"", ""source"": ""white"", ""weight"": -1}]",unet_l0/white -mlp/white,velocity_residual_mse,"[31, 32, 33]","[-0.06755821348485369, -0.03892215403372856, -0.17904614898373483]",-0.09517550550077236,0.07403188234745041,"[-0.17904614898373483, -0.03892215403372856]","Three paired optimization seeds on the fixed dataset; exploratory, no multiple-comparison correction",,
etth1_multi,new_vs_mlp,"[{""head"": ""unet_l0"", ""source"": ""white"", ""weight"": 1}, {""head"": ""mlp"", ""source"": ""white"", ""weight"": -1}]",unet_l0/white -mlp/white,velocity_residual_normalized_mse,"[31, 32, 33]","[-0.1521285659061956, -0.12344236243951068, -0.2021743832148425]",-0.15924843718684958,0.03984598096585942,"[-0.2021743832148425, -0.12344236243951068]","Three paired optimization seeds on the fixed dataset; exploratory, no multiple-comparison correction",,
etth1_multi,new_vs_mlp,"[{""head"": ""moe_dense"", ""source"": ""white"", ""weight"": 1}, {""head"": ""mlp"", ""source"": ""white"", ""weight"": -1}]",moe_dense/white -mlp/white,fair_crps,"[31, 32, 33]","[0.042451240959287095, 0.005538442776730768, -0.003378180975190437]",0.014870500920275809,0.024298136978130064,"[-0.003378180975190437, 0.042451240959287095]","Three paired optimization seeds on the fixed dataset; exploratory, no multiple-comparison correction",-0.003378180975190437,0.042451240959287095
etth1_multi,new_vs_mlp,"[{""head"": ""moe_dense"", ""source"": ""white"", ""weight"": 1}, {""head"": ""mlp"", ""source"": ""white"", ""weight"": -1}]",moe_dense/white -mlp/white,joint_energy_scaled,"[31, 32, 33]","[0.045284979077529375, 0.011302659062711051, -0.0025898108638153228]",0.01799927575880837,0.024629908330377658,"[-0.0025898108638153228, 0.045284979077529375]","Three paired optimization seeds on the fixed dataset; exploratory, no multiple-comparison correction",-0.0025898108638153228,0.045284979077529375
etth1_multi,new_vs_mlp,"[{""head"": ""moe_dense"", ""source"": ""white"", ""weight"": 1}, {""head"": ""mlp"", ""source"": ""white"", ""weight"": -1}]",moe_dense/white -mlp/white,roughness_ratio,"[31, 32, 33]","[0.44134877956762875, 0.375958436368927, 0.48026659576531916]",0.43252460390062497,0.05271098164820491,"[0.375958436368927, 0.48026659576531916]","Three paired optimization seeds on the fixed dataset; exploratory, no multiple-comparison correction",,
etth1_multi,new_vs_mlp,"[{""head"": ""moe_dense"", ""source"": ""white"", ""weight"": 1}, {""head"": ""mlp"", ""source"": ""white"", ""weight"": -1}]",moe_dense/white -mlp/white,velocity_pc1_mse,"[31, 32, 33]","[2.287836490774189, 0.1842253803853433, -0.10825965599145793]",0.7879340717226914,1.3071600223895639,"[-0.10825965599145793, 2.287836490774189]","Three paired optimization seeds on the fixed dataset; exploratory, no multiple-comparison correction",,
etth1_multi,new_vs_mlp,"[{""head"": ""moe_dense"", ""source"": ""white"", ""weight"": 1}, {""head"": ""mlp"", ""source"": ""white"", ""weight"": -1}]",moe_dense/white -mlp/white,velocity_residual_mse,"[31, 32, 33]","[0.1175038042066825, 0.07121021552238593, 0.07851555432306578]",0.08907652468404474,0.024888243400083793,"[0.07121021552238593, 0.1175038042066825]","Three paired optimization seeds on the fixed dataset; exploratory, no multiple-comparison correction",,
etth1_multi,new_vs_mlp,"[{""head"": ""moe_dense"", ""source"": ""white"", ""weight"": 1}, {""head"": ""mlp"", ""source"": ""white"", ""weight"": -1}]",moe_dense/white -mlp/white,velocity_residual_normalized_mse,"[31, 32, 33]","[0.04709270485901429, 0.03457286292603967, 0.036745064270611194]",0.03947021068522172,0.006690024494907762,"[0.03457286292603967, 0.04709270485901429]","Three paired optimization seeds on the fixed dataset; exploratory, no multiple-comparison correction",,
etth1_multi,new_vs_mlp,"[{""head"": ""moe_topk"", ""source"": ""white"", ""weight"": 1}, {""head"": ""mlp"", ""source"": ""white"", ""weight"": -1}]",moe_topk/white -mlp/white,fair_crps,"[31, 32, 33]","[0.06530843685117071, 0.04489776789879263, 0.017297823199520224]",0.042501342649827856,0.02409485207015015,"[0.017297823199520224, 0.06530843685117071]","Three paired optimization seeds on the fixed dataset; exploratory, no multiple-comparison correction",0.017297823199520224,0.06530843685117071
etth1_multi,new_vs_mlp,"[{""head"": ""moe_topk"", ""source"": ""white"", ""weight"": 1}, {""head"": ""mlp"", ""source"": ""white"", ""weight"": -1}]",moe_topk/white -mlp/white,joint_energy_scaled,"[31, 32, 33]","[0.07961621796946361, 0.055226326274623205, 0.02074430601491023]",0.05186228341966568,0.029579775059044387,"[0.02074430601491023, 0.07961621796946361]","Three paired optimization seeds on the fixed dataset; exploratory, no multiple-comparison correction",0.02074430601491023,0.07961621796946361
etth1_multi,new_vs_mlp,"[{""head"": ""moe_topk"", ""source"": ""white"", ""weight"": 1}, {""head"": ""mlp"", ""source"": ""white"", ""weight"": -1}]",moe_topk/white -mlp/white,roughness_ratio,"[31, 32, 33]","[0.6763311250039323, 0.5846564960974021, 0.6894279661924987]",0.6501385290979443,0.05708593781915746,"[0.5846564960974021, 0.6894279661924987]","Three paired optimization seeds on the fixed dataset; exploratory, no multiple-comparison correction",,
etth1_multi,new_vs_mlp,"[{""head"": ""moe_topk"", ""source"": ""white"", ""weight"": 1}, {""head"": ""mlp"", ""source"": ""white"", ""weight"": -1}]",moe_topk/white -mlp/white,velocity_pc1_mse,"[31, 32, 33]","[2.2446506355980222, 4.327091615182132, 0.8538258509565244]",2.4751893672455596,1.7480717511954895,"[0.8538258509565244, 4.327091615182132]","Three paired optimization seeds on the fixed dataset; exploratory, no multiple-comparison correction",,
etth1_multi,new_vs_mlp,"[{""head"": ""moe_topk"", ""source"": ""white"", ""weight"": 1}, {""head"": ""mlp"", ""source"": ""white"", ""weight"": -1}]",moe_topk/white -mlp/white,velocity_residual_mse,"[31, 32, 33]","[0.3376059624495442, 0.1652519489592048, 0.1635087716988033]",0.22212222770251744,0.1000156458264482,"[0.1635087716988033, 0.3376059624495442]","Three paired optimization seeds on the fixed dataset; exploratory, no multiple-comparison correction",,
etth1_multi,new_vs_mlp,"[{""head"": ""moe_topk"", ""source"": ""white"", ""weight"": 1}, {""head"": ""mlp"", ""source"": ""white"", ""weight"": -1}]",moe_topk/white -mlp/white,velocity_residual_normalized_mse,"[31, 32, 33]","[0.11286606490321005, 0.06754654982027852, 0.06943307974912682]",0.08328189815753846,0.02563799797799909,"[0.06754654982027852, 0.11286606490321005]","Three paired optimization seeds on the fixed dataset; exploratory, no multiple-comparison correction",,
etth1_multi,sparse_vs_dense,"[{""head"": ""history_topk_ae"", ""source"": ""white"", ""weight"": 1}, {""head"": ""history_dense_ae"", ""source"": ""white"", ""weight"": -1}]",history_topk_ae/white -history_dense_ae/white,fair_crps,"[31, 32, 33]","[0.06913526063583186, 0.05032792547985471, 0.01972981717704203]",0.04639766776424287,0.02493611146757378,"[0.01972981717704203, 0.06913526063583186]","Three paired optimization seeds on the fixed dataset; exploratory, no multiple-comparison correction",0.01972981717704203,0.06913526063583186
etth1_multi,sparse_vs_dense,"[{""head"": ""history_topk_ae"", ""source"": ""white"", ""weight"": 1}, {""head"": ""history_dense_ae"", ""source"": ""white"", ""weight"": -1}]",history_topk_ae/white -history_dense_ae/white,joint_energy_scaled,"[31, 32, 33]","[0.07281555695990438, 0.06826203846106149, 0.028225629985161538]",0.05643440846870914,0.024535383027990812,"[0.028225629985161538, 0.07281555695990438]","Three paired optimization seeds on the fixed dataset; exploratory, no multiple-comparison correction",0.028225629985161538,0.07281555695990438
etth1_multi,sparse_vs_dense,"[{""head"": ""history_topk_ae"", ""source"": ""white"", ""weight"": 1}, {""head"": ""history_dense_ae"", ""source"": ""white"", ""weight"": -1}]",history_topk_ae/white -history_dense_ae/white,roughness_ratio,"[31, 32, 33]","[0.1410405484144901, -0.08688547509751743, -0.041200754864537004]",0.0043181061508118885,0.12058832066000438,"[-0.08688547509751743, 0.1410405484144901]","Three paired optimization seeds on the fixed dataset; exploratory, no multiple-comparison correction",,
etth1_multi,sparse_vs_dense,"[{""head"": ""history_topk_ae"", ""source"": ""white"", ""weight"": 1}, {""head"": ""history_dense_ae"", ""source"": ""white"", ""weight"": -1}]",history_topk_ae/white -history_dense_ae/white,velocity_pc1_mse,"[31, 32, 33]","[-0.6497310082284917, 9.773765723413941, 7.642177218236313]",5.588737311140587,5.506794223291815,"[-0.6497310082284917, 9.773765723413941]","Three paired optimization seeds on the fixed dataset; exploratory, no multiple-comparison correction",,
etth1_multi,sparse_vs_dense,"[{""head"": ""history_topk_ae"", ""source"": ""white"", ""weight"": 1}, {""head"": ""history_dense_ae"", ""source"": ""white"", ""weight"": -1}]",history_topk_ae/white -history_dense_ae/white,velocity_residual_mse,"[31, 32, 33]","[0.1453909839765435, 0.00968699241721871, -0.04515707031864591]",0.03664030202503876,0.09809179844937019,"[-0.04515707031864591, 0.1453909839765435]","Three paired optimization seeds on the fixed dataset; exploratory, no multiple-comparison correction",,
etth1_multi,sparse_vs_dense,"[{""head"": ""history_topk_ae"", ""source"": ""white"", ""weight"": 1}, {""head"": ""history_dense_ae"", ""source"": ""white"", ""weight"": -1}]",history_topk_ae/white -history_dense_ae/white,velocity_residual_normalized_mse,"[31, 32, 33]","[0.030087082821924405, -0.005397483965889238, -0.008850530436826709]",0.005279689473069486,0.021553096205794237,"[-0.008850530436826709, 0.030087082821924405]","Three paired optimization seeds on the fixed dataset; exploratory, no multiple-comparison correction",,
etth1_multi,sparse_vs_dense,"[{""head"": ""history_conv_sparse"", ""source"": ""white"", ""weight"": 1}, {""head"": ""history_conv_dense"", ""source"": ""white"", ""weight"": -1}]",history_conv_sparse/white -history_conv_dense/white,fair_crps,"[31, 32, 33]","[-0.0019936190810526666, 0.017173706646872233, -0.0023039450446562526]",0.004292047507054438,0.011156923061344474,"[-0.0023039450446562526, 0.017173706646872233]","Three paired optimization seeds on the fixed dataset; exploratory, no multiple-comparison correction",-0.0023039450446562526,0.017173706646872233
etth1_multi,sparse_vs_dense,"[{""head"": ""history_conv_sparse"", ""source"": ""white"", ""weight"": 1}, {""head"": ""history_conv_dense"", ""source"": ""white"", ""weight"": -1}]",history_conv_sparse/white -history_conv_dense/white,joint_energy_scaled,"[31, 32, 33]","[-0.005048666767358045, 0.02003490855477208, -0.002629398129934346]",0.004118947885826563,0.013836602480253993,"[-0.005048666767358045, 0.02003490855477208]","Three paired optimization seeds on the fixed dataset; exploratory, no multiple-comparison correction",-0.005048666767358045,0.02003490855477208
etth1_multi,sparse_vs_dense,"[{""head"": ""history_conv_sparse"", ""source"": ""white"", ""weight"": 1}, {""head"": ""history_conv_dense"", ""source"": ""white"", ""weight"": -1}]",history_conv_sparse/white -history_conv_dense/white,roughness_ratio,"[31, 32, 33]","[-0.009439996007812645, -0.015900892133170252, 0.001515689355307881]",-0.00794173292855834,0.008804426266213616,"[-0.015900892133170252, 0.001515689355307881]","Three paired optimization seeds on the fixed dataset; exploratory, no multiple-comparison correction",,
etth1_multi,sparse_vs_dense,"[{""head"": ""history_conv_sparse"", ""source"": ""white"", ""weight"": 1}, {""head"": ""history_conv_dense"", ""source"": ""white"", ""weight"": -1}]",history_conv_sparse/white -history_conv_dense/white,velocity_pc1_mse,"[31, 32, 33]","[1.1825323313116645, 0.9222307841475343, -0.007609827192069041]",0.6990510960890433,0.6256728132445868,"[-0.007609827192069041, 1.1825323313116645]","Three paired optimization seeds on the fixed dataset; exploratory, no multiple-comparison correction",,
etth1_multi,sparse_vs_dense,"[{""head"": ""history_conv_sparse"", ""source"": ""white"", ""weight"": 1}, {""head"": ""history_conv_dense"", ""source"": ""white"", ""weight"": -1}]",history_conv_sparse/white -history_conv_dense/white,velocity_residual_mse,"[31, 32, 33]","[0.001193437244705331, 0.023963497346296325, -0.006463323815956823]",0.006231203591681611,0.015826628789321465,"[-0.006463323815956823, 0.023963497346296325]","Three paired optimization seeds on the fixed dataset; exploratory, no multiple-comparison correction",,
etth1_multi,sparse_vs_dense,"[{""head"": ""history_conv_sparse"", ""source"": ""white"", ""weight"": 1}, {""head"": ""history_conv_dense"", ""source"": ""white"", ""weight"": -1}]",history_conv_sparse/white -history_conv_dense/white,velocity_residual_normalized_mse,"[31, 32, 33]","[-0.0014614619502414383, 0.001637287668990961, -0.0019507078247518184]",-0.0005916273686674319,0.0019457356103171218,"[-0.0019507078247518184, 0.001637287668990961]","Three paired optimization seeds on the fixed dataset; exploratory, no multiple-comparison correction",,
etth1_multi,sparse_vs_dense,"[{""head"": ""dictionary_topk"", ""source"": ""white"", ""weight"": 1}, {""head"": ""dictionary_dense"", ""source"": ""white"", ""weight"": -1}]",dictionary_topk/white -dictionary_dense/white,fair_crps,"[31, 32, 33]","[0.07025862044811049, 0.05657754931465914, 0.11522088392979157]",0.08068568456418707,0.0306806604110175,"[0.05657754931465914, 0.11522088392979157]","Three paired optimization seeds on the fixed dataset; exploratory, no multiple-comparison correction",0.05657754931465914,0.11522088392979157
etth1_multi,sparse_vs_dense,"[{""head"": ""dictionary_topk"", ""source"": ""white"", ""weight"": 1}, {""head"": ""dictionary_dense"", ""source"": ""white"", ""weight"": -1}]",dictionary_topk/white -dictionary_dense/white,joint_energy_scaled,"[31, 32, 33]","[0.0713262325207692, 0.06470321336710216, 0.12668463675777675]",0.0875713608818827,0.034034575918987245,"[0.06470321336710216, 0.12668463675777675]","Three paired optimization seeds on the fixed dataset; exploratory, no multiple-comparison correction",0.06470321336710216,0.12668463675777675
etth1_multi,sparse_vs_dense,"[{""head"": ""dictionary_topk"", ""source"": ""white"", ""weight"": 1}, {""head"": ""dictionary_dense"", ""source"": ""white"", ""weight"": -1}]",dictionary_topk/white -dictionary_dense/white,roughness_ratio,"[31, 32, 33]","[0.7105358329420679, 0.7239409936437342, 0.707874809237174]",0.7141172119409921,0.00861105551003188,"[0.707874809237174, 0.7239409936437342]","Three paired optimization seeds on the fixed dataset; exploratory, no multiple-comparison correction",,
etth1_multi,sparse_vs_dense,"[{""head"": ""dictionary_topk"", ""source"": ""white"", ""weight"": 1}, {""head"": ""dictionary_dense"", ""source"": ""white"", ""weight"": -1}]",dictionary_topk/white -dictionary_dense/white,velocity_pc1_mse,"[31, 32, 33]","[3.2883989672133316, 9.74780703403326, 15.445886688995515]",9.494030896747368,6.082715567262121,"[3.2883989672133316, 15.445886688995515]","Three paired optimization seeds on the fixed dataset; exploratory, no multiple-comparison correction",,
etth1_multi,sparse_vs_dense,"[{""head"": ""dictionary_topk"", ""source"": ""white"", ""weight"": 1}, {""head"": ""dictionary_dense"", ""source"": ""white"", ""weight"": -1}]",dictionary_topk/white -dictionary_dense/white,velocity_residual_mse,"[31, 32, 33]","[0.35136037914772267, 0.33695322527549987, 0.44438482715798244]",0.37756614386040166,0.058313324797093134,"[0.33695322527549987, 0.44438482715798244]","Three paired optimization seeds on the fixed dataset; exploratory, no multiple-comparison correction",,
etth1_multi,sparse_vs_dense,"[{""head"": ""dictionary_topk"", ""source"": ""white"", ""weight"": 1}, {""head"": ""dictionary_dense"", ""source"": ""white"", ""weight"": -1}]",dictionary_topk/white -dictionary_dense/white,velocity_residual_normalized_mse,"[31, 32, 33]","[0.3303362182378109, 0.12464975974559733, 0.21607245694308785]",0.22368614497549869,0.10305438363242211,"[0.12464975974559733, 0.3303362182378109]","Three paired optimization seeds on the fixed dataset; exploratory, no multiple-comparison correction",,
etth1_multi,sparse_vs_dense,"[{""head"": ""moe_topk"", ""source"": ""white"", ""weight"": 1}, {""head"": ""moe_dense"", ""source"": ""white"", ""weight"": -1}]",moe_topk/white -moe_dense/white,fair_crps,"[31, 32, 33]","[0.02285719589188362, 0.03935932512206186, 0.02067600417471066]",0.027630841729552047,0.010215546551362285,"[0.02067600417471066, 0.03935932512206186]","Three paired optimization seeds on the fixed dataset; exploratory, no multiple-comparison correction",0.02067600417471066,0.03935932512206186
etth1_multi,sparse_vs_dense,"[{""head"": ""moe_topk"", ""source"": ""white"", ""weight"": 1}, {""head"": ""moe_dense"", ""source"": ""white"", ""weight"": -1}]",moe_topk/white -moe_dense/white,joint_energy_scaled,"[31, 32, 33]","[0.034331238891934235, 0.043923667211912154, 0.023334116878725553]",0.033863007660857314,0.010302758179003474,"[0.023334116878725553, 0.043923667211912154]","Three paired optimization seeds on the fixed dataset; exploratory, no multiple-comparison correction",0.023334116878725553,0.043923667211912154
etth1_multi,sparse_vs_dense,"[{""head"": ""moe_topk"", ""source"": ""white"", ""weight"": 1}, {""head"": ""moe_dense"", ""source"": ""white"", ""weight"": -1}]",moe_topk/white -moe_dense/white,roughness_ratio,"[31, 32, 33]","[0.23498234543630359, 0.2086980597284751, 0.20916137042717953]",0.2176139251973194,0.01504327691692704,"[0.2086980597284751, 0.23498234543630359]","Three paired optimization seeds on the fixed dataset; exploratory, no multiple-comparison correction",,
etth1_multi,sparse_vs_dense,"[{""head"": ""moe_topk"", ""source"": ""white"", ""weight"": 1}, {""head"": ""moe_dense"", ""source"": ""white"", ""weight"": -1}]",moe_topk/white -moe_dense/white,velocity_pc1_mse,"[31, 32, 33]","[-0.04318585517616658, 4.142866234796789, 0.9620855069479823]",1.6872552955228681,2.1852142782089006,"[-0.04318585517616658, 4.142866234796789]","Three paired optimization seeds on the fixed dataset; exploratory, no multiple-comparison correction",,
etth1_multi,sparse_vs_dense,"[{""head"": ""moe_topk"", ""source"": ""white"", ""weight"": 1}, {""head"": ""moe_dense"", ""source"": ""white"", ""weight"": -1}]",moe_topk/white -moe_dense/white,velocity_residual_mse,"[31, 32, 33]","[0.22010215824286172, 0.09404173343681888, 0.0849932173757375]",0.1330457030184727,0.0755287276994916,"[0.0849932173757375, 0.22010215824286172]","Three paired optimization seeds on the fixed dataset; exploratory, no multiple-comparison correction",,
etth1_multi,sparse_vs_dense,"[{""head"": ""moe_topk"", ""source"": ""white"", ""weight"": 1}, {""head"": ""moe_dense"", ""source"": ""white"", ""weight"": -1}]",moe_topk/white -moe_dense/white,velocity_residual_normalized_mse,"[31, 32, 33]","[0.06577336004419576, 0.03297368689423885, 0.03268801547851563]",0.04381168747231675,0.019019902698364614,"[0.03268801547851563, 0.06577336004419576]","Three paired optimization seeds on the fixed dataset; exploratory, no multiple-comparison correction",,
etth1_multi,whitened_vs_balanced,"[{""head"": ""mlp_whitened"", ""source"": ""white"", ""weight"": 1}, {""head"": ""mlp_balanced"", ""source"": ""white"", ""weight"": -1}]",mlp_whitened/white -mlp_balanced/white,fair_crps,"[31, 32, 33]","[-0.01970844787011239, 0.0005165441350469813, 0.027455802041135735]",0.0027546327686901093,0.02366164402512427,"[-0.01970844787011239, 0.027455802041135735]","Three paired optimization seeds on the fixed dataset; exploratory, no multiple-comparison correction",-0.01970844787011239,0.027455802041135735
etth1_multi,whitened_vs_balanced,"[{""head"": ""mlp_whitened"", ""source"": ""white"", ""weight"": 1}, {""head"": ""mlp_balanced"", ""source"": ""white"", ""weight"": -1}]",mlp_whitened/white -mlp_balanced/white,joint_energy_scaled,"[31, 32, 33]","[-0.03149491420536166, -0.020526118485252987, 0.012337800360552431]",-0.013227744110020737,0.02280956856113261,"[-0.03149491420536166, 0.012337800360552431]","Three paired optimization seeds on the fixed dataset; exploratory, no multiple-comparison correction",-0.03149491420536166,0.012337800360552431
etth1_multi,whitened_vs_balanced,"[{""head"": ""mlp_whitened"", ""source"": ""white"", ""weight"": 1}, {""head"": ""mlp_balanced"", ""source"": ""white"", ""weight"": -1}]",mlp_whitened/white -mlp_balanced/white,roughness_ratio,"[31, 32, 33]","[0.17644360155645167, 0.2727067128381222, 0.2556393040416465]",0.23492987281207345,0.05136445322201077,"[0.17644360155645167, 0.2727067128381222]","Three paired optimization seeds on the fixed dataset; exploratory, no multiple-comparison correction",,
etth1_multi,whitened_vs_balanced,"[{""head"": ""mlp_whitened"", ""source"": ""white"", ""weight"": 1}, {""head"": ""mlp_balanced"", ""source"": ""white"", ""weight"": -1}]",mlp_whitened/white -mlp_balanced/white,velocity_pc1_mse,"[31, 32, 33]","[9.602339524430548, 4.531373724034017, 12.129112448300098]",8.754275232254889,3.8692141596583474,"[4.531373724034017, 12.129112448300098]","Three paired optimization seeds on the fixed dataset; exploratory, no multiple-comparison correction",,
etth1_multi,whitened_vs_balanced,"[{""head"": ""mlp_whitened"", ""source"": ""white"", ""weight"": 1}, {""head"": ""mlp_balanced"", ""source"": ""white"", ""weight"": -1}]",mlp_whitened/white -mlp_balanced/white,velocity_residual_mse,"[31, 32, 33]","[-0.1206129398473903, -0.056870691345825675, -0.04405329677862824]",-0.0738456426572814,0.041005566277321194,"[-0.1206129398473903, -0.04405329677862824]","Three paired optimization seeds on the fixed dataset; exploratory, no multiple-comparison correction",,
etth1_multi,whitened_vs_balanced,"[{""head"": ""mlp_whitened"", ""source"": ""white"", ""weight"": 1}, {""head"": ""mlp_balanced"", ""source"": ""white"", ""weight"": -1}]",mlp_whitened/white -mlp_balanced/white,velocity_residual_normalized_mse,"[31, 32, 33]","[-0.036559875159329014, -0.015418849303342252, -0.019101670142179228]",-0.023693464868283498,0.011293767204342598,"[-0.036559875159329014, -0.015418849303342252]","Three paired optimization seeds on the fixed dataset; exploratory, no multiple-comparison correction",,
etth1_multi,l0_vs_unet,"[{""head"": ""unet_l0"", ""source"": ""white"", ""weight"": 1}, {""head"": ""unet"", ""source"": ""white"", ""weight"": -1}]",unet_l0/white -unet/white,fair_crps,"[31, 32, 33]","[0.10971858382094629, 0.03311259013524159, 0.07765988241850325]",0.07349701879156371,0.03847228407991823,"[0.03311259013524159, 0.10971858382094629]","Three paired optimization seeds on the fixed dataset; exploratory, no multiple-comparison correction",0.03311259013524159,0.10971858382094629
etth1_multi,l0_vs_unet,"[{""head"": ""unet_l0"", ""source"": ""white"", ""weight"": 1}, {""head"": ""unet"", ""source"": ""white"", ""weight"": -1}]",unet_l0/white -unet/white,joint_energy_scaled,"[31, 32, 33]","[0.08331715424511776, 0.011415634505491656, 0.07963679680337499]",0.05812319518466147,0.04049176985726229,"[0.011415634505491656, 0.08331715424511776]","Three paired optimization seeds on the fixed dataset; exploratory, no multiple-comparison correction",0.011415634505491656,0.08331715424511776
etth1_multi,l0_vs_unet,"[{""head"": ""unet_l0"", ""source"": ""white"", ""weight"": 1}, {""head"": ""unet"", ""source"": ""white"", ""weight"": -1}]",unet_l0/white -unet/white,roughness_ratio,"[31, 32, 33]","[0.7792213035661808, 0.7423583165570145, 0.5198466805804822]",0.6804754335678925,0.1403243284948385,"[0.5198466805804822, 0.7792213035661808]","Three paired optimization seeds on the fixed dataset; exploratory, no multiple-comparison correction",,
etth1_multi,l0_vs_unet,"[{""head"": ""unet_l0"", ""source"": ""white"", ""weight"": 1}, {""head"": ""unet"", ""source"": ""white"", ""weight"": -1}]",unet_l0/white -unet/white,velocity_pc1_mse,"[31, 32, 33]","[3.76933280668098, 0.760732563189646, -0.35354887670484736]",1.392172164388593,2.132738924779895,"[-0.35354887670484736, 3.76933280668098]","Three paired optimization seeds on the fixed dataset; exploratory, no multiple-comparison correction",,
etth1_multi,l0_vs_unet,"[{""head"": ""unet_l0"", ""source"": ""white"", ""weight"": 1}, {""head"": ""unet"", ""source"": ""white"", ""weight"": -1}]",unet_l0/white -unet/white,velocity_residual_mse,"[31, 32, 33]","[0.089619343292475, 0.14546826400664647, 0.09328726113948338]",0.10945828947953495,0.03123943188368694,"[0.089619343292475, 0.14546826400664647]","Three paired optimization seeds on the fixed dataset; exploratory, no multiple-comparison correction",,
etth1_multi,l0_vs_unet,"[{""head"": ""unet_l0"", ""source"": ""white"", ""weight"": 1}, {""head"": ""unet"", ""source"": ""white"", ""weight"": -1}]",unet_l0/white -unet/white,velocity_residual_normalized_mse,"[31, 32, 33]","[0.12400539567887436, 0.1504665732412631, 0.08366355747371113]",0.11937850879794953,0.03364099865590506,"[0.08366355747371113, 0.1504665732412631]","Three paired optimization seeds on the fixed dataset; exploratory, no multiple-comparison correction",,
etth1_multi,new_vs_mlp,"[{""head"": ""mlp_whitened"", ""source"": ""gp"", ""weight"": 1}, {""head"": ""mlp"", ""source"": ""gp"", ""weight"": -1}]",mlp_whitened/gp -mlp/gp,fair_crps,"[31, 32, 33]","[0.15499483941192893, 0.17083663067041505, 0.13840458098746888]",0.15474535035660428,0.016217464205319436,"[0.13840458098746888, 0.17083663067041505]","Three paired optimization seeds on the fixed dataset; exploratory, no multiple-comparison correction",0.13840458098746888,0.17083663067041507
etth1_multi,new_vs_mlp,"[{""head"": ""mlp_whitened"", ""source"": ""gp"", ""weight"": 1}, {""head"": ""mlp"", ""source"": ""gp"", ""weight"": -1}]",mlp_whitened/gp -mlp/gp,joint_energy_scaled,"[31, 32, 33]","[0.15955309331605694, 0.18733274866734773, 0.1394455904228723]",0.16211047746875898,0.02404579259374135,"[0.1394455904228723, 0.18733274866734773]","Three paired optimization seeds on the fixed dataset; exploratory, no multiple-comparison correction",0.1394455904228723,0.18733274866734773
etth1_multi,new_vs_mlp,"[{""head"": ""mlp_whitened"", ""source"": ""gp"", ""weight"": 1}, {""head"": ""mlp"", ""source"": ""gp"", ""weight"": -1}]",mlp_whitened/gp -mlp/gp,roughness_ratio,"[31, 32, 33]","[0.14938683020774046, 0.1210160573369019, 0.10348673917362572]",0.12462987557275602,0.02316245563225862,"[0.10348673917362572, 0.14938683020774046]","Three paired optimization seeds on the fixed dataset; exploratory, no multiple-comparison correction",,
etth1_multi,new_vs_mlp,"[{""head"": ""mlp_whitened"", ""source"": ""gp"", ""weight"": 1}, {""head"": ""mlp"", ""source"": ""gp"", ""weight"": -1}]",mlp_whitened/gp -mlp/gp,velocity_pc1_mse,"[31, 32, 33]","[36.986859086164785, 43.53313464773029, 42.86459142759309]",41.12819505382939,3.6020459751511016,"[36.986859086164785, 43.53313464773029]","Three paired optimization seeds on the fixed dataset; exploratory, no multiple-comparison correction",,
etth1_multi,new_vs_mlp,"[{""head"": ""mlp_whitened"", ""source"": ""gp"", ""weight"": 1}, {""head"": ""mlp"", ""source"": ""gp"", ""weight"": -1}]",mlp_whitened/gp -mlp/gp,velocity_residual_mse,"[31, 32, 33]","[0.5831699964330608, 0.5976617716709514, 0.36717382863796033]",0.5160018655806575,0.12909237515263636,"[0.36717382863796033, 0.5976617716709514]","Three paired optimization seeds on the fixed dataset; exploratory, no multiple-comparison correction",,
etth1_multi,new_vs_mlp,"[{""head"": ""mlp_whitened"", ""source"": ""gp"", ""weight"": 1}, {""head"": ""mlp"", ""source"": ""gp"", ""weight"": -1}]",mlp_whitened/gp -mlp/gp,velocity_residual_normalized_mse,"[31, 32, 33]","[-0.20367400711616868, -0.18999590053613835, -0.21754904889159832]",-0.20373965218130177,0.013776691476200982,"[-0.21754904889159832, -0.18999590053613835]","Three paired optimization seeds on the fixed dataset; exploratory, no multiple-comparison correction",,
etth1_multi,new_vs_mlp,"[{""head"": ""mlp_balanced"", ""source"": ""gp"", ""weight"": 1}, {""head"": ""mlp"", ""source"": ""gp"", ""weight"": -1}]",mlp_balanced/gp -mlp/gp,fair_crps,"[31, 32, 33]","[0.18505404702314387, 0.21973908250971458, 0.1920818859697473]",0.19895833850086855,0.018336496972860997,"[0.18505404702314387, 0.21973908250971458]","Three paired optimization seeds on the fixed dataset; exploratory, no multiple-comparison correction",0.18505404702314387,0.2197390825097146
etth1_multi,new_vs_mlp,"[{""head"": ""mlp_balanced"", ""source"": ""gp"", ""weight"": 1}, {""head"": ""mlp"", ""source"": ""gp"", ""weight"": -1}]",mlp_balanced/gp -mlp/gp,joint_energy_scaled,"[31, 32, 33]","[0.20772234114542565, 0.2570129547611031, 0.21944374441796666]",0.22805968010816513,0.02575008560210487,"[0.20772234114542565, 0.2570129547611031]","Three paired optimization seeds on the fixed dataset; exploratory, no multiple-comparison correction",0.20772234114542565,0.2570129547611031
etth1_multi,new_vs_mlp,"[{""head"": ""mlp_balanced"", ""source"": ""gp"", ""weight"": 1}, {""head"": ""mlp"", ""source"": ""gp"", ""weight"": -1}]",mlp_balanced/gp -mlp/gp,roughness_ratio,"[31, 32, 33]","[0.14030484916617503, 0.13933673564809934, 0.0013434920035721998]",0.09366169227261552,0.07995137201219478,"[0.0013434920035721998, 0.14030484916617503]","Three paired optimization seeds on the fixed dataset; exploratory, no multiple-comparison correction",,
etth1_multi,new_vs_mlp,"[{""head"": ""mlp_balanced"", ""source"": ""gp"", ""weight"": 1}, {""head"": ""mlp"", ""source"": ""gp"", ""weight"": -1}]",mlp_balanced/gp -mlp/gp,velocity_pc1_mse,"[31, 32, 33]","[26.292630694221653, 27.397407386790636, 17.122476630161998]",23.60417157039143,5.6404263898004885,"[17.122476630161998, 27.397407386790636]","Three paired optimization seeds on the fixed dataset; exploratory, no multiple-comparison correction",,
etth1_multi,new_vs_mlp,"[{""head"": ""mlp_balanced"", ""source"": ""gp"", ""weight"": 1}, {""head"": ""mlp"", ""source"": ""gp"", ""weight"": -1}]",mlp_balanced/gp -mlp/gp,velocity_residual_mse,"[31, 32, 33]","[0.6688409952269927, 0.7402746043000719, 0.6898047142807694]",0.6996401046026114,0.036718405512611935,"[0.6688409952269927, 0.7402746043000719]","Three paired optimization seeds on the fixed dataset; exploratory, no multiple-comparison correction",,
etth1_multi,new_vs_mlp,"[{""head"": ""mlp_balanced"", ""source"": ""gp"", ""weight"": 1}, {""head"": ""mlp"", ""source"": ""gp"", ""weight"": -1}]",mlp_balanced/gp -mlp/gp,velocity_residual_normalized_mse,"[31, 32, 33]","[-0.15581461223555737, -0.13117861865759828, -0.1439519247379586]",-0.1436483852103714,0.012320801397511296,"[-0.15581461223555737, -0.13117861865759828]","Three paired optimization seeds on the fixed dataset; exploratory, no multiple-comparison correction",,
etth1_multi,new_vs_mlp,"[{""head"": ""history_dense_ae"", ""source"": ""gp"", ""weight"": 1}, {""head"": ""mlp"", ""source"": ""gp"", ""weight"": -1}]",history_dense_ae/gp -mlp/gp,fair_crps,"[31, 32, 33]","[0.03538469826650059, 0.002122183744404871, 0.00975545431831476]",0.015754112109740075,0.01742373781819297,"[0.002122183744404871, 0.03538469826650059]","Three paired optimization seeds on the fixed dataset; exploratory, no multiple-comparison correction",0.002122183744404871,0.03538469826650059
etth1_multi,new_vs_mlp,"[{""head"": ""history_dense_ae"", ""source"": ""gp"", ""weight"": 1}, {""head"": ""mlp"", ""source"": ""gp"", ""weight"": -1}]",history_dense_ae/gp -mlp/gp,joint_energy_scaled,"[31, 32, 33]","[0.03137439862123115, 0.007877893313967488, 0.021914632772073506]",0.020388974902424046,0.011822316370533518,"[0.007877893313967488, 0.03137439862123115]","Three paired optimization seeds on the fixed dataset; exploratory, no multiple-comparison correction",0.007877893313967488,0.03137439862123115
etth1_multi,new_vs_mlp,"[{""head"": ""history_dense_ae"", ""source"": ""gp"", ""weight"": 1}, {""head"": ""mlp"", ""source"": ""gp"", ""weight"": -1}]",history_dense_ae/gp -mlp/gp,roughness_ratio,"[31, 32, 33]","[-0.08101107466060181, 0.005636098600472428, -0.06815521680433057]",-0.04784339762148665,0.04675853566378083,"[-0.08101107466060181, 0.005636098600472428]","Three paired optimization seeds on the fixed dataset; exploratory, no multiple-comparison correction",,
etth1_multi,new_vs_mlp,"[{""head"": ""history_dense_ae"", ""source"": ""gp"", ""weight"": 1}, {""head"": ""mlp"", ""source"": ""gp"", ""weight"": -1}]",history_dense_ae/gp -mlp/gp,velocity_pc1_mse,"[31, 32, 33]","[3.6342319144224575, 1.803182073540757, -12.215818716830128]",-2.259468242955638,8.670921055396239,"[-12.215818716830128, 3.6342319144224575]","Three paired optimization seeds on the fixed dataset; exploratory, no multiple-comparison correction",,
etth1_multi,new_vs_mlp,"[{""head"": ""history_dense_ae"", ""source"": ""gp"", ""weight"": 1}, {""head"": ""mlp"", ""source"": ""gp"", ""weight"": -1}]",history_dense_ae/gp -mlp/gp,velocity_residual_mse,"[31, 32, 33]","[0.08478895801695685, -0.009391541090285949, 0.14850841299096917]",0.07463527663921336,0.0794381634282677,"[-0.009391541090285949, 0.14850841299096917]","Three paired optimization seeds on the fixed dataset; exploratory, no multiple-comparison correction",,
etth1_multi,new_vs_mlp,"[{""head"": ""history_dense_ae"", ""source"": ""gp"", ""weight"": 1}, {""head"": ""mlp"", ""source"": ""gp"", ""weight"": -1}]",history_dense_ae/gp -mlp/gp,velocity_residual_normalized_mse,"[31, 32, 33]","[0.013097456412846986, 0.0032606772888341684, 0.03602696223491475]",0.01746169864553197,0.016813456366586262,"[0.0032606772888341684, 0.03602696223491475]","Three paired optimization seeds on the fixed dataset; exploratory, no multiple-comparison correction",,
etth1_multi,new_vs_mlp,"[{""head"": ""history_topk_ae"", ""source"": ""gp"", ""weight"": 1}, {""head"": ""mlp"", ""source"": ""gp"", ""weight"": -1}]",history_topk_ae/gp -mlp/gp,fair_crps,"[31, 32, 33]","[0.059883981614819004, 0.09406562759879983, 0.030062125932607264]",0.06133724504874203,0.03202648961937386,"[0.030062125932607264, 0.09406562759879983]","Three paired optimization seeds on the fixed dataset; exploratory, no multiple-comparison correction",0.030062125932607264,0.09406562759879983
etth1_multi,new_vs_mlp,"[{""head"": ""history_topk_ae"", ""source"": ""gp"", ""weight"": 1}, {""head"": ""mlp"", ""source"": ""gp"", ""weight"": -1}]",history_topk_ae/gp -mlp/gp,joint_energy_scaled,"[31, 32, 33]","[0.07908731985953066, 0.13091709661862683, 0.04986441710239087]",0.08662294452684945,0.041048428027580325,"[0.04986441710239087, 0.13091709661862683]","Three paired optimization seeds on the fixed dataset; exploratory, no multiple-comparison correction",0.04986441710239087,0.13091709661862683
etth1_multi,new_vs_mlp,"[{""head"": ""history_topk_ae"", ""source"": ""gp"", ""weight"": 1}, {""head"": ""mlp"", ""source"": ""gp"", ""weight"": -1}]",history_topk_ae/gp -mlp/gp,roughness_ratio,"[31, 32, 33]","[-0.09488387242858248, -0.06893191532313037, -0.08335474387776598]",-0.08239017720982628,0.013002838576383308,"[-0.09488387242858248, -0.06893191532313037]","Three paired optimization seeds on the fixed dataset; exploratory, no multiple-comparison correction",,
etth1_multi,new_vs_mlp,"[{""head"": ""history_topk_ae"", ""source"": ""gp"", ""weight"": 1}, {""head"": ""mlp"", ""source"": ""gp"", ""weight"": -1}]",history_topk_ae/gp -mlp/gp,velocity_pc1_mse,"[31, 32, 33]","[9.994186097916877, 3.8774165095052773, -2.00672305287803]",3.954959851514708,6.000830345779302,"[-2.00672305287803, 9.994186097916877]","Three paired optimization seeds on the fixed dataset; exploratory, no multiple-comparison correction",,
etth1_multi,new_vs_mlp,"[{""head"": ""history_topk_ae"", ""source"": ""gp"", ""weight"": 1}, {""head"": ""mlp"", ""source"": ""gp"", ""weight"": -1}]",history_topk_ae/gp -mlp/gp,velocity_residual_mse,"[31, 32, 33]","[0.08387253377499426, 0.24269807852589476, 0.11812635742213651]",0.14823232324100852,0.08358328361443089,"[0.08387253377499426, 0.24269807852589476]","Three paired optimization seeds on the fixed dataset; exploratory, no multiple-comparison correction",,
etth1_multi,new_vs_mlp,"[{""head"": ""history_topk_ae"", ""source"": ""gp"", ""weight"": 1}, {""head"": ""mlp"", ""source"": ""gp"", ""weight"": -1}]",history_topk_ae/gp -mlp/gp,velocity_residual_normalized_mse,"[31, 32, 33]","[0.008658986982445827, 0.03584692547032775, 0.030738942036260486]",0.025081618163011354,0.014449912970683897,"[0.008658986982445827, 0.03584692547032775]","Three paired optimization seeds on the fixed dataset; exploratory, no multiple-comparison correction",,
etth1_multi,new_vs_mlp,"[{""head"": ""history_conv_dense"", ""source"": ""gp"", ""weight"": 1}, {""head"": ""mlp"", ""source"": ""gp"", ""weight"": -1}]",history_conv_dense/gp -mlp/gp,fair_crps,"[31, 32, 33]","[-0.01727970658905298, 0.027636855068644606, 0.023173278527132468]",0.011176809002241364,0.024744915408698973,"[-0.01727970658905298, 0.027636855068644606]","Three paired optimization seeds on the fixed dataset; exploratory, no multiple-comparison correction",-0.01727970658905298,0.027636855068644606
etth1_multi,new_vs_mlp,"[{""head"": ""history_conv_dense"", ""source"": ""gp"", ""weight"": 1}, {""head"": ""mlp"", ""source"": ""gp"", ""weight"": -1}]",history_conv_dense/gp -mlp/gp,joint_energy_scaled,"[31, 32, 33]","[0.0003397575134338471, 0.036673742722774794, 0.022387316911030575]",0.01980027238241307,0.018304622909061496,"[0.0003397575134338471, 0.036673742722774794]","Three paired optimization seeds on the fixed dataset; exploratory, no multiple-comparison correction",0.0003397575134338471,0.036673742722774794
etth1_multi,new_vs_mlp,"[{""head"": ""history_conv_dense"", ""source"": ""gp"", ""weight"": 1}, {""head"": ""mlp"", ""source"": ""gp"", ""weight"": -1}]",history_conv_dense/gp -mlp/gp,roughness_ratio,"[31, 32, 33]","[0.016315837442427816, -0.030655310951253623, -0.07132121644097134]",-0.028553563316599046,0.04385631437638466,"[-0.07132121644097134, 0.016315837442427816]","Three paired optimization seeds on the fixed dataset; exploratory, no multiple-comparison correction",,
etth1_multi,new_vs_mlp,"[{""head"": ""history_conv_dense"", ""source"": ""gp"", ""weight"": 1}, {""head"": ""mlp"", ""source"": ""gp"", ""weight"": -1}]",history_conv_dense/gp -mlp/gp,velocity_pc1_mse,"[31, 32, 33]","[-2.3727187214318626, -3.636315198796325, -11.774551277219231]",-5.927861732482473,5.102646665094749,"[-11.774551277219231, -2.3727187214318626]","Three paired optimization seeds on the fixed dataset; exploratory, no multiple-comparison correction",,
etth1_multi,new_vs_mlp,"[{""head"": ""history_conv_dense"", ""source"": ""gp"", ""weight"": 1}, {""head"": ""mlp"", ""source"": ""gp"", ""weight"": -1}]",history_conv_dense/gp -mlp/gp,velocity_residual_mse,"[31, 32, 33]","[-0.11188943832700982, -0.009445317368545036, -0.039524795621606046]",-0.05361985043905363,0.0526564564651694,"[-0.11188943832700982, -0.009445317368545036]","Three paired optimization seeds on the fixed dataset; exploratory, no multiple-comparison correction",,
etth1_multi,new_vs_mlp,"[{""head"": ""history_conv_dense"", ""source"": ""gp"", ""weight"": 1}, {""head"": ""mlp"", ""source"": ""gp"", ""weight"": -1}]",history_conv_dense/gp -mlp/gp,velocity_residual_normalized_mse,"[31, 32, 33]","[-0.0264515192372079, -0.004514355640528933, -0.0040271181412876444]",-0.011664331006341492,0.012808397711129687,"[-0.0264515192372079, -0.0040271181412876444]","Three paired optimization seeds on the fixed dataset; exploratory, no multiple-comparison correction",,
etth1_multi,new_vs_mlp,"[{""head"": ""history_conv_sparse"", ""source"": ""gp"", ""weight"": 1}, {""head"": ""mlp"", ""source"": ""gp"", ""weight"": -1}]",history_conv_sparse/gp -mlp/gp,fair_crps,"[31, 32, 33]","[-0.01726372233359119, 0.0359649101029445, 0.015103788841283161]",0.011268325536878824,0.02682079252810269,"[-0.01726372233359119, 0.0359649101029445]","Three paired optimization seeds on the fixed dataset; exploratory, no multiple-comparison correction",-0.01726372233359119,0.0359649101029445
etth1_multi,new_vs_mlp,"[{""head"": ""history_conv_sparse"", ""source"": ""gp"", ""weight"": 1}, {""head"": ""mlp"", ""source"": ""gp"", ""weight"": -1}]",history_conv_sparse/gp -mlp/gp,joint_energy_scaled,"[31, 32, 33]","[0.007671880478839377, 0.04552896571053755, 0.01581501534447438]",0.023005287177950435,0.019926483190454716,"[0.007671880478839377, 0.04552896571053755]","Three paired optimization seeds on the fixed dataset; exploratory, no multiple-comparison correction",0.007671880478839377,0.04552896571053755
etth1_multi,new_vs_mlp,"[{""head"": ""history_conv_sparse"", ""source"": ""gp"", ""weight"": 1}, {""head"": ""mlp"", ""source"": ""gp"", ""weight"": -1}]",history_conv_sparse/gp -mlp/gp,roughness_ratio,"[31, 32, 33]","[0.006124176471963061, -0.04614307600380829, -0.05167749692040846]",-0.030565465484084564,0.03189443249013459,"[-0.05167749692040846, 0.006124176471963061]","Three paired optimization seeds on the fixed dataset; exploratory, no multiple-comparison correction",,
etth1_multi,new_vs_mlp,"[{""head"": ""history_conv_sparse"", ""source"": ""gp"", ""weight"": 1}, {""head"": ""mlp"", ""source"": ""gp"", ""weight"": -1}]",history_conv_sparse/gp -mlp/gp,velocity_pc1_mse,"[31, 32, 33]","[-1.4032514244905911, -3.618815731777275, -12.462760746429073]",-5.828275967565646,5.851450462121212,"[-12.462760746429073, -1.4032514244905911]","Three paired optimization seeds on the fixed dataset; exploratory, no multiple-comparison correction",,
etth1_multi,new_vs_mlp,"[{""head"": ""history_conv_sparse"", ""source"": ""gp"", ""weight"": 1}, {""head"": ""mlp"", ""source"": ""gp"", ""weight"": -1}]",history_conv_sparse/gp -mlp/gp,velocity_residual_mse,"[31, 32, 33]","[-0.09520252854081801, -0.01712009967593342, -0.037684763950415534]",-0.05000246405572232,0.04047234520352319,"[-0.09520252854081801, -0.01712009967593342]","Three paired optimization seeds on the fixed dataset; exploratory, no multiple-comparison correction",,
etth1_multi,new_vs_mlp,"[{""head"": ""history_conv_sparse"", ""source"": ""gp"", ""weight"": 1}, {""head"": ""mlp"", ""source"": ""gp"", ""weight"": -1}]",history_conv_sparse/gp -mlp/gp,velocity_residual_normalized_mse,"[31, 32, 33]","[-0.024998843533748483, -0.0042267578406576245, -0.006603318626836829]",-0.011942973333747645,0.011368985016352761,"[-0.024998843533748483, -0.0042267578406576245]","Three paired optimization seeds on the fixed dataset; exploratory, no multiple-comparison correction",,
etth1_multi,new_vs_mlp,"[{""head"": ""dictionary_dense"", ""source"": ""gp"", ""weight"": 1}, {""head"": ""mlp"", ""source"": ""gp"", ""weight"": -1}]",dictionary_dense/gp -mlp/gp,fair_crps,"[31, 32, 33]","[0.0037092575893800106, 0.059487409412780246, 0.04649261806281857]",0.03656309502165961,0.029184707058273716,"[0.0037092575893800106, 0.059487409412780246]","Three paired optimization seeds on the fixed dataset; exploratory, no multiple-comparison correction",0.0037092575893800106,0.059487409412780246
etth1_multi,new_vs_mlp,"[{""head"": ""dictionary_dense"", ""source"": ""gp"", ""weight"": 1}, {""head"": ""mlp"", ""source"": ""gp"", ""weight"": -1}]",dictionary_dense/gp -mlp/gp,joint_energy_scaled,"[31, 32, 33]","[0.029355652341579885, 0.08060773191614623, 0.04184322521439876]",0.05060220315737496,0.026725150815918284,"[0.029355652341579885, 0.08060773191614623]","Three paired optimization seeds on the fixed dataset; exploratory, no multiple-comparison correction",0.029355652341579885,0.08060773191614623
etth1_multi,new_vs_mlp,"[{""head"": ""dictionary_dense"", ""source"": ""gp"", ""weight"": 1}, {""head"": ""mlp"", ""source"": ""gp"", ""weight"": -1}]",dictionary_dense/gp -mlp/gp,roughness_ratio,"[31, 32, 33]","[0.2231126860010091, 0.20784944920804205, 0.09891681966435362]",0.17662631829113493,0.06772972930677369,"[0.09891681966435362, 0.2231126860010091]","Three paired optimization seeds on the fixed dataset; exploratory, no multiple-comparison correction",,
etth1_multi,new_vs_mlp,"[{""head"": ""dictionary_dense"", ""source"": ""gp"", ""weight"": 1}, {""head"": ""mlp"", ""source"": ""gp"", ""weight"": -1}]",dictionary_dense/gp -mlp/gp,velocity_pc1_mse,"[31, 32, 33]","[5.16766994578164, 22.318786540032736, -3.284683078640178]",8.0672578023914,13.045693597207693,"[-3.284683078640178, 22.318786540032736]","Three paired optimization seeds on the fixed dataset; exploratory, no multiple-comparison correction",,
etth1_multi,new_vs_mlp,"[{""head"": ""dictionary_dense"", ""source"": ""gp"", ""weight"": 1}, {""head"": ""mlp"", ""source"": ""gp"", ""weight"": -1}]",dictionary_dense/gp -mlp/gp,velocity_residual_mse,"[31, 32, 33]","[-0.01269297389675439, 0.11145611287740087, 0.22759314874552417]",0.10878542924205688,0.12016532193992202,"[-0.01269297389675439, 0.22759314874552417]","Three paired optimization seeds on the fixed dataset; exploratory, no multiple-comparison correction",,
etth1_multi,new_vs_mlp,"[{""head"": ""dictionary_dense"", ""source"": ""gp"", ""weight"": 1}, {""head"": ""mlp"", ""source"": ""gp"", ""weight"": -1}]",dictionary_dense/gp -mlp/gp,velocity_residual_normalized_mse,"[31, 32, 33]","[3.3741351992986077, 3.054164309886022, 2.6466798028457523]",3.0249931040101274,0.36460397405443296,"[2.6466798028457523, 3.3741351992986077]","Three paired optimization seeds on the fixed dataset; exploratory, no multiple-comparison correction",,
etth1_multi,new_vs_mlp,"[{""head"": ""dictionary_topk"", ""source"": ""gp"", ""weight"": 1}, {""head"": ""mlp"", ""source"": ""gp"", ""weight"": -1}]",dictionary_topk/gp -mlp/gp,fair_crps,"[31, 32, 33]","[0.09564256531874427, 0.10417400164180718, 0.1118075751160475]",0.10387471402553299,0.008086659708722056,"[0.09564256531874427, 0.1118075751160475]","Three paired optimization seeds on the fixed dataset; exploratory, no multiple-comparison correction",0.09564256531874427,0.1118075751160475
etth1_multi,new_vs_mlp,"[{""head"": ""dictionary_topk"", ""source"": ""gp"", ""weight"": 1}, {""head"": ""mlp"", ""source"": ""gp"", ""weight"": -1}]",dictionary_topk/gp -mlp/gp,joint_energy_scaled,"[31, 32, 33]","[0.09049965522535741, 0.12941655816070652, 0.1140253208116514]",0.11131384473257178,0.019599627813185937,"[0.09049965522535741, 0.12941655816070652]","Three paired optimization seeds on the fixed dataset; exploratory, no multiple-comparison correction",0.09049965522535741,0.12941655816070652
etth1_multi,new_vs_mlp,"[{""head"": ""dictionary_topk"", ""source"": ""gp"", ""weight"": 1}, {""head"": ""mlp"", ""source"": ""gp"", ""weight"": -1}]",dictionary_topk/gp -mlp/gp,roughness_ratio,"[31, 32, 33]","[0.84906245516828, 0.40127925164644884, 0.4991278180756895]",0.5831565082968061,0.23542103755670543,"[0.40127925164644884, 0.84906245516828]","Three paired optimization seeds on the fixed dataset; exploratory, no multiple-comparison correction",,
etth1_multi,new_vs_mlp,"[{""head"": ""dictionary_topk"", ""source"": ""gp"", ""weight"": 1}, {""head"": ""mlp"", ""source"": ""gp"", ""weight"": -1}]",dictionary_topk/gp -mlp/gp,velocity_pc1_mse,"[31, 32, 33]","[6.94761635312765, 18.320419996026335, 0.7940520251907373]",8.68736279144824,8.891762019674157,"[0.7940520251907373, 18.320419996026335]","Three paired optimization seeds on the fixed dataset; exploratory, no multiple-comparison correction",,
etth1_multi,new_vs_mlp,"[{""head"": ""dictionary_topk"", ""source"": ""gp"", ""weight"": 1}, {""head"": ""mlp"", ""source"": ""gp"", ""weight"": -1}]",dictionary_topk/gp -mlp/gp,velocity_residual_mse,"[31, 32, 33]","[0.41514576353926835, 0.37891638582815523, 0.356015234230166]",0.38335912786586324,0.029814565931837175,"[0.356015234230166, 0.41514576353926835]","Three paired optimization seeds on the fixed dataset; exploratory, no multiple-comparison correction",,
etth1_multi,new_vs_mlp,"[{""head"": ""dictionary_topk"", ""source"": ""gp"", ""weight"": 1}, {""head"": ""mlp"", ""source"": ""gp"", ""weight"": -1}]",dictionary_topk/gp -mlp/gp,velocity_residual_normalized_mse,"[31, 32, 33]","[19.836966024627955, 7.218421692731892, 11.65276521022326]",12.902717642527703,6.401460854857617,"[7.218421692731892, 19.836966024627955]","Three paired optimization seeds on the fixed dataset; exploratory, no multiple-comparison correction",,
etth1_multi,new_vs_mlp,"[{""head"": ""unet_l0"", ""source"": ""gp"", ""weight"": 1}, {""head"": ""mlp"", ""source"": ""gp"", ""weight"": -1}]",unet_l0/gp -mlp/gp,fair_crps,"[31, 32, 33]","[0.1253055492411982, 0.1877354042497819, 0.09928565447698601]",0.1374422026559887,0.04545671925909977,"[0.09928565447698601, 0.1877354042497819]","Three paired optimization seeds on the fixed dataset; exploratory, no multiple-comparison correction",0.09928565447698601,0.18773540424978194
etth1_multi,new_vs_mlp,"[{""head"": ""unet_l0"", ""source"": ""gp"", ""weight"": 1}, {""head"": ""mlp"", ""source"": ""gp"", ""weight"": -1}]",unet_l0/gp -mlp/gp,joint_energy_scaled,"[31, 32, 33]","[0.1475439778398856, 0.22386751822283357, 0.12300283862846051]",0.16480477823039322,0.052601067669863846,"[0.12300283862846051, 0.22386751822283357]","Three paired optimization seeds on the fixed dataset; exploratory, no multiple-comparison correction",0.12300283862846051,0.22386751822283357
etth1_multi,new_vs_mlp,"[{""head"": ""unet_l0"", ""source"": ""gp"", ""weight"": 1}, {""head"": ""mlp"", ""source"": ""gp"", ""weight"": -1}]",unet_l0/gp -mlp/gp,roughness_ratio,"[31, 32, 33]","[-0.05996954746931005, -0.07277729537795219, -0.1523670032386637]",-0.09503794869530864,0.05005971406978935,"[-0.1523670032386637, -0.05996954746931005]","Three paired optimization seeds on the fixed dataset; exploratory, no multiple-comparison correction",,
etth1_multi,new_vs_mlp,"[{""head"": ""unet_l0"", ""source"": ""gp"", ""weight"": 1}, {""head"": ""mlp"", ""source"": ""gp"", ""weight"": -1}]",unet_l0/gp -mlp/gp,velocity_pc1_mse,"[31, 32, 33]","[-0.25652486828855814, -1.1231445855404019, -14.096208085044456]",-5.158625846291138,7.752292540883729,"[-14.096208085044456, -0.25652486828855814]","Three paired optimization seeds on the fixed dataset; exploratory, no multiple-comparison correction",,
etth1_multi,new_vs_mlp,"[{""head"": ""unet_l0"", ""source"": ""gp"", ""weight"": 1}, {""head"": ""mlp"", ""source"": ""gp"", ""weight"": -1}]",unet_l0/gp -mlp/gp,velocity_residual_mse,"[31, 32, 33]","[0.07710495205094992, 0.15993510549916023, 0.07800173461360305]",0.10501393072123773,0.047565246072962794,"[0.07710495205094992, 0.15993510549916023]","Three paired optimization seeds on the fixed dataset; exploratory, no multiple-comparison correction",,
etth1_multi,new_vs_mlp,"[{""head"": ""unet_l0"", ""source"": ""gp"", ""weight"": 1}, {""head"": ""mlp"", ""source"": ""gp"", ""weight"": -1}]",unet_l0/gp -mlp/gp,velocity_residual_normalized_mse,"[31, 32, 33]","[0.4656314683370264, 0.3356562840804336, 0.34477958303118106]",0.38202244514954703,0.07255108692989738,"[0.3356562840804336, 0.4656314683370264]","Three paired optimization seeds on the fixed dataset; exploratory, no multiple-comparison correction",,
etth1_multi,new_vs_mlp,"[{""head"": ""moe_dense"", ""source"": ""gp"", ""weight"": 1}, {""head"": ""mlp"", ""source"": ""gp"", ""weight"": -1}]",moe_dense/gp -mlp/gp,fair_crps,"[31, 32, 33]","[-0.051645438889581397, 0.02636007102532878, -0.029947381813325846]",-0.01841091655919282,0.04026204685794242,"[-0.051645438889581397, 0.02636007102532878]","Three paired optimization seeds on the fixed dataset; exploratory, no multiple-comparison correction",-0.051645438889581397,0.02636007102532878
etth1_multi,new_vs_mlp,"[{""head"": ""moe_dense"", ""source"": ""gp"", ""weight"": 1}, {""head"": ""mlp"", ""source"": ""gp"", ""weight"": -1}]",moe_dense/gp -mlp/gp,joint_energy_scaled,"[31, 32, 33]","[-0.05285312579166124, 0.03646595109435835, -0.03340643931090104]",-0.016597871336067976,0.04697201658398442,"[-0.05285312579166124, 0.03646595109435835]","Three paired optimization seeds on the fixed dataset; exploratory, no multiple-comparison correction",-0.05285312579166124,0.03646595109435835
etth1_multi,new_vs_mlp,"[{""head"": ""moe_dense"", ""source"": ""gp"", ""weight"": 1}, {""head"": ""mlp"", ""source"": ""gp"", ""weight"": -1}]",moe_dense/gp -mlp/gp,roughness_ratio,"[31, 32, 33]","[0.026698400029689706, -0.04700035746627895, 0.06146455232621373]",0.01372086496320816,0.055384758520505555,"[-0.04700035746627895, 0.06146455232621373]","Three paired optimization seeds on the fixed dataset; exploratory, no multiple-comparison correction",,
etth1_multi,new_vs_mlp,"[{""head"": ""moe_dense"", ""source"": ""gp"", ""weight"": 1}, {""head"": ""mlp"", ""source"": ""gp"", ""weight"": -1}]",moe_dense/gp -mlp/gp,velocity_pc1_mse,"[31, 32, 33]","[-3.813636289585645, -3.1259544869511586, -5.248339650410511]",-4.0626434756491046,1.0828818631556847,"[-5.248339650410511, -3.1259544869511586]","Three paired optimization seeds on the fixed dataset; exploratory, no multiple-comparison correction",,
etth1_multi,new_vs_mlp,"[{""head"": ""moe_dense"", ""source"": ""gp"", ""weight"": 1}, {""head"": ""mlp"", ""source"": ""gp"", ""weight"": -1}]",moe_dense/gp -mlp/gp,velocity_residual_mse,"[31, 32, 33]","[-0.1555373464229075, 0.08630546375947379, -0.10100526577150881]",-0.05674571614498084,0.12685096376884625,"[-0.1555373464229075, 0.08630546375947379]","Three paired optimization seeds on the fixed dataset; exploratory, no multiple-comparison correction",,
etth1_multi,new_vs_mlp,"[{""head"": ""moe_dense"", ""source"": ""gp"", ""weight"": 1}, {""head"": ""mlp"", ""source"": ""gp"", ""weight"": -1}]",moe_dense/gp -mlp/gp,velocity_residual_normalized_mse,"[31, 32, 33]","[-0.012940302883479138, 0.043372562018911154, 0.021748682062634694]",0.017393647066022238,0.028407911499175795,"[-0.012940302883479138, 0.043372562018911154]","Three paired optimization seeds on the fixed dataset; exploratory, no multiple-comparison correction",,
etth1_multi,new_vs_mlp,"[{""head"": ""moe_topk"", ""source"": ""gp"", ""weight"": 1}, {""head"": ""mlp"", ""source"": ""gp"", ""weight"": -1}]",moe_topk/gp -mlp/gp,fair_crps,"[31, 32, 33]","[-0.04469836737956728, -0.013750178028487048, -0.04641189705616061]",-0.03495348082140498,0.018382575526412575,"[-0.04641189705616061, -0.013750178028487048]","Three paired optimization seeds on the fixed dataset; exploratory, no multiple-comparison correction",-0.04641189705616061,-0.013750178028487048
etth1_multi,new_vs_mlp,"[{""head"": ""moe_topk"", ""source"": ""gp"", ""weight"": 1}, {""head"": ""mlp"", ""source"": ""gp"", ""weight"": -1}]",moe_topk/gp -mlp/gp,joint_energy_scaled,"[31, 32, 33]","[-0.05301592674938416, -0.01447198792299531, -0.04862010616034795]",-0.03870267361090914,0.021099180229160627,"[-0.05301592674938416, -0.01447198792299531]","Three paired optimization seeds on the fixed dataset; exploratory, no multiple-comparison correction",-0.05301592674938416,-0.01447198792299531
etth1_multi,new_vs_mlp,"[{""head"": ""moe_topk"", ""source"": ""gp"", ""weight"": 1}, {""head"": ""mlp"", ""source"": ""gp"", ""weight"": -1}]",moe_topk/gp -mlp/gp,roughness_ratio,"[31, 32, 33]","[0.07542412944077859, 0.05561921829287286, -0.056685379954169224]",0.024785989259827407,0.07124778331707331,"[-0.056685379954169224, 0.07542412944077859]","Three paired optimization seeds on the fixed dataset; exploratory, no multiple-comparison correction",,
etth1_multi,new_vs_mlp,"[{""head"": ""moe_topk"", ""source"": ""gp"", ""weight"": 1}, {""head"": ""mlp"", ""source"": ""gp"", ""weight"": -1}]",moe_topk/gp -mlp/gp,velocity_pc1_mse,"[31, 32, 33]","[-2.888133308008996, 4.5937287213296045, -11.179230417498694]",-3.1578783347260284,7.8899386425602644,"[-11.179230417498694, 4.5937287213296045]","Three paired optimization seeds on the fixed dataset; exploratory, no multiple-comparison correction",,
etth1_multi,new_vs_mlp,"[{""head"": ""moe_topk"", ""source"": ""gp"", ""weight"": 1}, {""head"": ""mlp"", ""source"": ""gp"", ""weight"": -1}]",moe_topk/gp -mlp/gp,velocity_residual_mse,"[31, 32, 33]","[-0.16486080712887596, -0.12985779981674306, -0.15833635381102185]",-0.15101832025221362,0.018613646649681247,"[-0.16486080712887596, -0.12985779981674306]","Three paired optimization seeds on the fixed dataset; exploratory, no multiple-comparison correction",,
etth1_multi,new_vs_mlp,"[{""head"": ""moe_topk"", ""source"": ""gp"", ""weight"": 1}, {""head"": ""mlp"", ""source"": ""gp"", ""weight"": -1}]",moe_topk/gp -mlp/gp,velocity_residual_normalized_mse,"[31, 32, 33]","[-0.016566876640158545, 0.019082779702212838, 0.017785871560759725]",0.006767258207604672,0.020218355014739457,"[-0.016566876640158545, 0.019082779702212838]","Three paired optimization seeds on the fixed dataset; exploratory, no multiple-comparison correction",,
etth1_multi,sparse_vs_dense,"[{""head"": ""history_topk_ae"", ""source"": ""gp"", ""weight"": 1}, {""head"": ""history_dense_ae"", ""source"": ""gp"", ""weight"": -1}]",history_topk_ae/gp -history_dense_ae/gp,fair_crps,"[31, 32, 33]","[0.024499283348318412, 0.09194344385439496, 0.020306671614292504]",0.04558313293900196,0.04020389681880356,"[0.020306671614292504, 0.09194344385439496]","Three paired optimization seeds on the fixed dataset; exploratory, no multiple-comparison correction",0.020306671614292504,0.09194344385439496
etth1_multi,sparse_vs_dense,"[{""head"": ""history_topk_ae"", ""source"": ""gp"", ""weight"": 1}, {""head"": ""history_dense_ae"", ""source"": ""gp"", ""weight"": -1}]",history_topk_ae/gp -history_dense_ae/gp,joint_energy_scaled,"[31, 32, 33]","[0.04771292123829951, 0.12303920330465934, 0.027949784330317362]",0.0662339696244254,0.05017739854964982,"[0.027949784330317362, 0.12303920330465934]","Three paired optimization seeds on the fixed dataset; exploratory, no multiple-comparison correction",0.027949784330317362,0.12303920330465934
etth1_multi,sparse_vs_dense,"[{""head"": ""history_topk_ae"", ""source"": ""gp"", ""weight"": 1}, {""head"": ""history_dense_ae"", ""source"": ""gp"", ""weight"": -1}]",history_topk_ae/gp -history_dense_ae/gp,roughness_ratio,"[31, 32, 33]","[-0.013872797767980671, -0.0745680139236028, -0.015199527073435415]",-0.03454677958833963,0.034665753286940465,"[-0.0745680139236028, -0.013872797767980671]","Three paired optimization seeds on the fixed dataset; exploratory, no multiple-comparison correction",,
etth1_multi,sparse_vs_dense,"[{""head"": ""history_topk_ae"", ""source"": ""gp"", ""weight"": 1}, {""head"": ""history_dense_ae"", ""source"": ""gp"", ""weight"": -1}]",history_topk_ae/gp -history_dense_ae/gp,velocity_pc1_mse,"[31, 32, 33]","[6.35995418349442, 2.07423443596452, 10.209095663952098]",6.214428094470346,4.069382653621293,"[2.07423443596452, 10.209095663952098]","Three paired optimization seeds on the fixed dataset; exploratory, no multiple-comparison correction",,
etth1_multi,sparse_vs_dense,"[{""head"": ""history_topk_ae"", ""source"": ""gp"", ""weight"": 1}, {""head"": ""history_dense_ae"", ""source"": ""gp"", ""weight"": -1}]",history_topk_ae/gp -history_dense_ae/gp,velocity_residual_mse,"[31, 32, 33]","[-0.0009164242419625879, 0.2520896196161807, -0.030382055568832667]",0.07359704660179515,0.15527960208393302,"[-0.030382055568832667, 0.2520896196161807]","Three paired optimization seeds on the fixed dataset; exploratory, no multiple-comparison correction",,
etth1_multi,sparse_vs_dense,"[{""head"": ""history_topk_ae"", ""source"": ""gp"", ""weight"": 1}, {""head"": ""history_dense_ae"", ""source"": ""gp"", ""weight"": -1}]",history_topk_ae/gp -history_dense_ae/gp,velocity_residual_normalized_mse,"[31, 32, 33]","[-0.00443846943040116, 0.03258624818149358, -0.005288020198654264]",0.007619919517479386,0.021625647027236954,"[-0.005288020198654264, 0.03258624818149358]","Three paired optimization seeds on the fixed dataset; exploratory, no multiple-comparison correction",,
etth1_multi,sparse_vs_dense,"[{""head"": ""history_conv_sparse"", ""source"": ""gp"", ""weight"": 1}, {""head"": ""history_conv_dense"", ""source"": ""gp"", ""weight"": -1}]",history_conv_sparse/gp -history_conv_dense/gp,fair_crps,"[31, 32, 33]","[1.5984255461787278e-05, 0.008328055034299897, -0.008069489685849307]",9.151653463745912e-05,0.008199033300104432,"[-0.008069489685849307, 0.008328055034299897]","Three paired optimization seeds on the fixed dataset; exploratory, no multiple-comparison correction",-0.008069489685849307,0.008328055034299897
etth1_multi,sparse_vs_dense,"[{""head"": ""history_conv_sparse"", ""source"": ""gp"", ""weight"": 1}, {""head"": ""history_conv_dense"", ""source"": ""gp"", ""weight"": -1}]",history_conv_sparse/gp -history_conv_dense/gp,joint_energy_scaled,"[31, 32, 33]","[0.00733212296540553, 0.008855222987762756, -0.0065723015665561935]",0.0032050147955373642,0.008501581902967997,"[-0.0065723015665561935, 0.008855222987762756]","Three paired optimization seeds on the fixed dataset; exploratory, no multiple-comparison correction",-0.0065723015665561935,0.008855222987762756
etth1_multi,sparse_vs_dense,"[{""head"": ""history_conv_sparse"", ""source"": ""gp"", ""weight"": 1}, {""head"": ""history_conv_dense"", ""source"": ""gp"", ""weight"": -1}]",history_conv_sparse/gp -history_conv_dense/gp,roughness_ratio,"[31, 32, 33]","[-0.010191660970464755, -0.01548776505255467, 0.019643719520562875]",-0.0020119021674855166,0.018940344311389544,"[-0.01548776505255467, 0.019643719520562875]","Three paired optimization seeds on the fixed dataset; exploratory, no multiple-comparison correction",,
etth1_multi,sparse_vs_dense,"[{""head"": ""history_conv_sparse"", ""source"": ""gp"", ""weight"": 1}, {""head"": ""history_conv_dense"", ""source"": ""gp"", ""weight"": -1}]",history_conv_sparse/gp -history_conv_dense/gp,velocity_pc1_mse,"[31, 32, 33]","[0.9694672969412714, 0.01749946701905003, -0.6882094692098413]",0.09958576491682673,0.8318814131150092,"[-0.6882094692098413, 0.9694672969412714]","Three paired optimization seeds on the fixed dataset; exploratory, no multiple-comparison correction",,
etth1_multi,sparse_vs_dense,"[{""head"": ""history_conv_sparse"", ""source"": ""gp"", ""weight"": 1}, {""head"": ""history_conv_dense"", ""source"": ""gp"", ""weight"": -1}]",history_conv_sparse/gp -history_conv_dense/gp,velocity_residual_mse,"[31, 32, 33]","[0.016686909786191806, -0.007674782307388384, 0.0018400316711905118]",0.0036173863833313114,0.012277713661149568,"[-0.007674782307388384, 0.016686909786191806]","Three paired optimization seeds on the fixed dataset; exploratory, no multiple-comparison correction",,
etth1_multi,sparse_vs_dense,"[{""head"": ""history_conv_sparse"", ""source"": ""gp"", ""weight"": 1}, {""head"": ""history_conv_dense"", ""source"": ""gp"", ""weight"": -1}]",history_conv_sparse/gp -history_conv_dense/gp,velocity_residual_normalized_mse,"[31, 32, 33]","[0.0014526757034594162, 0.0002875977998713086, -0.002576200485549185]",-0.00027864232740615336,0.002073265961688108,"[-0.002576200485549185, 0.0014526757034594162]","Three paired optimization seeds on the fixed dataset; exploratory, no multiple-comparison correction",,
etth1_multi,sparse_vs_dense,"[{""head"": ""dictionary_topk"", ""source"": ""gp"", ""weight"": 1}, {""head"": ""dictionary_dense"", ""source"": ""gp"", ""weight"": -1}]",dictionary_topk/gp -dictionary_dense/gp,fair_crps,"[31, 32, 33]","[0.09193330772936426, 0.044686592229026934, 0.06531495705322893]",0.06731161900387338,0.023686557909525757,"[0.044686592229026934, 0.09193330772936426]","Three paired optimization seeds on the fixed dataset; exploratory, no multiple-comparison correction",0.044686592229026934,0.09193330772936426
etth1_multi,sparse_vs_dense,"[{""head"": ""dictionary_topk"", ""source"": ""gp"", ""weight"": 1}, {""head"": ""dictionary_dense"", ""source"": ""gp"", ""weight"": -1}]",dictionary_topk/gp -dictionary_dense/gp,joint_energy_scaled,"[31, 32, 33]","[0.061144002883777526, 0.04880882624456029, 0.07218209559725264]",0.06071164157519682,0.01169263153803476,"[0.04880882624456029, 0.07218209559725264]","Three paired optimization seeds on the fixed dataset; exploratory, no multiple-comparison correction",0.04880882624456029,0.07218209559725264
etth1_multi,sparse_vs_dense,"[{""head"": ""dictionary_topk"", ""source"": ""gp"", ""weight"": 1}, {""head"": ""dictionary_dense"", ""source"": ""gp"", ""weight"": -1}]",dictionary_topk/gp -dictionary_dense/gp,roughness_ratio,"[31, 32, 33]","[0.625949769167271, 0.1934298024384068, 0.4002109984113359]",0.40653019000567125,0.21632921564501842,"[0.1934298024384068, 0.625949769167271]","Three paired optimization seeds on the fixed dataset; exploratory, no multiple-comparison correction",,
etth1_multi,sparse_vs_dense,"[{""head"": ""dictionary_topk"", ""source"": ""gp"", ""weight"": 1}, {""head"": ""dictionary_dense"", ""source"": ""gp"", ""weight"": -1}]",dictionary_topk/gp -dictionary_dense/gp,velocity_pc1_mse,"[31, 32, 33]","[1.77994640734601, -3.9983665440064016, 4.078735103830915]",0.6201049890568413,4.161588259794372,"[-3.9983665440064016, 4.078735103830915]","Three paired optimization seeds on the fixed dataset; exploratory, no multiple-comparison correction",,
etth1_multi,sparse_vs_dense,"[{""head"": ""dictionary_topk"", ""source"": ""gp"", ""weight"": 1}, {""head"": ""dictionary_dense"", ""source"": ""gp"", ""weight"": -1}]",dictionary_topk/gp -dictionary_dense/gp,velocity_residual_mse,"[31, 32, 33]","[0.42783873743602274, 0.26746027295075436, 0.12842208548464185]",0.2745736986238063,0.14983502088980438,"[0.12842208548464185, 0.42783873743602274]","Three paired optimization seeds on the fixed dataset; exploratory, no multiple-comparison correction",,
etth1_multi,sparse_vs_dense,"[{""head"": ""dictionary_topk"", ""source"": ""gp"", ""weight"": 1}, {""head"": ""dictionary_dense"", ""source"": ""gp"", ""weight"": -1}]",dictionary_topk/gp -dictionary_dense/gp,velocity_residual_normalized_mse,"[31, 32, 33]","[16.46283082532935, 4.16425738284587, 9.006085407377508]",9.877724538517574,6.195445364236613,"[4.16425738284587, 16.46283082532935]","Three paired optimization seeds on the fixed dataset; exploratory, no multiple-comparison correction",,
etth1_multi,sparse_vs_dense,"[{""head"": ""moe_topk"", ""source"": ""gp"", ""weight"": 1}, {""head"": ""moe_dense"", ""source"": ""gp"", ""weight"": -1}]",moe_topk/gp -moe_dense/gp,fair_crps,"[31, 32, 33]","[0.006947071510014113, -0.04011024905381583, -0.016464515242834765]",-0.01654256426221216,0.0235287573704782,"[-0.04011024905381583, 0.006947071510014113]","Three paired optimization seeds on the fixed dataset; exploratory, no multiple-comparison correction",-0.04011024905381583,0.006947071510014113
etth1_multi,sparse_vs_dense,"[{""head"": ""moe_topk"", ""source"": ""gp"", ""weight"": 1}, {""head"": ""moe_dense"", ""source"": ""gp"", ""weight"": -1}]",moe_topk/gp -moe_dense/gp,joint_energy_scaled,"[31, 32, 33]","[-0.00016280095772291947, -0.05093793901735366, -0.015213666849446916]",-0.022104802274841167,0.02607957959461738,"[-0.05093793901735366, -0.00016280095772291947]","Three paired optimization seeds on the fixed dataset; exploratory, no multiple-comparison correction",-0.05093793901735366,-0.00016280095772291947
etth1_multi,sparse_vs_dense,"[{""head"": ""moe_topk"", ""source"": ""gp"", ""weight"": 1}, {""head"": ""moe_dense"", ""source"": ""gp"", ""weight"": -1}]",moe_topk/gp -moe_dense/gp,roughness_ratio,"[31, 32, 33]","[0.04872572941108888, 0.10261957575915182, -0.11814993228038295]",0.011065124296619247,0.11510227974803784,"[-0.11814993228038295, 0.10261957575915182]","Three paired optimization seeds on the fixed dataset; exploratory, no multiple-comparison correction",,
etth1_multi,sparse_vs_dense,"[{""head"": ""moe_topk"", ""source"": ""gp"", ""weight"": 1}, {""head"": ""moe_dense"", ""source"": ""gp"", ""weight"": -1}]",moe_topk/gp -moe_dense/gp,velocity_pc1_mse,"[31, 32, 33]","[0.9255029815766491, 7.719683208280763, -5.930890767088183]",0.9047651409230765,6.825310616212366,"[-5.930890767088183, 7.719683208280763]","Three paired optimization seeds on the fixed dataset; exploratory, no multiple-comparison correction",,
etth1_multi,sparse_vs_dense,"[{""head"": ""moe_topk"", ""source"": ""gp"", ""weight"": 1}, {""head"": ""moe_dense"", ""source"": ""gp"", ""weight"": -1}]",moe_topk/gp -moe_dense/gp,velocity_residual_mse,"[31, 32, 33]","[-0.009323460705968456, -0.21616326357621685, -0.057331088039513034]",-0.09427260410723277,0.1082551741021509,"[-0.21616326357621685, -0.009323460705968456]","Three paired optimization seeds on the fixed dataset; exploratory, no multiple-comparison correction",,
etth1_multi,sparse_vs_dense,"[{""head"": ""moe_topk"", ""source"": ""gp"", ""weight"": 1}, {""head"": ""moe_dense"", ""source"": ""gp"", ""weight"": -1}]",moe_topk/gp -moe_dense/gp,velocity_residual_normalized_mse,"[31, 32, 33]","[-0.0036265737566794076, -0.024289782316698316, -0.003962810501874969]",-0.010626388858417565,0.01183404007024004,"[-0.024289782316698316, -0.0036265737566794076]","Three paired optimization seeds on the fixed dataset; exploratory, no multiple-comparison correction",,
etth1_multi,whitened_vs_balanced,"[{""head"": ""mlp_whitened"", ""source"": ""gp"", ""weight"": 1}, {""head"": ""mlp_balanced"", ""source"": ""gp"", ""weight"": -1}]",mlp_whitened/gp -mlp_balanced/gp,fair_crps,"[31, 32, 33]","[-0.030059207611214944, -0.04890245183929953, -0.053677304982278407]",-0.0442129881442643,0.012487871442625795,"[-0.053677304982278407, -0.030059207611214944]","Three paired optimization seeds on the fixed dataset; exploratory, no multiple-comparison correction",-0.053677304982278407,-0.030059207611214944
etth1_multi,whitened_vs_balanced,"[{""head"": ""mlp_whitened"", ""source"": ""gp"", ""weight"": 1}, {""head"": ""mlp_balanced"", ""source"": ""gp"", ""weight"": -1}]",mlp_whitened/gp -mlp_balanced/gp,joint_energy_scaled,"[31, 32, 33]","[-0.04816924782936871, -0.06968020609375536, -0.07999815399509436]",-0.06594920263940614,0.01623915351885425,"[-0.07999815399509436, -0.04816924782936871]","Three paired optimization seeds on the fixed dataset; exploratory, no multiple-comparison correction",-0.07999815399509436,-0.04816924782936871
etth1_multi,whitened_vs_balanced,"[{""head"": ""mlp_whitened"", ""source"": ""gp"", ""weight"": 1}, {""head"": ""mlp_balanced"", ""source"": ""gp"", ""weight"": -1}]",mlp_whitened/gp -mlp_balanced/gp,roughness_ratio,"[31, 32, 33]","[0.009081981041565435, -0.018320678311197436, 0.10214324717005352]",0.030968183300140506,0.06314383360681816,"[-0.018320678311197436, 0.10214324717005352]","Three paired optimization seeds on the fixed dataset; exploratory, no multiple-comparison correction",,
etth1_multi,whitened_vs_balanced,"[{""head"": ""mlp_whitened"", ""source"": ""gp"", ""weight"": 1}, {""head"": ""mlp_balanced"", ""source"": ""gp"", ""weight"": -1}]",mlp_whitened/gp -mlp_balanced/gp,velocity_pc1_mse,"[31, 32, 33]","[10.694228391943135, 16.135727260939653, 25.742114797431093]",17.52402348343796,7.619399327976558,"[10.694228391943135, 25.742114797431093]","Three paired optimization seeds on the fixed dataset; exploratory, no multiple-comparison correction",,
etth1_multi,whitened_vs_balanced,"[{""head"": ""mlp_whitened"", ""source"": ""gp"", ""weight"": 1}, {""head"": ""mlp_balanced"", ""source"": ""gp"", ""weight"": -1}]",mlp_whitened/gp -mlp_balanced/gp,velocity_residual_mse,"[31, 32, 33]","[-0.08567099879393192, -0.1426128326291205, -0.32263088564280906]",-0.18363823902195384,0.12369240061996942,"[-0.32263088564280906, -0.08567099879393192]","Three paired optimization seeds on the fixed dataset; exploratory, no multiple-comparison correction",,
etth1_multi,whitened_vs_balanced,"[{""head"": ""mlp_whitened"", ""source"": ""gp"", ""weight"": 1}, {""head"": ""mlp_balanced"", ""source"": ""gp"", ""weight"": -1}]",mlp_whitened/gp -mlp_balanced/gp,velocity_residual_normalized_mse,"[31, 32, 33]","[-0.047859394880611306, -0.05881728187854007, -0.07359712415363973]",-0.06009126697093037,0.012916073534346673,"[-0.07359712415363973, -0.047859394880611306]","Three paired optimization seeds on the fixed dataset; exploratory, no multiple-comparison correction",,
etth1_multi,l0_vs_unet,"[{""head"": ""unet_l0"", ""source"": ""gp"", ""weight"": 1}, {""head"": ""unet"", ""source"": ""gp"", ""weight"": -1}]",unet_l0/gp -unet/gp,fair_crps,"[31, 32, 33]","[0.07384769424849469, 0.1151337104596607, 0.03384162327069157]",0.07427434265961565,0.04064772295633267,"[0.03384162327069157, 0.1151337104596607]","Three paired optimization seeds on the fixed dataset; exploratory, no multiple-comparison correction",0.03384162327069157,0.1151337104596607
etth1_multi,l0_vs_unet,"[{""head"": ""unet_l0"", ""source"": ""gp"", ""weight"": 1}, {""head"": ""unet"", ""source"": ""gp"", ""weight"": -1}]",unet_l0/gp -unet/gp,joint_energy_scaled,"[31, 32, 33]","[0.04356143725833883, 0.11388699227891452, 0.0020476663857689203]",0.053165365307674094,0.056534814756403984,"[0.0020476663857689203, 0.11388699227891452]","Three paired optimization seeds on the fixed dataset; exploratory, no multiple-comparison correction",0.0020476663857689203,0.11388699227891452
etth1_multi,l0_vs_unet,"[{""head"": ""unet_l0"", ""source"": ""gp"", ""weight"": 1}, {""head"": ""unet"", ""source"": ""gp"", ""weight"": -1}]",unet_l0/gp -unet/gp,roughness_ratio,"[31, 32, 33]","[0.05465472285099848, -0.03072268472737505, -0.013226475574739438]",0.0035685208496279985,0.045098551638293384,"[-0.03072268472737505, 0.05465472285099848]","Three paired optimization seeds on the fixed dataset; exploratory, no multiple-comparison correction",,
etth1_multi,l0_vs_unet,"[{""head"": ""unet_l0"", ""source"": ""gp"", ""weight"": 1}, {""head"": ""unet"", ""source"": ""gp"", ""weight"": -1}]",unet_l0/gp -unet/gp,velocity_pc1_mse,"[31, 32, 33]","[-3.443271350172658, -5.129790261099387, 0.1699107371055426]",-2.8010502913888344,2.707589995522336,"[-5.129790261099387, 0.1699107371055426]","Three paired optimization seeds on the fixed dataset; exploratory, no multiple-comparison correction",,
etth1_multi,l0_vs_unet,"[{""head"": ""unet_l0"", ""source"": ""gp"", ""weight"": 1}, {""head"": ""unet"", ""source"": ""gp"", ""weight"": -1}]",unet_l0/gp -unet/gp,velocity_residual_mse,"[31, 32, 33]","[-0.11947930497781822, 0.10324622687327523, 0.026851378602317566]",0.0035394334992581897,0.11317796041170804,"[-0.11947930497781822, 0.10324622687327523]","Three paired optimization seeds on the fixed dataset; exploratory, no multiple-comparison correction",,
etth1_multi,l0_vs_unet,"[{""head"": ""unet_l0"", ""source"": ""gp"", ""weight"": 1}, {""head"": ""unet"", ""source"": ""gp"", ""weight"": -1}]",unet_l0/gp -unet/gp,velocity_residual_normalized_mse,"[31, 32, 33]","[0.1636722519816638, 0.08912573529825973, 0.11052367088899229]",0.1211072193896386,0.0383836477104041,"[0.08912573529825973, 0.1636722519816638]","Three paired optimization seeds on the fixed dataset; exploratory, no multiple-comparison correction",,
etth1_multi,gp_vs_white,"[{""head"": ""mlp"", ""source"": ""gp"", ""weight"": 1}, {""head"": ""mlp"", ""source"": ""white"", ""weight"": -1}]",mlp/gp -mlp/white,fair_crps,"[31, 32, 33]","[0.03422127569258926, -0.009140401568039025, 0.013636338231036882]",0.012905737451862373,0.02169006908328371,"[-0.009140401568039025, 0.03422127569258926]","Three paired optimization seeds on the fixed dataset; exploratory, no multiple-comparison correction",-0.009140401568039025,0.03422127569258926
etth1_multi,gp_vs_white,"[{""head"": ""mlp"", ""source"": ""gp"", ""weight"": 1}, {""head"": ""mlp"", ""source"": ""white"", ""weight"": -1}]",mlp/gp -mlp/white,joint_energy_scaled,"[31, 32, 33]","[0.06479574026158219, 0.009213183595942476, 0.037929470844689006]",0.03731279823407122,0.027796409214209256,"[0.009213183595942476, 0.06479574026158219]","Three paired optimization seeds on the fixed dataset; exploratory, no multiple-comparison correction",0.009213183595942476,0.06479574026158219
etth1_multi,gp_vs_white,"[{""head"": ""mlp"", ""source"": ""gp"", ""weight"": 1}, {""head"": ""mlp"", ""source"": ""white"", ""weight"": -1}]",mlp/gp -mlp/white,roughness_ratio,"[31, 32, 33]","[-2.6328356927468293, -2.6395438427628086, -2.4895561020365973]",-2.5873118791820784,0.08472540228967311,"[-2.6395438427628086, -2.4895561020365973]","Three paired optimization seeds on the fixed dataset; exploratory, no multiple-comparison correction",,
etth1_multi,gp_vs_white,"[{""head"": ""mlp_balanced"", ""source"": ""gp"", ""weight"": 1}, {""head"": ""mlp_balanced"", ""source"": ""white"", ""weight"": -1}]",mlp_balanced/gp -mlp_balanced/white,fair_crps,"[31, 32, 33]","[0.015767531284099467, 0.06490844838975507, 0.06916873790573652]",0.04994823919319702,0.029677906118277253,"[0.015767531284099467, 0.06916873790573652]","Three paired optimization seeds on the fixed dataset; exploratory, no multiple-comparison correction",0.015767531284099467,0.06916873790573652
etth1_multi,gp_vs_white,"[{""head"": ""mlp_balanced"", ""source"": ""gp"", ""weight"": 1}, {""head"": ""mlp_balanced"", ""source"": ""white"", ""weight"": -1}]",mlp_balanced/gp -mlp_balanced/white,joint_energy_scaled,"[31, 32, 33]","[0.016600803598508906, 0.06331853256069087, 0.06893286409953991]",0.049617400086246564,0.028730678940508812,"[0.016600803598508906, 0.06893286409953991]","Three paired optimization seeds on the fixed dataset; exploratory, no multiple-comparison correction",0.016600803598508906,0.06893286409953991
etth1_multi,gp_vs_white,"[{""head"": ""mlp_balanced"", ""source"": ""gp"", ""weight"": 1}, {""head"": ""mlp_balanced"", ""source"": ""white"", ""weight"": -1}]",mlp_balanced/gp -mlp_balanced/white,roughness_ratio,"[31, 32, 33]","[-2.6816732451130294, -2.5652483916388285, -2.6359119942829885]",-2.627611210344949,0.058654615224309536,"[-2.6816732451130294, -2.5652483916388285]","Three paired optimization seeds on the fixed dataset; exploratory, no multiple-comparison correction",,
etth1_multi,source_head_interaction,"[{""head"": ""mlp_balanced"", ""source"": ""gp"", ""weight"": 1}, {""head"": ""mlp"", ""source"": ""gp"", ""weight"": -1}, {""head"": ""mlp_balanced"", ""source"": ""white"", ""weight"": -1}, {""head"": ""mlp"", ""source"": ""white"", ""weight"": 1}]",mlp_balanced/gp -mlp/gp -mlp_balanced/white +mlp/white,fair_crps,"[31, 32, 33]","[-0.01845374440848979, 0.0740488499577941, 0.05553239967469964]",0.037042501741334645,0.04894476208250485,"[-0.01845374440848979, 0.0740488499577941]","Three paired optimization seeds on the fixed dataset; exploratory, no multiple-comparison correction",-0.01845374440848979,0.0740488499577941
etth1_multi,source_head_interaction,"[{""head"": ""mlp_balanced"", ""source"": ""gp"", ""weight"": 1}, {""head"": ""mlp"", ""source"": ""gp"", ""weight"": -1}, {""head"": ""mlp_balanced"", ""source"": ""white"", ""weight"": -1}, {""head"": ""mlp"", ""source"": ""white"", ""weight"": 1}]",mlp_balanced/gp -mlp/gp -mlp_balanced/white +mlp/white,joint_energy_scaled,"[31, 32, 33]","[-0.048194936663073284, 0.05410534896474839, 0.03100339325485091]",0.012304601852175337,0.05365231318241605,"[-0.048194936663073284, 0.05410534896474839]","Three paired optimization seeds on the fixed dataset; exploratory, no multiple-comparison correction",-0.048194936663073284,0.05410534896474839
etth1_multi,source_head_interaction,"[{""head"": ""mlp_balanced"", ""source"": ""gp"", ""weight"": 1}, {""head"": ""mlp"", ""source"": ""gp"", ""weight"": -1}, {""head"": ""mlp_balanced"", ""source"": ""white"", ""weight"": -1}, {""head"": ""mlp"", ""source"": ""white"", ""weight"": 1}]",mlp_balanced/gp -mlp/gp -mlp_balanced/white +mlp/white,roughness_ratio,"[31, 32, 33]","[-0.0488375523661998, 0.07429545112398006, -0.146355892246391]",-0.040299331162870246,0.1105731872959041,"[-0.146355892246391, 0.07429545112398006]","Three paired optimization seeds on the fixed dataset; exploratory, no multiple-comparison correction",,
etth1_multi,gp_vs_white,"[{""head"": ""mlp_whitened"", ""source"": ""gp"", ""weight"": 1}, {""head"": ""mlp_whitened"", ""source"": ""white"", ""weight"": -1}]",mlp_whitened/gp -mlp_whitened/white,fair_crps,"[31, 32, 33]","[0.005416771542996912, 0.015489452415408556, -0.01196436911767762]",0.002980618280242616,0.013888096026178602,"[-0.01196436911767762, 0.015489452415408556]","Three paired optimization seeds on the fixed dataset; exploratory, no multiple-comparison correction",-0.01196436911767762,0.015489452415408556
etth1_multi,gp_vs_white,"[{""head"": ""mlp_whitened"", ""source"": ""gp"", ""weight"": 1}, {""head"": ""mlp_whitened"", ""source"": ""white"", ""weight"": -1}]",mlp_whitened/gp -mlp_whitened/white,joint_energy_scaled,"[31, 32, 33]","[-7.353002549814747e-05, 0.014164444952188493, -0.023403090256106873]",-0.0031040584431388427,0.01896623321258662,"[-0.023403090256106873, 0.014164444952188493]","Three paired optimization seeds on the fixed dataset; exploratory, no multiple-comparison correction",-0.023403090256106873,0.014164444952188493
etth1_multi,gp_vs_white,"[{""head"": ""mlp_whitened"", ""source"": ""gp"", ""weight"": 1}, {""head"": ""mlp_whitened"", ""source"": ""white"", ""weight"": -1}]",mlp_whitened/gp -mlp_whitened/white,roughness_ratio,"[31, 32, 33]","[-2.8490348656279156, -2.856275782788148, -2.7894080511545813]",-2.831572899856882,0.03669487116609416,"[-2.856275782788148, -2.7894080511545813]","Three paired optimization seeds on the fixed dataset; exploratory, no multiple-comparison correction",,
etth1_multi,source_head_interaction,"[{""head"": ""mlp_whitened"", ""source"": ""gp"", ""weight"": 1}, {""head"": ""mlp"", ""source"": ""gp"", ""weight"": -1}, {""head"": ""mlp_whitened"", ""source"": ""white"", ""weight"": -1}, {""head"": ""mlp"", ""source"": ""white"", ""weight"": 1}]",mlp_whitened/gp -mlp/gp -mlp_whitened/white +mlp/white,fair_crps,"[31, 32, 33]","[-0.028804504149592347, 0.02462985398344758, -0.025600707348714502]",-0.009925119171619756,0.02996832837840471,"[-0.028804504149592347, 0.02462985398344758]","Three paired optimization seeds on the fixed dataset; exploratory, no multiple-comparison correction",-0.028804504149592347,0.02462985398344758
etth1_multi,source_head_interaction,"[{""head"": ""mlp_whitened"", ""source"": ""gp"", ""weight"": 1}, {""head"": ""mlp"", ""source"": ""gp"", ""weight"": -1}, {""head"": ""mlp_whitened"", ""source"": ""white"", ""weight"": -1}, {""head"": ""mlp"", ""source"": ""white"", ""weight"": 1}]",mlp_whitened/gp -mlp/gp -mlp_whitened/white +mlp/white,joint_energy_scaled,"[31, 32, 33]","[-0.06486927028708034, 0.004951261356246017, -0.06133256110079588]",-0.04041685667721007,0.03932971749695502,"[-0.06486927028708034, 0.004951261356246017]","Three paired optimization seeds on the fixed dataset; exploratory, no multiple-comparison correction",-0.06486927028708034,0.004951261356246017
etth1_multi,source_head_interaction,"[{""head"": ""mlp_whitened"", ""source"": ""gp"", ""weight"": 1}, {""head"": ""mlp"", ""source"": ""gp"", ""weight"": -1}, {""head"": ""mlp_whitened"", ""source"": ""white"", ""weight"": -1}, {""head"": ""mlp"", ""source"": ""white"", ""weight"": 1}]",mlp_whitened/gp -mlp/gp -mlp_whitened/white +mlp/white,roughness_ratio,"[31, 32, 33]","[-0.21619917288108603, -0.21673194002533958, -0.29985194911798396]",-0.24426102067480318,0.04814389321698685,"[-0.29985194911798396, -0.21619917288108603]","Three paired optimization seeds on the fixed dataset; exploratory, no multiple-comparison correction",,
etth1_multi,gp_vs_white,"[{""head"": ""sparse_mlp"", ""source"": ""gp"", ""weight"": 1}, {""head"": ""sparse_mlp"", ""source"": ""white"", ""weight"": -1}]",sparse_mlp/gp -sparse_mlp/white,fair_crps,"[31, 32, 33]","[-0.006840297677127571, 0.06082644004903609, -0.0041059551247496495]",0.01662672908238629,0.03830248026499033,"[-0.006840297677127571, 0.06082644004903609]","Three paired optimization seeds on the fixed dataset; exploratory, no multiple-comparison correction",-0.006840297677127571,0.06082644004903609
etth1_multi,gp_vs_white,"[{""head"": ""sparse_mlp"", ""source"": ""gp"", ""weight"": 1}, {""head"": ""sparse_mlp"", ""source"": ""white"", ""weight"": -1}]",sparse_mlp/gp -sparse_mlp/white,joint_energy_scaled,"[31, 32, 33]","[0.011100230621568286, 0.09265187081831439, 0.026271846801045662]",0.043341316080309444,0.04337271712495865,"[0.011100230621568286, 0.09265187081831439]","Three paired optimization seeds on the fixed dataset; exploratory, no multiple-comparison correction",0.011100230621568286,0.09265187081831439
etth1_multi,gp_vs_white,"[{""head"": ""sparse_mlp"", ""source"": ""gp"", ""weight"": 1}, {""head"": ""sparse_mlp"", ""source"": ""white"", ""weight"": -1}]",sparse_mlp/gp -sparse_mlp/white,roughness_ratio,"[31, 32, 33]","[-1.8421043546040112, -1.7822804684628815, -1.6762320933501604]",-1.766872305472351,0.08400274030306093,"[-1.8421043546040112, -1.6762320933501604]","Three paired optimization seeds on the fixed dataset; exploratory, no multiple-comparison correction",,
etth1_multi,source_head_interaction,"[{""head"": ""sparse_mlp"", ""source"": ""gp"", ""weight"": 1}, {""head"": ""mlp"", ""source"": ""gp"", ""weight"": -1}, {""head"": ""sparse_mlp"", ""source"": ""white"", ""weight"": -1}, {""head"": ""mlp"", ""source"": ""white"", ""weight"": 1}]",sparse_mlp/gp -mlp/gp -sparse_mlp/white +mlp/white,fair_crps,"[31, 32, 33]","[-0.04106157336971683, 0.06996684161707512, -0.01774229335578653]",0.0037209916305239177,0.05854341709724934,"[-0.04106157336971683, 0.06996684161707512]","Three paired optimization seeds on the fixed dataset; exploratory, no multiple-comparison correction",-0.04106157336971683,0.06996684161707512
etth1_multi,source_head_interaction,"[{""head"": ""sparse_mlp"", ""source"": ""gp"", ""weight"": 1}, {""head"": ""mlp"", ""source"": ""gp"", ""weight"": -1}, {""head"": ""sparse_mlp"", ""source"": ""white"", ""weight"": -1}, {""head"": ""mlp"", ""source"": ""white"", ""weight"": 1}]",sparse_mlp/gp -mlp/gp -sparse_mlp/white +mlp/white,joint_energy_scaled,"[31, 32, 33]","[-0.053695509640013905, 0.08343868722237191, -0.011657624043643344]",0.00602851784623822,0.07025700462220592,"[-0.053695509640013905, 0.08343868722237191]","Three paired optimization seeds on the fixed dataset; exploratory, no multiple-comparison correction",-0.053695509640013905,0.08343868722237191
etth1_multi,source_head_interaction,"[{""head"": ""sparse_mlp"", ""source"": ""gp"", ""weight"": 1}, {""head"": ""mlp"", ""source"": ""gp"", ""weight"": -1}, {""head"": ""sparse_mlp"", ""source"": ""white"", ""weight"": -1}, {""head"": ""mlp"", ""source"": ""white"", ""weight"": 1}]",sparse_mlp/gp -mlp/gp -sparse_mlp/white +mlp/white,roughness_ratio,"[31, 32, 33]","[0.7907313381428182, 0.857263374299927, 0.8133240086864371]",0.8204395737097275,0.03383195838261829,"[0.7907313381428182, 0.857263374299927]","Three paired optimization seeds on the fixed dataset; exploratory, no multiple-comparison correction",,
etth1_multi,gp_vs_white,"[{""head"": ""s4"", ""source"": ""gp"", ""weight"": 1}, {""head"": ""s4"", ""source"": ""white"", ""weight"": -1}]",s4/gp -s4/white,fair_crps,"[31, 32, 33]","[-0.04872067544615161, 0.009135274313811337, 0.0361445694549401]",-0.001146943892466723,0.043356896296456754,"[-0.04872067544615161, 0.0361445694549401]","Three paired optimization seeds on the fixed dataset; exploratory, no multiple-comparison correction",-0.04872067544615161,0.0361445694549401
etth1_multi,gp_vs_white,"[{""head"": ""s4"", ""source"": ""gp"", ""weight"": 1}, {""head"": ""s4"", ""source"": ""white"", ""weight"": -1}]",s4/gp -s4/white,joint_energy_scaled,"[31, 32, 33]","[-0.046429644069096, -0.015099434171317094, 0.04240144938954238]",-0.006375876283623572,0.04505348086362797,"[-0.046429644069096, 0.04240144938954238]","Three paired optimization seeds on the fixed dataset; exploratory, no multiple-comparison correction",-0.046429644069096,0.04240144938954238
etth1_multi,gp_vs_white,"[{""head"": ""s4"", ""source"": ""gp"", ""weight"": 1}, {""head"": ""s4"", ""source"": ""white"", ""weight"": -1}]",s4/gp -s4/white,roughness_ratio,"[31, 32, 33]","[-1.0037416682661922, -1.057489423153198, -0.9944176681204533]",-1.018549586513281,0.03404361030849975,"[-1.057489423153198, -0.9944176681204533]","Three paired optimization seeds on the fixed dataset; exploratory, no multiple-comparison correction",,
etth1_multi,source_head_interaction,"[{""head"": ""s4"", ""source"": ""gp"", ""weight"": 1}, {""head"": ""mlp"", ""source"": ""gp"", ""weight"": -1}, {""head"": ""s4"", ""source"": ""white"", ""weight"": -1}, {""head"": ""mlp"", ""source"": ""white"", ""weight"": 1}]",s4/gp -mlp/gp -s4/white +mlp/white,fair_crps,"[31, 32, 33]","[-0.08294195113874087, 0.018275675881850362, 0.02250823122390322]",-0.014052681344329096,0.05969738060238763,"[-0.08294195113874087, 0.02250823122390322]","Three paired optimization seeds on the fixed dataset; exploratory, no multiple-comparison correction",-0.08294195113874087,0.02250823122390322
etth1_multi,source_head_interaction,"[{""head"": ""s4"", ""source"": ""gp"", ""weight"": 1}, {""head"": ""mlp"", ""source"": ""gp"", ""weight"": -1}, {""head"": ""s4"", ""source"": ""white"", ""weight"": -1}, {""head"": ""mlp"", ""source"": ""white"", ""weight"": 1}]",s4/gp -mlp/gp -s4/white +mlp/white,joint_energy_scaled,"[31, 32, 33]","[-0.11122538433067819, -0.02431261776725957, 0.004471978544853372]",-0.043688674517694794,0.06023324352452865,"[-0.11122538433067819, 0.004471978544853372]","Three paired optimization seeds on the fixed dataset; exploratory, no multiple-comparison correction",-0.11122538433067819,0.004471978544853372
etth1_multi,source_head_interaction,"[{""head"": ""s4"", ""source"": ""gp"", ""weight"": 1}, {""head"": ""mlp"", ""source"": ""gp"", ""weight"": -1}, {""head"": ""s4"", ""source"": ""white"", ""weight"": -1}, {""head"": ""mlp"", ""source"": ""white"", ""weight"": 1}]",s4/gp -mlp/gp -s4/white +mlp/white,roughness_ratio,"[31, 32, 33]","[1.6290940244806373, 1.5820544196096107, 1.4951384339161442]",1.5687622926687972,0.06795980826803848,"[1.4951384339161442, 1.6290940244806373]","Three paired optimization seeds on the fixed dataset; exploratory, no multiple-comparison correction",,
etth1_multi,gp_vs_white,"[{""head"": ""unet"", ""source"": ""gp"", ""weight"": 1}, {""head"": ""unet"", ""source"": ""white"", ""weight"": -1}]",unet/gp -unet/white,fair_crps,"[31, 32, 33]","[0.06626963053213542, 0.00358703339380273, 0.09717506658571778]",0.05567724350388531,0.047684682932781775,"[0.00358703339380273, 0.09717506658571778]","Three paired optimization seeds on the fixed dataset; exploratory, no multiple-comparison correction",0.00358703339380273,0.09717506658571778
etth1_multi,gp_vs_white,"[{""head"": ""unet"", ""source"": ""gp"", ""weight"": 1}, {""head"": ""unet"", ""source"": ""white"", ""weight"": -1}]",unet/gp -unet/white,joint_energy_scaled,"[31, 32, 33]","[0.08645308720715206, 0.005838720827533228, 0.14246940146800113]",0.07825373650089547,0.06868338763538477,"[0.005838720827533228, 0.14246940146800113]","Three paired optimization seeds on the fixed dataset; exploratory, no multiple-comparison correction",0.005838720827533228,0.14246940146800113
etth1_multi,gp_vs_white,"[{""head"": ""unet"", ""source"": ""gp"", ""weight"": 1}, {""head"": ""unet"", ""source"": ""white"", ""weight"": -1}]",unet/gp -unet/white,roughness_ratio,"[31, 32, 33]","[-0.5963965264174249, -0.6143614307358829, -0.5428509510244112]",-0.5845363027259064,0.03720128837353414,"[-0.6143614307358829, -0.5428509510244112]","Three paired optimization seeds on the fixed dataset; exploratory, no multiple-comparison correction",,
etth1_multi,source_head_interaction,"[{""head"": ""unet"", ""source"": ""gp"", ""weight"": 1}, {""head"": ""mlp"", ""source"": ""gp"", ""weight"": -1}, {""head"": ""unet"", ""source"": ""white"", ""weight"": -1}, {""head"": ""mlp"", ""source"": ""white"", ""weight"": 1}]",unet/gp -mlp/gp -unet/white +mlp/white,fair_crps,"[31, 32, 33]","[0.032048354839546156, 0.012727434961841755, 0.0835387283546809]",0.042771506052022935,0.03660326893784103,"[0.012727434961841755, 0.0835387283546809]","Three paired optimization seeds on the fixed dataset; exploratory, no multiple-comparison correction",0.012727434961841755,0.0835387283546809
etth1_multi,source_head_interaction,"[{""head"": ""unet"", ""source"": ""gp"", ""weight"": 1}, {""head"": ""mlp"", ""source"": ""gp"", ""weight"": -1}, {""head"": ""unet"", ""source"": ""white"", ""weight"": -1}, {""head"": ""mlp"", ""source"": ""white"", ""weight"": 1}]",unet/gp -mlp/gp -unet/white +mlp/white,joint_energy_scaled,"[31, 32, 33]","[0.021657346945569866, -0.0033744627684092476, 0.10453993062331213]",0.040940938266824246,0.05648249061399176,"[-0.0033744627684092476, 0.10453993062331213]","Three paired optimization seeds on the fixed dataset; exploratory, no multiple-comparison correction",-0.0033744627684092476,0.10453993062331213
etth1_multi,source_head_interaction,"[{""head"": ""unet"", ""source"": ""gp"", ""weight"": 1}, {""head"": ""mlp"", ""source"": ""gp"", ""weight"": -1}, {""head"": ""unet"", ""source"": ""white"", ""weight"": -1}, {""head"": ""mlp"", ""source"": ""white"", ""weight"": 1}]",unet/gp -mlp/gp -unet/white +mlp/white,roughness_ratio,"[31, 32, 33]","[2.0364391663294046, 2.0251824120269255, 1.9467051510121864]",2.0027755764561723,0.04888351548793077,"[1.9467051510121864, 2.0364391663294046]","Three paired optimization seeds on the fixed dataset; exploratory, no multiple-comparison correction",,
etth1_multi,gp_vs_white,"[{""head"": ""unet_l0"", ""source"": ""gp"", ""weight"": 1}, {""head"": ""unet_l0"", ""source"": ""white"", ""weight"": -1}]",unet_l0/gp -unet_l0/white,fair_crps,"[31, 32, 33]","[0.030398740959683812, 0.08560815371822184, 0.053356807437906106]",0.05645456737193725,0.027734759810431418,"[0.030398740959683812, 0.08560815371822184]","Three paired optimization seeds on the fixed dataset; exploratory, no multiple-comparison correction",0.030398740959683812,0.08560815371822184
etth1_multi,gp_vs_white,"[{""head"": ""unet_l0"", ""source"": ""gp"", ""weight"": 1}, {""head"": ""unet_l0"", ""source"": ""white"", ""weight"": -1}]",unet_l0/gp -unet_l0/white,joint_energy_scaled,"[31, 32, 33]","[0.046697370220373124, 0.1083100786009561, 0.06488027105039507]",0.0732959066239081,0.03165673151286031,"[0.046697370220373124, 0.1083100786009561]","Three paired optimization seeds on the fixed dataset; exploratory, no multiple-comparison correction",0.046697370220373124,0.1083100786009561
etth1_multi,gp_vs_white,"[{""head"": ""unet_l0"", ""source"": ""gp"", ""weight"": 1}, {""head"": ""unet_l0"", ""source"": ""white"", ""weight"": -1}]",unet_l0/gp -unet_l0/white,roughness_ratio,"[31, 32, 33]","[-1.3209631071326071, -1.3874424320202725, -1.0759241071796328]",-1.2614432154441708,0.16406669317028355,"[-1.3874424320202725, -1.0759241071796328]","Three paired optimization seeds on the fixed dataset; exploratory, no multiple-comparison correction",,
etth1_multi,source_head_interaction,"[{""head"": ""unet_l0"", ""source"": ""gp"", ""weight"": 1}, {""head"": ""mlp"", ""source"": ""gp"", ""weight"": -1}, {""head"": ""unet_l0"", ""source"": ""white"", ""weight"": -1}, {""head"": ""mlp"", ""source"": ""white"", ""weight"": 1}]",unet_l0/gp -mlp/gp -unet_l0/white +mlp/white,fair_crps,"[31, 32, 33]","[-0.003822534732905447, 0.09474855528626086, 0.039720469206869224]",0.04354882992007488,0.0493969351903988,"[-0.003822534732905447, 0.09474855528626086]","Three paired optimization seeds on the fixed dataset; exploratory, no multiple-comparison correction",-0.003822534732905447,0.09474855528626086
etth1_multi,source_head_interaction,"[{""head"": ""unet_l0"", ""source"": ""gp"", ""weight"": 1}, {""head"": ""mlp"", ""source"": ""gp"", ""weight"": -1}, {""head"": ""unet_l0"", ""source"": ""white"", ""weight"": -1}, {""head"": ""mlp"", ""source"": ""white"", ""weight"": 1}]",unet_l0/gp -mlp/gp -unet_l0/white +mlp/white,joint_energy_scaled,"[31, 32, 33]","[-0.018098370041209066, 0.09909689500501362, 0.02695080020570606]",0.03598310838983687,0.059117421126630966,"[-0.018098370041209066, 0.09909689500501362]","Three paired optimization seeds on the fixed dataset; exploratory, no multiple-comparison correction",-0.018098370041209066,0.09909689500501362
etth1_multi,source_head_interaction,"[{""head"": ""unet_l0"", ""source"": ""gp"", ""weight"": 1}, {""head"": ""mlp"", ""source"": ""gp"", ""weight"": -1}, {""head"": ""unet_l0"", ""source"": ""white"", ""weight"": -1}, {""head"": ""mlp"", ""source"": ""white"", ""weight"": 1}]",unet_l0/gp -mlp/gp -unet_l0/white +mlp/white,roughness_ratio,"[31, 32, 33]","[1.3118725856142222, 1.2521014107425361, 1.4136319948569647]",1.3258686637379078,0.08166976217193454,"[1.2521014107425361, 1.4136319948569647]","Three paired optimization seeds on the fixed dataset; exploratory, no multiple-comparison correction",,
etth1_multi,gp_vs_white,"[{""head"": ""history_dense_ae"", ""source"": ""gp"", ""weight"": 1}, {""head"": ""history_dense_ae"", ""source"": ""white"", ""weight"": -1}]",history_dense_ae/gp -history_dense_ae/white,fair_crps,"[31, 32, 33]","[-0.0020179834142745046, -0.0547841986343271, -0.022160602921125483]",-0.02632092832324236,0.026627985236417188,"[-0.0547841986343271, -0.0020179834142745046]","Three paired optimization seeds on the fixed dataset; exploratory, no multiple-comparison correction",-0.0547841986343271,-0.0020179834142745046
etth1_multi,gp_vs_white,"[{""head"": ""history_dense_ae"", ""source"": ""gp"", ""weight"": 1}, {""head"": ""history_dense_ae"", ""source"": ""white"", ""weight"": -1}]",history_dense_ae/gp -history_dense_ae/white,joint_energy_scaled,"[31, 32, 33]","[0.012481299450340821, -0.04101002568366019, 0.007765722746790882]",-0.006921001162176162,0.029615964622674715,"[-0.04101002568366019, 0.012481299450340821]","Three paired optimization seeds on the fixed dataset; exploratory, no multiple-comparison correction",-0.04101002568366019,0.012481299450340821
etth1_multi,gp_vs_white,"[{""head"": ""history_dense_ae"", ""source"": ""gp"", ""weight"": 1}, {""head"": ""history_dense_ae"", ""source"": ""white"", ""weight"": -1}]",history_dense_ae/gp -history_dense_ae/white,roughness_ratio,"[31, 32, 33]","[-3.348477725662358, -3.339416957764407, -3.268296839024195]",-3.3187305074836533,0.043911166739612637,"[-3.348477725662358, -3.268296839024195]","Three paired optimization seeds on the fixed dataset; exploratory, no multiple-comparison correction",,
etth1_multi,source_head_interaction,"[{""head"": ""history_dense_ae"", ""source"": ""gp"", ""weight"": 1}, {""head"": ""mlp"", ""source"": ""gp"", ""weight"": -1}, {""head"": ""history_dense_ae"", ""source"": ""white"", ""weight"": -1}, {""head"": ""mlp"", ""source"": ""white"", ""weight"": 1}]",history_dense_ae/gp -mlp/gp -history_dense_ae/white +mlp/white,fair_crps,"[31, 32, 33]","[-0.036239259106863764, -0.04564379706628807, -0.035796941152162365]",-0.03922666577510473,0.005561797533125066,"[-0.04564379706628807, -0.035796941152162365]","Three paired optimization seeds on the fixed dataset; exploratory, no multiple-comparison correction",-0.04564379706628807,-0.035796941152162365
etth1_multi,source_head_interaction,"[{""head"": ""history_dense_ae"", ""source"": ""gp"", ""weight"": 1}, {""head"": ""mlp"", ""source"": ""gp"", ""weight"": -1}, {""head"": ""history_dense_ae"", ""source"": ""white"", ""weight"": -1}, {""head"": ""mlp"", ""source"": ""white"", ""weight"": 1}]",history_dense_ae/gp -mlp/gp -history_dense_ae/white +mlp/white,joint_energy_scaled,"[31, 32, 33]","[-0.05231444081124137, -0.050223209279602665, -0.030163748097898124]",-0.044233799396247386,0.012229802532476344,"[-0.05231444081124137, -0.030163748097898124]","Three paired optimization seeds on the fixed dataset; exploratory, no multiple-comparison correction",-0.05231444081124137,-0.030163748097898124
etth1_multi,source_head_interaction,"[{""head"": ""history_dense_ae"", ""source"": ""gp"", ""weight"": 1}, {""head"": ""mlp"", ""source"": ""gp"", ""weight"": -1}, {""head"": ""history_dense_ae"", ""source"": ""white"", ""weight"": -1}, {""head"": ""mlp"", ""source"": ""white"", ""weight"": 1}]",history_dense_ae/gp -mlp/gp -history_dense_ae/white +mlp/white,roughness_ratio,"[31, 32, 33]","[-0.7156420329155289, -0.6998731150015984, -0.7787407369875973]",-0.7314186283015749,0.04173369347317414,"[-0.7787407369875973, -0.6998731150015984]","Three paired optimization seeds on the fixed dataset; exploratory, no multiple-comparison correction",,
etth1_multi,gp_vs_white,"[{""head"": ""history_topk_ae"", ""source"": ""gp"", ""weight"": 1}, {""head"": ""history_topk_ae"", ""source"": ""white"", ""weight"": -1}]",history_topk_ae/gp -history_topk_ae/white,fair_crps,"[31, 32, 33]","[-0.046653960701787955, -0.013168680259786847, -0.02158374848387501]",-0.02713546314848327,0.017419304043439433,"[-0.046653960701787955, -0.013168680259786847]","Three paired optimization seeds on the fixed dataset; exploratory, no multiple-comparison correction",-0.046653960701787955,-0.013168680259786847
etth1_multi,gp_vs_white,"[{""head"": ""history_topk_ae"", ""source"": ""gp"", ""weight"": 1}, {""head"": ""history_topk_ae"", ""source"": ""white"", ""weight"": -1}]",history_topk_ae/gp -history_topk_ae/white,joint_energy_scaled,"[31, 32, 33]","[-0.01262133627126405, 0.013767139159937658, 0.007489877091946706]",0.002878559993540105,0.013785357918179957,"[-0.01262133627126405, 0.013767139159937658]","Three paired optimization seeds on the fixed dataset; exploratory, no multiple-comparison correction",-0.01262133627126405,0.013767139159937658
etth1_multi,gp_vs_white,"[{""head"": ""history_topk_ae"", ""source"": ""gp"", ""weight"": 1}, {""head"": ""history_topk_ae"", ""source"": ""white"", ""weight"": -1}]",history_topk_ae/gp -history_topk_ae/white,roughness_ratio,"[31, 32, 33]","[-3.503391071844829, -3.3270994965904923, -3.242295611233093]",-3.357595393222805,0.13319237842898576,"[-3.503391071844829, -3.242295611233093]","Three paired optimization seeds on the fixed dataset; exploratory, no multiple-comparison correction",,
etth1_multi,source_head_interaction,"[{""head"": ""history_topk_ae"", ""source"": ""gp"", ""weight"": 1}, {""head"": ""mlp"", ""source"": ""gp"", ""weight"": -1}, {""head"": ""history_topk_ae"", ""source"": ""white"", ""weight"": -1}, {""head"": ""mlp"", ""source"": ""white"", ""weight"": 1}]",history_topk_ae/gp -mlp/gp -history_topk_ae/white +mlp/white,fair_crps,"[31, 32, 33]","[-0.08087523639437721, -0.004028278691747822, -0.03522008671491189]",-0.04004120060034564,0.038649658230826174,"[-0.08087523639437721, -0.004028278691747822]","Three paired optimization seeds on the fixed dataset; exploratory, no multiple-comparison correction",-0.08087523639437721,-0.004028278691747822
etth1_multi,source_head_interaction,"[{""head"": ""history_topk_ae"", ""source"": ""gp"", ""weight"": 1}, {""head"": ""mlp"", ""source"": ""gp"", ""weight"": -1}, {""head"": ""history_topk_ae"", ""source"": ""white"", ""weight"": -1}, {""head"": ""mlp"", ""source"": ""white"", ""weight"": 1}]",history_topk_ae/gp -mlp/gp -history_topk_ae/white +mlp/white,joint_energy_scaled,"[31, 32, 33]","[-0.07741707653284624, 0.004553955563995182, -0.0304395937527423]",-0.03443423824053112,0.041131258358980675,"[-0.07741707653284624, 0.004553955563995182]","Three paired optimization seeds on the fixed dataset; exploratory, no multiple-comparison correction",-0.07741707653284624,0.004553955563995182
etth1_multi,source_head_interaction,"[{""head"": ""history_topk_ae"", ""source"": ""gp"", ""weight"": 1}, {""head"": ""mlp"", ""source"": ""gp"", ""weight"": -1}, {""head"": ""history_topk_ae"", ""source"": ""white"", ""weight"": -1}, {""head"": ""mlp"", ""source"": ""white"", ""weight"": 1}]",history_topk_ae/gp -mlp/gp -history_topk_ae/white +mlp/white,roughness_ratio,"[31, 32, 33]","[-0.8705553790979996, -0.6875556538276838, -0.7527395091964957]",-0.7702835140407264,0.09275273010393581,"[-0.8705553790979996, -0.6875556538276838]","Three paired optimization seeds on the fixed dataset; exploratory, no multiple-comparison correction",,
etth1_multi,gp_vs_white,"[{""head"": ""history_conv_dense"", ""source"": ""gp"", ""weight"": 1}, {""head"": ""history_conv_dense"", ""source"": ""white"", ""weight"": -1}]",history_conv_dense/gp -history_conv_dense/white,fair_crps,"[31, 32, 33]","[-0.018101934290360444, -0.004302631432349546, 0.006119252974712386]",-0.005428437582665868,0.012149776036968709,"[-0.018101934290360444, 0.006119252974712386]","Three paired optimization seeds on the fixed dataset; exploratory, no multiple-comparison correction",-0.018101934290360444,0.006119252974712386
etth1_multi,gp_vs_white,"[{""head"": ""history_conv_dense"", ""source"": ""gp"", ""weight"": 1}, {""head"": ""history_conv_dense"", ""source"": ""white"", ""weight"": -1}]",history_conv_dense/gp -history_conv_dense/white,joint_energy_scaled,"[31, 32, 33]","[0.025549807171032113, 0.017533605911279726, 0.025878047703117635]",0.022987153595143157,0.004725761548878138,"[0.017533605911279726, 0.025878047703117635]","Three paired optimization seeds on the fixed dataset; exploratory, no multiple-comparison correction",0.017533605911279726,0.025878047703117635
etth1_multi,gp_vs_white,"[{""head"": ""history_conv_dense"", ""source"": ""gp"", ""weight"": 1}, {""head"": ""history_conv_dense"", ""source"": ""white"", ""weight"": -1}]",history_conv_dense/gp -history_conv_dense/white,roughness_ratio,"[31, 32, 33]","[-2.522476465118671, -2.5250225802926445, -2.5093618694856685]",-2.5189536382989948,0.008403701407475516,"[-2.5250225802926445, -2.5093618694856685]","Three paired optimization seeds on the fixed dataset; exploratory, no multiple-comparison correction",,
etth1_multi,source_head_interaction,"[{""head"": ""history_conv_dense"", ""source"": ""gp"", ""weight"": 1}, {""head"": ""mlp"", ""source"": ""gp"", ""weight"": -1}, {""head"": ""history_conv_dense"", ""source"": ""white"", ""weight"": -1}, {""head"": ""mlp"", ""source"": ""white"", ""weight"": 1}]",history_conv_dense/gp -mlp/gp -history_conv_dense/white +mlp/white,fair_crps,"[31, 32, 33]","[-0.0523232099829497, 0.004837770135689479, -0.007517085256324496]",-0.01833417503452824,0.030076593648270013,"[-0.0523232099829497, 0.004837770135689479]","Three paired optimization seeds on the fixed dataset; exploratory, no multiple-comparison correction",-0.0523232099829497,0.004837770135689479
etth1_multi,source_head_interaction,"[{""head"": ""history_conv_dense"", ""source"": ""gp"", ""weight"": 1}, {""head"": ""mlp"", ""source"": ""gp"", ""weight"": -1}, {""head"": ""history_conv_dense"", ""source"": ""white"", ""weight"": -1}, {""head"": ""mlp"", ""source"": ""white"", ""weight"": 1}]",history_conv_dense/gp -mlp/gp -history_conv_dense/white +mlp/white,joint_energy_scaled,"[31, 32, 33]","[-0.03924593309055008, 0.00832042231533725, -0.012051423141571371]",-0.014325644638928067,0.02386458891776844,"[-0.03924593309055008, 0.00832042231533725]","Three paired optimization seeds on the fixed dataset; exploratory, no multiple-comparison correction",-0.03924593309055008,0.00832042231533725
etth1_multi,source_head_interaction,"[{""head"": ""history_conv_dense"", ""source"": ""gp"", ""weight"": 1}, {""head"": ""mlp"", ""source"": ""gp"", ""weight"": -1}, {""head"": ""history_conv_dense"", ""source"": ""white"", ""weight"": -1}, {""head"": ""mlp"", ""source"": ""white"", ""weight"": 1}]",history_conv_dense/gp -mlp/gp -history_conv_dense/white +mlp/white,roughness_ratio,"[31, 32, 33]","[0.11035922762815875, 0.11452126247016403, -0.019805767449071032]",0.06835824088308391,0.07638062520954338,"[-0.019805767449071032, 0.11452126247016403]","Three paired optimization seeds on the fixed dataset; exploratory, no multiple-comparison correction",,
etth1_multi,gp_vs_white,"[{""head"": ""history_conv_sparse"", ""source"": ""gp"", ""weight"": 1}, {""head"": ""history_conv_sparse"", ""source"": ""white"", ""weight"": -1}]",history_conv_sparse/gp -history_conv_sparse/white,fair_crps,"[31, 32, 33]","[-0.01609233095384599, -0.013148283044921882, 0.0003537083335193314]",-0.009628968555082848,0.008769676899360897,"[-0.01609233095384599, 0.0003537083335193314]","Three paired optimization seeds on the fixed dataset; exploratory, no multiple-comparison correction",-0.01609233095384599,0.0003537083335193314
etth1_multi,gp_vs_white,"[{""head"": ""history_conv_sparse"", ""source"": ""gp"", ""weight"": 1}, {""head"": ""history_conv_sparse"", ""source"": ""white"", ""weight"": -1}]",history_conv_sparse/gp -history_conv_sparse/white,joint_energy_scaled,"[31, 32, 33]","[0.03793059690379569, 0.006353920344270403, 0.021935144266495787]",0.02207322050485396,0.015788791100711852,"[0.006353920344270403, 0.03793059690379569]","Three paired optimization seeds on the fixed dataset; exploratory, no multiple-comparison correction",0.006353920344270403,0.03793059690379569
etth1_multi,gp_vs_white,"[{""head"": ""history_conv_sparse"", ""source"": ""gp"", ""weight"": 1}, {""head"": ""history_conv_sparse"", ""source"": ""white"", ""weight"": -1}]",history_conv_sparse/gp -history_conv_sparse/white,roughness_ratio,"[31, 32, 33]","[-2.5232281300813226, -2.5246094532120287, -2.4912338393204134]",-2.5130238075379214,0.018883300812831093,"[-2.5246094532120287, -2.4912338393204134]","Three paired optimization seeds on the fixed dataset; exploratory, no multiple-comparison correction",,
etth1_multi,source_head_interaction,"[{""head"": ""history_conv_sparse"", ""source"": ""gp"", ""weight"": 1}, {""head"": ""mlp"", ""source"": ""gp"", ""weight"": -1}, {""head"": ""history_conv_sparse"", ""source"": ""white"", ""weight"": -1}, {""head"": ""mlp"", ""source"": ""white"", ""weight"": 1}]",history_conv_sparse/gp -mlp/gp -history_conv_sparse/white +mlp/white,fair_crps,"[31, 32, 33]","[-0.05031360664643525, -0.0040078814768828575, -0.01328262989751755]",-0.02253470600694522,0.024500116940955836,"[-0.05031360664643525, -0.0040078814768828575]","Three paired optimization seeds on the fixed dataset; exploratory, no multiple-comparison correction",-0.05031360664643525,-0.0040078814768828575
etth1_multi,source_head_interaction,"[{""head"": ""history_conv_sparse"", ""source"": ""gp"", ""weight"": 1}, {""head"": ""mlp"", ""source"": ""gp"", ""weight"": -1}, {""head"": ""history_conv_sparse"", ""source"": ""white"", ""weight"": -1}, {""head"": ""mlp"", ""source"": ""white"", ""weight"": 1}]",history_conv_sparse/gp -mlp/gp -history_conv_sparse/white +mlp/white,joint_energy_scaled,"[31, 32, 33]","[-0.026865143357786503, -0.002859263251672073, -0.01599432657819322]",-0.015239577729217265,0.012020723950164484,"[-0.026865143357786503, -0.002859263251672073]","Three paired optimization seeds on the fixed dataset; exploratory, no multiple-comparison correction",-0.026865143357786503,-0.002859263251672073
etth1_multi,source_head_interaction,"[{""head"": ""history_conv_sparse"", ""source"": ""gp"", ""weight"": 1}, {""head"": ""mlp"", ""source"": ""gp"", ""weight"": -1}, {""head"": ""history_conv_sparse"", ""source"": ""white"", ""weight"": -1}, {""head"": ""mlp"", ""source"": ""white"", ""weight"": 1}]",history_conv_sparse/gp -mlp/gp -history_conv_sparse/white +mlp/white,roughness_ratio,"[31, 32, 33]","[0.10960756266550664, 0.11493438955077961, -0.0016777372838160387]",0.07428807164415674,0.06584221188361891,"[-0.0016777372838160387, 0.11493438955077961]","Three paired optimization seeds on the fixed dataset; exploratory, no multiple-comparison correction",,
etth1_multi,gp_vs_white,"[{""head"": ""dictionary_dense"", ""source"": ""gp"", ""weight"": 1}, {""head"": ""dictionary_dense"", ""source"": ""white"", ""weight"": -1}]",dictionary_dense/gp -dictionary_dense/white,fair_crps,"[31, 32, 33]","[-0.013525767451909254, 0.015406075234460914, 0.031112160862242666]",0.010997489548264775,0.022643164130908063,"[-0.013525767451909254, 0.031112160862242666]","Three paired optimization seeds on the fixed dataset; exploratory, no multiple-comparison correction",-0.013525767451909254,0.031112160862242666
etth1_multi,gp_vs_white,"[{""head"": ""dictionary_dense"", ""source"": ""gp"", ""weight"": 1}, {""head"": ""dictionary_dense"", ""source"": ""white"", ""weight"": -1}]",dictionary_dense/gp -dictionary_dense/white,joint_energy_scaled,"[31, 32, 33]","[0.02662663445738811, 0.04265721559125302, 0.04405521758197661]",0.03777968921020591,0.009684088761005375,"[0.02662663445738811, 0.04405521758197661]","Three paired optimization seeds on the fixed dataset; exploratory, no multiple-comparison correction",0.02662663445738811,0.04405521758197661
etth1_multi,gp_vs_white,"[{""head"": ""dictionary_dense"", ""source"": ""gp"", ""weight"": 1}, {""head"": ""dictionary_dense"", ""source"": ""white"", ""weight"": -1}]",dictionary_dense/gp -dictionary_dense/white,roughness_ratio,"[31, 32, 33]","[-2.8747385819038787, -2.796018740085051, -2.864731449010675]",-2.845162923666535,0.0428532234738939,"[-2.8747385819038787, -2.796018740085051]","Three paired optimization seeds on the fixed dataset; exploratory, no multiple-comparison correction",,
etth1_multi,source_head_interaction,"[{""head"": ""dictionary_dense"", ""source"": ""gp"", ""weight"": 1}, {""head"": ""mlp"", ""source"": ""gp"", ""weight"": -1}, {""head"": ""dictionary_dense"", ""source"": ""white"", ""weight"": -1}, {""head"": ""mlp"", ""source"": ""white"", ""weight"": 1}]",dictionary_dense/gp -mlp/gp -dictionary_dense/white +mlp/white,fair_crps,"[31, 32, 33]","[-0.04774704314449851, 0.02454647680249994, 0.017475822631205784]",-0.0019082479035975968,0.039854672241224624,"[-0.04774704314449851, 0.02454647680249994]","Three paired optimization seeds on the fixed dataset; exploratory, no multiple-comparison correction",-0.04774704314449851,0.02454647680249994
etth1_multi,source_head_interaction,"[{""head"": ""dictionary_dense"", ""source"": ""gp"", ""weight"": 1}, {""head"": ""mlp"", ""source"": ""gp"", ""weight"": -1}, {""head"": ""dictionary_dense"", ""source"": ""white"", ""weight"": -1}, {""head"": ""mlp"", ""source"": ""white"", ""weight"": 1}]",dictionary_dense/gp -mlp/gp -dictionary_dense/white +mlp/white,joint_energy_scaled,"[31, 32, 33]","[-0.03816910580419408, 0.03344403199531054, 0.006125746737287607]",0.00046689097613468916,0.03614038409821981,"[-0.03816910580419408, 0.03344403199531054]","Three paired optimization seeds on the fixed dataset; exploratory, no multiple-comparison correction",-0.03816910580419408,0.03344403199531054
etth1_multi,source_head_interaction,"[{""head"": ""dictionary_dense"", ""source"": ""gp"", ""weight"": 1}, {""head"": ""mlp"", ""source"": ""gp"", ""weight"": -1}, {""head"": ""dictionary_dense"", ""source"": ""white"", ""weight"": -1}, {""head"": ""mlp"", ""source"": ""white"", ""weight"": 1}]",dictionary_dense/gp -mlp/gp -dictionary_dense/white +mlp/white,roughness_ratio,"[31, 32, 33]","[-0.24190288915704916, -0.15647489732224273, -0.3751753469740772]",-0.25785104448445634,0.11021900658796999,"[-0.3751753469740772, -0.15647489732224273]","Three paired optimization seeds on the fixed dataset; exploratory, no multiple-comparison correction",,
etth1_multi,gp_vs_white,"[{""head"": ""dictionary_topk"", ""source"": ""gp"", ""weight"": 1}, {""head"": ""dictionary_topk"", ""source"": ""white"", ""weight"": -1}]",dictionary_topk/gp -dictionary_topk/white,fair_crps,"[31, 32, 33]","[0.008148919829344514, 0.003515118148828711, -0.01879376601431998]",-0.002376576012048918,0.014405246446402415,"[-0.01879376601431998, 0.008148919829344514]","Three paired optimization seeds on the fixed dataset; exploratory, no multiple-comparison correction",-0.01879376601431998,0.008148919829344514
etth1_multi,gp_vs_white,"[{""head"": ""dictionary_topk"", ""source"": ""gp"", ""weight"": 1}, {""head"": ""dictionary_topk"", ""source"": ""white"", ""weight"": -1}]",dictionary_topk/gp -dictionary_topk/white,joint_energy_scaled,"[31, 32, 33]","[0.01644440482039644, 0.026762828468711142, -0.010447323578547496]",0.01091996990352003,0.019210371930499653,"[-0.010447323578547496, 0.026762828468711142]","Three paired optimization seeds on the fixed dataset; exploratory, no multiple-comparison correction",-0.010447323578547496,0.026762828468711142
etth1_multi,gp_vs_white,"[{""head"": ""dictionary_topk"", ""source"": ""gp"", ""weight"": 1}, {""head"": ""dictionary_topk"", ""source"": ""white"", ""weight"": -1}]",dictionary_topk/gp -dictionary_topk/white,roughness_ratio,"[31, 32, 33]","[-2.9593246456786755, -3.326529931290379, -3.172395259836513]",-3.152749945601856,0.18438921938070832,"[-3.326529931290379, -2.9593246456786755]","Three paired optimization seeds on the fixed dataset; exploratory, no multiple-comparison correction",,
etth1_multi,source_head_interaction,"[{""head"": ""dictionary_topk"", ""source"": ""gp"", ""weight"": 1}, {""head"": ""mlp"", ""source"": ""gp"", ""weight"": -1}, {""head"": ""dictionary_topk"", ""source"": ""white"", ""weight"": -1}, {""head"": ""mlp"", ""source"": ""white"", ""weight"": 1}]",dictionary_topk/gp -mlp/gp -dictionary_topk/white +mlp/white,fair_crps,"[31, 32, 33]","[-0.026072355863244745, 0.012655519716867736, -0.03243010424535686]",-0.01528231346391129,0.024402809945789857,"[-0.03243010424535686, 0.012655519716867736]","Three paired optimization seeds on the fixed dataset; exploratory, no multiple-comparison correction",-0.03243010424535686,0.012655519716867736
etth1_multi,source_head_interaction,"[{""head"": ""dictionary_topk"", ""source"": ""gp"", ""weight"": 1}, {""head"": ""mlp"", ""source"": ""gp"", ""weight"": -1}, {""head"": ""dictionary_topk"", ""source"": ""white"", ""weight"": -1}, {""head"": ""mlp"", ""source"": ""white"", ""weight"": 1}]",dictionary_topk/gp -mlp/gp -dictionary_topk/white +mlp/white,joint_energy_scaled,"[31, 32, 33]","[-0.04835133544118575, 0.017549644872768666, -0.0483767944232365]",-0.026392828330551194,0.03805530022819824,"[-0.0483767944232365, 0.017549644872768666]","Three paired optimization seeds on the fixed dataset; exploratory, no multiple-comparison correction",-0.0483767944232365,0.017549644872768666
etth1_multi,source_head_interaction,"[{""head"": ""dictionary_topk"", ""source"": ""gp"", ""weight"": 1}, {""head"": ""mlp"", ""source"": ""gp"", ""weight"": -1}, {""head"": ""dictionary_topk"", ""source"": ""white"", ""weight"": -1}, {""head"": ""mlp"", ""source"": ""white"", ""weight"": 1}]",dictionary_topk/gp -mlp/gp -dictionary_topk/white +mlp/white,roughness_ratio,"[31, 32, 33]","[-0.3264889529318461, -0.6869860885275701, -0.6828391577999153]",-0.5654380664197772,0.2069463901258394,"[-0.6869860885275701, -0.3264889529318461]","Three paired optimization seeds on the fixed dataset; exploratory, no multiple-comparison correction",,
etth1_multi,gp_vs_white,"[{""head"": ""moe_dense"", ""source"": ""gp"", ""weight"": 1}, {""head"": ""moe_dense"", ""source"": ""white"", ""weight"": -1}]",moe_dense/gp -moe_dense/white,fair_crps,"[31, 32, 33]","[-0.05987540415627923, 0.011681226680558987, -0.012932862607098528]",-0.020375680027606258,0.03635429139106065,"[-0.05987540415627923, 0.011681226680558987]","Three paired optimization seeds on the fixed dataset; exploratory, no multiple-comparison correction",-0.05987540415627923,0.011681226680558987
etth1_multi,gp_vs_white,"[{""head"": ""moe_dense"", ""source"": ""gp"", ""weight"": 1}, {""head"": ""moe_dense"", ""source"": ""white"", ""weight"": -1}]",moe_dense/gp -moe_dense/white,joint_energy_scaled,"[31, 32, 33]","[-0.03334236460760842, 0.034376475627589775, 0.007112842397603292]",0.002715651139194882,0.03407288950063293,"[-0.03334236460760842, 0.034376475627589775]","Three paired optimization seeds on the fixed dataset; exploratory, no multiple-comparison correction",-0.03334236460760842,0.034376475627589775
etth1_multi,gp_vs_white,"[{""head"": ""moe_dense"", ""source"": ""gp"", ""weight"": 1}, {""head"": ""moe_dense"", ""source"": ""white"", ""weight"": -1}]",moe_dense/gp -moe_dense/white,roughness_ratio,"[31, 32, 33]","[-3.0474860722847685, -3.0625026365980146, -2.908358145475703]",-3.006115618119495,0.0849927461270657,"[-3.0625026365980146, -2.908358145475703]","Three paired optimization seeds on the fixed dataset; exploratory, no multiple-comparison correction",,
etth1_multi,source_head_interaction,"[{""head"": ""moe_dense"", ""source"": ""gp"", ""weight"": 1}, {""head"": ""mlp"", ""source"": ""gp"", ""weight"": -1}, {""head"": ""moe_dense"", ""source"": ""white"", ""weight"": -1}, {""head"": ""mlp"", ""source"": ""white"", ""weight"": 1}]",moe_dense/gp -mlp/gp -moe_dense/white +mlp/white,fair_crps,"[31, 32, 33]","[-0.09409667984886849, 0.020821628248598012, -0.02656920083813541]",-0.03328141747946863,0.05775244387189344,"[-0.09409667984886849, 0.020821628248598012]","Three paired optimization seeds on the fixed dataset; exploratory, no multiple-comparison correction",-0.09409667984886849,0.020821628248598012
etth1_multi,source_head_interaction,"[{""head"": ""moe_dense"", ""source"": ""gp"", ""weight"": 1}, {""head"": ""mlp"", ""source"": ""gp"", ""weight"": -1}, {""head"": ""moe_dense"", ""source"": ""white"", ""weight"": -1}, {""head"": ""mlp"", ""source"": ""white"", ""weight"": 1}]",moe_dense/gp -mlp/gp -moe_dense/white +mlp/white,joint_energy_scaled,"[31, 32, 33]","[-0.09813810486919061, 0.0251632920316473, -0.030816628447085714]",-0.034597147094876345,0.06173757251754566,"[-0.09813810486919061, 0.0251632920316473]","Three paired optimization seeds on the fixed dataset; exploratory, no multiple-comparison correction",-0.09813810486919061,0.0251632920316473
etth1_multi,source_head_interaction,"[{""head"": ""moe_dense"", ""source"": ""gp"", ""weight"": 1}, {""head"": ""mlp"", ""source"": ""gp"", ""weight"": -1}, {""head"": ""moe_dense"", ""source"": ""white"", ""weight"": -1}, {""head"": ""mlp"", ""source"": ""white"", ""weight"": 1}]",moe_dense/gp -mlp/gp -moe_dense/white +mlp/white,roughness_ratio,"[31, 32, 33]","[-0.41465037953793904, -0.42295879383520596, -0.41880204343910543]",-0.4188037389374168,0.004154207408133739,"[-0.42295879383520596, -0.41465037953793904]","Three paired optimization seeds on the fixed dataset; exploratory, no multiple-comparison correction",,
etth1_multi,gp_vs_white,"[{""head"": ""moe_topk"", ""source"": ""gp"", ""weight"": 1}, {""head"": ""moe_topk"", ""source"": ""white"", ""weight"": -1}]",moe_topk/gp -moe_topk/white,fair_crps,"[31, 32, 33]","[-0.07578552853814874, -0.0677883474953187, -0.05007338202464395]",-0.06454908601937047,0.01315858011964649,"[-0.07578552853814874, -0.05007338202464395]","Three paired optimization seeds on the fixed dataset; exploratory, no multiple-comparison correction",-0.07578552853814874,-0.05007338202464395
etth1_multi,gp_vs_white,"[{""head"": ""moe_topk"", ""source"": ""gp"", ""weight"": 1}, {""head"": ""moe_topk"", ""source"": ""white"", ""weight"": -1}]",moe_topk/gp -moe_topk/white,joint_energy_scaled,"[31, 32, 33]","[-0.06783640445726558, -0.06048513060167604, -0.03143494133056918]",-0.0532521587965036,0.019248468518089278,"[-0.06783640445726558, -0.03143494133056918]","Three paired optimization seeds on the fixed dataset; exploratory, no multiple-comparison correction",-0.06783640445726558,-0.03143494133056918
etth1_multi,gp_vs_white,"[{""head"": ""moe_topk"", ""source"": ""gp"", ""weight"": 1}, {""head"": ""moe_topk"", ""source"": ""white"", ""weight"": -1}]",moe_topk/gp -moe_topk/white,roughness_ratio,"[31, 32, 33]","[-3.233742688309983, -3.168581120567338, -3.2356694481832653]",-3.212664419020195,0.03818940956292861,"[-3.2356694481832653, -3.168581120567338]","Three paired optimization seeds on the fixed dataset; exploratory, no multiple-comparison correction",,
etth1_multi,source_head_interaction,"[{""head"": ""moe_topk"", ""source"": ""gp"", ""weight"": 1}, {""head"": ""mlp"", ""source"": ""gp"", ""weight"": -1}, {""head"": ""moe_topk"", ""source"": ""white"", ""weight"": -1}, {""head"": ""mlp"", ""source"": ""white"", ""weight"": 1}]",moe_topk/gp -mlp/gp -moe_topk/white +mlp/white,fair_crps,"[31, 32, 33]","[-0.110006804230738, -0.05864794592727968, -0.06370972025568084]",-0.07745482347123284,0.02830422191764527,"[-0.110006804230738, -0.05864794592727968]","Three paired optimization seeds on the fixed dataset; exploratory, no multiple-comparison correction",-0.110006804230738,-0.05864794592727968
etth1_multi,source_head_interaction,"[{""head"": ""moe_topk"", ""source"": ""gp"", ""weight"": 1}, {""head"": ""mlp"", ""source"": ""gp"", ""weight"": -1}, {""head"": ""moe_topk"", ""source"": ""white"", ""weight"": -1}, {""head"": ""mlp"", ""source"": ""white"", ""weight"": 1}]",moe_topk/gp -mlp/gp -moe_topk/white +mlp/white,joint_energy_scaled,"[31, 32, 33]","[-0.13263214471884777, -0.06969831419761852, -0.06936441217525818]",-0.09056495703057482,0.03643163573929149,"[-0.13263214471884777, -0.06936441217525818]","Three paired optimization seeds on the fixed dataset; exploratory, no multiple-comparison correction",-0.13263214471884777,-0.06936441217525818
etth1_multi,source_head_interaction,"[{""head"": ""moe_topk"", ""source"": ""gp"", ""weight"": 1}, {""head"": ""mlp"", ""source"": ""gp"", ""weight"": -1}, {""head"": ""moe_topk"", ""source"": ""white"", ""weight"": -1}, {""head"": ""mlp"", ""source"": ""white"", ""weight"": 1}]",moe_topk/gp -mlp/gp -moe_topk/white +mlp/white,roughness_ratio,"[31, 32, 33]","[-0.6009069955631537, -0.5290372778045292, -0.7461133461466679]",-0.6253525398381169,0.11058342252749552,"[-0.7461133461466679, -0.5290372778045292]","Three paired optimization seeds on the fixed dataset; exploratory, no multiple-comparison correction",,
exchange_multi,new_vs_mlp,"[{""head"": ""mlp_whitened"", ""source"": ""white"", ""weight"": 1}, {""head"": ""mlp"", ""source"": ""white"", ""weight"": -1}]",mlp_whitened/white -mlp/white,fair_crps,"[31, 32, 33]","[0.2588893911780274, 0.6208065559189058, 0.3005240668636863]",0.3934066713202065,0.19803129094031785,"[0.2588893911780274, 0.6208065559189058]","Three paired optimization seeds on the fixed dataset; exploratory, no multiple-comparison correction",0.2588893911780274,0.6208065559189058
exchange_multi,new_vs_mlp,"[{""head"": ""mlp_whitened"", ""source"": ""white"", ""weight"": 1}, {""head"": ""mlp"", ""source"": ""white"", ""weight"": -1}]",mlp_whitened/white -mlp/white,joint_energy_scaled,"[31, 32, 33]","[0.31668610571737665, 0.7270129382098438, 0.354372531879171]",0.4660238586021305,0.22680727817923543,"[0.31668610571737665, 0.7270129382098438]","Three paired optimization seeds on the fixed dataset; exploratory, no multiple-comparison correction",0.31668610571737665,0.7270129382098438
exchange_multi,new_vs_mlp,"[{""head"": ""mlp_whitened"", ""source"": ""white"", ""weight"": 1}, {""head"": ""mlp"", ""source"": ""white"", ""weight"": -1}]",mlp_whitened/white -mlp/white,roughness_ratio,"[31, 32, 33]","[10.183368170461474, 10.784688008635012, 13.949923748251724]",11.639326642449404,2.023497127735003,"[10.183368170461474, 13.949923748251724]","Three paired optimization seeds on the fixed dataset; exploratory, no multiple-comparison correction",,
exchange_multi,new_vs_mlp,"[{""head"": ""mlp_whitened"", ""source"": ""white"", ""weight"": 1}, {""head"": ""mlp"", ""source"": ""white"", ""weight"": -1}]",mlp_whitened/white -mlp/white,velocity_pc1_mse,"[31, 32, 33]","[-11.765413452185111, 110.45103233889512, 15.634609455911558]",38.10674278087385,64.13238251914687,"[-11.765413452185111, 110.45103233889512]","Three paired optimization seeds on the fixed dataset; exploratory, no multiple-comparison correction",,
exchange_multi,new_vs_mlp,"[{""head"": ""mlp_whitened"", ""source"": ""white"", ""weight"": 1}, {""head"": ""mlp"", ""source"": ""white"", ""weight"": -1}]",mlp_whitened/white -mlp/white,velocity_residual_mse,"[31, 32, 33]","[0.6216714199158236, 0.6515881288502993, 0.7873130938277544]",0.6868575475312925,0.08827366512532485,"[0.6216714199158236, 0.7873130938277544]","Three paired optimization seeds on the fixed dataset; exploratory, no multiple-comparison correction",,
exchange_multi,new_vs_mlp,"[{""head"": ""mlp_whitened"", ""source"": ""white"", ""weight"": 1}, {""head"": ""mlp"", ""source"": ""white"", ""weight"": -1}]",mlp_whitened/white -mlp/white,velocity_residual_normalized_mse,"[31, 32, 33]","[0.03362810172431541, -0.000722124285051029, 0.11247288773187614]",0.04845962172371351,0.058036696800364856,"[-0.000722124285051029, 0.11247288773187614]","Three paired optimization seeds on the fixed dataset; exploratory, no multiple-comparison correction",,
exchange_multi,new_vs_mlp,"[{""head"": ""mlp_balanced"", ""source"": ""white"", ""weight"": 1}, {""head"": ""mlp"", ""source"": ""white"", ""weight"": -1}]",mlp_balanced/white -mlp/white,fair_crps,"[31, 32, 33]","[0.8766208195845326, 0.7276180127296143, 0.7961823503918339]",0.8001403942353269,0.07458021651860017,"[0.7276180127296143, 0.8766208195845326]","Three paired optimization seeds on the fixed dataset; exploratory, no multiple-comparison correction",0.7276180127296143,0.8766208195845326
exchange_multi,new_vs_mlp,"[{""head"": ""mlp_balanced"", ""source"": ""white"", ""weight"": 1}, {""head"": ""mlp"", ""source"": ""white"", ""weight"": -1}]",mlp_balanced/white -mlp/white,joint_energy_scaled,"[31, 32, 33]","[1.0053673960455187, 0.8416622748079281, 0.9257037175643583]",0.9242444628059351,0.08186231580031832,"[0.8416622748079281, 1.0053673960455187]","Three paired optimization seeds on the fixed dataset; exploratory, no multiple-comparison correction",0.8416622748079282,1.0053673960455187
exchange_multi,new_vs_mlp,"[{""head"": ""mlp_balanced"", ""source"": ""white"", ""weight"": 1}, {""head"": ""mlp"", ""source"": ""white"", ""weight"": -1}]",mlp_balanced/white -mlp/white,roughness_ratio,"[31, 32, 33]","[7.365934939563363, 8.08439001832772, 7.912280677295762]",7.787535211728948,0.37512064517323684,"[7.365934939563363, 8.08439001832772]","Three paired optimization seeds on the fixed dataset; exploratory, no multiple-comparison correction",,
exchange_multi,new_vs_mlp,"[{""head"": ""mlp_balanced"", ""source"": ""white"", ""weight"": 1}, {""head"": ""mlp"", ""source"": ""white"", ""weight"": -1}]",mlp_balanced/white -mlp/white,velocity_pc1_mse,"[31, 32, 33]","[237.83062725432524, 252.54643374779215, 245.3056502108452]",245.22757040432086,7.358213949759202,"[237.83062725432524, 252.54643374779215]","Three paired optimization seeds on the fixed dataset; exploratory, no multiple-comparison correction",,
exchange_multi,new_vs_mlp,"[{""head"": ""mlp_balanced"", ""source"": ""white"", ""weight"": 1}, {""head"": ""mlp"", ""source"": ""white"", ""weight"": -1}]",mlp_balanced/white -mlp/white,velocity_residual_mse,"[31, 32, 33]","[0.769696723353691, 0.2905727101063582, 0.611002916851364]",0.5570907834371377,0.2440693418160351,"[0.2905727101063582, 0.769696723353691]","Three paired optimization seeds on the fixed dataset; exploratory, no multiple-comparison correction",,
exchange_multi,new_vs_mlp,"[{""head"": ""mlp_balanced"", ""source"": ""white"", ""weight"": 1}, {""head"": ""mlp"", ""source"": ""white"", ""weight"": -1}]",mlp_balanced/white -mlp/white,velocity_residual_normalized_mse,"[31, 32, 33]","[0.05442035547890722, -0.07372095849193694, 0.031965900768612165]",0.004221765918527483,0.06842771259130599,"[-0.07372095849193694, 0.05442035547890722]","Three paired optimization seeds on the fixed dataset; exploratory, no multiple-comparison correction",,
exchange_multi,new_vs_mlp,"[{""head"": ""history_dense_ae"", ""source"": ""white"", ""weight"": 1}, {""head"": ""mlp"", ""source"": ""white"", ""weight"": -1}]",history_dense_ae/white -mlp/white,fair_crps,"[31, 32, 33]","[0.05739962412101335, 0.0015892769770093351, 0.031827878660464826]",0.030272259919495836,0.027937674819748327,"[0.0015892769770093351, 0.05739962412101335]","Three paired optimization seeds on the fixed dataset; exploratory, no multiple-comparison correction",0.0015892769770093351,0.05739962412101335
exchange_multi,new_vs_mlp,"[{""head"": ""history_dense_ae"", ""source"": ""white"", ""weight"": 1}, {""head"": ""mlp"", ""source"": ""white"", ""weight"": -1}]",history_dense_ae/white -mlp/white,joint_energy_scaled,"[31, 32, 33]","[0.06562412541482182, -0.0005007671651537926, 0.04643607663285265]",0.03718647829417356,0.03401898964914302,"[-0.0005007671651537926, 0.06562412541482182]","Three paired optimization seeds on the fixed dataset; exploratory, no multiple-comparison correction",-0.0005007671651537926,0.06562412541482182
exchange_multi,new_vs_mlp,"[{""head"": ""history_dense_ae"", ""source"": ""white"", ""weight"": 1}, {""head"": ""mlp"", ""source"": ""white"", ""weight"": -1}]",history_dense_ae/white -mlp/white,roughness_ratio,"[31, 32, 33]","[4.42130255882299, 5.15561796599993, 4.614255025066857]",4.730391849963259,0.3806843848611628,"[4.42130255882299, 5.15561796599993]","Three paired optimization seeds on the fixed dataset; exploratory, no multiple-comparison correction",,
exchange_multi,new_vs_mlp,"[{""head"": ""history_dense_ae"", ""source"": ""white"", ""weight"": 1}, {""head"": ""mlp"", ""source"": ""white"", ""weight"": -1}]",history_dense_ae/white -mlp/white,velocity_pc1_mse,"[31, 32, 33]","[-23.891903197416074, -1.5437140104489675, -11.948092915984263]",-12.461236707949768,11.18292794385902,"[-23.891903197416074, -1.5437140104489675]","Three paired optimization seeds on the fixed dataset; exploratory, no multiple-comparison correction",,
exchange_multi,new_vs_mlp,"[{""head"": ""history_dense_ae"", ""source"": ""white"", ""weight"": 1}, {""head"": ""mlp"", ""source"": ""white"", ""weight"": -1}]",history_dense_ae/white -mlp/white,velocity_residual_mse,"[31, 32, 33]","[0.2760539517072361, 0.09428069087662128, 0.2628034783559626]",0.21104604031327334,0.10133856069041933,"[0.09428069087662128, 0.2760539517072361]","Three paired optimization seeds on the fixed dataset; exploratory, no multiple-comparison correction",,
exchange_multi,new_vs_mlp,"[{""head"": ""history_dense_ae"", ""source"": ""white"", ""weight"": 1}, {""head"": ""mlp"", ""source"": ""white"", ""weight"": -1}]",history_dense_ae/white -mlp/white,velocity_residual_normalized_mse,"[31, 32, 33]","[0.14077719422481727, 0.06831967430392516, 0.15625360478061967]",0.1217834911031207,0.04694320612161461,"[0.06831967430392516, 0.15625360478061967]","Three paired optimization seeds on the fixed dataset; exploratory, no multiple-comparison correction",,
exchange_multi,new_vs_mlp,"[{""head"": ""history_topk_ae"", ""source"": ""white"", ""weight"": 1}, {""head"": ""mlp"", ""source"": ""white"", ""weight"": -1}]",history_topk_ae/white -mlp/white,fair_crps,"[31, 32, 33]","[0.15061161283799124, 0.09211687066334506, 0.08908759059494364]",0.11060535803209331,0.03467952496977181,"[0.08908759059494364, 0.15061161283799124]","Three paired optimization seeds on the fixed dataset; exploratory, no multiple-comparison correction",0.08908759059494364,0.15061161283799124
exchange_multi,new_vs_mlp,"[{""head"": ""history_topk_ae"", ""source"": ""white"", ""weight"": 1}, {""head"": ""mlp"", ""source"": ""white"", ""weight"": -1}]",history_topk_ae/white -mlp/white,joint_energy_scaled,"[31, 32, 33]","[0.17092160981383786, 0.11588472648036419, 0.11929781964505842]",0.1353680519797535,0.030837540550989265,"[0.11588472648036419, 0.17092160981383786]","Three paired optimization seeds on the fixed dataset; exploratory, no multiple-comparison correction",0.11588472648036419,0.17092160981383786
exchange_multi,new_vs_mlp,"[{""head"": ""history_topk_ae"", ""source"": ""white"", ""weight"": 1}, {""head"": ""mlp"", ""source"": ""white"", ""weight"": -1}]",history_topk_ae/white -mlp/white,roughness_ratio,"[31, 32, 33]","[4.506348295262335, 4.250069391963475, 4.346834520390939]",4.367750735872249,0.12941342713011675,"[4.250069391963475, 4.506348295262335]","Three paired optimization seeds on the fixed dataset; exploratory, no multiple-comparison correction",,
exchange_multi,new_vs_mlp,"[{""head"": ""history_topk_ae"", ""source"": ""white"", ""weight"": 1}, {""head"": ""mlp"", ""source"": ""white"", ""weight"": -1}]",history_topk_ae/white -mlp/white,velocity_pc1_mse,"[31, 32, 33]","[-13.987867490719474, 3.354595676090243, -10.086632919009682]",-6.906634911212971,9.098051861263004,"[-13.987867490719474, 3.354595676090243]","Three paired optimization seeds on the fixed dataset; exploratory, no multiple-comparison correction",,
exchange_multi,new_vs_mlp,"[{""head"": ""history_topk_ae"", ""source"": ""white"", ""weight"": 1}, {""head"": ""mlp"", ""source"": ""white"", ""weight"": -1}]",history_topk_ae/white -mlp/white,velocity_residual_mse,"[31, 32, 33]","[0.4431972859091866, 0.2368620507696353, 0.4726252091533707]",0.3842281819440642,0.12846821836394262,"[0.2368620507696353, 0.4726252091533707]","Three paired optimization seeds on the fixed dataset; exploratory, no multiple-comparison correction",,
exchange_multi,new_vs_mlp,"[{""head"": ""history_topk_ae"", ""source"": ""white"", ""weight"": 1}, {""head"": ""mlp"", ""source"": ""white"", ""weight"": -1}]",history_topk_ae/white -mlp/white,velocity_residual_normalized_mse,"[31, 32, 33]","[0.188184983392635, 0.11619857696161329, 0.22878494005165206]",0.17772283346863346,0.05701767028066585,"[0.11619857696161329, 0.22878494005165206]","Three paired optimization seeds on the fixed dataset; exploratory, no multiple-comparison correction",,
exchange_multi,new_vs_mlp,"[{""head"": ""history_conv_dense"", ""source"": ""white"", ""weight"": 1}, {""head"": ""mlp"", ""source"": ""white"", ""weight"": -1}]",history_conv_dense/white -mlp/white,fair_crps,"[31, 32, 33]","[-0.005743937741106042, 0.06720709252826002, -0.05260699213619263]",0.0029520542169871136,0.06037854691938662,"[-0.05260699213619263, 0.06720709252826002]","Three paired optimization seeds on the fixed dataset; exploratory, no multiple-comparison correction",-0.05260699213619263,0.06720709252826002
exchange_multi,new_vs_mlp,"[{""head"": ""history_conv_dense"", ""source"": ""white"", ""weight"": 1}, {""head"": ""mlp"", ""source"": ""white"", ""weight"": -1}]",history_conv_dense/white -mlp/white,joint_energy_scaled,"[31, 32, 33]","[-0.003811922389801825, 0.08505698704300135, -0.0631742581246299]",0.0060236021761898755,0.0746034762501237,"[-0.0631742581246299, 0.08505698704300135]","Three paired optimization seeds on the fixed dataset; exploratory, no multiple-comparison correction",-0.0631742581246299,0.08505698704300135
exchange_multi,new_vs_mlp,"[{""head"": ""history_conv_dense"", ""source"": ""white"", ""weight"": 1}, {""head"": ""mlp"", ""source"": ""white"", ""weight"": -1}]",history_conv_dense/white -mlp/white,roughness_ratio,"[31, 32, 33]","[-1.3476378285297628, -0.18151366136008562, 0.11071479893809055]",-0.4728122303172526,0.771582295492819,"[-1.3476378285297628, 0.11071479893809055]","Three paired optimization seeds on the fixed dataset; exploratory, no multiple-comparison correction",,
exchange_multi,new_vs_mlp,"[{""head"": ""history_conv_dense"", ""source"": ""white"", ""weight"": 1}, {""head"": ""mlp"", ""source"": ""white"", ""weight"": -1}]",history_conv_dense/white -mlp/white,velocity_pc1_mse,"[31, 32, 33]","[-21.966837548100493, -1.55113092225821, -14.76474454561349]",-12.760904338657397,10.354313156331303,"[-21.966837548100493, -1.55113092225821]","Three paired optimization seeds on the fixed dataset; exploratory, no multiple-comparison correction",,
exchange_multi,new_vs_mlp,"[{""head"": ""history_conv_dense"", ""source"": ""white"", ""weight"": 1}, {""head"": ""mlp"", ""source"": ""white"", ""weight"": -1}]",history_conv_dense/white -mlp/white,velocity_residual_mse,"[31, 32, 33]","[-0.008090276129166574, 0.030892098709132565, -0.014921752497286889]",0.0026266900275597007,0.024715729066614595,"[-0.014921752497286889, 0.030892098709132565]","Three paired optimization seeds on the fixed dataset; exploratory, no multiple-comparison correction",,
exchange_multi,new_vs_mlp,"[{""head"": ""history_conv_dense"", ""source"": ""white"", ""weight"": 1}, {""head"": ""mlp"", ""source"": ""white"", ""weight"": -1}]",history_conv_dense/white -mlp/white,velocity_residual_normalized_mse,"[31, 32, 33]","[0.013673373048263326, 0.017211063819544292, 0.009829480668057888]",0.013571305845288503,0.0036918499077047153,"[0.009829480668057888, 0.017211063819544292]","Three paired optimization seeds on the fixed dataset; exploratory, no multiple-comparison correction",,
exchange_multi,new_vs_mlp,"[{""head"": ""history_conv_sparse"", ""source"": ""white"", ""weight"": 1}, {""head"": ""mlp"", ""source"": ""white"", ""weight"": -1}]",history_conv_sparse/white -mlp/white,fair_crps,"[31, 32, 33]","[-0.0648335427041416, -0.056557112117703534, -0.019905151041615554]",-0.047098601954486896,0.023911036264162397,"[-0.0648335427041416, -0.019905151041615554]","Three paired optimization seeds on the fixed dataset; exploratory, no multiple-comparison correction",-0.0648335427041416,-0.019905151041615554
exchange_multi,new_vs_mlp,"[{""head"": ""history_conv_sparse"", ""source"": ""white"", ""weight"": 1}, {""head"": ""mlp"", ""source"": ""white"", ""weight"": -1}]",history_conv_sparse/white -mlp/white,joint_energy_scaled,"[31, 32, 33]","[-0.07665661978982963, -0.07077038722535173, -0.024714844756171084]",-0.05738061725711748,0.02844207188767143,"[-0.07665661978982963, -0.024714844756171084]","Three paired optimization seeds on the fixed dataset; exploratory, no multiple-comparison correction",-0.07665661978982963,-0.024714844756171084
exchange_multi,new_vs_mlp,"[{""head"": ""history_conv_sparse"", ""source"": ""white"", ""weight"": 1}, {""head"": ""mlp"", ""source"": ""white"", ""weight"": -1}]",history_conv_sparse/white -mlp/white,roughness_ratio,"[31, 32, 33]","[-1.5221975172186681, -1.4005861173288068, 0.45624341628481346]",-0.8221800727542204,1.108815717845326,"[-1.5221975172186681, 0.45624341628481346]","Three paired optimization seeds on the fixed dataset; exploratory, no multiple-comparison correction",,
exchange_multi,new_vs_mlp,"[{""head"": ""history_conv_sparse"", ""source"": ""white"", ""weight"": 1}, {""head"": ""mlp"", ""source"": ""white"", ""weight"": -1}]",history_conv_sparse/white -mlp/white,velocity_pc1_mse,"[31, 32, 33]","[-20.94695486191757, 5.122301243597777, -14.657668141030925]",-10.160773919783573,13.603972644104852,"[-20.94695486191757, 5.122301243597777]","Three paired optimization seeds on the fixed dataset; exploratory, no multiple-comparison correction",,
exchange_multi,new_vs_mlp,"[{""head"": ""history_conv_sparse"", ""source"": ""white"", ""weight"": 1}, {""head"": ""mlp"", ""source"": ""white"", ""weight"": -1}]",history_conv_sparse/white -mlp/white,velocity_residual_mse,"[31, 32, 33]","[-0.0913687154876015, -0.18342396338984313, 0.02168686006062437]",-0.08436860627227342,0.10273443249905118,"[-0.18342396338984313, 0.02168686006062437]","Three paired optimization seeds on the fixed dataset; exploratory, no multiple-comparison correction",,
exchange_multi,new_vs_mlp,"[{""head"": ""history_conv_sparse"", ""source"": ""white"", ""weight"": 1}, {""head"": ""mlp"", ""source"": ""white"", ""weight"": -1}]",history_conv_sparse/white -mlp/white,velocity_residual_normalized_mse,"[31, 32, 33]","[-0.035414007609906095, -0.08319839042220667, 0.025116175878468594]",-0.031165407384548056,0.054282126626837575,"[-0.08319839042220667, 0.025116175878468594]","Three paired optimization seeds on the fixed dataset; exploratory, no multiple-comparison correction",,
exchange_multi,new_vs_mlp,"[{""head"": ""dictionary_dense"", ""source"": ""white"", ""weight"": 1}, {""head"": ""mlp"", ""source"": ""white"", ""weight"": -1}]",dictionary_dense/white -mlp/white,fair_crps,"[31, 32, 33]","[0.12829571550368157, 0.08486677586445063, -0.008345795538344802]",0.06827223194326247,0.06981589934195674,"[-0.008345795538344802, 0.12829571550368157]","Three paired optimization seeds on the fixed dataset; exploratory, no multiple-comparison correction",-0.008345795538344802,0.12829571550368157
exchange_multi,new_vs_mlp,"[{""head"": ""dictionary_dense"", ""source"": ""white"", ""weight"": 1}, {""head"": ""mlp"", ""source"": ""white"", ""weight"": -1}]",dictionary_dense/white -mlp/white,joint_energy_scaled,"[31, 32, 33]","[0.15554733566645884, 0.10942288383506793, -0.006830261083893341]",0.08604665280587781,0.08367471012469986,"[-0.006830261083893341, 0.15554733566645884]","Three paired optimization seeds on the fixed dataset; exploratory, no multiple-comparison correction",-0.006830261083893341,0.15554733566645884
exchange_multi,new_vs_mlp,"[{""head"": ""dictionary_dense"", ""source"": ""white"", ""weight"": 1}, {""head"": ""mlp"", ""source"": ""white"", ""weight"": -1}]",dictionary_dense/white -mlp/white,roughness_ratio,"[31, 32, 33]","[2.2699266696502924, 2.610572832085829, 4.259895497812366]",3.046798333182829,1.0642901390690793,"[2.2699266696502924, 4.259895497812366]","Three paired optimization seeds on the fixed dataset; exploratory, no multiple-comparison correction",,
exchange_multi,new_vs_mlp,"[{""head"": ""dictionary_dense"", ""source"": ""white"", ""weight"": 1}, {""head"": ""mlp"", ""source"": ""white"", ""weight"": -1}]",dictionary_dense/white -mlp/white,velocity_pc1_mse,"[31, 32, 33]","[-4.878380150055367, 10.604232350912023, -12.68939717892948]",-2.3211816593576082,11.855494180294476,"[-12.68939717892948, 10.604232350912023]","Three paired optimization seeds on the fixed dataset; exploratory, no multiple-comparison correction",,
exchange_multi,new_vs_mlp,"[{""head"": ""dictionary_dense"", ""source"": ""white"", ""weight"": 1}, {""head"": ""mlp"", ""source"": ""white"", ""weight"": -1}]",dictionary_dense/white -mlp/white,velocity_residual_mse,"[31, 32, 33]","[0.23225431218304637, 0.1339635962672281, 0.13628049648391471]",0.1674994683113964,0.05609130378485461,"[0.1339635962672281, 0.23225431218304637]","Three paired optimization seeds on the fixed dataset; exploratory, no multiple-comparison correction",,
exchange_multi,new_vs_mlp,"[{""head"": ""dictionary_dense"", ""source"": ""white"", ""weight"": 1}, {""head"": ""mlp"", ""source"": ""white"", ""weight"": -1}]",dictionary_dense/white -mlp/white,velocity_residual_normalized_mse,"[31, 32, 33]","[0.37759758498508456, 0.30615226115136907, 0.3684076638917563]",0.3507191700094033,0.03886863370760089,"[0.30615226115136907, 0.37759758498508456]","Three paired optimization seeds on the fixed dataset; exploratory, no multiple-comparison correction",,
exchange_multi,new_vs_mlp,"[{""head"": ""dictionary_topk"", ""source"": ""white"", ""weight"": 1}, {""head"": ""mlp"", ""source"": ""white"", ""weight"": -1}]",dictionary_topk/white -mlp/white,fair_crps,"[31, 32, 33]","[0.21355309223403046, 0.19888344682462328, 0.15183298644784943]",0.18808984183550104,0.03224467856965312,"[0.15183298644784943, 0.21355309223403046]","Three paired optimization seeds on the fixed dataset; exploratory, no multiple-comparison correction",0.15183298644784943,0.21355309223403043
exchange_multi,new_vs_mlp,"[{""head"": ""dictionary_topk"", ""source"": ""white"", ""weight"": 1}, {""head"": ""mlp"", ""source"": ""white"", ""weight"": -1}]",dictionary_topk/white -mlp/white,joint_energy_scaled,"[31, 32, 33]","[0.26365713251179634, 0.23619683733069752, 0.18758867959302455]",0.22914754981183946,0.038521055583362405,"[0.18758867959302455, 0.26365713251179634]","Three paired optimization seeds on the fixed dataset; exploratory, no multiple-comparison correction",0.18758867959302453,0.26365713251179634
exchange_multi,new_vs_mlp,"[{""head"": ""dictionary_topk"", ""source"": ""white"", ""weight"": 1}, {""head"": ""mlp"", ""source"": ""white"", ""weight"": -1}]",dictionary_topk/white -mlp/white,roughness_ratio,"[31, 32, 33]","[14.89759860129534, 16.36312694339292, 17.160656641547614]",16.140460728745293,1.1478428053295213,"[14.89759860129534, 17.160656641547614]","Three paired optimization seeds on the fixed dataset; exploratory, no multiple-comparison correction",,
exchange_multi,new_vs_mlp,"[{""head"": ""dictionary_topk"", ""source"": ""white"", ""weight"": 1}, {""head"": ""mlp"", ""source"": ""white"", ""weight"": -1}]",dictionary_topk/white -mlp/white,velocity_pc1_mse,"[31, 32, 33]","[-13.753571513801205, 1.7711488894491971, -5.640612233177617]",-5.874344952509875,7.764998978611631,"[-13.753571513801205, 1.7711488894491971]","Three paired optimization seeds on the fixed dataset; exploratory, no multiple-comparison correction",,
exchange_multi,new_vs_mlp,"[{""head"": ""dictionary_topk"", ""source"": ""white"", ""weight"": 1}, {""head"": ""mlp"", ""source"": ""white"", ""weight"": -1}]",dictionary_topk/white -mlp/white,velocity_residual_mse,"[31, 32, 33]","[1.0084504137003405, 0.9489521128863444, 0.8956131285786575]",0.9510052183884475,0.05644665322284458,"[0.8956131285786575, 1.0084504137003405]","Three paired optimization seeds on the fixed dataset; exploratory, no multiple-comparison correction",,
exchange_multi,new_vs_mlp,"[{""head"": ""dictionary_topk"", ""source"": ""white"", ""weight"": 1}, {""head"": ""mlp"", ""source"": ""white"", ""weight"": -1}]",dictionary_topk/white -mlp/white,velocity_residual_normalized_mse,"[31, 32, 33]","[1.0477877747973436, 0.8395165289768317, 0.6891369416349554]",0.8588137484697103,0.18010244873997702,"[0.6891369416349554, 1.0477877747973436]","Three paired optimization seeds on the fixed dataset; exploratory, no multiple-comparison correction",,
exchange_multi,new_vs_mlp,"[{""head"": ""unet_l0"", ""source"": ""white"", ""weight"": 1}, {""head"": ""mlp"", ""source"": ""white"", ""weight"": -1}]",unet_l0/white -mlp/white,fair_crps,"[31, 32, 33]","[0.24431351899697556, 0.22300523640441844, 0.2401208380371303]",0.2358131978128414,0.011288381194285647,"[0.22300523640441844, 0.24431351899697556]","Three paired optimization seeds on the fixed dataset; exploratory, no multiple-comparison correction",0.22300523640441847,0.24431351899697554
exchange_multi,new_vs_mlp,"[{""head"": ""unet_l0"", ""source"": ""white"", ""weight"": 1}, {""head"": ""mlp"", ""source"": ""white"", ""weight"": -1}]",unet_l0/white -mlp/white,joint_energy_scaled,"[31, 32, 33]","[0.2877821593064198, 0.26077057846359897, 0.27236590041405856]",0.27363954606135915,0.013550756614788242,"[0.26077057846359897, 0.2877821593064198]","Three paired optimization seeds on the fixed dataset; exploratory, no multiple-comparison correction",0.26077057846359897,0.2877821593064198
exchange_multi,new_vs_mlp,"[{""head"": ""unet_l0"", ""source"": ""white"", ""weight"": 1}, {""head"": ""mlp"", ""source"": ""white"", ""weight"": -1}]",unet_l0/white -mlp/white,roughness_ratio,"[31, 32, 33]","[-4.187184307751348, -3.9126471146785278, -3.1841919408200017]",-3.7613411210832925,0.5183324703354182,"[-4.187184307751348, -3.1841919408200017]","Three paired optimization seeds on the fixed dataset; exploratory, no multiple-comparison correction",,
exchange_multi,new_vs_mlp,"[{""head"": ""unet_l0"", ""source"": ""white"", ""weight"": 1}, {""head"": ""mlp"", ""source"": ""white"", ""weight"": -1}]",unet_l0/white -mlp/white,velocity_pc1_mse,"[31, 32, 33]","[-18.642412561527546, -1.4456651062428243, -4.14541317434567]",-8.077830280705347,9.24824085888787,"[-18.642412561527546, -1.4456651062428243]","Three paired optimization seeds on the fixed dataset; exploratory, no multiple-comparison correction",,
exchange_multi,new_vs_mlp,"[{""head"": ""unet_l0"", ""source"": ""white"", ""weight"": 1}, {""head"": ""mlp"", ""source"": ""white"", ""weight"": -1}]",unet_l0/white -mlp/white,velocity_residual_mse,"[31, 32, 33]","[0.41497672467385927, 0.3644885008027613, 0.43143684514699876]",0.4036340235412064,0.03488571132064188,"[0.3644885008027613, 0.43143684514699876]","Three paired optimization seeds on the fixed dataset; exploratory, no multiple-comparison correction",,
exchange_multi,new_vs_mlp,"[{""head"": ""unet_l0"", ""source"": ""white"", ""weight"": 1}, {""head"": ""mlp"", ""source"": ""white"", ""weight"": -1}]",unet_l0/white -mlp/white,velocity_residual_normalized_mse,"[31, 32, 33]","[0.15671351976828185, 0.11765097260305002, 0.15206644919376477]",0.14214364718836556,0.021338161764495003,"[0.11765097260305002, 0.15671351976828185]","Three paired optimization seeds on the fixed dataset; exploratory, no multiple-comparison correction",,
exchange_multi,new_vs_mlp,"[{""head"": ""moe_dense"", ""source"": ""white"", ""weight"": 1}, {""head"": ""mlp"", ""source"": ""white"", ""weight"": -1}]",moe_dense/white -mlp/white,fair_crps,"[31, 32, 33]","[-0.08036639104371132, -0.10066362505131726, -0.11490421065483314]",-0.0986447422499539,0.017357193370381867,"[-0.11490421065483314, -0.08036639104371132]","Three paired optimization seeds on the fixed dataset; exploratory, no multiple-comparison correction",-0.11490421065483314,-0.08036639104371132
exchange_multi,new_vs_mlp,"[{""head"": ""moe_dense"", ""source"": ""white"", ""weight"": 1}, {""head"": ""mlp"", ""source"": ""white"", ""weight"": -1}]",moe_dense/white -mlp/white,joint_energy_scaled,"[31, 32, 33]","[-0.09352398049399657, -0.12442139388373452, -0.1377723333069934]",-0.1185725692282415,0.022696602037615417,"[-0.1377723333069934, -0.09352398049399657]","Three paired optimization seeds on the fixed dataset; exploratory, no multiple-comparison correction",-0.1377723333069934,-0.09352398049399657
exchange_multi,new_vs_mlp,"[{""head"": ""moe_dense"", ""source"": ""white"", ""weight"": 1}, {""head"": ""mlp"", ""source"": ""white"", ""weight"": -1}]",moe_dense/white -mlp/white,roughness_ratio,"[31, 32, 33]","[0.8779306908159441, 0.7955965444378776, 2.4048937527336136]",1.3594736626624784,0.9062958134396333,"[0.7955965444378776, 2.4048937527336136]","Three paired optimization seeds on the fixed dataset; exploratory, no multiple-comparison correction",,
exchange_multi,new_vs_mlp,"[{""head"": ""moe_dense"", ""source"": ""white"", ""weight"": 1}, {""head"": ""mlp"", ""source"": ""white"", ""weight"": -1}]",moe_dense/white -mlp/white,velocity_pc1_mse,"[31, 32, 33]","[-25.250170368159203, -0.8537032598261156, -14.344337154521613]",-13.48273692750231,12.221033837421217,"[-25.250170368159203, -0.8537032598261156]","Three paired optimization seeds on the fixed dataset; exploratory, no multiple-comparison correction",,
exchange_multi,new_vs_mlp,"[{""head"": ""moe_dense"", ""source"": ""white"", ""weight"": 1}, {""head"": ""mlp"", ""source"": ""white"", ""weight"": -1}]",moe_dense/white -mlp/white,velocity_residual_mse,"[31, 32, 33]","[-0.03394085368325861, -0.1728110444255171, -0.027350791652941575]",-0.07803422992057242,0.08214524122047104,"[-0.1728110444255171, -0.027350791652941575]","Three paired optimization seeds on the fixed dataset; exploratory, no multiple-comparison correction",,
exchange_multi,new_vs_mlp,"[{""head"": ""moe_dense"", ""source"": ""white"", ""weight"": 1}, {""head"": ""mlp"", ""source"": ""white"", ""weight"": -1}]",moe_dense/white -mlp/white,velocity_residual_normalized_mse,"[31, 32, 33]","[0.03822390349112803, -0.05795387956730247, 0.014700615529228744]",-0.0016764535156485645,0.05013679069689382,"[-0.05795387956730247, 0.03822390349112803]","Three paired optimization seeds on the fixed dataset; exploratory, no multiple-comparison correction",,
exchange_multi,new_vs_mlp,"[{""head"": ""moe_topk"", ""source"": ""white"", ""weight"": 1}, {""head"": ""mlp"", ""source"": ""white"", ""weight"": -1}]",moe_topk/white -mlp/white,fair_crps,"[31, 32, 33]","[-0.11902828624026049, -0.11448313178537523, -0.13954602238136926]",-0.12435248013566831,0.013352805013689639,"[-0.13954602238136926, -0.11448313178537523]","Three paired optimization seeds on the fixed dataset; exploratory, no multiple-comparison correction",-0.13954602238136926,-0.11448313178537523
exchange_multi,new_vs_mlp,"[{""head"": ""moe_topk"", ""source"": ""white"", ""weight"": 1}, {""head"": ""mlp"", ""source"": ""white"", ""weight"": -1}]",moe_topk/white -mlp/white,joint_energy_scaled,"[31, 32, 33]","[-0.14214247513872696, -0.14227042830193637, -0.16661330571021604]",-0.1503420697169598,0.014091448951905979,"[-0.16661330571021604, -0.14214247513872696]","Three paired optimization seeds on the fixed dataset; exploratory, no multiple-comparison correction",-0.16661330571021604,-0.14214247513872696
exchange_multi,new_vs_mlp,"[{""head"": ""moe_topk"", ""source"": ""white"", ""weight"": 1}, {""head"": ""mlp"", ""source"": ""white"", ""weight"": -1}]",moe_topk/white -mlp/white,roughness_ratio,"[31, 32, 33]","[0.46292235629464784, 1.1827372873773179, 3.120048240244138]",1.5885692946387013,1.3742649687658282,"[0.46292235629464784, 3.120048240244138]","Three paired optimization seeds on the fixed dataset; exploratory, no multiple-comparison correction",,
exchange_multi,new_vs_mlp,"[{""head"": ""moe_topk"", ""source"": ""white"", ""weight"": 1}, {""head"": ""mlp"", ""source"": ""white"", ""weight"": -1}]",moe_topk/white -mlp/white,velocity_pc1_mse,"[31, 32, 33]","[-27.29640053765491, -5.841002834490257, -15.01442360865263]",-16.050608993599266,10.765165245560494,"[-27.29640053765491, -5.841002834490257]","Three paired optimization seeds on the fixed dataset; exploratory, no multiple-comparison correction",,
exchange_multi,new_vs_mlp,"[{""head"": ""moe_topk"", ""source"": ""white"", ""weight"": 1}, {""head"": ""mlp"", ""source"": ""white"", ""weight"": -1}]",moe_topk/white -mlp/white,velocity_residual_mse,"[31, 32, 33]","[-0.10019663270783535, -0.14449442484675462, -0.022743628922988035]",-0.08914489549252601,0.061623207873534584,"[-0.14449442484675462, -0.022743628922988035]","Three paired optimization seeds on the fixed dataset; exploratory, no multiple-comparison correction",,
exchange_multi,new_vs_mlp,"[{""head"": ""moe_topk"", ""source"": ""white"", ""weight"": 1}, {""head"": ""mlp"", ""source"": ""white"", ""weight"": -1}]",moe_topk/white -mlp/white,velocity_residual_normalized_mse,"[31, 32, 33]","[0.0032485743647081566, -0.03360090136588212, 0.020281526838273445]",-0.003356933387633506,0.02754185118676083,"[-0.03360090136588212, 0.020281526838273445]","Three paired optimization seeds on the fixed dataset; exploratory, no multiple-comparison correction",,
exchange_multi,sparse_vs_dense,"[{""head"": ""history_topk_ae"", ""source"": ""white"", ""weight"": 1}, {""head"": ""history_dense_ae"", ""source"": ""white"", ""weight"": -1}]",history_topk_ae/white -history_dense_ae/white,fair_crps,"[31, 32, 33]","[0.09321198871697789, 0.09052759368633573, 0.05725971193447882]",0.08033309811259748,0.020027165462530687,"[0.05725971193447882, 0.09321198871697789]","Three paired optimization seeds on the fixed dataset; exploratory, no multiple-comparison correction",0.05725971193447882,0.09321198871697789
exchange_multi,sparse_vs_dense,"[{""head"": ""history_topk_ae"", ""source"": ""white"", ""weight"": 1}, {""head"": ""history_dense_ae"", ""source"": ""white"", ""weight"": -1}]",history_topk_ae/white -history_dense_ae/white,joint_energy_scaled,"[31, 32, 33]","[0.10529748439901604, 0.11638549364551798, 0.07286174301220577]",0.09818157368557993,0.022617611639138255,"[0.07286174301220577, 0.11638549364551798]","Three paired optimization seeds on the fixed dataset; exploratory, no multiple-comparison correction",0.07286174301220577,0.11638549364551798
exchange_multi,sparse_vs_dense,"[{""head"": ""history_topk_ae"", ""source"": ""white"", ""weight"": 1}, {""head"": ""history_dense_ae"", ""source"": ""white"", ""weight"": -1}]",history_topk_ae/white -history_dense_ae/white,roughness_ratio,"[31, 32, 33]","[0.08504573643934421, -0.9055485740364553, -0.2674205046759184]",-0.3626411140910098,0.5021150220116823,"[-0.9055485740364553, 0.08504573643934421]","Three paired optimization seeds on the fixed dataset; exploratory, no multiple-comparison correction",,
exchange_multi,sparse_vs_dense,"[{""head"": ""history_topk_ae"", ""source"": ""white"", ""weight"": 1}, {""head"": ""history_dense_ae"", ""source"": ""white"", ""weight"": -1}]",history_topk_ae/white -history_dense_ae/white,velocity_pc1_mse,"[31, 32, 33]","[9.9040357066966, 4.898309686539211, 1.861459996974581]",5.554601796736797,4.0612554108407615,"[1.861459996974581, 9.9040357066966]","Three paired optimization seeds on the fixed dataset; exploratory, no multiple-comparison correction",,
exchange_multi,sparse_vs_dense,"[{""head"": ""history_topk_ae"", ""source"": ""white"", ""weight"": 1}, {""head"": ""history_dense_ae"", ""source"": ""white"", ""weight"": -1}]",history_topk_ae/white -history_dense_ae/white,velocity_residual_mse,"[31, 32, 33]","[0.1671433342019505, 0.14258135989301401, 0.20982173079740807]",0.17318214163079085,0.034024509786506604,"[0.14258135989301401, 0.20982173079740807]","Three paired optimization seeds on the fixed dataset; exploratory, no multiple-comparison correction",,
exchange_multi,sparse_vs_dense,"[{""head"": ""history_topk_ae"", ""source"": ""white"", ""weight"": 1}, {""head"": ""history_dense_ae"", ""source"": ""white"", ""weight"": -1}]",history_topk_ae/white -history_dense_ae/white,velocity_residual_normalized_mse,"[31, 32, 33]","[0.04740778916781774, 0.04787890265768813, 0.0725313352710324]",0.055939342365512755,0.014371018001961276,"[0.04740778916781774, 0.0725313352710324]","Three paired optimization seeds on the fixed dataset; exploratory, no multiple-comparison correction",,
exchange_multi,sparse_vs_dense,"[{""head"": ""history_conv_sparse"", ""source"": ""white"", ""weight"": 1}, {""head"": ""history_conv_dense"", ""source"": ""white"", ""weight"": -1}]",history_conv_sparse/white -history_conv_dense/white,fair_crps,"[31, 32, 33]","[-0.05908960496303556, -0.12376420464596355, 0.03270184109457708]",-0.05005065617147401,0.07862367845542838,"[-0.12376420464596355, 0.03270184109457708]","Three paired optimization seeds on the fixed dataset; exploratory, no multiple-comparison correction",-0.12376420464596355,0.03270184109457708
exchange_multi,sparse_vs_dense,"[{""head"": ""history_conv_sparse"", ""source"": ""white"", ""weight"": 1}, {""head"": ""history_conv_dense"", ""source"": ""white"", ""weight"": -1}]",history_conv_sparse/white -history_conv_dense/white,joint_energy_scaled,"[31, 32, 33]","[-0.0728446974000278, -0.15582737426835308, 0.03845941336845882]",-0.06340421943330736,0.09748682439559724,"[-0.15582737426835308, 0.03845941336845882]","Three paired optimization seeds on the fixed dataset; exploratory, no multiple-comparison correction",-0.15582737426835308,0.03845941336845882
exchange_multi,sparse_vs_dense,"[{""head"": ""history_conv_sparse"", ""source"": ""white"", ""weight"": 1}, {""head"": ""history_conv_dense"", ""source"": ""white"", ""weight"": -1}]",history_conv_sparse/white -history_conv_dense/white,roughness_ratio,"[31, 32, 33]","[-0.17455968868890537, -1.2190724559687212, 0.3455286173467229]",-0.3493678424369679,0.7968139981310347,"[-1.2190724559687212, 0.3455286173467229]","Three paired optimization seeds on the fixed dataset; exploratory, no multiple-comparison correction",,
exchange_multi,sparse_vs_dense,"[{""head"": ""history_conv_sparse"", ""source"": ""white"", ""weight"": 1}, {""head"": ""history_conv_dense"", ""source"": ""white"", ""weight"": -1}]",history_conv_sparse/white -history_conv_dense/white,velocity_pc1_mse,"[31, 32, 33]","[1.0198826861829264, 6.673432165855987, 0.10707640458256584]",2.6001304188738263,3.5569852640133623,"[0.10707640458256584, 6.673432165855987]","Three paired optimization seeds on the fixed dataset; exploratory, no multiple-comparison correction",,
exchange_multi,sparse_vs_dense,"[{""head"": ""history_conv_sparse"", ""source"": ""white"", ""weight"": 1}, {""head"": ""history_conv_dense"", ""source"": ""white"", ""weight"": -1}]",history_conv_sparse/white -history_conv_dense/white,velocity_residual_mse,"[31, 32, 33]","[-0.08327843935843493, -0.2143160620989757, 0.03660861255791126]",-0.08699529629983312,0.1255036228841951,"[-0.2143160620989757, 0.03660861255791126]","Three paired optimization seeds on the fixed dataset; exploratory, no multiple-comparison correction",,
exchange_multi,sparse_vs_dense,"[{""head"": ""history_conv_sparse"", ""source"": ""white"", ""weight"": 1}, {""head"": ""history_conv_dense"", ""source"": ""white"", ""weight"": -1}]",history_conv_sparse/white -history_conv_dense/white,velocity_residual_normalized_mse,"[31, 32, 33]","[-0.04908738065816942, -0.10040945424175096, 0.015286695210410706]",-0.04473671322983656,0.05797064757114758,"[-0.10040945424175096, 0.015286695210410706]","Three paired optimization seeds on the fixed dataset; exploratory, no multiple-comparison correction",,
exchange_multi,sparse_vs_dense,"[{""head"": ""dictionary_topk"", ""source"": ""white"", ""weight"": 1}, {""head"": ""dictionary_dense"", ""source"": ""white"", ""weight"": -1}]",dictionary_topk/white -dictionary_dense/white,fair_crps,"[31, 32, 33]","[0.08525737673034889, 0.11401667096017265, 0.16017878198619423]",0.1198176098922386,0.0377960634292491,"[0.08525737673034889, 0.16017878198619423]","Three paired optimization seeds on the fixed dataset; exploratory, no multiple-comparison correction",0.08525737673034889,0.16017878198619423
exchange_multi,sparse_vs_dense,"[{""head"": ""dictionary_topk"", ""source"": ""white"", ""weight"": 1}, {""head"": ""dictionary_dense"", ""source"": ""white"", ""weight"": -1}]",dictionary_topk/white -dictionary_dense/white,joint_energy_scaled,"[31, 32, 33]","[0.1081097968453375, 0.1267739534956296, 0.1944189406769179]",0.14310089700596165,0.04541193555143063,"[0.1081097968453375, 0.1944189406769179]","Three paired optimization seeds on the fixed dataset; exploratory, no multiple-comparison correction",0.1081097968453375,0.1944189406769179
exchange_multi,sparse_vs_dense,"[{""head"": ""dictionary_topk"", ""source"": ""white"", ""weight"": 1}, {""head"": ""dictionary_dense"", ""source"": ""white"", ""weight"": -1}]",dictionary_topk/white -dictionary_dense/white,roughness_ratio,"[31, 32, 33]","[12.627671931645047, 13.752554111307091, 12.900761143735249]",13.093662395562461,0.5867266392858669,"[12.627671931645047, 13.752554111307091]","Three paired optimization seeds on the fixed dataset; exploratory, no multiple-comparison correction",,
exchange_multi,sparse_vs_dense,"[{""head"": ""dictionary_topk"", ""source"": ""white"", ""weight"": 1}, {""head"": ""dictionary_dense"", ""source"": ""white"", ""weight"": -1}]",dictionary_topk/white -dictionary_dense/white,velocity_pc1_mse,"[31, 32, 33]","[-8.875191363745838, -8.833083461462826, 7.048784945751864]",-3.553163293152266,9.181580643558084,"[-8.875191363745838, 7.048784945751864]","Three paired optimization seeds on the fixed dataset; exploratory, no multiple-comparison correction",,
exchange_multi,sparse_vs_dense,"[{""head"": ""dictionary_topk"", ""source"": ""white"", ""weight"": 1}, {""head"": ""dictionary_dense"", ""source"": ""white"", ""weight"": -1}]",dictionary_topk/white -dictionary_dense/white,velocity_residual_mse,"[31, 32, 33]","[0.776196101517294, 0.8149885166191163, 0.7593326320947428]",0.783505750077051,0.028538878606174573,"[0.7593326320947428, 0.8149885166191163]","Three paired optimization seeds on the fixed dataset; exploratory, no multiple-comparison correction",,
exchange_multi,sparse_vs_dense,"[{""head"": ""dictionary_topk"", ""source"": ""white"", ""weight"": 1}, {""head"": ""dictionary_dense"", ""source"": ""white"", ""weight"": -1}]",dictionary_topk/white -dictionary_dense/white,velocity_residual_normalized_mse,"[31, 32, 33]","[0.6701901898122591, 0.5333642678254626, 0.32072927774319915]",0.5080945784603069,0.17609557111549798,"[0.32072927774319915, 0.6701901898122591]","Three paired optimization seeds on the fixed dataset; exploratory, no multiple-comparison correction",,
exchange_multi,sparse_vs_dense,"[{""head"": ""moe_topk"", ""source"": ""white"", ""weight"": 1}, {""head"": ""moe_dense"", ""source"": ""white"", ""weight"": -1}]",moe_topk/white -moe_dense/white,fair_crps,"[31, 32, 33]","[-0.03866189519654917, -0.013819506734057962, -0.024641811726536123]",-0.025707737885714416,0.012455449211607924,"[-0.03866189519654917, -0.013819506734057962]","Three paired optimization seeds on the fixed dataset; exploratory, no multiple-comparison correction",-0.03866189519654917,-0.013819506734057962
exchange_multi,sparse_vs_dense,"[{""head"": ""moe_topk"", ""source"": ""white"", ""weight"": 1}, {""head"": ""moe_dense"", ""source"": ""white"", ""weight"": -1}]",moe_topk/white -moe_dense/white,joint_energy_scaled,"[31, 32, 33]","[-0.04861849464473039, -0.017849034418201848, -0.028840972403222642]",-0.031769500488718294,0.015592374040492778,"[-0.04861849464473039, -0.017849034418201848]","Three paired optimization seeds on the fixed dataset; exploratory, no multiple-comparison correction",-0.04861849464473039,-0.017849034418201848
exchange_multi,sparse_vs_dense,"[{""head"": ""moe_topk"", ""source"": ""white"", ""weight"": 1}, {""head"": ""moe_dense"", ""source"": ""white"", ""weight"": -1}]",moe_topk/white -moe_dense/white,roughness_ratio,"[31, 32, 33]","[-0.41500833452129626, 0.38714074293944023, 0.7151544875105245]",0.22909563197622282,0.5814212705949654,"[-0.41500833452129626, 0.7151544875105245]","Three paired optimization seeds on the fixed dataset; exploratory, no multiple-comparison correction",,
exchange_multi,sparse_vs_dense,"[{""head"": ""moe_topk"", ""source"": ""white"", ""weight"": 1}, {""head"": ""moe_dense"", ""source"": ""white"", ""weight"": -1}]",moe_topk/white -moe_dense/white,velocity_pc1_mse,"[31, 32, 33]","[-2.0462301694957086, -4.987299574664141, -0.6700864541310168]",-2.5678720660969554,2.2053718469326546,"[-4.987299574664141, -0.6700864541310168]","Three paired optimization seeds on the fixed dataset; exploratory, no multiple-comparison correction",,
exchange_multi,sparse_vs_dense,"[{""head"": ""moe_topk"", ""source"": ""white"", ""weight"": 1}, {""head"": ""moe_dense"", ""source"": ""white"", ""weight"": -1}]",moe_topk/white -moe_dense/white,velocity_residual_mse,"[31, 32, 33]","[-0.06625577902457674, 0.02831661957876247, 0.00460716272995354]",-0.011110665571953579,0.0492064247765817,"[-0.06625577902457674, 0.02831661957876247]","Three paired optimization seeds on the fixed dataset; exploratory, no multiple-comparison correction",,
exchange_multi,sparse_vs_dense,"[{""head"": ""moe_topk"", ""source"": ""white"", ""weight"": 1}, {""head"": ""moe_dense"", ""source"": ""white"", ""weight"": -1}]",moe_topk/white -moe_dense/white,velocity_residual_normalized_mse,"[31, 32, 33]","[-0.034975329126419874, 0.02435297820142035, 0.0055809113090447005]",-0.0016804798719849412,0.030323388069436047,"[-0.034975329126419874, 0.02435297820142035]","Three paired optimization seeds on the fixed dataset; exploratory, no multiple-comparison correction",,
exchange_multi,whitened_vs_balanced,"[{""head"": ""mlp_whitened"", ""source"": ""white"", ""weight"": 1}, {""head"": ""mlp_balanced"", ""source"": ""white"", ""weight"": -1}]",mlp_whitened/white -mlp_balanced/white,fair_crps,"[31, 32, 33]","[-0.6177314284065052, -0.10681145681070858, -0.49565828352814756]",-0.40673372291512044,0.2668154558004977,"[-0.6177314284065052, -0.10681145681070858]","Three paired optimization seeds on the fixed dataset; exploratory, no multiple-comparison correction",-0.6177314284065052,-0.10681145681070858
exchange_multi,whitened_vs_balanced,"[{""head"": ""mlp_whitened"", ""source"": ""white"", ""weight"": 1}, {""head"": ""mlp_balanced"", ""source"": ""white"", ""weight"": -1}]",mlp_whitened/white -mlp_balanced/white,joint_energy_scaled,"[31, 32, 33]","[-0.6886812903281421, -0.1146493365980843, -0.5713311856851873]",-0.45822060420380456,0.30327161704992966,"[-0.6886812903281421, -0.1146493365980843]","Three paired optimization seeds on the fixed dataset; exploratory, no multiple-comparison correction",-0.6886812903281422,-0.1146493365980843
exchange_multi,whitened_vs_balanced,"[{""head"": ""mlp_whitened"", ""source"": ""white"", ""weight"": 1}, {""head"": ""mlp_balanced"", ""source"": ""white"", ""weight"": -1}]",mlp_whitened/white -mlp_balanced/white,roughness_ratio,"[31, 32, 33]","[2.8174332308981107, 2.7002979903072912, 6.037643070955962]",3.851791430720455,1.8939088444239498,"[2.7002979903072912, 6.037643070955962]","Three paired optimization seeds on the fixed dataset; exploratory, no multiple-comparison correction",,
exchange_multi,whitened_vs_balanced,"[{""head"": ""mlp_whitened"", ""source"": ""white"", ""weight"": 1}, {""head"": ""mlp_balanced"", ""source"": ""white"", ""weight"": -1}]",mlp_whitened/white -mlp_balanced/white,velocity_pc1_mse,"[31, 32, 33]","[-249.59604070651034, -142.09540140889703, -229.6710407549336]",-207.12082762344698,57.18811892828347,"[-249.59604070651034, -142.09540140889703]","Three paired optimization seeds on the fixed dataset; exploratory, no multiple-comparison correction",,
exchange_multi,whitened_vs_balanced,"[{""head"": ""mlp_whitened"", ""source"": ""white"", ""weight"": 1}, {""head"": ""mlp_balanced"", ""source"": ""white"", ""weight"": -1}]",mlp_whitened/white -mlp_balanced/white,velocity_residual_mse,"[31, 32, 33]","[-0.14802530343786735, 0.36101541874394105, 0.1763101769763904]",0.1297667640941547,0.25769231880653515,"[-0.14802530343786735, 0.36101541874394105]","Three paired optimization seeds on the fixed dataset; exploratory, no multiple-comparison correction",,
exchange_multi,whitened_vs_balanced,"[{""head"": ""mlp_whitened"", ""source"": ""white"", ""weight"": 1}, {""head"": ""mlp_balanced"", ""source"": ""white"", ""weight"": -1}]",mlp_whitened/white -mlp_balanced/white,velocity_residual_normalized_mse,"[31, 32, 33]","[-0.020792253754591816, 0.07299883420688591, 0.08050698696326397]",0.04423785580518602,0.05644270946252322,"[-0.020792253754591816, 0.08050698696326397]","Three paired optimization seeds on the fixed dataset; exploratory, no multiple-comparison correction",,
exchange_multi,l0_vs_unet,"[{""head"": ""unet_l0"", ""source"": ""white"", ""weight"": 1}, {""head"": ""unet"", ""source"": ""white"", ""weight"": -1}]",unet_l0/white -unet/white,fair_crps,"[31, 32, 33]","[-0.0338330615498319, 0.00932260972609844, 0.004310146989771724]",-0.0067334349446539115,0.02360240490449689,"[-0.0338330615498319, 0.00932260972609844]","Three paired optimization seeds on the fixed dataset; exploratory, no multiple-comparison correction",-0.0338330615498319,0.00932260972609844
exchange_multi,l0_vs_unet,"[{""head"": ""unet_l0"", ""source"": ""white"", ""weight"": 1}, {""head"": ""unet"", ""source"": ""white"", ""weight"": -1}]",unet_l0/white -unet/white,joint_energy_scaled,"[31, 32, 33]","[-0.049929305658167, 0.02449293485904136, -0.011991736038226897]",-0.012476035612450845,0.03721348385274479,"[-0.049929305658167, 0.02449293485904136]","Three paired optimization seeds on the fixed dataset; exploratory, no multiple-comparison correction",-0.049929305658167,0.02449293485904136
exchange_multi,l0_vs_unet,"[{""head"": ""unet_l0"", ""source"": ""white"", ""weight"": 1}, {""head"": ""unet"", ""source"": ""white"", ""weight"": -1}]",unet_l0/white -unet/white,roughness_ratio,"[31, 32, 33]","[-0.5489164302904683, 3.9030271160506143, 0.5208632183687492]",1.291657968042965,2.3239069999778406,"[-0.5489164302904683, 3.9030271160506143]","Three paired optimization seeds on the fixed dataset; exploratory, no multiple-comparison correction",,
exchange_multi,l0_vs_unet,"[{""head"": ""unet_l0"", ""source"": ""white"", ""weight"": 1}, {""head"": ""unet"", ""source"": ""white"", ""weight"": -1}]",unet_l0/white -unet/white,velocity_pc1_mse,"[31, 32, 33]","[-15.229388521301072, -6.966303601881284, -25.198400004374484]",-15.798030709185612,9.129340078057831,"[-25.198400004374484, -6.966303601881284]","Three paired optimization seeds on the fixed dataset; exploratory, no multiple-comparison correction",,
exchange_multi,l0_vs_unet,"[{""head"": ""unet_l0"", ""source"": ""white"", ""weight"": 1}, {""head"": ""unet"", ""source"": ""white"", ""weight"": -1}]",unet_l0/white -unet/white,velocity_residual_mse,"[31, 32, 33]","[-0.014458891606529245, 0.07964767305556175, 0.05933657655347235]",0.04150845266750162,0.049521640512963816,"[-0.014458891606529245, 0.07964767305556175]","Three paired optimization seeds on the fixed dataset; exploratory, no multiple-comparison correction",,
exchange_multi,l0_vs_unet,"[{""head"": ""unet_l0"", ""source"": ""white"", ""weight"": 1}, {""head"": ""unet"", ""source"": ""white"", ""weight"": -1}]",unet_l0/white -unet/white,velocity_residual_normalized_mse,"[31, 32, 33]","[-0.012335282128656422, 0.12395195127119152, 0.02899114769874489]",0.046869272280426665,0.06988041929514131,"[-0.012335282128656422, 0.12395195127119152]","Three paired optimization seeds on the fixed dataset; exploratory, no multiple-comparison correction",,
exchange_multi,new_vs_mlp,"[{""head"": ""mlp_whitened"", ""source"": ""gp"", ""weight"": 1}, {""head"": ""mlp"", ""source"": ""gp"", ""weight"": -1}]",mlp_whitened/gp -mlp/gp,fair_crps,"[31, 32, 33]","[0.18703819181779968, 0.21099439467835135, 0.13848775840746902]",0.17884011496787333,0.03694197374068528,"[0.13848775840746902, 0.21099439467835135]","Three paired optimization seeds on the fixed dataset; exploratory, no multiple-comparison correction",0.13848775840746902,0.21099439467835135
exchange_multi,new_vs_mlp,"[{""head"": ""mlp_whitened"", ""source"": ""gp"", ""weight"": 1}, {""head"": ""mlp"", ""source"": ""gp"", ""weight"": -1}]",mlp_whitened/gp -mlp/gp,joint_energy_scaled,"[31, 32, 33]","[0.25760353454056306, 0.27519248014127806, 0.20284380143624275]",0.2452132720393613,0.037732237956787325,"[0.20284380143624275, 0.27519248014127806]","Three paired optimization seeds on the fixed dataset; exploratory, no multiple-comparison correction",0.20284380143624273,0.27519248014127806
exchange_multi,new_vs_mlp,"[{""head"": ""mlp_whitened"", ""source"": ""gp"", ""weight"": 1}, {""head"": ""mlp"", ""source"": ""gp"", ""weight"": -1}]",mlp_whitened/gp -mlp/gp,roughness_ratio,"[31, 32, 33]","[2.202447223649408, 2.4021840603577322, 2.107927819051597]",2.237519701019579,0.15023063232431827,"[2.107927819051597, 2.4021840603577322]","Three paired optimization seeds on the fixed dataset; exploratory, no multiple-comparison correction",,
exchange_multi,new_vs_mlp,"[{""head"": ""mlp_whitened"", ""source"": ""gp"", ""weight"": 1}, {""head"": ""mlp"", ""source"": ""gp"", ""weight"": -1}]",mlp_whitened/gp -mlp/gp,velocity_pc1_mse,"[31, 32, 33]","[75.00508370135353, 215.12440170740513, 56.906512775951676]",115.67866606157013,86.59665305883031,"[56.906512775951676, 215.12440170740513]","Three paired optimization seeds on the fixed dataset; exploratory, no multiple-comparison correction",,
exchange_multi,new_vs_mlp,"[{""head"": ""mlp_whitened"", ""source"": ""gp"", ""weight"": 1}, {""head"": ""mlp"", ""source"": ""gp"", ""weight"": -1}]",mlp_whitened/gp -mlp/gp,velocity_residual_mse,"[31, 32, 33]","[0.3529349069356327, 0.33582652040542893, 0.328716933269235]",0.3391594535367655,0.012448248654732666,"[0.328716933269235, 0.3529349069356327]","Three paired optimization seeds on the fixed dataset; exploratory, no multiple-comparison correction",,
exchange_multi,new_vs_mlp,"[{""head"": ""mlp_whitened"", ""source"": ""gp"", ""weight"": 1}, {""head"": ""mlp"", ""source"": ""gp"", ""weight"": -1}]",mlp_whitened/gp -mlp/gp,velocity_residual_normalized_mse,"[31, 32, 33]","[-0.4390570238911593, -0.5213380821852724, -0.6489948606765668]",-0.5364633222509995,0.10578304918000096,"[-0.6489948606765668, -0.4390570238911593]","Three paired optimization seeds on the fixed dataset; exploratory, no multiple-comparison correction",,
exchange_multi,new_vs_mlp,"[{""head"": ""mlp_balanced"", ""source"": ""gp"", ""weight"": 1}, {""head"": ""mlp"", ""source"": ""gp"", ""weight"": -1}]",mlp_balanced/gp -mlp/gp,fair_crps,"[31, 32, 33]","[0.6939092452733897, 0.7365299663314836, 0.6678256187986533]",0.6994216101345089,0.03468229328129206,"[0.6678256187986533, 0.7365299663314836]","Three paired optimization seeds on the fixed dataset; exploratory, no multiple-comparison correction",0.6678256187986533,0.7365299663314836
exchange_multi,new_vs_mlp,"[{""head"": ""mlp_balanced"", ""source"": ""gp"", ""weight"": 1}, {""head"": ""mlp"", ""source"": ""gp"", ""weight"": -1}]",mlp_balanced/gp -mlp/gp,joint_energy_scaled,"[31, 32, 33]","[0.828550573357271, 0.8544496232882951, 0.7892354135788424]",0.8240785367414695,0.032836300349261646,"[0.7892354135788424, 0.8544496232882951]","Three paired optimization seeds on the fixed dataset; exploratory, no multiple-comparison correction",0.7892354135788424,0.8544496232882951
exchange_multi,new_vs_mlp,"[{""head"": ""mlp_balanced"", ""source"": ""gp"", ""weight"": 1}, {""head"": ""mlp"", ""source"": ""gp"", ""weight"": -1}]",mlp_balanced/gp -mlp/gp,roughness_ratio,"[31, 32, 33]","[2.097707010326692, 2.034130560921163, 2.0621091624575745]",2.064648911235143,0.03186422716218489,"[2.034130560921163, 2.097707010326692]","Three paired optimization seeds on the fixed dataset; exploratory, no multiple-comparison correction",,
exchange_multi,new_vs_mlp,"[{""head"": ""mlp_balanced"", ""source"": ""gp"", ""weight"": 1}, {""head"": ""mlp"", ""source"": ""gp"", ""weight"": -1}]",mlp_balanced/gp -mlp/gp,velocity_pc1_mse,"[31, 32, 33]","[323.43691921386795, 311.492572782961, 310.1037093825555]",315.0110671264615,7.329970868658711,"[310.1037093825555, 323.43691921386795]","Three paired optimization seeds on the fixed dataset; exploratory, no multiple-comparison correction",,
exchange_multi,new_vs_mlp,"[{""head"": ""mlp_balanced"", ""source"": ""gp"", ""weight"": 1}, {""head"": ""mlp"", ""source"": ""gp"", ""weight"": -1}]",mlp_balanced/gp -mlp/gp,velocity_residual_mse,"[31, 32, 33]","[0.4032463406688356, 0.6153054805486831, 0.31956598108072676]",0.44603926743274847,0.1524430674781754,"[0.31956598108072676, 0.6153054805486831]","Three paired optimization seeds on the fixed dataset; exploratory, no multiple-comparison correction",,
exchange_multi,new_vs_mlp,"[{""head"": ""mlp_balanced"", ""source"": ""gp"", ""weight"": 1}, {""head"": ""mlp"", ""source"": ""gp"", ""weight"": -1}]",mlp_balanced/gp -mlp/gp,velocity_residual_normalized_mse,"[31, 32, 33]","[0.023934317169820307, 0.09766787676149047, 0.0057392228386299315]",0.04244713892331357,0.04868020932550234,"[0.0057392228386299315, 0.09766787676149047]","Three paired optimization seeds on the fixed dataset; exploratory, no multiple-comparison correction",,
exchange_multi,new_vs_mlp,"[{""head"": ""history_dense_ae"", ""source"": ""gp"", ""weight"": 1}, {""head"": ""mlp"", ""source"": ""gp"", ""weight"": -1}]",history_dense_ae/gp -mlp/gp,fair_crps,"[31, 32, 33]","[0.04080424538051347, 0.05085382181580572, 0.09821459689998008]",0.06329088803209976,0.03065937992602822,"[0.04080424538051347, 0.09821459689998008]","Three paired optimization seeds on the fixed dataset; exploratory, no multiple-comparison correction",0.04080424538051347,0.09821459689998008
exchange_multi,new_vs_mlp,"[{""head"": ""history_dense_ae"", ""source"": ""gp"", ""weight"": 1}, {""head"": ""mlp"", ""source"": ""gp"", ""weight"": -1}]",history_dense_ae/gp -mlp/gp,joint_energy_scaled,"[31, 32, 33]","[0.06175326561275496, 0.07089838122523373, 0.11814834450936812]",0.0835999971157856,0.030267135900381218,"[0.06175326561275496, 0.11814834450936812]","Three paired optimization seeds on the fixed dataset; exploratory, no multiple-comparison correction",0.06175326561275496,0.11814834450936812
exchange_multi,new_vs_mlp,"[{""head"": ""history_dense_ae"", ""source"": ""gp"", ""weight"": 1}, {""head"": ""mlp"", ""source"": ""gp"", ""weight"": -1}]",history_dense_ae/gp -mlp/gp,roughness_ratio,"[31, 32, 33]","[-1.6092122560928956e-05, -0.000990544269773297, 0.17968940247614262]",0.059560922027936135,0.10403545669791212,"[-0.000990544269773297, 0.17968940247614262]","Three paired optimization seeds on the fixed dataset; exploratory, no multiple-comparison correction",,
exchange_multi,new_vs_mlp,"[{""head"": ""history_dense_ae"", ""source"": ""gp"", ""weight"": 1}, {""head"": ""mlp"", ""source"": ""gp"", ""weight"": -1}]",history_dense_ae/gp -mlp/gp,velocity_pc1_mse,"[31, 32, 33]","[5.9251266242096605, 7.285383633854913, -13.758192058365442]",-0.18256060010028938,11.776497862312509,"[-13.758192058365442, 7.285383633854913]","Three paired optimization seeds on the fixed dataset; exploratory, no multiple-comparison correction",,
exchange_multi,new_vs_mlp,"[{""head"": ""history_dense_ae"", ""source"": ""gp"", ""weight"": 1}, {""head"": ""mlp"", ""source"": ""gp"", ""weight"": -1}]",history_dense_ae/gp -mlp/gp,velocity_residual_mse,"[31, 32, 33]","[0.30664037758178586, 0.2979942116933214, 0.29250245751722104]",0.29904568226410944,0.007127368989250601,"[0.29250245751722104, 0.30664037758178586]","Three paired optimization seeds on the fixed dataset; exploratory, no multiple-comparison correction",,
exchange_multi,new_vs_mlp,"[{""head"": ""history_dense_ae"", ""source"": ""gp"", ""weight"": 1}, {""head"": ""mlp"", ""source"": ""gp"", ""weight"": -1}]",history_dense_ae/gp -mlp/gp,velocity_residual_normalized_mse,"[31, 32, 33]","[0.05361360392443304, 0.0871970421901267, 0.06311683195927964]",0.06797582602461312,0.01731095603748169,"[0.05361360392443304, 0.0871970421901267]","Three paired optimization seeds on the fixed dataset; exploratory, no multiple-comparison correction",,
exchange_multi,new_vs_mlp,"[{""head"": ""history_topk_ae"", ""source"": ""gp"", ""weight"": 1}, {""head"": ""mlp"", ""source"": ""gp"", ""weight"": -1}]",history_topk_ae/gp -mlp/gp,fair_crps,"[31, 32, 33]","[0.12631507158790378, 0.15611973038441096, 0.15309951995781151]",0.14517810731004208,0.016405517524486518,"[0.12631507158790378, 0.15611973038441096]","Three paired optimization seeds on the fixed dataset; exploratory, no multiple-comparison correction",0.12631507158790378,0.15611973038441096
exchange_multi,new_vs_mlp,"[{""head"": ""history_topk_ae"", ""source"": ""gp"", ""weight"": 1}, {""head"": ""mlp"", ""source"": ""gp"", ""weight"": -1}]",history_topk_ae/gp -mlp/gp,joint_energy_scaled,"[31, 32, 33]","[0.1794576425929536, 0.20024138747328735, 0.1897230868271071]",0.18980737229778266,0.010392128792654805,"[0.1794576425929536, 0.20024138747328735]","Three paired optimization seeds on the fixed dataset; exploratory, no multiple-comparison correction",0.1794576425929536,0.20024138747328735
exchange_multi,new_vs_mlp,"[{""head"": ""history_topk_ae"", ""source"": ""gp"", ""weight"": 1}, {""head"": ""mlp"", ""source"": ""gp"", ""weight"": -1}]",history_topk_ae/gp -mlp/gp,roughness_ratio,"[31, 32, 33]","[0.10286251792414469, 0.4728836434000032, 0.4744808031982397]",0.3500756548407959,0.21409434609065103,"[0.10286251792414469, 0.4744808031982397]","Three paired optimization seeds on the fixed dataset; exploratory, no multiple-comparison correction",,
exchange_multi,new_vs_mlp,"[{""head"": ""history_topk_ae"", ""source"": ""gp"", ""weight"": 1}, {""head"": ""mlp"", ""source"": ""gp"", ""weight"": -1}]",history_topk_ae/gp -mlp/gp,velocity_pc1_mse,"[31, 32, 33]","[14.917067357629314, -18.28930595951636, 5.221951066360582]",0.616570821491179,17.075507389805026,"[-18.28930595951636, 14.917067357629314]","Three paired optimization seeds on the fixed dataset; exploratory, no multiple-comparison correction",,
exchange_multi,new_vs_mlp,"[{""head"": ""history_topk_ae"", ""source"": ""gp"", ""weight"": 1}, {""head"": ""mlp"", ""source"": ""gp"", ""weight"": -1}]",history_topk_ae/gp -mlp/gp,velocity_residual_mse,"[31, 32, 33]","[0.4172517849560806, 0.3856172062493659, 0.21385954233193671]",0.33890951117912776,0.10944545524598277,"[0.21385954233193671, 0.4172517849560806]","Three paired optimization seeds on the fixed dataset; exploratory, no multiple-comparison correction",,
exchange_multi,new_vs_mlp,"[{""head"": ""history_topk_ae"", ""source"": ""gp"", ""weight"": 1}, {""head"": ""mlp"", ""source"": ""gp"", ""weight"": -1}]",history_topk_ae/gp -mlp/gp,velocity_residual_normalized_mse,"[31, 32, 33]","[0.0881102264799205, 0.0804653057344833, 0.018110181426272298]",0.0622285712135587,0.038398378108563475,"[0.018110181426272298, 0.0881102264799205]","Three paired optimization seeds on the fixed dataset; exploratory, no multiple-comparison correction",,
exchange_multi,new_vs_mlp,"[{""head"": ""history_conv_dense"", ""source"": ""gp"", ""weight"": 1}, {""head"": ""mlp"", ""source"": ""gp"", ""weight"": -1}]",history_conv_dense/gp -mlp/gp,fair_crps,"[31, 32, 33]","[0.036212396222301046, 0.15415441912698358, 0.07906424825345454]",0.08981035453424639,0.05970083158433156,"[0.036212396222301046, 0.15415441912698358]","Three paired optimization seeds on the fixed dataset; exploratory, no multiple-comparison correction",0.036212396222301046,0.15415441912698358
exchange_multi,new_vs_mlp,"[{""head"": ""history_conv_dense"", ""source"": ""gp"", ""weight"": 1}, {""head"": ""mlp"", ""source"": ""gp"", ""weight"": -1}]",history_conv_dense/gp -mlp/gp,joint_energy_scaled,"[31, 32, 33]","[0.06813610549493598, 0.19447886228254485, 0.10777165006687078]",0.1234622059481172,0.06461631532415098,"[0.06813610549493598, 0.19447886228254485]","Three paired optimization seeds on the fixed dataset; exploratory, no multiple-comparison correction",0.06813610549493598,0.19447886228254485
exchange_multi,new_vs_mlp,"[{""head"": ""history_conv_dense"", ""source"": ""gp"", ""weight"": 1}, {""head"": ""mlp"", ""source"": ""gp"", ""weight"": -1}]",history_conv_dense/gp -mlp/gp,roughness_ratio,"[31, 32, 33]","[0.07363273943108051, 0.2700080963246052, 0.3578375403443528]",0.2338261253666795,0.14551612791143914,"[0.07363273943108051, 0.3578375403443528]","Three paired optimization seeds on the fixed dataset; exploratory, no multiple-comparison correction",,
exchange_multi,new_vs_mlp,"[{""head"": ""history_conv_dense"", ""source"": ""gp"", ""weight"": 1}, {""head"": ""mlp"", ""source"": ""gp"", ""weight"": -1}]",history_conv_dense/gp -mlp/gp,velocity_pc1_mse,"[31, 32, 33]","[-5.937296759494256, -3.952947872073601, -13.671607467891622]",-7.853950699819826,5.135003196695264,"[-13.671607467891622, -3.952947872073601]","Three paired optimization seeds on the fixed dataset; exploratory, no multiple-comparison correction",,
exchange_multi,new_vs_mlp,"[{""head"": ""history_conv_dense"", ""source"": ""gp"", ""weight"": 1}, {""head"": ""mlp"", ""source"": ""gp"", ""weight"": -1}]",history_conv_dense/gp -mlp/gp,velocity_residual_mse,"[31, 32, 33]","[-0.006663971666457824, 0.34052351435455597, -0.050620799173893616]",0.09441291450473484,0.2142682225388513,"[-0.050620799173893616, 0.34052351435455597]","Three paired optimization seeds on the fixed dataset; exploratory, no multiple-comparison correction",,
exchange_multi,new_vs_mlp,"[{""head"": ""history_conv_dense"", ""source"": ""gp"", ""weight"": 1}, {""head"": ""mlp"", ""source"": ""gp"", ""weight"": -1}]",history_conv_dense/gp -mlp/gp,velocity_residual_normalized_mse,"[31, 32, 33]","[-0.011970675714410905, 0.05675910645945548, -0.02321614054690757]",0.0071907633993790005,0.043294117326904864,"[-0.02321614054690757, 0.05675910645945548]","Three paired optimization seeds on the fixed dataset; exploratory, no multiple-comparison correction",,
exchange_multi,new_vs_mlp,"[{""head"": ""history_conv_sparse"", ""source"": ""gp"", ""weight"": 1}, {""head"": ""mlp"", ""source"": ""gp"", ""weight"": -1}]",history_conv_sparse/gp -mlp/gp,fair_crps,"[31, 32, 33]","[0.031117192071270394, 0.15364028292426424, 0.09366848836350933]",0.09280865445301466,0.061266070820707716,"[0.031117192071270394, 0.15364028292426424]","Three paired optimization seeds on the fixed dataset; exploratory, no multiple-comparison correction",0.031117192071270394,0.15364028292426424
exchange_multi,new_vs_mlp,"[{""head"": ""history_conv_sparse"", ""source"": ""gp"", ""weight"": 1}, {""head"": ""mlp"", ""source"": ""gp"", ""weight"": -1}]",history_conv_sparse/gp -mlp/gp,joint_energy_scaled,"[31, 32, 33]","[0.05866621152221718, 0.19909851452728222, 0.12219383342049178]",0.12665285315666372,0.07032225874203898,"[0.05866621152221718, 0.19909851452728222]","Three paired optimization seeds on the fixed dataset; exploratory, no multiple-comparison correction",0.05866621152221718,0.19909851452728222
exchange_multi,new_vs_mlp,"[{""head"": ""history_conv_sparse"", ""source"": ""gp"", ""weight"": 1}, {""head"": ""mlp"", ""source"": ""gp"", ""weight"": -1}]",history_conv_sparse/gp -mlp/gp,roughness_ratio,"[31, 32, 33]","[0.08596450189836324, 0.2683382488245514, 0.34906569462475323]",0.2344561484492226,0.1347833704427039,"[0.08596450189836324, 0.34906569462475323]","Three paired optimization seeds on the fixed dataset; exploratory, no multiple-comparison correction",,
exchange_multi,new_vs_mlp,"[{""head"": ""history_conv_sparse"", ""source"": ""gp"", ""weight"": 1}, {""head"": ""mlp"", ""source"": ""gp"", ""weight"": -1}]",history_conv_sparse/gp -mlp/gp,velocity_pc1_mse,"[31, 32, 33]","[-8.89005630061331, -7.262630861647136, -16.155784953113933]",-10.769490705124793,4.735108518744764,"[-16.155784953113933, -7.262630861647136]","Three paired optimization seeds on the fixed dataset; exploratory, no multiple-comparison correction",,
exchange_multi,new_vs_mlp,"[{""head"": ""history_conv_sparse"", ""source"": ""gp"", ""weight"": 1}, {""head"": ""mlp"", ""source"": ""gp"", ""weight"": -1}]",history_conv_sparse/gp -mlp/gp,velocity_residual_mse,"[31, 32, 33]","[-0.03962200556816331, 0.3366759333096123, -0.05099371285957166]",0.08202007162729245,0.2206117287193815,"[-0.05099371285957166, 0.3366759333096123]","Three paired optimization seeds on the fixed dataset; exploratory, no multiple-comparison correction",,
exchange_multi,new_vs_mlp,"[{""head"": ""history_conv_sparse"", ""source"": ""gp"", ""weight"": 1}, {""head"": ""mlp"", ""source"": ""gp"", ""weight"": -1}]",history_conv_sparse/gp -mlp/gp,velocity_residual_normalized_mse,"[31, 32, 33]","[-0.014957854790923708, 0.055967485709496945, -0.021737614258358295]",0.006424005553404981,0.043039616681516533,"[-0.021737614258358295, 0.055967485709496945]","Three paired optimization seeds on the fixed dataset; exploratory, no multiple-comparison correction",,
exchange_multi,new_vs_mlp,"[{""head"": ""dictionary_dense"", ""source"": ""gp"", ""weight"": 1}, {""head"": ""mlp"", ""source"": ""gp"", ""weight"": -1}]",dictionary_dense/gp -mlp/gp,fair_crps,"[31, 32, 33]","[0.049267791300037334, 0.07897947439182751, -0.043527068092938825]",0.028240065866308672,0.06390295114922451,"[-0.043527068092938825, 0.07897947439182751]","Three paired optimization seeds on the fixed dataset; exploratory, no multiple-comparison correction",-0.043527068092938825,0.07897947439182751
exchange_multi,new_vs_mlp,"[{""head"": ""dictionary_dense"", ""source"": ""gp"", ""weight"": 1}, {""head"": ""mlp"", ""source"": ""gp"", ""weight"": -1}]",dictionary_dense/gp -mlp/gp,joint_energy_scaled,"[31, 32, 33]","[0.06965122237137455, 0.08821835278000267, -0.027564501200006142]",0.04343502465045703,0.062184275232133185,"[-0.027564501200006142, 0.08821835278000267]","Three paired optimization seeds on the fixed dataset; exploratory, no multiple-comparison correction",-0.027564501200006142,0.08821835278000267
exchange_multi,new_vs_mlp,"[{""head"": ""dictionary_dense"", ""source"": ""gp"", ""weight"": 1}, {""head"": ""mlp"", ""source"": ""gp"", ""weight"": -1}]",dictionary_dense/gp -mlp/gp,roughness_ratio,"[31, 32, 33]","[6.085486385309558, 5.827742967384052, 4.353407506174445]",5.422212286289351,0.9345403473731542,"[4.353407506174445, 6.085486385309558]","Three paired optimization seeds on the fixed dataset; exploratory, no multiple-comparison correction",,
exchange_multi,new_vs_mlp,"[{""head"": ""dictionary_dense"", ""source"": ""gp"", ""weight"": 1}, {""head"": ""mlp"", ""source"": ""gp"", ""weight"": -1}]",dictionary_dense/gp -mlp/gp,velocity_pc1_mse,"[31, 32, 33]","[-1.1617041820440832, -0.805117873253792, -1.2555286654241584]",-1.0741169069073446,0.2376365260230281,"[-1.2555286654241584, -0.805117873253792]","Three paired optimization seeds on the fixed dataset; exploratory, no multiple-comparison correction",,
exchange_multi,new_vs_mlp,"[{""head"": ""dictionary_dense"", ""source"": ""gp"", ""weight"": 1}, {""head"": ""mlp"", ""source"": ""gp"", ""weight"": -1}]",dictionary_dense/gp -mlp/gp,velocity_residual_mse,"[31, 32, 33]","[0.2604495875208168, 0.2585646362576878, 0.014923395950571239]",0.1779792065763586,0.14121361936598242,"[0.014923395950571239, 0.2604495875208168]","Three paired optimization seeds on the fixed dataset; exploratory, no multiple-comparison correction",,
exchange_multi,new_vs_mlp,"[{""head"": ""dictionary_dense"", ""source"": ""gp"", ""weight"": 1}, {""head"": ""mlp"", ""source"": ""gp"", ""weight"": -1}]",dictionary_dense/gp -mlp/gp,velocity_residual_normalized_mse,"[31, 32, 33]","[34.593453753997665, 26.821406844690785, 23.308433257905342]",28.24109795219793,5.77490814038259,"[23.308433257905342, 34.593453753997665]","Three paired optimization seeds on the fixed dataset; exploratory, no multiple-comparison correction",,
exchange_multi,new_vs_mlp,"[{""head"": ""dictionary_topk"", ""source"": ""gp"", ""weight"": 1}, {""head"": ""mlp"", ""source"": ""gp"", ""weight"": -1}]",dictionary_topk/gp -mlp/gp,fair_crps,"[31, 32, 33]","[0.11149525349229217, 0.14163721693688863, 0.05153294710060635]",0.10155513917659571,0.04586719159856233,"[0.05153294710060635, 0.14163721693688863]","Three paired optimization seeds on the fixed dataset; exploratory, no multiple-comparison correction",0.05153294710060635,0.14163721693688863
exchange_multi,new_vs_mlp,"[{""head"": ""dictionary_topk"", ""source"": ""gp"", ""weight"": 1}, {""head"": ""mlp"", ""source"": ""gp"", ""weight"": -1}]",dictionary_topk/gp -mlp/gp,joint_energy_scaled,"[31, 32, 33]","[0.1572557598786103, 0.17866051764662083, 0.09463136651848508]",0.1435158813479054,0.04366706718292016,"[0.09463136651848508, 0.17866051764662083]","Three paired optimization seeds on the fixed dataset; exploratory, no multiple-comparison correction",0.09463136651848508,0.17866051764662083
exchange_multi,new_vs_mlp,"[{""head"": ""dictionary_topk"", ""source"": ""gp"", ""weight"": 1}, {""head"": ""mlp"", ""source"": ""gp"", ""weight"": -1}]",dictionary_topk/gp -mlp/gp,roughness_ratio,"[31, 32, 33]","[10.10832405457137, 7.751755190356959, 8.201832733104181]",8.687303992677505,1.2510459467381603,"[7.751755190356959, 10.10832405457137]","Three paired optimization seeds on the fixed dataset; exploratory, no multiple-comparison correction",,
exchange_multi,new_vs_mlp,"[{""head"": ""dictionary_topk"", ""source"": ""gp"", ""weight"": 1}, {""head"": ""mlp"", ""source"": ""gp"", ""weight"": -1}]",dictionary_topk/gp -mlp/gp,velocity_pc1_mse,"[31, 32, 33]","[3.1132675283522317, -14.61934631561369, -16.934087833512432]",-9.480055540257963,10.967376464153281,"[-16.934087833512432, 3.1132675283522317]","Three paired optimization seeds on the fixed dataset; exploratory, no multiple-comparison correction",,
exchange_multi,new_vs_mlp,"[{""head"": ""dictionary_topk"", ""source"": ""gp"", ""weight"": 1}, {""head"": ""mlp"", ""source"": ""gp"", ""weight"": -1}]",dictionary_topk/gp -mlp/gp,velocity_residual_mse,"[31, 32, 33]","[0.21391374144418873, 0.2711989859177245, -0.06261273176171689]",0.1408333318667321,0.17850245212049995,"[-0.06261273176171689, 0.2711989859177245]","Three paired optimization seeds on the fixed dataset; exploratory, no multiple-comparison correction",,
exchange_multi,new_vs_mlp,"[{""head"": ""dictionary_topk"", ""source"": ""gp"", ""weight"": 1}, {""head"": ""mlp"", ""source"": ""gp"", ""weight"": -1}]",dictionary_topk/gp -mlp/gp,velocity_residual_normalized_mse,"[31, 32, 33]","[100.20865798876952, 60.20229873811814, 62.75540590198741]",74.38878754295835,22.397072831653798,"[60.20229873811814, 100.20865798876952]","Three paired optimization seeds on the fixed dataset; exploratory, no multiple-comparison correction",,
exchange_multi,new_vs_mlp,"[{""head"": ""unet_l0"", ""source"": ""gp"", ""weight"": 1}, {""head"": ""mlp"", ""source"": ""gp"", ""weight"": -1}]",unet_l0/gp -mlp/gp,fair_crps,"[31, 32, 33]","[0.17367505855596144, 0.2183656484207458, 0.1550008996682351]",0.1823472022149808,0.03256036552081692,"[0.1550008996682351, 0.2183656484207458]","Three paired optimization seeds on the fixed dataset; exploratory, no multiple-comparison correction",0.1550008996682351,0.2183656484207458
exchange_multi,new_vs_mlp,"[{""head"": ""unet_l0"", ""source"": ""gp"", ""weight"": 1}, {""head"": ""mlp"", ""source"": ""gp"", ""weight"": -1}]",unet_l0/gp -mlp/gp,joint_energy_scaled,"[31, 32, 33]","[0.23946582443935616, 0.259303739625259, 0.2004812160557488]",0.23308359337345466,0.029926108581058677,"[0.2004812160557488, 0.259303739625259]","Three paired optimization seeds on the fixed dataset; exploratory, no multiple-comparison correction",0.20048121605574884,0.259303739625259
exchange_multi,new_vs_mlp,"[{""head"": ""unet_l0"", ""source"": ""gp"", ""weight"": 1}, {""head"": ""mlp"", ""source"": ""gp"", ""weight"": -1}]",unet_l0/gp -mlp/gp,roughness_ratio,"[31, 32, 33]","[0.7429716251637086, 0.6016745678112716, 1.5847135438555515]",0.9764532456101772,0.5314853313312402,"[0.6016745678112716, 1.5847135438555515]","Three paired optimization seeds on the fixed dataset; exploratory, no multiple-comparison correction",,
exchange_multi,new_vs_mlp,"[{""head"": ""unet_l0"", ""source"": ""gp"", ""weight"": 1}, {""head"": ""mlp"", ""source"": ""gp"", ""weight"": -1}]",unet_l0/gp -mlp/gp,velocity_pc1_mse,"[31, 32, 33]","[25.887832991183153, 13.484118509084986, 26.06322949658111]",21.81172699894975,7.212453698560374,"[13.484118509084986, 26.06322949658111]","Three paired optimization seeds on the fixed dataset; exploratory, no multiple-comparison correction",,
exchange_multi,new_vs_mlp,"[{""head"": ""unet_l0"", ""source"": ""gp"", ""weight"": 1}, {""head"": ""mlp"", ""source"": ""gp"", ""weight"": -1}]",unet_l0/gp -mlp/gp,velocity_residual_mse,"[31, 32, 33]","[0.002279556610966682, 0.2383626802477381, -0.03753643196048073]",0.06770193496607468,0.14913130362720636,"[-0.03753643196048073, 0.2383626802477381]","Three paired optimization seeds on the fixed dataset; exploratory, no multiple-comparison correction",,
exchange_multi,new_vs_mlp,"[{""head"": ""unet_l0"", ""source"": ""gp"", ""weight"": 1}, {""head"": ""mlp"", ""source"": ""gp"", ""weight"": -1}]",unet_l0/gp -mlp/gp,velocity_residual_normalized_mse,"[31, 32, 33]","[2.053930821918324, 1.7037140729838343, 2.615678203768424]",2.124441032890194,0.4600526180209132,"[1.7037140729838343, 2.615678203768424]","Three paired optimization seeds on the fixed dataset; exploratory, no multiple-comparison correction",,
exchange_multi,new_vs_mlp,"[{""head"": ""moe_dense"", ""source"": ""gp"", ""weight"": 1}, {""head"": ""mlp"", ""source"": ""gp"", ""weight"": -1}]",moe_dense/gp -mlp/gp,fair_crps,"[31, 32, 33]","[-0.1716529689561026, -0.06284394801924031, -0.17097958011941805]",-0.13515883236492032,0.06262743198134624,"[-0.1716529689561026, -0.06284394801924031]","Three paired optimization seeds on the fixed dataset; exploratory, no multiple-comparison correction",-0.1716529689561026,-0.06284394801924031
exchange_multi,new_vs_mlp,"[{""head"": ""moe_dense"", ""source"": ""gp"", ""weight"": 1}, {""head"": ""mlp"", ""source"": ""gp"", ""weight"": -1}]",moe_dense/gp -mlp/gp,joint_energy_scaled,"[31, 32, 33]","[-0.1738647673769234, -0.059207897743491666, -0.18294688425820516]",-0.13867318312620674,0.06896861530782374,"[-0.18294688425820516, -0.059207897743491666]","Three paired optimization seeds on the fixed dataset; exploratory, no multiple-comparison correction",-0.18294688425820516,-0.059207897743491666
exchange_multi,new_vs_mlp,"[{""head"": ""moe_dense"", ""source"": ""gp"", ""weight"": 1}, {""head"": ""mlp"", ""source"": ""gp"", ""weight"": -1}]",moe_dense/gp -mlp/gp,roughness_ratio,"[31, 32, 33]","[0.5248107130063877, 0.9942902562952944, 0.9017869930767177]",0.8069626541261332,0.2486895692118019,"[0.5248107130063877, 0.9942902562952944]","Three paired optimization seeds on the fixed dataset; exploratory, no multiple-comparison correction",,
exchange_multi,new_vs_mlp,"[{""head"": ""moe_dense"", ""source"": ""gp"", ""weight"": 1}, {""head"": ""mlp"", ""source"": ""gp"", ""weight"": -1}]",moe_dense/gp -mlp/gp,velocity_pc1_mse,"[31, 32, 33]","[-1.4594562747101811, -1.7381602013369957, -18.468726312804613]",-7.222114262950597,9.740848572871897,"[-18.468726312804613, -1.4594562747101811]","Three paired optimization seeds on the fixed dataset; exploratory, no multiple-comparison correction",,
exchange_multi,new_vs_mlp,"[{""head"": ""moe_dense"", ""source"": ""gp"", ""weight"": 1}, {""head"": ""mlp"", ""source"": ""gp"", ""weight"": -1}]",moe_dense/gp -mlp/gp,velocity_residual_mse,"[31, 32, 33]","[-0.5046093120603389, -0.17149506371994316, -0.5311528200256231]",-0.402419065268635,0.20042594722794993,"[-0.5311528200256231, -0.17149506371994316]","Three paired optimization seeds on the fixed dataset; exploratory, no multiple-comparison correction",,
exchange_multi,new_vs_mlp,"[{""head"": ""moe_dense"", ""source"": ""gp"", ""weight"": 1}, {""head"": ""mlp"", ""source"": ""gp"", ""weight"": -1}]",moe_dense/gp -mlp/gp,velocity_residual_normalized_mse,"[31, 32, 33]","[-0.11157012559957069, 0.0012977825731903536, -0.11293502433689273]",-0.07440245578775768,0.06556188147901987,"[-0.11293502433689273, 0.0012977825731903536]","Three paired optimization seeds on the fixed dataset; exploratory, no multiple-comparison correction",,
exchange_multi,new_vs_mlp,"[{""head"": ""moe_topk"", ""source"": ""gp"", ""weight"": 1}, {""head"": ""mlp"", ""source"": ""gp"", ""weight"": -1}]",moe_topk/gp -mlp/gp,fair_crps,"[31, 32, 33]","[-0.18444089945352293, -0.09593552906325936, -0.17042878563010078]",-0.1502684047156277,0.04757237502944249,"[-0.18444089945352293, -0.09593552906325936]","Three paired optimization seeds on the fixed dataset; exploratory, no multiple-comparison correction",-0.18444089945352293,-0.09593552906325936
exchange_multi,new_vs_mlp,"[{""head"": ""moe_topk"", ""source"": ""gp"", ""weight"": 1}, {""head"": ""mlp"", ""source"": ""gp"", ""weight"": -1}]",moe_topk/gp -mlp/gp,joint_energy_scaled,"[31, 32, 33]","[-0.18845396740466774, -0.1029249083020814, -0.18777311230629506]",-0.1597173293376814,0.04918485748916928,"[-0.18845396740466774, -0.1029249083020814]","Three paired optimization seeds on the fixed dataset; exploratory, no multiple-comparison correction",-0.18845396740466777,-0.1029249083020814
exchange_multi,new_vs_mlp,"[{""head"": ""moe_topk"", ""source"": ""gp"", ""weight"": 1}, {""head"": ""mlp"", ""source"": ""gp"", ""weight"": -1}]",moe_topk/gp -mlp/gp,roughness_ratio,"[31, 32, 33]","[0.4640398648010846, 0.5595288893569845, 0.6167453562789742]",0.5467713701456811,0.07714795852254312,"[0.4640398648010846, 0.6167453562789742]","Three paired optimization seeds on the fixed dataset; exploratory, no multiple-comparison correction",,
exchange_multi,new_vs_mlp,"[{""head"": ""moe_topk"", ""source"": ""gp"", ""weight"": 1}, {""head"": ""mlp"", ""source"": ""gp"", ""weight"": -1}]",moe_topk/gp -mlp/gp,velocity_pc1_mse,"[31, 32, 33]","[-1.5365942717470595, -11.411398909916485, -23.285460905816535]",-12.077818029160028,10.889737636807654,"[-23.285460905816535, -1.5365942717470595]","Three paired optimization seeds on the fixed dataset; exploratory, no multiple-comparison correction",,
exchange_multi,new_vs_mlp,"[{""head"": ""moe_topk"", ""source"": ""gp"", ""weight"": 1}, {""head"": ""mlp"", ""source"": ""gp"", ""weight"": -1}]",moe_topk/gp -mlp/gp,velocity_residual_mse,"[31, 32, 33]","[-0.5245353837166048, -0.15573444373763012, -0.4708803259674913]",-0.3837167178072421,0.19925273968751075,"[-0.5245353837166048, -0.15573444373763012]","Three paired optimization seeds on the fixed dataset; exploratory, no multiple-comparison correction",,
exchange_multi,new_vs_mlp,"[{""head"": ""moe_topk"", ""source"": ""gp"", ""weight"": 1}, {""head"": ""mlp"", ""source"": ""gp"", ""weight"": -1}]",moe_topk/gp -mlp/gp,velocity_residual_normalized_mse,"[31, 32, 33]","[-0.10166797974741515, -0.013586224793523005, -0.07303507664477227]",-0.06276309372857014,0.04493032510134371,"[-0.10166797974741515, -0.013586224793523005]","Three paired optimization seeds on the fixed dataset; exploratory, no multiple-comparison correction",,
exchange_multi,sparse_vs_dense,"[{""head"": ""history_topk_ae"", ""source"": ""gp"", ""weight"": 1}, {""head"": ""history_dense_ae"", ""source"": ""gp"", ""weight"": -1}]",history_topk_ae/gp -history_dense_ae/gp,fair_crps,"[31, 32, 33]","[0.08551082620739031, 0.10526590856860524, 0.054884923057831436]",0.08188721927794233,0.025385208698050082,"[0.054884923057831436, 0.10526590856860524]","Three paired optimization seeds on the fixed dataset; exploratory, no multiple-comparison correction",0.054884923057831436,0.10526590856860524
exchange_multi,sparse_vs_dense,"[{""head"": ""history_topk_ae"", ""source"": ""gp"", ""weight"": 1}, {""head"": ""history_dense_ae"", ""source"": ""gp"", ""weight"": -1}]",history_topk_ae/gp -history_dense_ae/gp,joint_energy_scaled,"[31, 32, 33]","[0.11770437698019864, 0.12934300624805362, 0.07157474231773897]",0.10620737518199708,0.030552068131985934,"[0.07157474231773897, 0.12934300624805362]","Three paired optimization seeds on the fixed dataset; exploratory, no multiple-comparison correction",0.07157474231773897,0.12934300624805362
exchange_multi,sparse_vs_dense,"[{""head"": ""history_topk_ae"", ""source"": ""gp"", ""weight"": 1}, {""head"": ""history_dense_ae"", ""source"": ""gp"", ""weight"": -1}]",history_topk_ae/gp -history_dense_ae/gp,roughness_ratio,"[31, 32, 33]","[0.10287861004670562, 0.4738741876697765, 0.2947914007220971]",0.2905147328128597,0.1855347597359412,"[0.10287861004670562, 0.4738741876697765]","Three paired optimization seeds on the fixed dataset; exploratory, no multiple-comparison correction",,
exchange_multi,sparse_vs_dense,"[{""head"": ""history_topk_ae"", ""source"": ""gp"", ""weight"": 1}, {""head"": ""history_dense_ae"", ""source"": ""gp"", ""weight"": -1}]",history_topk_ae/gp -history_dense_ae/gp,velocity_pc1_mse,"[31, 32, 33]","[8.991940733419653, -25.57468959337127, 18.980143124726023]",0.7991314215914684,23.380010114398846,"[-25.57468959337127, 18.980143124726023]","Three paired optimization seeds on the fixed dataset; exploratory, no multiple-comparison correction",,
exchange_multi,sparse_vs_dense,"[{""head"": ""history_topk_ae"", ""source"": ""gp"", ""weight"": 1}, {""head"": ""history_dense_ae"", ""source"": ""gp"", ""weight"": -1}]",history_topk_ae/gp -history_dense_ae/gp,velocity_residual_mse,"[31, 32, 33]","[0.11061140737429476, 0.0876229945560445, -0.07864291518528432]",0.03986382891501831,0.10327150177525517,"[-0.07864291518528432, 0.11061140737429476]","Three paired optimization seeds on the fixed dataset; exploratory, no multiple-comparison correction",,
exchange_multi,sparse_vs_dense,"[{""head"": ""history_topk_ae"", ""source"": ""gp"", ""weight"": 1}, {""head"": ""history_dense_ae"", ""source"": ""gp"", ""weight"": -1}]",history_topk_ae/gp -history_dense_ae/gp,velocity_residual_normalized_mse,"[31, 32, 33]","[0.034496622555487466, -0.0067317364556434, -0.04500665053300734]",-0.005747254811054425,0.03976077855157448,"[-0.04500665053300734, 0.034496622555487466]","Three paired optimization seeds on the fixed dataset; exploratory, no multiple-comparison correction",,
exchange_multi,sparse_vs_dense,"[{""head"": ""history_conv_sparse"", ""source"": ""gp"", ""weight"": 1}, {""head"": ""history_conv_dense"", ""source"": ""gp"", ""weight"": -1}]",history_conv_sparse/gp -history_conv_dense/gp,fair_crps,"[31, 32, 33]","[-0.005095204151030652, -0.0005141362027193397, 0.01460424011005479]",0.0029982999187682657,0.01030873084717761,"[-0.005095204151030652, 0.01460424011005479]","Three paired optimization seeds on the fixed dataset; exploratory, no multiple-comparison correction",-0.005095204151030652,0.01460424011005479
exchange_multi,sparse_vs_dense,"[{""head"": ""history_conv_sparse"", ""source"": ""gp"", ""weight"": 1}, {""head"": ""history_conv_dense"", ""source"": ""gp"", ""weight"": -1}]",history_conv_sparse/gp -history_conv_dense/gp,joint_energy_scaled,"[31, 32, 33]","[-0.009469893972718801, 0.004619652244737371, 0.014422183353620999]",0.003190647208546523,0.0120099700785241,"[-0.009469893972718801, 0.014422183353620999]","Three paired optimization seeds on the fixed dataset; exploratory, no multiple-comparison correction",-0.009469893972718801,0.014422183353620999
exchange_multi,sparse_vs_dense,"[{""head"": ""history_conv_sparse"", ""source"": ""gp"", ""weight"": 1}, {""head"": ""history_conv_dense"", ""source"": ""gp"", ""weight"": -1}]",history_conv_sparse/gp -history_conv_dense/gp,roughness_ratio,"[31, 32, 33]","[0.012331762467282736, -0.0016698475000538338, -0.008771845719599547]",0.0006300230825431186,0.01073813871901841,"[-0.008771845719599547, 0.012331762467282736]","Three paired optimization seeds on the fixed dataset; exploratory, no multiple-comparison correction",,
exchange_multi,sparse_vs_dense,"[{""head"": ""history_conv_sparse"", ""source"": ""gp"", ""weight"": 1}, {""head"": ""history_conv_dense"", ""source"": ""gp"", ""weight"": -1}]",history_conv_sparse/gp -history_conv_dense/gp,velocity_pc1_mse,"[31, 32, 33]","[-2.952759541119054, -3.3096829895735347, -2.484177485222311]",-2.9155400053049667,0.4140094259955975,"[-3.3096829895735347, -2.484177485222311]","Three paired optimization seeds on the fixed dataset; exploratory, no multiple-comparison correction",,
exchange_multi,sparse_vs_dense,"[{""head"": ""history_conv_sparse"", ""source"": ""gp"", ""weight"": 1}, {""head"": ""history_conv_dense"", ""source"": ""gp"", ""weight"": -1}]",history_conv_sparse/gp -history_conv_dense/gp,velocity_residual_mse,"[31, 32, 33]","[-0.032958033901705486, -0.0038475810449436487, -0.0003729136856780446]",-0.012392842877442392,0.017894514235170227,"[-0.032958033901705486, -0.0003729136856780446]","Three paired optimization seeds on the fixed dataset; exploratory, no multiple-comparison correction",,
exchange_multi,sparse_vs_dense,"[{""head"": ""history_conv_sparse"", ""source"": ""gp"", ""weight"": 1}, {""head"": ""history_conv_dense"", ""source"": ""gp"", ""weight"": -1}]",history_conv_sparse/gp -history_conv_dense/gp,velocity_residual_normalized_mse,"[31, 32, 33]","[-0.0029871790765128026, -0.0007916207499585326, 0.0014785262885492756]",-0.0007667578459740199,0.002232956498654187,"[-0.0029871790765128026, 0.0014785262885492756]","Three paired optimization seeds on the fixed dataset; exploratory, no multiple-comparison correction",,
exchange_multi,sparse_vs_dense,"[{""head"": ""dictionary_topk"", ""source"": ""gp"", ""weight"": 1}, {""head"": ""dictionary_dense"", ""source"": ""gp"", ""weight"": -1}]",dictionary_topk/gp -dictionary_dense/gp,fair_crps,"[31, 32, 33]","[0.062227462192254834, 0.06265774254506112, 0.09506001519354518]",0.07331507331028704,0.018832900956177942,"[0.062227462192254834, 0.09506001519354518]","Three paired optimization seeds on the fixed dataset; exploratory, no multiple-comparison correction",0.062227462192254834,0.09506001519354518
exchange_multi,sparse_vs_dense,"[{""head"": ""dictionary_topk"", ""source"": ""gp"", ""weight"": 1}, {""head"": ""dictionary_dense"", ""source"": ""gp"", ""weight"": -1}]",dictionary_topk/gp -dictionary_dense/gp,joint_energy_scaled,"[31, 32, 33]","[0.08760453750723574, 0.09044216486661816, 0.12219586771849122]",0.10008085669744837,0.01920464310012852,"[0.08760453750723574, 0.12219586771849122]","Three paired optimization seeds on the fixed dataset; exploratory, no multiple-comparison correction",0.08760453750723574,0.12219586771849122
exchange_multi,sparse_vs_dense,"[{""head"": ""dictionary_topk"", ""source"": ""gp"", ""weight"": 1}, {""head"": ""dictionary_dense"", ""source"": ""gp"", ""weight"": -1}]",dictionary_topk/gp -dictionary_dense/gp,roughness_ratio,"[31, 32, 33]","[4.02283766926181, 1.924012222972907, 3.848425226929736]",3.2650917063881515,1.1646783077906246,"[1.924012222972907, 4.02283766926181]","Three paired optimization seeds on the fixed dataset; exploratory, no multiple-comparison correction",,
exchange_multi,sparse_vs_dense,"[{""head"": ""dictionary_topk"", ""source"": ""gp"", ""weight"": 1}, {""head"": ""dictionary_dense"", ""source"": ""gp"", ""weight"": -1}]",dictionary_topk/gp -dictionary_dense/gp,velocity_pc1_mse,"[31, 32, 33]","[4.274971710396315, -13.814228442359898, -15.678559168088274]",-8.405938633350619,11.021481190082152,"[-15.678559168088274, 4.274971710396315]","Three paired optimization seeds on the fixed dataset; exploratory, no multiple-comparison correction",,
exchange_multi,sparse_vs_dense,"[{""head"": ""dictionary_topk"", ""source"": ""gp"", ""weight"": 1}, {""head"": ""dictionary_dense"", ""source"": ""gp"", ""weight"": -1}]",dictionary_topk/gp -dictionary_dense/gp,velocity_residual_mse,"[31, 32, 33]","[-0.046535846076628085, 0.012634349660036737, -0.07753612771228813]",-0.03714587470962649,0.04581274297717907,"[-0.07753612771228813, 0.012634349660036737]","Three paired optimization seeds on the fixed dataset; exploratory, no multiple-comparison correction",,
exchange_multi,sparse_vs_dense,"[{""head"": ""dictionary_topk"", ""source"": ""gp"", ""weight"": 1}, {""head"": ""dictionary_dense"", ""source"": ""gp"", ""weight"": -1}]",dictionary_topk/gp -dictionary_dense/gp,velocity_residual_normalized_mse,"[31, 32, 33]","[65.61520423477185, 33.38089189342735, 39.44697264408207]",46.14768959076042,17.130015432843763,"[33.38089189342735, 65.61520423477185]","Three paired optimization seeds on the fixed dataset; exploratory, no multiple-comparison correction",,
exchange_multi,sparse_vs_dense,"[{""head"": ""moe_topk"", ""source"": ""gp"", ""weight"": 1}, {""head"": ""moe_dense"", ""source"": ""gp"", ""weight"": -1}]",moe_topk/gp -moe_dense/gp,fair_crps,"[31, 32, 33]","[-0.01278793049742033, -0.03309158104401905, 0.0005507944893172745]",-0.015109572350707368,0.01694092304311389,"[-0.03309158104401905, 0.0005507944893172745]","Three paired optimization seeds on the fixed dataset; exploratory, no multiple-comparison correction",-0.03309158104401905,0.0005507944893172745
exchange_multi,sparse_vs_dense,"[{""head"": ""moe_topk"", ""source"": ""gp"", ""weight"": 1}, {""head"": ""moe_dense"", ""source"": ""gp"", ""weight"": -1}]",moe_topk/gp -moe_dense/gp,joint_energy_scaled,"[31, 32, 33]","[-0.014589200027744331, -0.04371701055858973, -0.004826228048089909]",-0.021044146211474657,0.020232967867959726,"[-0.04371701055858973, -0.004826228048089909]","Three paired optimization seeds on the fixed dataset; exploratory, no multiple-comparison correction",-0.04371701055858973,-0.004826228048089909
exchange_multi,sparse_vs_dense,"[{""head"": ""moe_topk"", ""source"": ""gp"", ""weight"": 1}, {""head"": ""moe_dense"", ""source"": ""gp"", ""weight"": -1}]",moe_topk/gp -moe_dense/gp,roughness_ratio,"[31, 32, 33]","[-0.060770848205303096, -0.4347613669383099, -0.2850416367977435]",-0.26019128398045216,0.18822959929804817,"[-0.4347613669383099, -0.060770848205303096]","Three paired optimization seeds on the fixed dataset; exploratory, no multiple-comparison correction",,
exchange_multi,sparse_vs_dense,"[{""head"": ""moe_topk"", ""source"": ""gp"", ""weight"": 1}, {""head"": ""moe_dense"", ""source"": ""gp"", ""weight"": -1}]",moe_topk/gp -moe_dense/gp,velocity_pc1_mse,"[31, 32, 33]","[-0.0771379970368784, -9.67323870857949, -4.816734593011921]",-4.855703766209429,4.798169042860196,"[-9.67323870857949, -0.0771379970368784]","Three paired optimization seeds on the fixed dataset; exploratory, no multiple-comparison correction",,
exchange_multi,sparse_vs_dense,"[{""head"": ""moe_topk"", ""source"": ""gp"", ""weight"": 1}, {""head"": ""moe_dense"", ""source"": ""gp"", ""weight"": -1}]",moe_topk/gp -moe_dense/gp,velocity_residual_mse,"[31, 32, 33]","[-0.01992607165626592, 0.01576061998231304, 0.06027249405813184]",0.018702347461392987,0.04018012949310299,"[-0.01992607165626592, 0.06027249405813184]","Three paired optimization seeds on the fixed dataset; exploratory, no multiple-comparison correction",,
exchange_multi,sparse_vs_dense,"[{""head"": ""moe_topk"", ""source"": ""gp"", ""weight"": 1}, {""head"": ""moe_dense"", ""source"": ""gp"", ""weight"": -1}]",moe_topk/gp -moe_dense/gp,velocity_residual_normalized_mse,"[31, 32, 33]","[0.009902145852155542, -0.014884007366713359, 0.03989994769212046]",0.01163936205918755,0.027433262166292983,"[-0.014884007366713359, 0.03989994769212046]","Three paired optimization seeds on the fixed dataset; exploratory, no multiple-comparison correction",,
exchange_multi,whitened_vs_balanced,"[{""head"": ""mlp_whitened"", ""source"": ""gp"", ""weight"": 1}, {""head"": ""mlp_balanced"", ""source"": ""gp"", ""weight"": -1}]",mlp_whitened/gp -mlp_balanced/gp,fair_crps,"[31, 32, 33]","[-0.50687105345559, -0.5255355716531322, -0.5293378603911842]",-0.5205814951666355,0.01202482884892176,"[-0.5293378603911842, -0.50687105345559]","Three paired optimization seeds on the fixed dataset; exploratory, no multiple-comparison correction",-0.5293378603911842,-0.50687105345559
exchange_multi,whitened_vs_balanced,"[{""head"": ""mlp_whitened"", ""source"": ""gp"", ""weight"": 1}, {""head"": ""mlp_balanced"", ""source"": ""gp"", ""weight"": -1}]",mlp_whitened/gp -mlp_balanced/gp,joint_energy_scaled,"[31, 32, 33]","[-0.5709470388167079, -0.579257143147017, -0.5863916121425997]",-0.5788652647021082,0.007729740476975927,"[-0.5863916121425997, -0.5709470388167079]","Three paired optimization seeds on the fixed dataset; exploratory, no multiple-comparison correction",-0.5863916121425997,-0.5709470388167079
exchange_multi,whitened_vs_balanced,"[{""head"": ""mlp_whitened"", ""source"": ""gp"", ""weight"": 1}, {""head"": ""mlp_balanced"", ""source"": ""gp"", ""weight"": -1}]",mlp_whitened/gp -mlp_balanced/gp,roughness_ratio,"[31, 32, 33]","[0.10474021332271599, 0.3680534994365692, 0.0458186565940224]",0.17287078978443585,0.1715813366080207,"[0.0458186565940224, 0.3680534994365692]","Three paired optimization seeds on the fixed dataset; exploratory, no multiple-comparison correction",,
exchange_multi,whitened_vs_balanced,"[{""head"": ""mlp_whitened"", ""source"": ""gp"", ""weight"": 1}, {""head"": ""mlp_balanced"", ""source"": ""gp"", ""weight"": -1}]",mlp_whitened/gp -mlp_balanced/gp,velocity_pc1_mse,"[31, 32, 33]","[-248.43183551251443, -96.36817107555589, -253.19719660660382]",-199.3324010648914,89.20146668952168,"[-253.19719660660382, -96.36817107555589]","Three paired optimization seeds on the fixed dataset; exploratory, no multiple-comparison correction",,
exchange_multi,whitened_vs_balanced,"[{""head"": ""mlp_whitened"", ""source"": ""gp"", ""weight"": 1}, {""head"": ""mlp_balanced"", ""source"": ""gp"", ""weight"": -1}]",mlp_whitened/gp -mlp_balanced/gp,velocity_residual_mse,"[31, 32, 33]","[-0.050311433733202904, -0.27947896014325413, 0.009150952188508255]",-0.10687981389598293,0.15240338840997206,"[-0.27947896014325413, 0.009150952188508255]","Three paired optimization seeds on the fixed dataset; exploratory, no multiple-comparison correction",,
exchange_multi,whitened_vs_balanced,"[{""head"": ""mlp_whitened"", ""source"": ""gp"", ""weight"": 1}, {""head"": ""mlp_balanced"", ""source"": ""gp"", ""weight"": -1}]",mlp_whitened/gp -mlp_balanced/gp,velocity_residual_normalized_mse,"[31, 32, 33]","[-0.4629913410609796, -0.6190059589467629, -0.6547340835151967]",-0.5789104611743131,0.10196595768775701,"[-0.6547340835151967, -0.4629913410609796]","Three paired optimization seeds on the fixed dataset; exploratory, no multiple-comparison correction",,
exchange_multi,l0_vs_unet,"[{""head"": ""unet_l0"", ""source"": ""gp"", ""weight"": 1}, {""head"": ""unet"", ""source"": ""gp"", ""weight"": -1}]",unet_l0/gp -unet/gp,fair_crps,"[31, 32, 33]","[-0.02034732948526763, 0.035899183733066664, -0.09106628888833068]",-0.02517147821351055,0.06362006065470116,"[-0.09106628888833068, 0.035899183733066664]","Three paired optimization seeds on the fixed dataset; exploratory, no multiple-comparison correction",-0.09106628888833068,0.035899183733066664
exchange_multi,l0_vs_unet,"[{""head"": ""unet_l0"", ""source"": ""gp"", ""weight"": 1}, {""head"": ""unet"", ""source"": ""gp"", ""weight"": -1}]",unet_l0/gp -unet/gp,joint_energy_scaled,"[31, 32, 33]","[-0.013667736286431365, 0.03147433073337158, -0.1147208790086367]",-0.032304761520565495,0.07485829192588328,"[-0.1147208790086367, 0.03147433073337158]","Three paired optimization seeds on the fixed dataset; exploratory, no multiple-comparison correction",-0.1147208790086367,0.03147433073337158
exchange_multi,l0_vs_unet,"[{""head"": ""unet_l0"", ""source"": ""gp"", ""weight"": 1}, {""head"": ""unet"", ""source"": ""gp"", ""weight"": -1}]",unet_l0/gp -unet/gp,roughness_ratio,"[31, 32, 33]","[-0.587954053477111, -0.30328011163002877, 0.055855096850887964]",-0.2784596894187506,0.32262144307310786,"[-0.587954053477111, 0.055855096850887964]","Three paired optimization seeds on the fixed dataset; exploratory, no multiple-comparison correction",,
exchange_multi,l0_vs_unet,"[{""head"": ""unet_l0"", ""source"": ""gp"", ""weight"": 1}, {""head"": ""unet"", ""source"": ""gp"", ""weight"": -1}]",unet_l0/gp -unet/gp,velocity_pc1_mse,"[31, 32, 33]","[-2.9308402829784868, -4.431813172673984, -68.62828412761016]",-25.330312527754206,37.504652890012856,"[-68.62828412761016, -2.9308402829784868]","Three paired optimization seeds on the fixed dataset; exploratory, no multiple-comparison correction",,
exchange_multi,l0_vs_unet,"[{""head"": ""unet_l0"", ""source"": ""gp"", ""weight"": 1}, {""head"": ""unet"", ""source"": ""gp"", ""weight"": -1}]",unet_l0/gp -unet/gp,velocity_residual_mse,"[31, 32, 33]","[-0.14680820409216067, -0.22491689296204864, -0.12179143200483877]",-0.16450550968634936,0.05379229632001065,"[-0.22491689296204864, -0.12179143200483877]","Three paired optimization seeds on the fixed dataset; exploratory, no multiple-comparison correction",,
exchange_multi,l0_vs_unet,"[{""head"": ""unet_l0"", ""source"": ""gp"", ""weight"": 1}, {""head"": ""unet"", ""source"": ""gp"", ""weight"": -1}]",unet_l0/gp -unet/gp,velocity_residual_normalized_mse,"[31, 32, 33]","[-0.37206804447135156, -1.4279718420135277, 0.07875430394099947]",-0.5737618608479599,0.7733474099000828,"[-1.4279718420135277, 0.07875430394099947]","Three paired optimization seeds on the fixed dataset; exploratory, no multiple-comparison correction",,
exchange_multi,gp_vs_white,"[{""head"": ""mlp"", ""source"": ""gp"", ""weight"": 1}, {""head"": ""mlp"", ""source"": ""white"", ""weight"": -1}]",mlp/gp -mlp/white,fair_crps,"[31, 32, 33]","[0.09688358224139643, 0.0315845985882795, 0.08608935211179114]",0.0715191776471557,0.035002954225035694,"[0.0315845985882795, 0.09688358224139643]","Three paired optimization seeds on the fixed dataset; exploratory, no multiple-comparison correction",0.0315845985882795,0.09688358224139643
exchange_multi,gp_vs_white,"[{""head"": ""mlp"", ""source"": ""gp"", ""weight"": 1}, {""head"": ""mlp"", ""source"": ""white"", ""weight"": -1}]",mlp/gp -mlp/white,joint_energy_scaled,"[31, 32, 33]","[0.08465570968382352, 0.026902343004226226, 0.07821745837633876]",0.0632585036881295,0.03164949580530357,"[0.026902343004226226, 0.08465570968382352]","Three paired optimization seeds on the fixed dataset; exploratory, no multiple-comparison correction",0.026902343004226226,0.08465570968382352
exchange_multi,gp_vs_white,"[{""head"": ""mlp"", ""source"": ""gp"", ""weight"": 1}, {""head"": ""mlp"", ""source"": ""white"", ""weight"": -1}]",mlp/gp -mlp/white,roughness_ratio,"[31, 32, 33]","[-18.842059649016655, -18.400164523739978, -17.351726423916507]",-18.19798353222438,0.7654613938383992,"[-18.842059649016655, -17.351726423916507]","Three paired optimization seeds on the fixed dataset; exploratory, no multiple-comparison correction",,
exchange_multi,gp_vs_white,"[{""head"": ""mlp_balanced"", ""source"": ""gp"", ""weight"": 1}, {""head"": ""mlp_balanced"", ""source"": ""white"", ""weight"": -1}]",mlp_balanced/gp -mlp_balanced/white,fair_crps,"[31, 32, 33]","[-0.08582799206974645, 0.040496552190148805, -0.04226737948138948]",-0.029199606453662375,0.06416812011852695,"[-0.08582799206974645, 0.040496552190148805]","Three paired optimization seeds on the fixed dataset; exploratory, no multiple-comparison correction",-0.08582799206974645,0.040496552190148805
exchange_multi,gp_vs_white,"[{""head"": ""mlp_balanced"", ""source"": ""gp"", ""weight"": 1}, {""head"": ""mlp_balanced"", ""source"": ""white"", ""weight"": -1}]",mlp_balanced/gp -mlp_balanced/white,joint_energy_scaled,"[31, 32, 33]","[-0.0921611130044242, 0.039689691484593226, -0.05825084560917704]",-0.036907422376336006,0.06846761970137716,"[-0.0921611130044242, 0.039689691484593226]","Three paired optimization seeds on the fixed dataset; exploratory, no multiple-comparison correction",-0.0921611130044242,0.039689691484593226
exchange_multi,gp_vs_white,"[{""head"": ""mlp_balanced"", ""source"": ""gp"", ""weight"": 1}, {""head"": ""mlp_balanced"", ""source"": ""white"", ""weight"": -1}]",mlp_balanced/gp -mlp_balanced/white,roughness_ratio,"[31, 32, 33]","[-24.110287578253324, -24.450423981146535, -23.201897938754694]",-23.920869832718186,0.6454561421005842,"[-24.450423981146535, -23.201897938754694]","Three paired optimization seeds on the fixed dataset; exploratory, no multiple-comparison correction",,
exchange_multi,source_head_interaction,"[{""head"": ""mlp_balanced"", ""source"": ""gp"", ""weight"": 1}, {""head"": ""mlp"", ""source"": ""gp"", ""weight"": -1}, {""head"": ""mlp_balanced"", ""source"": ""white"", ""weight"": -1}, {""head"": ""mlp"", ""source"": ""white"", ""weight"": 1}]",mlp_balanced/gp -mlp/gp -mlp_balanced/white +mlp/white,fair_crps,"[31, 32, 33]","[-0.18271157431114288, 0.008911953601869305, -0.12835673159318062]",-0.10071878410081807,0.09875619584942599,"[-0.18271157431114288, 0.008911953601869305]","Three paired optimization seeds on the fixed dataset; exploratory, no multiple-comparison correction",-0.18271157431114285,0.008911953601869305
exchange_multi,source_head_interaction,"[{""head"": ""mlp_balanced"", ""source"": ""gp"", ""weight"": 1}, {""head"": ""mlp"", ""source"": ""gp"", ""weight"": -1}, {""head"": ""mlp_balanced"", ""source"": ""white"", ""weight"": -1}, {""head"": ""mlp"", ""source"": ""white"", ""weight"": 1}]",mlp_balanced/gp -mlp/gp -mlp_balanced/white +mlp/white,joint_energy_scaled,"[31, 32, 33]","[-0.17681682268824772, 0.012787348480367, -0.1364683039855158]",-0.1001659260644655,0.09987908896849433,"[-0.17681682268824772, 0.012787348480367]","Three paired optimization seeds on the fixed dataset; exploratory, no multiple-comparison correction",-0.17681682268824772,0.012787348480367
exchange_multi,source_head_interaction,"[{""head"": ""mlp_balanced"", ""source"": ""gp"", ""weight"": 1}, {""head"": ""mlp"", ""source"": ""gp"", ""weight"": -1}, {""head"": ""mlp_balanced"", ""source"": ""white"", ""weight"": -1}, {""head"": ""mlp"", ""source"": ""white"", ""weight"": 1}]",mlp_balanced/gp -mlp/gp -mlp_balanced/white +mlp/white,roughness_ratio,"[31, 32, 33]","[-5.268227929236671, -6.050259457406558, -5.850171514838188]",-5.722886300493805,0.4062566579220006,"[-6.050259457406558, -5.268227929236671]","Three paired optimization seeds on the fixed dataset; exploratory, no multiple-comparison correction",,
exchange_multi,gp_vs_white,"[{""head"": ""mlp_whitened"", ""source"": ""gp"", ""weight"": 1}, {""head"": ""mlp_whitened"", ""source"": ""white"", ""weight"": -1}]",mlp_whitened/gp -mlp_whitened/white,fair_crps,"[31, 32, 33]","[0.025032382881168713, -0.37822756265227486, -0.07594695634442616]",-0.14304737870517745,0.20983683167797873,"[-0.37822756265227486, 0.025032382881168713]","Three paired optimization seeds on the fixed dataset; exploratory, no multiple-comparison correction",-0.37822756265227486,0.025032382881168713
exchange_multi,gp_vs_white,"[{""head"": ""mlp_whitened"", ""source"": ""gp"", ""weight"": 1}, {""head"": ""mlp_whitened"", ""source"": ""white"", ""weight"": -1}]",mlp_whitened/gp -mlp_whitened/white,joint_energy_scaled,"[31, 32, 33]","[0.02557313850700993, -0.4249181150643395, -0.0733112720665895]",-0.1575520828746397,0.23676566060193302,"[-0.4249181150643395, 0.02557313850700993]","Three paired optimization seeds on the fixed dataset; exploratory, no multiple-comparison correction",-0.4249181150643395,0.02557313850700993
exchange_multi,gp_vs_white,"[{""head"": ""mlp_whitened"", ""source"": ""gp"", ""weight"": 1}, {""head"": ""mlp_whitened"", ""source"": ""white"", ""weight"": -1}]",mlp_whitened/gp -mlp_whitened/white,roughness_ratio,"[31, 32, 33]","[-26.82298059582872, -26.782668472017257, -29.193722353116634]",-27.599790473654206,1.3805326486927152,"[-29.193722353116634, -26.782668472017257]","Three paired optimization seeds on the fixed dataset; exploratory, no multiple-comparison correction",,
exchange_multi,source_head_interaction,"[{""head"": ""mlp_whitened"", ""source"": ""gp"", ""weight"": 1}, {""head"": ""mlp"", ""source"": ""gp"", ""weight"": -1}, {""head"": ""mlp_whitened"", ""source"": ""white"", ""weight"": -1}, {""head"": ""mlp"", ""source"": ""white"", ""weight"": 1}]",mlp_whitened/gp -mlp/gp -mlp_whitened/white +mlp/white,fair_crps,"[31, 32, 33]","[-0.07185119936022771, -0.40981216124055436, -0.1620363084562173]",-0.21456655635233313,0.17499706610909063,"[-0.40981216124055436, -0.07185119936022771]","Three paired optimization seeds on the fixed dataset; exploratory, no multiple-comparison correction",-0.40981216124055436,-0.07185119936022771
exchange_multi,source_head_interaction,"[{""head"": ""mlp_whitened"", ""source"": ""gp"", ""weight"": 1}, {""head"": ""mlp"", ""source"": ""gp"", ""weight"": -1}, {""head"": ""mlp_whitened"", ""source"": ""white"", ""weight"": -1}, {""head"": ""mlp"", ""source"": ""white"", ""weight"": 1}]",mlp_whitened/gp -mlp/gp -mlp_whitened/white +mlp/white,joint_energy_scaled,"[31, 32, 33]","[-0.05908257117681359, -0.45182045806856574, -0.15152873044292825]",-0.2208105865627692,0.20533081512673015,"[-0.45182045806856574, -0.05908257117681359]","Three paired optimization seeds on the fixed dataset; exploratory, no multiple-comparison correction",-0.4518204580685657,-0.05908257117681359
exchange_multi,source_head_interaction,"[{""head"": ""mlp_whitened"", ""source"": ""gp"", ""weight"": 1}, {""head"": ""mlp"", ""source"": ""gp"", ""weight"": -1}, {""head"": ""mlp_whitened"", ""source"": ""white"", ""weight"": -1}, {""head"": ""mlp"", ""source"": ""white"", ""weight"": 1}]",mlp_whitened/gp -mlp/gp -mlp_whitened/white +mlp/white,roughness_ratio,"[31, 32, 33]","[-7.980920946812066, -8.382503948277279, -11.841995929200127]",-9.401806941429824,2.1227833023634433,"[-11.841995929200127, -7.980920946812066]","Three paired optimization seeds on the fixed dataset; exploratory, no multiple-comparison correction",,
exchange_multi,gp_vs_white,"[{""head"": ""sparse_mlp"", ""source"": ""gp"", ""weight"": 1}, {""head"": ""sparse_mlp"", ""source"": ""white"", ""weight"": -1}]",sparse_mlp/gp -sparse_mlp/white,fair_crps,"[31, 32, 33]","[0.03285241726412014, -0.0014642602408707073, 0.020866332776578345]",0.01741816326660926,0.01741625658608923,"[-0.0014642602408707073, 0.03285241726412014]","Three paired optimization seeds on the fixed dataset; exploratory, no multiple-comparison correction",-0.0014642602408707073,0.03285241726412014
exchange_multi,gp_vs_white,"[{""head"": ""sparse_mlp"", ""source"": ""gp"", ""weight"": 1}, {""head"": ""sparse_mlp"", ""source"": ""white"", ""weight"": -1}]",sparse_mlp/gp -sparse_mlp/white,joint_energy_scaled,"[31, 32, 33]","[0.03373056717144862, -0.005509399920000768, 0.02209802828618157]",0.016773065179209807,0.020154656494281057,"[-0.005509399920000768, 0.03373056717144862]","Three paired optimization seeds on the fixed dataset; exploratory, no multiple-comparison correction",-0.005509399920000768,0.03373056717144862
exchange_multi,gp_vs_white,"[{""head"": ""sparse_mlp"", ""source"": ""gp"", ""weight"": 1}, {""head"": ""sparse_mlp"", ""source"": ""white"", ""weight"": -1}]",sparse_mlp/gp -sparse_mlp/white,roughness_ratio,"[31, 32, 33]","[-8.32953298051994, -13.373119702777247, -12.468205839913889]",-11.390286174403693,2.689028609033895,"[-13.373119702777247, -8.32953298051994]","Three paired optimization seeds on the fixed dataset; exploratory, no multiple-comparison correction",,
exchange_multi,source_head_interaction,"[{""head"": ""sparse_mlp"", ""source"": ""gp"", ""weight"": 1}, {""head"": ""mlp"", ""source"": ""gp"", ""weight"": -1}, {""head"": ""sparse_mlp"", ""source"": ""white"", ""weight"": -1}, {""head"": ""mlp"", ""source"": ""white"", ""weight"": 1}]",sparse_mlp/gp -mlp/gp -sparse_mlp/white +mlp/white,fair_crps,"[31, 32, 33]","[-0.06403116497727629, -0.03304885882915021, -0.0652230193352128]",-0.05410101438054643,0.01824143824435919,"[-0.0652230193352128, -0.03304885882915021]","Three paired optimization seeds on the fixed dataset; exploratory, no multiple-comparison correction",-0.0652230193352128,-0.03304885882915021
exchange_multi,source_head_interaction,"[{""head"": ""sparse_mlp"", ""source"": ""gp"", ""weight"": 1}, {""head"": ""mlp"", ""source"": ""gp"", ""weight"": -1}, {""head"": ""sparse_mlp"", ""source"": ""white"", ""weight"": -1}, {""head"": ""mlp"", ""source"": ""white"", ""weight"": 1}]",sparse_mlp/gp -mlp/gp -sparse_mlp/white +mlp/white,joint_energy_scaled,"[31, 32, 33]","[-0.0509251425123749, -0.032411742924226994, -0.056119430090157185]",-0.046485438508919695,0.012461815133363394,"[-0.056119430090157185, -0.032411742924226994]","Three paired optimization seeds on the fixed dataset; exploratory, no multiple-comparison correction",-0.056119430090157185,-0.032411742924226994
exchange_multi,source_head_interaction,"[{""head"": ""sparse_mlp"", ""source"": ""gp"", ""weight"": 1}, {""head"": ""mlp"", ""source"": ""gp"", ""weight"": -1}, {""head"": ""sparse_mlp"", ""source"": ""white"", ""weight"": -1}, {""head"": ""mlp"", ""source"": ""white"", ""weight"": 1}]",sparse_mlp/gp -mlp/gp -sparse_mlp/white +mlp/white,roughness_ratio,"[31, 32, 33]","[10.512526668496715, 5.027044820962732, 4.883520584002618]",6.807697357820689,3.2092787301170804,"[4.883520584002618, 10.512526668496715]","Three paired optimization seeds on the fixed dataset; exploratory, no multiple-comparison correction",,
exchange_multi,gp_vs_white,"[{""head"": ""s4"", ""source"": ""gp"", ""weight"": 1}, {""head"": ""s4"", ""source"": ""white"", ""weight"": -1}]",s4/gp -s4/white,fair_crps,"[31, 32, 33]","[0.17068396092993288, -0.018411324735400525, 0.1179306705368075]",0.09006776891044661,0.09757823902127824,"[-0.018411324735400525, 0.17068396092993288]","Three paired optimization seeds on the fixed dataset; exploratory, no multiple-comparison correction",-0.018411324735400525,0.17068396092993288
exchange_multi,gp_vs_white,"[{""head"": ""s4"", ""source"": ""gp"", ""weight"": 1}, {""head"": ""s4"", ""source"": ""white"", ""weight"": -1}]",s4/gp -s4/white,joint_energy_scaled,"[31, 32, 33]","[0.20614785389054013, -0.026115990787382082, 0.1542861600372084]",0.11143934104678882,0.12191599898840526,"[-0.026115990787382082, 0.20614785389054013]","Three paired optimization seeds on the fixed dataset; exploratory, no multiple-comparison correction",-0.026115990787382082,0.20614785389054013
exchange_multi,gp_vs_white,"[{""head"": ""s4"", ""source"": ""gp"", ""weight"": 1}, {""head"": ""s4"", ""source"": ""white"", ""weight"": -1}]",s4/gp -s4/white,roughness_ratio,"[31, 32, 33]","[-7.520845386595647, -12.447475982739586, -7.165571614936535]",-9.044630994757256,2.9522991671550787,"[-12.447475982739586, -7.165571614936535]","Three paired optimization seeds on the fixed dataset; exploratory, no multiple-comparison correction",,
exchange_multi,source_head_interaction,"[{""head"": ""s4"", ""source"": ""gp"", ""weight"": 1}, {""head"": ""mlp"", ""source"": ""gp"", ""weight"": -1}, {""head"": ""s4"", ""source"": ""white"", ""weight"": -1}, {""head"": ""mlp"", ""source"": ""white"", ""weight"": 1}]",s4/gp -mlp/gp -s4/white +mlp/white,fair_crps,"[31, 32, 33]","[0.07380037868853645, -0.049995923323680025, 0.03184131842501636]",0.01854859126329093,0.06295953894781976,"[-0.049995923323680025, 0.07380037868853645]","Three paired optimization seeds on the fixed dataset; exploratory, no multiple-comparison correction",-0.049995923323680025,0.07380037868853645
exchange_multi,source_head_interaction,"[{""head"": ""s4"", ""source"": ""gp"", ""weight"": 1}, {""head"": ""mlp"", ""source"": ""gp"", ""weight"": -1}, {""head"": ""s4"", ""source"": ""white"", ""weight"": -1}, {""head"": ""mlp"", ""source"": ""white"", ""weight"": 1}]",s4/gp -mlp/gp -s4/white +mlp/white,joint_energy_scaled,"[31, 32, 33]","[0.12149214420671661, -0.05301833379160831, 0.07606870166086965]",0.04818083735865932,0.09053605063346222,"[-0.05301833379160831, 0.12149214420671661]","Three paired optimization seeds on the fixed dataset; exploratory, no multiple-comparison correction",-0.05301833379160831,0.12149214420671661
exchange_multi,source_head_interaction,"[{""head"": ""s4"", ""source"": ""gp"", ""weight"": 1}, {""head"": ""mlp"", ""source"": ""gp"", ""weight"": -1}, {""head"": ""s4"", ""source"": ""white"", ""weight"": -1}, {""head"": ""mlp"", ""source"": ""white"", ""weight"": 1}]",s4/gp -mlp/gp -s4/white +mlp/white,roughness_ratio,"[31, 32, 33]","[11.321214262421007, 5.952688541000392, 10.186154808979971]",9.153352537467123,2.8293599107254375,"[5.952688541000392, 11.321214262421007]","Three paired optimization seeds on the fixed dataset; exploratory, no multiple-comparison correction",,
exchange_multi,gp_vs_white,"[{""head"": ""unet"", ""source"": ""gp"", ""weight"": 1}, {""head"": ""unet"", ""source"": ""white"", ""weight"": -1}]",unet/gp -unet/white,fair_crps,"[31, 32, 33]","[0.012759389735818027, 0.0003684365976386328, 0.09634584962099835]",0.03649122531815167,0.05220455887893635,"[0.0003684365976386328, 0.09634584962099835]","Three paired optimization seeds on the fixed dataset; exploratory, no multiple-comparison correction",0.0003684365976386328,0.09634584962099835
exchange_multi,gp_vs_white,"[{""head"": ""unet"", ""source"": ""gp"", ""weight"": 1}, {""head"": ""unet"", ""source"": ""white"", ""weight"": -1}]",unet/gp -unet/white,joint_energy_scaled,"[31, 32, 33]","[7.780544502422604e-05, 0.018454108291556026, 0.10906191698843881]",0.04253127690833969,0.05834523698364445,"[7.780544502422604e-05, 0.10906191698843881]","Three paired optimization seeds on the fixed dataset; exploratory, no multiple-comparison correction",7.780544502422604e-05,0.10906191698843881
exchange_multi,gp_vs_white,"[{""head"": ""unet"", ""source"": ""gp"", ""weight"": 1}, {""head"": ""unet"", ""source"": ""white"", ""weight"": -1}]",unet/gp -unet/white,roughness_ratio,"[31, 32, 33]","[-13.872866092914954, -9.679535613569536, -12.117812817723092]",-11.890071508069193,2.105921343579568,"[-13.872866092914954, -9.679535613569536]","Three paired optimization seeds on the fixed dataset; exploratory, no multiple-comparison correction",,
exchange_multi,source_head_interaction,"[{""head"": ""unet"", ""source"": ""gp"", ""weight"": 1}, {""head"": ""mlp"", ""source"": ""gp"", ""weight"": -1}, {""head"": ""unet"", ""source"": ""white"", ""weight"": -1}, {""head"": ""mlp"", ""source"": ""white"", ""weight"": 1}]",unet/gp -mlp/gp -unet/white +mlp/white,fair_crps,"[31, 32, 33]","[-0.0841241925055784, -0.031216161990640867, 0.010256497509207207]",-0.03502795232900402,0.04730566531721641,"[-0.0841241925055784, 0.010256497509207207]","Three paired optimization seeds on the fixed dataset; exploratory, no multiple-comparison correction",-0.0841241925055784,0.010256497509207207
exchange_multi,source_head_interaction,"[{""head"": ""unet"", ""source"": ""gp"", ""weight"": 1}, {""head"": ""mlp"", ""source"": ""gp"", ""weight"": -1}, {""head"": ""unet"", ""source"": ""white"", ""weight"": -1}, {""head"": ""mlp"", ""source"": ""white"", ""weight"": 1}]",unet/gp -mlp/gp -unet/white +mlp/white,joint_energy_scaled,"[31, 32, 33]","[-0.0845779042387993, -0.0084482347126702, 0.030844458612100056]",-0.020727226779789814,0.05868271207229142,"[-0.0845779042387993, 0.030844458612100056]","Three paired optimization seeds on the fixed dataset; exploratory, no multiple-comparison correction",-0.0845779042387993,0.030844458612100056
exchange_multi,source_head_interaction,"[{""head"": ""unet"", ""source"": ""gp"", ""weight"": 1}, {""head"": ""mlp"", ""source"": ""gp"", ""weight"": -1}, {""head"": ""unet"", ""source"": ""white"", ""weight"": -1}, {""head"": ""mlp"", ""source"": ""white"", ""weight"": 1}]",unet/gp -mlp/gp -unet/white +mlp/white,roughness_ratio,"[31, 32, 33]","[4.9691935561016995, 8.720628910170442, 5.233913606193415]",6.307912024155185,2.0936621635969606,"[4.9691935561016995, 8.720628910170442]","Three paired optimization seeds on the fixed dataset; exploratory, no multiple-comparison correction",,
exchange_multi,gp_vs_white,"[{""head"": ""unet_l0"", ""source"": ""gp"", ""weight"": 1}, {""head"": ""unet_l0"", ""source"": ""white"", ""weight"": -1}]",unet_l0/gp -unet_l0/white,fair_crps,"[31, 32, 33]","[0.0262451218003823, 0.026945010604606856, 0.0009694137428959415]",0.01805318204929503,0.014799115370339344,"[0.0009694137428959415, 0.026945010604606856]","Three paired optimization seeds on the fixed dataset; exploratory, no multiple-comparison correction",0.0009694137428959415,0.026945010604606856
exchange_multi,gp_vs_white,"[{""head"": ""unet_l0"", ""source"": ""gp"", ""weight"": 1}, {""head"": ""unet_l0"", ""source"": ""white"", ""weight"": -1}]",unet_l0/gp -unet_l0/white,joint_energy_scaled,"[31, 32, 33]","[0.03633937481675986, 0.025435504165886247, 0.006332774018029008]",0.02270255100022504,0.015188837928817069,"[0.006332774018029008, 0.03633937481675986]","Three paired optimization seeds on the fixed dataset; exploratory, no multiple-comparison correction",0.006332774018029008,0.03633937481675986
exchange_multi,gp_vs_white,"[{""head"": ""unet_l0"", ""source"": ""gp"", ""weight"": 1}, {""head"": ""unet_l0"", ""source"": ""white"", ""weight"": -1}]",unet_l0/gp -unet_l0/white,roughness_ratio,"[31, 32, 33]","[-13.911903716101596, -13.885842841250179, -12.582820939240953]",-13.460189165530911,0.759934895683106,"[-13.911903716101596, -12.582820939240953]","Three paired optimization seeds on the fixed dataset; exploratory, no multiple-comparison correction",,
exchange_multi,source_head_interaction,"[{""head"": ""unet_l0"", ""source"": ""gp"", ""weight"": 1}, {""head"": ""mlp"", ""source"": ""gp"", ""weight"": -1}, {""head"": ""unet_l0"", ""source"": ""white"", ""weight"": -1}, {""head"": ""mlp"", ""source"": ""white"", ""weight"": 1}]",unet_l0/gp -mlp/gp -unet_l0/white +mlp/white,fair_crps,"[31, 32, 33]","[-0.07063846044101413, -0.004639587983672644, -0.0851199383688952]",-0.05346599559786066,0.04290037134016505,"[-0.0851199383688952, -0.004639587983672644]","Three paired optimization seeds on the fixed dataset; exploratory, no multiple-comparison correction",-0.0851199383688952,-0.004639587983672644
exchange_multi,source_head_interaction,"[{""head"": ""unet_l0"", ""source"": ""gp"", ""weight"": 1}, {""head"": ""mlp"", ""source"": ""gp"", ""weight"": -1}, {""head"": ""unet_l0"", ""source"": ""white"", ""weight"": -1}, {""head"": ""mlp"", ""source"": ""white"", ""weight"": 1}]",unet_l0/gp -mlp/gp -unet_l0/white +mlp/white,joint_energy_scaled,"[31, 32, 33]","[-0.04831633486706366, -0.0014668388383399789, -0.07188468435830975]",-0.04055595268790446,0.03584460755251116,"[-0.07188468435830975, -0.0014668388383399789]","Three paired optimization seeds on the fixed dataset; exploratory, no multiple-comparison correction",-0.07188468435830975,-0.0014668388383399789
exchange_multi,source_head_interaction,"[{""head"": ""unet_l0"", ""source"": ""gp"", ""weight"": 1}, {""head"": ""mlp"", ""source"": ""gp"", ""weight"": -1}, {""head"": ""unet_l0"", ""source"": ""white"", ""weight"": -1}, {""head"": ""mlp"", ""source"": ""white"", ""weight"": 1}]",unet_l0/gp -mlp/gp -unet_l0/white +mlp/white,roughness_ratio,"[31, 32, 33]","[4.930155932915056, 4.5143216824898, 4.768905484675553]",4.73779436669347,0.20965556802349689,"[4.5143216824898, 4.930155932915056]","Three paired optimization seeds on the fixed dataset; exploratory, no multiple-comparison correction",,
exchange_multi,gp_vs_white,"[{""head"": ""history_dense_ae"", ""source"": ""gp"", ""weight"": 1}, {""head"": ""history_dense_ae"", ""source"": ""white"", ""weight"": -1}]",history_dense_ae/gp -history_dense_ae/white,fair_crps,"[31, 32, 33]","[0.08028820350089655, 0.08084914342707589, 0.1524760703513064]",0.10453780575975961,0.04151670233095418,"[0.08028820350089655, 0.1524760703513064]","Three paired optimization seeds on the fixed dataset; exploratory, no multiple-comparison correction",0.08028820350089655,0.1524760703513064
exchange_multi,gp_vs_white,"[{""head"": ""history_dense_ae"", ""source"": ""gp"", ""weight"": 1}, {""head"": ""history_dense_ae"", ""source"": ""white"", ""weight"": -1}]",history_dense_ae/gp -history_dense_ae/white,joint_energy_scaled,"[31, 32, 33]","[0.08078484988175666, 0.09830149139461375, 0.14992972625285422]",0.10967202250974155,0.03594746465988469,"[0.08078484988175666, 0.14992972625285422]","Three paired optimization seeds on the fixed dataset; exploratory, no multiple-comparison correction",0.08078484988175666,0.14992972625285422
exchange_multi,gp_vs_white,"[{""head"": ""history_dense_ae"", ""source"": ""gp"", ""weight"": 1}, {""head"": ""history_dense_ae"", ""source"": ""white"", ""weight"": -1}]",history_dense_ae/gp -history_dense_ae/white,roughness_ratio,"[31, 32, 33]","[-23.263378299962206, -23.556773034009684, -21.78629204650722]",-22.8688144601597,0.9488999944866136,"[-23.556773034009684, -21.78629204650722]","Three paired optimization seeds on the fixed dataset; exploratory, no multiple-comparison correction",,
exchange_multi,source_head_interaction,"[{""head"": ""history_dense_ae"", ""source"": ""gp"", ""weight"": 1}, {""head"": ""mlp"", ""source"": ""gp"", ""weight"": -1}, {""head"": ""history_dense_ae"", ""source"": ""white"", ""weight"": -1}, {""head"": ""mlp"", ""source"": ""white"", ""weight"": 1}]",history_dense_ae/gp -mlp/gp -history_dense_ae/white +mlp/white,fair_crps,"[31, 32, 33]","[-0.016595378740499878, 0.04926454483879639, 0.06638671823951525]",0.03301862811260392,0.04381157909167329,"[-0.016595378740499878, 0.06638671823951525]","Three paired optimization seeds on the fixed dataset; exploratory, no multiple-comparison correction",-0.016595378740499878,0.06638671823951525
exchange_multi,source_head_interaction,"[{""head"": ""history_dense_ae"", ""source"": ""gp"", ""weight"": 1}, {""head"": ""mlp"", ""source"": ""gp"", ""weight"": -1}, {""head"": ""history_dense_ae"", ""source"": ""white"", ""weight"": -1}, {""head"": ""mlp"", ""source"": ""white"", ""weight"": 1}]",history_dense_ae/gp -mlp/gp -history_dense_ae/white +mlp/white,joint_energy_scaled,"[31, 32, 33]","[-0.0038708598020668616, 0.07139914839038752, 0.07171226787651547]",0.04641351882161204,0.043547830728180595,"[-0.0038708598020668616, 0.07171226787651547]","Three paired optimization seeds on the fixed dataset; exploratory, no multiple-comparison correction",-0.0038708598020668616,0.07171226787651547
exchange_multi,source_head_interaction,"[{""head"": ""history_dense_ae"", ""source"": ""gp"", ""weight"": 1}, {""head"": ""mlp"", ""source"": ""gp"", ""weight"": -1}, {""head"": ""history_dense_ae"", ""source"": ""white"", ""weight"": -1}, {""head"": ""mlp"", ""source"": ""white"", ""weight"": 1}]",history_dense_ae/gp -mlp/gp -history_dense_ae/white +mlp/white,roughness_ratio,"[31, 32, 33]","[-4.421318650945551, -5.156608510269703, -4.434565622590714]",-4.670830927935323,0.42074786415193927,"[-5.156608510269703, -4.421318650945551]","Three paired optimization seeds on the fixed dataset; exploratory, no multiple-comparison correction",,
exchange_multi,gp_vs_white,"[{""head"": ""history_topk_ae"", ""source"": ""gp"", ""weight"": 1}, {""head"": ""history_topk_ae"", ""source"": ""white"", ""weight"": -1}]",history_topk_ae/gp -history_topk_ae/white,fair_crps,"[31, 32, 33]","[0.07258704099130897, 0.0955874583093454, 0.150101281474659]",0.10609192692510445,0.03981045421873827,"[0.07258704099130897, 0.150101281474659]","Three paired optimization seeds on the fixed dataset; exploratory, no multiple-comparison correction",0.07258704099130897,0.150101281474659
exchange_multi,gp_vs_white,"[{""head"": ""history_topk_ae"", ""source"": ""gp"", ""weight"": 1}, {""head"": ""history_topk_ae"", ""source"": ""white"", ""weight"": -1}]",history_topk_ae/gp -history_topk_ae/white,joint_energy_scaled,"[31, 32, 33]","[0.09319174246293926, 0.11125900399714939, 0.14864272555838742]",0.11769782400615869,0.028280676864145832,"[0.09319174246293926, 0.14864272555838742]","Three paired optimization seeds on the fixed dataset; exploratory, no multiple-comparison correction",0.09319174246293926,0.14864272555838742
exchange_multi,gp_vs_white,"[{""head"": ""history_topk_ae"", ""source"": ""gp"", ""weight"": 1}, {""head"": ""history_topk_ae"", ""source"": ""white"", ""weight"": -1}]",history_topk_ae/gp -history_topk_ae/white,roughness_ratio,"[31, 32, 33]","[-23.245545426354845, -22.17735027230345, -21.224080141109205]",-22.21565861325583,1.0112769757110076,"[-23.245545426354845, -21.224080141109205]","Three paired optimization seeds on the fixed dataset; exploratory, no multiple-comparison correction",,
exchange_multi,source_head_interaction,"[{""head"": ""history_topk_ae"", ""source"": ""gp"", ""weight"": 1}, {""head"": ""mlp"", ""source"": ""gp"", ""weight"": -1}, {""head"": ""history_topk_ae"", ""source"": ""white"", ""weight"": -1}, {""head"": ""mlp"", ""source"": ""white"", ""weight"": 1}]",history_topk_ae/gp -mlp/gp -history_topk_ae/white +mlp/white,fair_crps,"[31, 32, 33]","[-0.024296541250087456, 0.0640028597210659, 0.06401192936286787]",0.03457274927794877,0.050982301301729725,"[-0.024296541250087456, 0.06401192936286787]","Three paired optimization seeds on the fixed dataset; exploratory, no multiple-comparison correction",-0.024296541250087456,0.06401192936286787
exchange_multi,source_head_interaction,"[{""head"": ""history_topk_ae"", ""source"": ""gp"", ""weight"": 1}, {""head"": ""mlp"", ""source"": ""gp"", ""weight"": -1}, {""head"": ""history_topk_ae"", ""source"": ""white"", ""weight"": -1}, {""head"": ""mlp"", ""source"": ""white"", ""weight"": 1}]",history_topk_ae/gp -mlp/gp -history_topk_ae/white +mlp/white,joint_energy_scaled,"[31, 32, 33]","[0.008536032779115743, 0.08435666099292316, 0.07042526718204867]",0.05443932031802919,0.04035907318730873,"[0.008536032779115743, 0.08435666099292316]","Three paired optimization seeds on the fixed dataset; exploratory, no multiple-comparison correction",0.008536032779115743,0.08435666099292316
exchange_multi,source_head_interaction,"[{""head"": ""history_topk_ae"", ""source"": ""gp"", ""weight"": 1}, {""head"": ""mlp"", ""source"": ""gp"", ""weight"": -1}, {""head"": ""history_topk_ae"", ""source"": ""white"", ""weight"": -1}, {""head"": ""mlp"", ""source"": ""white"", ""weight"": 1}]",history_topk_ae/gp -mlp/gp -history_topk_ae/white +mlp/white,roughness_ratio,"[31, 32, 33]","[-4.40348577733819, -3.777185748563472, -3.872353717192699]",-4.017675081031453,0.3374931934154673,"[-4.40348577733819, -3.777185748563472]","Three paired optimization seeds on the fixed dataset; exploratory, no multiple-comparison correction",,
exchange_multi,gp_vs_white,"[{""head"": ""history_conv_dense"", ""source"": ""gp"", ""weight"": 1}, {""head"": ""history_conv_dense"", ""source"": ""white"", ""weight"": -1}]",history_conv_dense/gp -history_conv_dense/white,fair_crps,"[31, 32, 33]","[0.13883991620480352, 0.11853192518700306, 0.2177605925014383]",0.15837747796441495,0.05242012346306227,"[0.11853192518700306, 0.2177605925014383]","Three paired optimization seeds on the fixed dataset; exploratory, no multiple-comparison correction",0.11853192518700306,0.2177605925014383
exchange_multi,gp_vs_white,"[{""head"": ""history_conv_dense"", ""source"": ""gp"", ""weight"": 1}, {""head"": ""history_conv_dense"", ""source"": ""white"", ""weight"": -1}]",history_conv_dense/gp -history_conv_dense/white,joint_energy_scaled,"[31, 32, 33]","[0.15660373756856133, 0.13632421824376972, 0.24916336656783944]",0.18069710746005682,0.060154270032738884,"[0.13632421824376972, 0.24916336656783944]","Three paired optimization seeds on the fixed dataset; exploratory, no multiple-comparison correction",0.13632421824376972,0.24916336656783944
exchange_multi,gp_vs_white,"[{""head"": ""history_conv_dense"", ""source"": ""gp"", ""weight"": 1}, {""head"": ""history_conv_dense"", ""source"": ""white"", ""weight"": -1}]",history_conv_dense/gp -history_conv_dense/white,roughness_ratio,"[31, 32, 33]","[-17.420789081055812, -17.948642766055286, -17.104603682510245]",-17.49134517654045,0.4264201163118553,"[-17.948642766055286, -17.104603682510245]","Three paired optimization seeds on the fixed dataset; exploratory, no multiple-comparison correction",,
exchange_multi,source_head_interaction,"[{""head"": ""history_conv_dense"", ""source"": ""gp"", ""weight"": 1}, {""head"": ""mlp"", ""source"": ""gp"", ""weight"": -1}, {""head"": ""history_conv_dense"", ""source"": ""white"", ""weight"": -1}, {""head"": ""mlp"", ""source"": ""white"", ""weight"": 1}]",history_conv_dense/gp -mlp/gp -history_conv_dense/white +mlp/white,fair_crps,"[31, 32, 33]","[0.04195633396340709, 0.08694732659872356, 0.13167124038964717]",0.08685830031725927,0.04485751947027774,"[0.04195633396340709, 0.13167124038964717]","Three paired optimization seeds on the fixed dataset; exploratory, no multiple-comparison correction",0.04195633396340709,0.13167124038964717
exchange_multi,source_head_interaction,"[{""head"": ""history_conv_dense"", ""source"": ""gp"", ""weight"": 1}, {""head"": ""mlp"", ""source"": ""gp"", ""weight"": -1}, {""head"": ""history_conv_dense"", ""source"": ""white"", ""weight"": -1}, {""head"": ""mlp"", ""source"": ""white"", ""weight"": 1}]",history_conv_dense/gp -mlp/gp -history_conv_dense/white +mlp/white,joint_energy_scaled,"[31, 32, 33]","[0.07194802788473781, 0.1094218752395435, 0.17094590819150068]",0.11743860377192733,0.04998345754926813,"[0.07194802788473781, 0.17094590819150068]","Three paired optimization seeds on the fixed dataset; exploratory, no multiple-comparison correction",0.07194802788473781,0.17094590819150068
exchange_multi,source_head_interaction,"[{""head"": ""history_conv_dense"", ""source"": ""gp"", ""weight"": 1}, {""head"": ""mlp"", ""source"": ""gp"", ""weight"": -1}, {""head"": ""history_conv_dense"", ""source"": ""white"", ""weight"": -1}, {""head"": ""mlp"", ""source"": ""white"", ""weight"": 1}]",history_conv_dense/gp -mlp/gp -history_conv_dense/white +mlp/white,roughness_ratio,"[31, 32, 33]","[1.4212705679608433, 0.4515217576846908, 0.24712274140626223]",0.7066383556839321,0.6272711842431004,"[0.24712274140626223, 1.4212705679608433]","Three paired optimization seeds on the fixed dataset; exploratory, no multiple-comparison correction",,
exchange_multi,gp_vs_white,"[{""head"": ""history_conv_sparse"", ""source"": ""gp"", ""weight"": 1}, {""head"": ""history_conv_sparse"", ""source"": ""white"", ""weight"": -1}]",history_conv_sparse/gp -history_conv_sparse/white,fair_crps,"[31, 32, 33]","[0.19283431701680842, 0.24178199363024727, 0.19966299151691602]",0.21142643405465722,0.026509483146932567,"[0.19283431701680842, 0.24178199363024727]","Three paired optimization seeds on the fixed dataset; exploratory, no multiple-comparison correction",0.19283431701680842,0.2417819936302473
exchange_multi,gp_vs_white,"[{""head"": ""history_conv_sparse"", ""source"": ""gp"", ""weight"": 1}, {""head"": ""history_conv_sparse"", ""source"": ""white"", ""weight"": -1}]",history_conv_sparse/gp -history_conv_sparse/white,joint_energy_scaled,"[31, 32, 33]","[0.21997854099587033, 0.2967712447568602, 0.22512613655300162]",0.24729197410191073,0.04292753316246179,"[0.21997854099587033, 0.2967712447568602]","Three paired optimization seeds on the fixed dataset; exploratory, no multiple-comparison correction",0.21997854099587033,0.2967712447568602
exchange_multi,gp_vs_white,"[{""head"": ""history_conv_sparse"", ""source"": ""gp"", ""weight"": 1}, {""head"": ""history_conv_sparse"", ""source"": ""white"", ""weight"": -1}]",history_conv_sparse/gp -history_conv_sparse/white,roughness_ratio,"[31, 32, 33]","[-17.233897629899623, -16.73124015758662, -17.458904145576568]",-17.141347311020937,0.37255588976389714,"[-17.458904145576568, -16.73124015758662]","Three paired optimization seeds on the fixed dataset; exploratory, no multiple-comparison correction",,
exchange_multi,source_head_interaction,"[{""head"": ""history_conv_sparse"", ""source"": ""gp"", ""weight"": 1}, {""head"": ""mlp"", ""source"": ""gp"", ""weight"": -1}, {""head"": ""history_conv_sparse"", ""source"": ""white"", ""weight"": -1}, {""head"": ""mlp"", ""source"": ""white"", ""weight"": 1}]",history_conv_sparse/gp -mlp/gp -history_conv_sparse/white +mlp/white,fair_crps,"[31, 32, 33]","[0.095950734775412, 0.21019739504196777, 0.11357363940512488]",0.13990725640750154,0.06150747421115868,"[0.095950734775412, 0.21019739504196777]","Three paired optimization seeds on the fixed dataset; exploratory, no multiple-comparison correction",0.095950734775412,0.21019739504196777
exchange_multi,source_head_interaction,"[{""head"": ""history_conv_sparse"", ""source"": ""gp"", ""weight"": 1}, {""head"": ""mlp"", ""source"": ""gp"", ""weight"": -1}, {""head"": ""history_conv_sparse"", ""source"": ""white"", ""weight"": -1}, {""head"": ""mlp"", ""source"": ""white"", ""weight"": 1}]",history_conv_sparse/gp -mlp/gp -history_conv_sparse/white +mlp/white,joint_energy_scaled,"[31, 32, 33]","[0.1353228313120468, 0.26986890175263395, 0.14690867817666287]",0.18403347041378124,0.07456104154810178,"[0.1353228313120468, 0.26986890175263395]","Three paired optimization seeds on the fixed dataset; exploratory, no multiple-comparison correction",0.1353228313120468,0.26986890175263395
exchange_multi,source_head_interaction,"[{""head"": ""history_conv_sparse"", ""source"": ""gp"", ""weight"": 1}, {""head"": ""mlp"", ""source"": ""gp"", ""weight"": -1}, {""head"": ""history_conv_sparse"", ""source"": ""white"", ""weight"": -1}, {""head"": ""mlp"", ""source"": ""white"", ""weight"": 1}]",history_conv_sparse/gp -mlp/gp -history_conv_sparse/white +mlp/white,roughness_ratio,"[31, 32, 33]","[1.6081620191170314, 1.6689243661533582, -0.10717772166006023]",1.056636221203443,1.0083502297847515,"[-0.10717772166006023, 1.6689243661533582]","Three paired optimization seeds on the fixed dataset; exploratory, no multiple-comparison correction",,
exchange_multi,gp_vs_white,"[{""head"": ""dictionary_dense"", ""source"": ""gp"", ""weight"": 1}, {""head"": ""dictionary_dense"", ""source"": ""white"", ""weight"": -1}]",dictionary_dense/gp -dictionary_dense/white,fair_crps,"[31, 32, 33]","[0.017855658037752187, 0.02569729711565638, 0.05090807955719712]",0.031487011570201895,0.017270096617380184,"[0.017855658037752187, 0.05090807955719712]","Three paired optimization seeds on the fixed dataset; exploratory, no multiple-comparison correction",0.017855658037752187,0.05090807955719712
exchange_multi,gp_vs_white,"[{""head"": ""dictionary_dense"", ""source"": ""gp"", ""weight"": 1}, {""head"": ""dictionary_dense"", ""source"": ""white"", ""weight"": -1}]",dictionary_dense/gp -dictionary_dense/white,joint_energy_scaled,"[31, 32, 33]","[-0.0012404036112607653, 0.005697811949160969, 0.057483218260225954]",0.02064687553270872,0.032089278862963776,"[-0.0012404036112607653, 0.057483218260225954]","Three paired optimization seeds on the fixed dataset; exploratory, no multiple-comparison correction",-0.0012404036112607653,0.057483218260225954
exchange_multi,gp_vs_white,"[{""head"": ""dictionary_dense"", ""source"": ""gp"", ""weight"": 1}, {""head"": ""dictionary_dense"", ""source"": ""white"", ""weight"": -1}]",dictionary_dense/gp -dictionary_dense/white,roughness_ratio,"[31, 32, 33]","[-15.026499933357389, -15.182994388441756, -17.258214415554427]",-15.822569579117859,1.245764705274747,"[-17.258214415554427, -15.026499933357389]","Three paired optimization seeds on the fixed dataset; exploratory, no multiple-comparison correction",,
exchange_multi,source_head_interaction,"[{""head"": ""dictionary_dense"", ""source"": ""gp"", ""weight"": 1}, {""head"": ""mlp"", ""source"": ""gp"", ""weight"": -1}, {""head"": ""dictionary_dense"", ""source"": ""white"", ""weight"": -1}, {""head"": ""mlp"", ""source"": ""white"", ""weight"": 1}]",dictionary_dense/gp -mlp/gp -dictionary_dense/white +mlp/white,fair_crps,"[31, 32, 33]","[-0.07902792420364424, -0.005887301472623119, -0.03518127255459402]",-0.04003216607695379,0.036810814298848984,"[-0.07902792420364424, -0.005887301472623119]","Three paired optimization seeds on the fixed dataset; exploratory, no multiple-comparison correction",-0.07902792420364424,-0.005887301472623119
exchange_multi,source_head_interaction,"[{""head"": ""dictionary_dense"", ""source"": ""gp"", ""weight"": 1}, {""head"": ""mlp"", ""source"": ""gp"", ""weight"": -1}, {""head"": ""dictionary_dense"", ""source"": ""white"", ""weight"": -1}, {""head"": ""mlp"", ""source"": ""white"", ""weight"": 1}]",dictionary_dense/gp -mlp/gp -dictionary_dense/white +mlp/white,joint_energy_scaled,"[31, 32, 33]","[-0.08589611329508429, -0.021204531055065257, -0.0207342401161128]",-0.04261162815542078,0.037486201244539684,"[-0.08589611329508429, -0.0207342401161128]","Three paired optimization seeds on the fixed dataset; exploratory, no multiple-comparison correction",-0.08589611329508429,-0.0207342401161128
exchange_multi,source_head_interaction,"[{""head"": ""dictionary_dense"", ""source"": ""gp"", ""weight"": 1}, {""head"": ""mlp"", ""source"": ""gp"", ""weight"": -1}, {""head"": ""dictionary_dense"", ""source"": ""white"", ""weight"": -1}, {""head"": ""mlp"", ""source"": ""white"", ""weight"": 1}]",dictionary_dense/gp -mlp/gp -dictionary_dense/white +mlp/white,roughness_ratio,"[31, 32, 33]","[3.8155597156592655, 3.2171701352982227, 0.09351200836207951]",2.3754139531065226,1.998705802899096,"[0.09351200836207951, 3.8155597156592655]","Three paired optimization seeds on the fixed dataset; exploratory, no multiple-comparison correction",,
exchange_multi,gp_vs_white,"[{""head"": ""dictionary_topk"", ""source"": ""gp"", ""weight"": 1}, {""head"": ""dictionary_topk"", ""source"": ""white"", ""weight"": -1}]",dictionary_topk/gp -dictionary_topk/white,fair_crps,"[31, 32, 33]","[-0.005174256500341867, -0.025661631299455145, -0.014210687235451935]",-0.01501552501174965,0.01026737329721932,"[-0.025661631299455145, -0.005174256500341867]","Three paired optimization seeds on the fixed dataset; exploratory, no multiple-comparison correction",-0.025661631299455145,-0.005174256500341867
exchange_multi,gp_vs_white,"[{""head"": ""dictionary_topk"", ""source"": ""gp"", ""weight"": 1}, {""head"": ""dictionary_topk"", ""source"": ""white"", ""weight"": -1}]",dictionary_topk/gp -dictionary_topk/white,joint_energy_scaled,"[31, 32, 33]","[-0.021745662949362532, -0.03063397667985046, -0.014739854698200716]",-0.02237316477580457,0.007965619705869184,"[-0.03063397667985046, -0.014739854698200716]","Three paired optimization seeds on the fixed dataset; exploratory, no multiple-comparison correction",-0.03063397667985046,-0.014739854698200716
exchange_multi,gp_vs_white,"[{""head"": ""dictionary_topk"", ""source"": ""gp"", ""weight"": 1}, {""head"": ""dictionary_topk"", ""source"": ""white"", ""weight"": -1}]",dictionary_topk/gp -dictionary_topk/white,roughness_ratio,"[31, 32, 33]","[-23.631334195740624, -27.011536276775942, -26.310550332359938]",-25.651140268292167,1.7839724638021375,"[-27.011536276775942, -23.631334195740624]","Three paired optimization seeds on the fixed dataset; exploratory, no multiple-comparison correction",,
exchange_multi,source_head_interaction,"[{""head"": ""dictionary_topk"", ""source"": ""gp"", ""weight"": 1}, {""head"": ""mlp"", ""source"": ""gp"", ""weight"": -1}, {""head"": ""dictionary_topk"", ""source"": ""white"", ""weight"": -1}, {""head"": ""mlp"", ""source"": ""white"", ""weight"": 1}]",dictionary_topk/gp -mlp/gp -dictionary_topk/white +mlp/white,fair_crps,"[31, 32, 33]","[-0.1020578387417383, -0.057246229887734645, -0.10030003934724308]",-0.08653470265890534,0.025379784132819713,"[-0.1020578387417383, -0.057246229887734645]","Three paired optimization seeds on the fixed dataset; exploratory, no multiple-comparison correction",-0.1020578387417383,-0.057246229887734645
exchange_multi,source_head_interaction,"[{""head"": ""dictionary_topk"", ""source"": ""gp"", ""weight"": 1}, {""head"": ""mlp"", ""source"": ""gp"", ""weight"": -1}, {""head"": ""dictionary_topk"", ""source"": ""white"", ""weight"": -1}, {""head"": ""mlp"", ""source"": ""white"", ""weight"": 1}]",dictionary_topk/gp -mlp/gp -dictionary_topk/white +mlp/white,joint_energy_scaled,"[31, 32, 33]","[-0.10640137263318605, -0.05753631968407669, -0.09295731307453947]",-0.08563166846393407,0.025242764342489996,"[-0.10640137263318605, -0.05753631968407669]","Three paired optimization seeds on the fixed dataset; exploratory, no multiple-comparison correction",-0.10640137263318605,-0.05753631968407669
exchange_multi,source_head_interaction,"[{""head"": ""dictionary_topk"", ""source"": ""gp"", ""weight"": 1}, {""head"": ""mlp"", ""source"": ""gp"", ""weight"": -1}, {""head"": ""dictionary_topk"", ""source"": ""white"", ""weight"": -1}, {""head"": ""mlp"", ""source"": ""white"", ""weight"": 1}]",dictionary_topk/gp -mlp/gp -dictionary_topk/white +mlp/white,roughness_ratio,"[31, 32, 33]","[-4.789274546723971, -8.61137175303596, -8.958823908443433]",-7.453156736067787,2.3135215557892974,"[-8.958823908443433, -4.789274546723971]","Three paired optimization seeds on the fixed dataset; exploratory, no multiple-comparison correction",,
exchange_multi,gp_vs_white,"[{""head"": ""moe_dense"", ""source"": ""gp"", ""weight"": 1}, {""head"": ""moe_dense"", ""source"": ""white"", ""weight"": -1}]",moe_dense/gp -moe_dense/white,fair_crps,"[31, 32, 33]","[0.005597004329005145, 0.06940427562035645, 0.030013982647206228]",0.035005087532189276,0.032195113191161515,"[0.005597004329005145, 0.06940427562035645]","Three paired optimization seeds on the fixed dataset; exploratory, no multiple-comparison correction",0.005597004329005145,0.06940427562035645
exchange_multi,gp_vs_white,"[{""head"": ""moe_dense"", ""source"": ""gp"", ""weight"": 1}, {""head"": ""moe_dense"", ""source"": ""white"", ""weight"": -1}]",moe_dense/gp -moe_dense/white,joint_energy_scaled,"[31, 32, 33]","[0.004314922800896681, 0.09211583914446908, 0.033042907425127]",0.04315788979016425,0.04476588968038623,"[0.004314922800896681, 0.09211583914446908]","Three paired optimization seeds on the fixed dataset; exploratory, no multiple-comparison correction",0.004314922800896681,0.09211583914446908
exchange_multi,gp_vs_white,"[{""head"": ""moe_dense"", ""source"": ""gp"", ""weight"": 1}, {""head"": ""moe_dense"", ""source"": ""white"", ""weight"": -1}]",moe_dense/gp -moe_dense/white,roughness_ratio,"[31, 32, 33]","[-19.19517962682621, -18.20147081188256, -18.8548331835734]",-18.750494540760727,0.5050041747472698,"[-19.19517962682621, -18.20147081188256]","Three paired optimization seeds on the fixed dataset; exploratory, no multiple-comparison correction",,
exchange_multi,source_head_interaction,"[{""head"": ""moe_dense"", ""source"": ""gp"", ""weight"": 1}, {""head"": ""mlp"", ""source"": ""gp"", ""weight"": -1}, {""head"": ""moe_dense"", ""source"": ""white"", ""weight"": -1}, {""head"": ""mlp"", ""source"": ""white"", ""weight"": 1}]",moe_dense/gp -mlp/gp -moe_dense/white +mlp/white,fair_crps,"[31, 32, 33]","[-0.09128657791239128, 0.03781967703207695, -0.05607536946458491]",-0.03651409011496642,0.06673896166252413,"[-0.09128657791239128, 0.03781967703207695]","Three paired optimization seeds on the fixed dataset; exploratory, no multiple-comparison correction",-0.0912865779123913,0.03781967703207695
exchange_multi,source_head_interaction,"[{""head"": ""moe_dense"", ""source"": ""gp"", ""weight"": 1}, {""head"": ""mlp"", ""source"": ""gp"", ""weight"": -1}, {""head"": ""moe_dense"", ""source"": ""white"", ""weight"": -1}, {""head"": ""mlp"", ""source"": ""white"", ""weight"": 1}]",moe_dense/gp -mlp/gp -moe_dense/white +mlp/white,joint_energy_scaled,"[31, 32, 33]","[-0.08034078688292684, 0.06521349614024285, -0.045174550951211756]",-0.020100613897965247,0.07594760737580791,"[-0.08034078688292684, 0.06521349614024285]","Three paired optimization seeds on the fixed dataset; exploratory, no multiple-comparison correction",-0.08034078688292684,0.06521349614024285
exchange_multi,source_head_interaction,"[{""head"": ""moe_dense"", ""source"": ""gp"", ""weight"": 1}, {""head"": ""mlp"", ""source"": ""gp"", ""weight"": -1}, {""head"": ""moe_dense"", ""source"": ""white"", ""weight"": -1}, {""head"": ""mlp"", ""source"": ""white"", ""weight"": 1}]",moe_dense/gp -mlp/gp -moe_dense/white +mlp/white,roughness_ratio,"[31, 32, 33]","[-0.3531199778095564, 0.1986937118574168, -1.5031067596568959]",-0.5525110085363452,0.8682446651504994,"[-1.5031067596568959, 0.1986937118574168]","Three paired optimization seeds on the fixed dataset; exploratory, no multiple-comparison correction",,
exchange_multi,gp_vs_white,"[{""head"": ""moe_topk"", ""source"": ""gp"", ""weight"": 1}, {""head"": ""moe_topk"", ""source"": ""white"", ""weight"": -1}]",moe_topk/gp -moe_topk/white,fair_crps,"[31, 32, 33]","[0.03147096902813398, 0.05013220131039536, 0.055206588863059625]",0.04560325306719632,0.012499137625420828,"[0.03147096902813398, 0.055206588863059625]","Three paired optimization seeds on the fixed dataset; exploratory, no multiple-comparison correction",0.03147096902813398,0.055206588863059625
exchange_multi,gp_vs_white,"[{""head"": ""moe_topk"", ""source"": ""gp"", ""weight"": 1}, {""head"": ""moe_topk"", ""source"": ""white"", ""weight"": -1}]",moe_topk/gp -moe_topk/white,joint_energy_scaled,"[31, 32, 33]","[0.03834421741788274, 0.0662478630040812, 0.05705765178025973]",0.05388324406740789,0.014220091683797368,"[0.03834421741788274, 0.0662478630040812]","Three paired optimization seeds on the fixed dataset; exploratory, no multiple-comparison correction",0.03834421741788274,0.0662478630040812
exchange_multi,gp_vs_white,"[{""head"": ""moe_topk"", ""source"": ""gp"", ""weight"": 1}, {""head"": ""moe_topk"", ""source"": ""white"", ""weight"": -1}]",moe_topk/gp -moe_topk/white,roughness_ratio,"[31, 32, 33]","[-18.840942140510215, -19.023372921760313, -19.855029307881672]",-19.2397814567174,0.5405716291654337,"[-19.855029307881672, -18.840942140510215]","Three paired optimization seeds on the fixed dataset; exploratory, no multiple-comparison correction",,
exchange_multi,source_head_interaction,"[{""head"": ""moe_topk"", ""source"": ""gp"", ""weight"": 1}, {""head"": ""mlp"", ""source"": ""gp"", ""weight"": -1}, {""head"": ""moe_topk"", ""source"": ""white"", ""weight"": -1}, {""head"": ""mlp"", ""source"": ""white"", ""weight"": 1}]",moe_topk/gp -mlp/gp -moe_topk/white +mlp/white,fair_crps,"[31, 32, 33]","[-0.06541261321326244, 0.018547602722115863, -0.030882763248731515]",-0.025915924579959365,0.04219990023388736,"[-0.06541261321326244, 0.018547602722115863]","Three paired optimization seeds on the fixed dataset; exploratory, no multiple-comparison correction",-0.06541261321326244,0.018547602722115863
exchange_multi,source_head_interaction,"[{""head"": ""moe_topk"", ""source"": ""gp"", ""weight"": 1}, {""head"": ""mlp"", ""source"": ""gp"", ""weight"": -1}, {""head"": ""moe_topk"", ""source"": ""white"", ""weight"": -1}, {""head"": ""mlp"", ""source"": ""white"", ""weight"": 1}]",moe_topk/gp -mlp/gp -moe_topk/white +mlp/white,joint_energy_scaled,"[31, 32, 33]","[-0.04631149226594078, 0.03934551999985497, -0.021159806596079023]",-0.00937525962072161,0.04402769126511717,"[-0.04631149226594078, 0.03934551999985497]","Three paired optimization seeds on the fixed dataset; exploratory, no multiple-comparison correction",-0.04631149226594078,0.03934551999985497
exchange_multi,source_head_interaction,"[{""head"": ""moe_topk"", ""source"": ""gp"", ""weight"": 1}, {""head"": ""mlp"", ""source"": ""gp"", ""weight"": -1}, {""head"": ""moe_topk"", ""source"": ""white"", ""weight"": -1}, {""head"": ""mlp"", ""source"": ""white"", ""weight"": 1}]",moe_topk/gp -mlp/gp -moe_topk/white +mlp/white,roughness_ratio,"[31, 32, 33]","[0.0011175085064367707, -0.6232083980203333, -2.503302883965164]",-1.04179792449302,1.3036269670850527,"[-2.503302883965164, 0.0011175085064367707]","Three paired optimization seeds on the fixed dataset; exploratory, no multiple-comparison correction",,
